v -0.06051567 0.25998378 0.41771811
v -0.13676637 0.45805609 0.30012026
v -0.11140038 0.45810464 0.28484482
v 0.06583997 0.26858065 0.39172089
v 0.06858084 0.25879309 0.42188185
v 0.08995493 0.28463060 0.37877613
v 0.17331688 0.24503352 0.32424897
v 0.16870935 0.25536349 0.37138924
v 0.14992116 0.21761610 0.34784198
v 0.20435183 0.28036755 0.23561761
v 0.20672679 0.24717921 0.22548838
v 0.16778035 -0.43604192 0.05997955
v 0.19577232 0.15703554 0.04098760
v 0.21099374 0.17332494 0.06920335
v -0.05115971 -0.05057077 -0.37824172
v -0.04943494 -0.02803261 -0.40324387
v -0.11300404 0.43992805 0.31402475
v -0.19916433 0.38094380 0.29295743
v -0.19837381 0.35090584 0.29792523
v -0.25183654 -0.17865305 0.06008494
v -0.23943834 -0.21574298 0.05425268
v 0.17457210 -0.25553948 -0.22722110
v 0.18159190 -0.29226190 -0.18527928
v 0.20033585 -0.31083682 -0.14609155
v 0.20716773 -0.30211776 -0.19336228
v -0.00647285 0.08179879 -0.22682369
v -0.04022842 0.08830232 -0.20573962
v -0.19235754 -0.30063954 -0.20791623
v -0.14831008 -0.30009273 -0.20845562
v 0.19274291 0.20702240 0.12586670
v 0.18989736 0.19006425 0.10994393
v -0.05612958 0.28225988 0.39856568
v -0.02635767 0.28695676 0.40128097
v 0.02658192 0.30471519 0.41825593
v 0.02027336 0.27865827 0.44313520
v 0.05584674 0.30435219 0.39662585
v -0.05309722 0.30269110 0.41289502
v 0.08657873 0.25884113 0.44648421
v 0.01718252 0.24144399 0.47908056
v 0.07953252 0.23481037 0.43406755
v 0.04577838 0.22221221 0.44255781
v 0.03398664 0.00627407 -0.33224946
v 0.06556309 -0.02525635 -0.33291572
v 0.09909639 -0.04992330 -0.35787597
v 0.06094913 -0.03627512 -0.36846673
v 0.09070926 -0.00184365 -0.31327260
v 0.09395459 -0.03776659 -0.33381289
v 0.02983098 0.00261001 -0.36871922
v 0.10993937 -0.05610456 -0.38361809
v 0.03749720 0.03025278 -0.29842830
v 0.05550517 -0.01152191 -0.36039555
v 0.03963014 -0.02318837 -0.40719622
v 0.05640569 0.01787383 -0.34479231
v 0.08488970 -0.05076034 -0.41282731
v 0.12306963 -0.02898122 -0.33026752
v 0.05965388 0.03939445 -0.31160188
v 0.01267138 0.03149051 -0.29415482
v 0.04734223 -0.05846438 -0.42717358
v 0.13707104 -0.04754851 -0.33762920
v 0.14226547 -0.05057308 -0.37021917
v -0.09158519 0.32366621 0.43142691
v -0.06747686 0.34100875 0.43986589
v -0.03392841 0.32911766 0.43301243
v 0.12362085 0.27999642 0.38101566
v 0.00764895 0.31657323 0.44331032
v -0.11905304 0.30565438 0.39408115
v -0.09648307 0.29824296 0.42703357
v -0.09802580 0.27918676 0.39198297
v -0.12180027 0.33972889 0.43753070
v -0.14091894 0.30880362 0.39636862
v 0.09751168 0.31308213 0.42220250
v 0.05286826 0.33619007 0.44077578
v 0.13260676 0.30345753 0.36319318
v 0.12715533 0.32448894 0.40025961
v 0.16214955 0.32678869 0.32804054
v 0.10750715 0.35623053 0.43842268
v 0.08532562 0.33297473 0.41467804
v 0.13591425 0.35294291 0.41386181
v -0.12143125 0.24927726 0.42178357
v -0.14227614 0.34828508 0.40135640
v 0.14918087 0.34442323 0.36743811
v 0.14620842 0.36481515 0.38671744
v 0.13882416 0.37931854 0.35043252
v 0.02698251 0.27256623 0.47552341
v 0.09846969 0.21298885 0.44436818
v 0.13202348 0.20288791 0.43435436
v 0.03634185 0.20008385 0.45936847
v 0.11581434 0.23685692 0.44075233
v 0.15469578 0.21557350 0.40790838
v 0.14720927 0.24016893 0.43488175
v 0.19087638 0.23106526 0.28288978
v 0.16318879 0.22734830 0.28394407
v 0.12590621 0.18682732 0.39405531
v 0.19995219 0.28141117 0.29666007
v 0.10922958 0.24688405 0.01393138
v 0.14439645 0.25928810 0.03021583
v 0.22894710 0.18916082 0.19021752
v 0.21744172 0.18782023 0.14523287
v 0.19379744 0.20531461 0.18655103
v 0.18211721 0.21068949 0.08213808
v 0.20928112 0.25304917 0.10138199
v 0.18196249 0.17157958 0.17357482
v 0.22992906 0.15185054 0.16204140
v 0.20721713 0.16415064 0.09354188
v 0.15675646 0.22940835 0.06143623
v 0.22783500 0.21573706 0.12949064
v 0.19514403 0.23435511 0.19453728
v 0.19922793 0.19657050 0.21068197
v 0.18427129 0.27014670 0.05771637
v 0.21544692 0.25242823 0.17930853
v 0.21911007 0.28545052 0.16895215
v 0.23458850 0.27489671 0.21261109
v 0.15557687 0.28642827 0.02653420
v 0.14292918 0.23265532 0.00624953
v 0.19380032 0.27637601 0.16354561
v 0.24170116 0.20444122 0.16171366
v 0.20777498 0.26134005 0.13856277
v 0.22948413 0.15899767 0.13714807
v 0.19989359 0.30459887 0.17003796
v 0.10078108 0.28257191 0.02205627
v 0.12069075 0.22727337 -0.01847776
v 0.22629294 0.24133378 0.14280450
v 0.19694647 0.20644078 0.04809397
v 0.08676615 0.20409460 -0.03023128
v 0.09263033 0.24545266 -0.03002152
v 0.23048426 0.21486369 0.19824073
v 0.16277508 0.20970815 0.01645038
v -0.13450556 0.19571374 0.39397210
v -0.11404841 0.18008779 0.34325540
v -0.12545350 0.18332951 0.31377155
v -0.04343462 0.16459827 0.38275304
v -0.07945216 0.17513874 0.40306532
v -0.09183732 0.16118355 0.36341652
v 0.04617836 0.18634897 0.37504819
v -0.06561950 0.14917459 0.36271828
v -0.14522240 0.22278439 0.36312851
v -0.17194980 0.24400921 0.33078897
v -0.08755288 0.16986071 0.41860014
v 0.08756347 0.15232943 0.34316003
v 0.10632412 0.16817537 0.31827432
v -0.12125825 0.14020766 0.36849791
v 0.08818793 0.18964690 0.33483312
v 0.08823150 0.12165964 0.37985864
v 0.01384386 0.15913108 0.39702180
v -0.03345350 0.17609438 0.39818788
v 0.03950259 0.17568974 0.40191326
v -0.18400401 0.22219343 0.29106557
v -0.10083543 0.12319034 0.38153234
v -0.16045593 0.20718855 0.29455176
v 0.11376680 0.20274317 0.34907183
v 0.12621751 0.22838274 0.31012318
v 0.08812112 0.17920782 0.39249375
v -0.00495451 0.17196000 0.41909301
v 0.13790382 0.19124164 0.30594665
v 0.11871763 0.14088282 0.37225059
v -0.04513542 0.12814304 0.38747787
v -0.14047712 0.22093189 0.40239176
v 0.03992268 0.16876718 0.42695689
v 0.14641692 0.14939128 0.35077602
v -0.18446441 0.19251075 0.29895779
v 0.00103746 0.18669742 0.43764749
v -0.11469488 0.19309500 0.44225305
v -0.18997453 0.17108178 0.10593232
v -0.22224940 0.20131761 0.11267129
v -0.15296382 0.20495220 0.07266460
v -0.20071137 0.15345202 0.14476180
v -0.19848438 0.17580548 0.13400686
v -0.21222094 0.21608713 0.07189072
v -0.17906420 0.24411580 0.07441728
v -0.22199641 0.19200578 0.15428975
v -0.21199477 0.15581566 0.06947426
v -0.12962736 0.21314444 0.03328710
v -0.23814434 0.19921722 0.18268985
v -0.15542503 0.24423809 0.03616444
v -0.18146335 0.18091963 0.06813505
v -0.20001398 0.15617314 0.18797503
v -0.18926102 0.12888411 0.17208856
v -0.24061647 0.16784059 0.18937629
v -0.22279476 0.13765305 0.14321736
v -0.19267668 0.23523466 0.13671353
v -0.21509883 0.22645368 0.10084234
v -0.15140259 0.18099989 0.05879099
v -0.16302606 0.25179321 0.08860464
v -0.21727242 0.21054961 0.20333844
v -0.16763574 0.13973317 0.18756923
v -0.21845241 0.12749673 0.10764433
v -0.11421762 0.23180434 0.04248876
v -0.07794866 -0.20425080 -0.47387481
v -0.08527654 -0.24037163 -0.46129662
v -0.10766450 -0.21895389 -0.43971774
v -0.13130014 -0.17597316 -0.43215165
v -0.12100175 -0.15033481 -0.46594185
v -0.10753178 -0.18100284 -0.46995613
v -0.13473147 -0.20806330 -0.41768277
v -0.12521949 -0.24831413 -0.42988446
v -0.15411556 -0.26556122 -0.44252276
v -0.14961924 -0.23062582 -0.43225989
v -0.10351773 -0.28691608 -0.41635409
v -0.12950489 -0.14100717 -0.43875805
v -0.04935289 -0.27778187 -0.45562407
v -0.05393839 -0.23086862 -0.47305611
v -0.16569248 -0.20773846 -0.42265862
v -0.18922484 -0.23975566 -0.46559489
v -0.18175654 -0.26230854 -0.45690519
v 0.14019488 -0.44033602 0.08623265
v 0.14780080 -0.38379541 0.08028226
v 0.18720210 -0.40528899 0.05288615
v 0.21693066 -0.42186800 0.04830221
v 0.13147528 -0.27483246 0.08628118
v 0.12752622 -0.44862014 0.11880542
v 0.12558699 -0.45980358 0.15992078
v 0.20682698 -0.38812864 0.05802453
v 0.20789093 -0.44266582 0.07674120
v 0.13479613 -0.33463535 0.10329922
v 0.12718809 -0.22535822 0.06415867
v 0.11326285 -0.22387677 0.10310514
v 0.09786080 -0.19773914 0.07037310
v 0.12092777 -0.23911950 0.12278540
v 0.17485660 -0.30554825 0.05333608
v 0.19180803 -0.34068835 0.05857760
v 0.16361828 -0.24605218 0.03654147
v 0.16785267 -0.44768870 0.10453496
v 0.13076077 -0.39401656 0.13915762
v 0.11904810 -0.21174322 0.16320974
v 0.23348719 -0.39880756 0.07577976
v 0.13857795 -0.18457291 0.18498352
v 0.12437303 -0.28627917 0.12426109
v 0.25055391 -0.42884603 0.07880569
v 0.10881377 -0.17553668 0.17876616
v 0.09360352 -0.19186312 0.13513397
v 0.12036189 -0.42571807 0.14768016
v 0.26827562 -0.44821897 0.10969929
v -0.16195646 -0.32591894 -0.15077782
v -0.14973669 -0.25606617 -0.24464548
v -0.19748728 -0.24921562 -0.25667503
v -0.10676395 -0.28949520 -0.23764314
v -0.20072065 -0.24316993 -0.28162691
v -0.21673058 -0.21618482 -0.24609634
v -0.13166286 -0.35666814 -0.16858298
v -0.20811597 -0.31261924 -0.15726143
v -0.16274479 -0.23028678 -0.23326698
v -0.10877561 -0.32259703 -0.24470830
v -0.20603088 -0.34135163 -0.14598790
v -0.12595983 -0.34571680 -0.21390827
v -0.19383341 -0.21128738 -0.21858039
v -0.23512290 -0.23452619 -0.31641352
v -0.15058769 -0.35888433 -0.15120648
v -0.23068401 -0.30850652 -0.19491713
v -0.22803199 -0.33762327 -0.15825911
v -0.05024388 0.07266757 -0.23963952
v -0.04970814 0.11561989 -0.15407521
v -0.07440399 0.10712205 -0.18215531
v -0.01143359 0.10377683 -0.18734498
v -0.04424086 0.12437401 -0.12905231
v -0.02972427 0.14518873 -0.10780098
v -0.06079529 0.08923057 -0.21150500
v -0.01252363 0.07611164 -0.25414088
v 0.06494625 0.08187246 -0.23205844
v -0.01234358 0.15203629 -0.08098797
v 0.07750430 0.09102633 -0.21613100
v -0.06453203 0.14888798 -0.11454549
v -0.05648331 0.13915884 -0.08244105
v -0.01077857 0.17514795 -0.04994711
v 0.01688915 0.12561327 -0.15928954
v 0.03057549 0.08055083 -0.21386027
v 0.05074372 0.06689139 -0.26402298
v 0.00425730 0.05831438 -0.26979735
v -0.04353318 0.05870555 -0.26188061
v -0.03261889 0.14952217 -0.04851530
v 0.05096489 0.09976672 -0.21092492
v -0.08526064 0.12476642 -0.13021377
v -0.11893751 0.12793173 0.01361905
v -0.11160532 0.18092006 -0.00486991
v -0.04887575 0.16104695 -0.04320180
v -0.07466415 0.16320185 -0.00717686
v -0.07219952 0.19081165 -0.03791149
v -0.09817885 0.22258081 -0.02201761
v -0.18351421 0.15451017 0.04207176
v -0.16978709 0.10020868 0.05390372
v -0.16458511 0.14442247 0.00802098
v -0.15720206 0.12914696 0.03777122
v 0.00982370 0.22896810 -0.05040083
v -0.01934021 0.21050012 -0.04684768
v -0.03731600 0.19306463 -0.01965562
v -0.07522774 0.15455537 -0.03134030
v -0.17125525 0.17514013 0.02510651
v -0.08240198 0.13577232 -0.00989540
v -0.07942940 0.17280519 -0.05812123
v -0.13676322 0.16385247 -0.02689440
v 0.01850366 0.19056775 -0.02522589
v -0.04207812 0.23093964 -0.02465202
v -0.07528272 0.21929359 -0.04002977
v -0.02589043 0.24115433 -0.04100170
v 0.11587273 -0.09301247 -0.38888401
v 0.08812809 -0.07644306 -0.43188408
v 0.12592007 -0.07435147 -0.41621518
v 0.14231896 -0.08533397 -0.37143782
v 0.08103557 -0.12710607 -0.42835909
v 0.08699210 -0.12353830 -0.39951941
v 0.05846237 -0.11381160 -0.44300938
v 0.11097200 -0.13879326 -0.45249996
v 0.13267902 -0.12334615 -0.39907521
v 0.06258553 -0.15059991 -0.45186225
v 0.13544974 -0.14280629 -0.43782610
v 0.11812872 -0.05046223 -0.41477954
v 0.08342247 -0.16979389 -0.46184194
v 0.16214548 -0.13709880 -0.41695663
v 0.22008121 -0.34876245 -0.13534054
v 0.24300814 -0.36746013 -0.14948054
v 0.11732566 -0.27634034 -0.21358418
v 0.12882519 -0.32183796 -0.17840046
v 0.15698758 -0.30994251 -0.15016504
v 0.19640794 -0.24135043 -0.24453548
v 0.22208247 -0.25942412 -0.27027610
v 0.25203001 -0.32109669 -0.16852465
v 0.26016647 -0.35397622 -0.19587603
v 0.26621830 -0.32544219 -0.18694440
v 0.12707458 -0.25209600 -0.19476472
v 0.22962582 -0.30946034 -0.16804305
v 0.23400927 -0.21846023 -0.23062368
v 0.20613122 -0.32933947 -0.14696932
v 0.12809370 -0.32588887 -0.21183091
v 0.17295209 -0.20932055 -0.19240053
v 0.15588771 -0.23848642 -0.22618711
v 0.17441212 -0.33551776 -0.13375032
v 0.13773867 -0.33215892 -0.15901127
v 0.13592179 -0.35928261 -0.17480972
v 0.24593118 -0.28180289 -0.28259933
v 0.20104024 -0.27299586 -0.21645488
v 0.23177747 -0.28609872 -0.22709760
v 0.20040433 -0.21947195 -0.20205569
v 0.23619105 -0.34955597 -0.21958840
v 0.25475660 -0.23302315 -0.28797266
v 0.24304260 -0.25198182 -0.32375687
v -0.19408420 -0.28629807 0.09430122
v -0.19044967 -0.25298452 0.06593196
v -0.13541535 -0.24298728 0.06544366
v -0.22997135 -0.26940280 0.10395380
v -0.13325647 -0.20590559 0.06553270
v -0.11619955 -0.23134583 0.08762331
v -0.18524750 -0.17158742 0.03238134
v -0.18204449 -0.21549751 0.04338090
v -0.14143644 -0.33120710 0.09697958
v -0.13238062 -0.30946445 0.08504937
v -0.13820392 -0.32906750 0.05768269
v -0.25213033 -0.21964382 0.08920459
v -0.17303789 -0.32428977 0.07504680
v -0.24486971 -0.16240183 0.02929539
v -0.21907175 -0.31314060 0.07925458
v -0.11833204 -0.36540121 -0.00226620
v -0.24127468 -0.27778620 0.12904651
v -0.10265985 -0.19056191 0.05960698
v -0.21839486 -0.30908066 0.12516972
v -0.10570348 -0.30904305 0.15585044
v -0.10677435 -0.27961650 0.17070505
v -0.09260317 -0.19349933 0.14482234
v -0.10273600 -0.18757156 0.10689435
v -0.13409589 -0.17216980 0.01857027
v -0.18459465 -0.33287284 0.04129735
v -0.22451720 -0.36470789 0.00465877
v -0.20003213 -0.39100403 -0.02894478
v -0.24320526 -0.39281890 -0.01189937
v -0.07789908 -0.17492393 0.11410447
v -0.14304578 -0.36143053 -0.00966561
v -0.10728824 -0.35946161 0.03635793
v -0.14904964 -0.36497873 0.10577341
v -0.12681332 -0.37507877 0.07805860
v -0.22226132 -0.32610551 0.02795420
v -0.15196842 -0.33663228 0.01647813
v -0.17907071 -0.40734425 -0.02045402
v -0.26141554 -0.40427697 0.02679905
v -0.10900961 -0.40816292 -0.00752219
v -0.12901463 -0.32562539 0.14649668
v -0.13694492 -0.40663046 -0.02617190
v -0.22143881 -0.41997376 0.00302831
v -0.24526781 -0.14257866 0.07688516
v -0.24668437 -0.19472125 0.10936231
v -0.10075225 -0.38477126 0.02318564
v -0.11411838 -0.41739491 0.02211265
v -0.14223973 -0.35630712 0.14437693
v -0.11334574 -0.24232633 0.18722299
v -0.25555825 -0.10024527 0.03085114
v -0.24820510 -0.13354415 0.03360917
v -0.25662300 -0.11138092 0.05813691
v -0.22310406 -0.14274247 0.01124625
v -0.24247541 -0.10742538 0.00076291
v -0.08149024 -0.17838123 0.15560509
v -0.17300288 -0.35631868 0.00018525
v -0.12081181 -0.35495141 0.05149724
v -0.10546164 -0.17811307 0.18373640
v -0.25142175 -0.42993265 0.04766871
v -0.15278164 -0.42120877 0.01288961
v -0.18234877 0.43993184 0.31041276
v -0.18163042 0.44716680 0.27130044
v -0.21212284 0.41038567 0.28104609
v -0.20415369 0.41979817 0.30222392
v -0.20043358 0.40236628 0.22573017
v -0.20866062 0.37302420 0.25571191
v -0.19875382 0.42530018 0.24401930
v -0.16568960 0.33108187 0.30981886
v -0.15967923 0.47328609 0.27087891
v -0.16491076 0.35066435 0.32910985
v -0.19047917 0.30437860 0.27917600
v -0.20531702 0.30901015 0.11826666
v -0.19111396 0.26552203 0.12384585
v -0.13996261 0.30624747 0.08321929
v -0.21717566 0.24637339 0.21815838
v -0.22775561 0.27993482 0.20557594
v -0.22809717 0.29217649 0.16658194
v -0.17791125 0.32416779 0.10033879
v -0.20029984 0.26729342 0.17625254
v -0.16046154 0.28359511 0.11369464
v -0.15132380 0.33073106 0.07569981
v -0.14589617 0.28396344 0.08208562
v -0.20818558 0.31113213 0.20406610
v -0.19435290 0.23812324 0.22664806
v -0.24216491 0.28287646 0.22690777
v -0.17765366 0.34728175 0.11542887
v -0.22434048 0.32501727 0.14859118
v -0.10096255 0.30572468 0.05858861
v -0.08412746 -0.06158715 -0.36454207
v -0.08673947 -0.04432403 -0.40448225
v -0.11061013 -0.05129604 -0.38275343
v -0.06448288 -0.06041971 -0.42459819
v -0.07725190 -0.02559215 -0.35217470
v -0.07001887 -0.03721352 -0.33140188
v -0.12970465 -0.07024770 -0.40531817
v -0.06066696 -0.01558905 -0.36788082
v -0.09828392 -0.02341892 -0.31777018
v -0.05399079 -0.01031062 -0.34220347
v -0.07528203 0.00734800 -0.33813164
v -0.03590270 0.00073501 -0.33732834
v -0.13072647 -0.04864751 -0.33775240
v -0.09609857 0.00168634 -0.30675298
v -0.16342393 -0.03999035 -0.35279402
v -0.04855454 -0.05625829 -0.43477154
v -0.16847205 -0.06512737 -0.38627648
v -0.04239351 0.02754627 -0.36580211
v -0.21984927 0.07228619 0.15950026
v -0.23518085 0.09783936 0.12223029
v -0.20402727 0.05354660 0.12777251
v -0.22904605 0.03833345 0.16507244
v -0.18151200 0.07712981 0.09488343
v -0.18006253 -0.02868857 0.29041895
v -0.20824480 -0.00631796 0.24061331
v -0.21115851 -0.05532350 0.24498454
v -0.22515094 0.10743772 0.07653595
v -0.20843965 0.05456251 0.19247752
v -0.21570683 0.10371888 0.18460891
v -0.21685670 0.07019670 0.20516798
v -0.24083030 0.09520435 0.16875714
v -0.17831315 0.05240162 0.02282318
v -0.21570705 -0.05366468 0.27381682
v -0.22557177 0.13320279 0.06709313
v -0.20256144 0.11887567 0.05108002
v -0.20740907 0.01911934 0.25639978
v -0.19850756 -0.07110023 0.28496104
v 0.22119850 0.10957907 0.15930942
v 0.22526534 0.08160889 0.13114718
v 0.22991833 0.13873135 0.10143004
v 0.23667775 0.11952205 0.12542850
v 0.21239252 0.09207305 0.15903878
v 0.18576810 0.13296209 0.09648177
v 0.22441658 0.05552159 0.21294096
v 0.20964715 0.10817470 0.09110990
v 0.19552746 0.09854533 0.03824116
v 0.17753327 0.12584329 0.02420530
v 0.16803388 0.15484555 0.03834489
v 0.21255678 0.08921680 0.20164256
v 0.20788191 0.05725391 0.23120585
v 0.23838893 0.12230903 0.16286436
v 0.17761557 0.36522982 0.28855377
v -0.11554270 0.48534441 0.23008475
v -0.09297959 0.09523239 -0.12119649
v -0.08373725 0.14962268 -0.10684197
v -0.08717983 0.10872139 -0.14299923
v 0.06287438 0.12826440 -0.13049750
v 0.01988216 0.14511575 -0.11223392
v 0.06398015 0.14533877 -0.12365346
v -0.09307598 -0.12221725 -0.43950319
v -0.07445382 -0.15729895 -0.46684057
v 0.09147712 0.15076178 -0.07719457
v -0.10086352 -0.19186603 -0.06409301
v -0.12383197 -0.17094578 -0.01791504
v -0.15970506 -0.15288517 -0.06953902
v -0.19051681 0.28363973 0.25985086
v -0.13872933 0.47382337 0.21215326
v -0.07383364 0.47149149 0.29983738
v -0.04360887 0.46976757 0.28256142
v -0.02681008 0.24276111 0.45750886
v -0.07194554 0.24673504 0.44534385
v -0.04044113 0.26202637 0.47561300
v -0.07706042 0.22147128 0.44335625
v -0.03689336 0.22031753 0.45036620
v -0.03136354 0.27187702 0.44820371
v -0.16275857 0.36245671 0.35300517
v -0.19140713 0.41810760 0.34313172
v -0.17966497 0.38830122 0.30152082
v -0.16589871 0.39371759 0.36386278
v -0.19012523 0.38006449 0.35333851
v 0.08336263 0.17928386 0.42813849
v -0.00142170 0.20900226 0.45896560
v -0.03759427 0.18069872 0.43433091
v -0.03421311 0.19390646 0.46545142
v 0.07587197 0.19608830 0.46341234
v 0.12066849 0.11240005 0.37518579
v 0.13274558 0.09741204 0.35185000
v 0.04968787 0.08992466 0.36530074
v 0.06938410 0.11985835 0.39964974
v 0.09064594 0.09302422 0.35988200
v 0.02390282 0.09286924 0.38614422
v 0.18689406 0.33081472 0.26217043
v 0.21143599 0.36307156 0.23265137
v 0.21962456 0.34421942 0.24881993
v 0.20772874 0.32017839 0.22128320
v 0.22370386 0.31264403 0.19787024
v 0.19144343 0.34506908 0.20420003
v -0.12587672 0.44179946 0.17470968
v -0.15846002 0.43055284 0.18072152
v -0.14424427 0.46196771 0.19340754
v -0.11638955 0.46266025 0.17067513
v -0.13771132 0.43843460 0.14394942
v -0.09911498 0.48561081 0.17152473
v -0.08374480 0.46210837 0.16069862
v -0.10167553 0.44625938 0.14461911
v 0.20130602 0.34184742 0.12897015
v 0.18283255 0.30039337 0.13488217
v 0.17117085 0.35102072 0.11028225
v 0.16395408 0.30545527 0.10937242
v 0.19972944 0.34837008 0.16406232
v 0.14168203 0.32660058 0.07555380
v 0.14643829 0.35986319 0.07309714
v -0.12502372 0.39444751 0.12502052
v -0.11364795 0.43803582 0.10753170
v -0.10042093 0.38852310 0.10884066
v -0.07479366 0.42704561 0.10390100
v -0.07399911 0.40336430 0.09327950
v -0.12733321 0.42555025 0.12385487
v -0.04303868 0.42470121 0.09215312
v -0.02394298 0.40449360 0.08489095
v -0.04360571 0.38793862 0.06030730
v -0.08008277 0.39315820 0.06673096
v -0.01777824 0.38069963 0.03944031
v -0.15505059 0.40588617 0.12445711
v 0.17887698 0.37737978 0.25858605
v 0.16766480 0.40846872 0.24583022
v 0.17643620 0.46499631 0.28179762
v 0.19550571 0.41284707 0.27799493
v 0.14565106 0.45093298 0.25442743
v 0.16770050 0.37484446 0.31742388
v 0.15250024 0.42785427 0.22891608
v 0.23198715 -0.03319540 0.23096447
v 0.20960824 0.00259895 0.23168495
v 0.20510885 -0.00114605 0.27341986
v -0.23294325 0.32596338 0.25227451
v -0.21220571 0.31039867 0.24792737
v -0.20979781 0.32257596 0.28794682
v -0.19565409 0.25716388 0.25545338
v -0.21383508 0.35056373 0.23267834
v -0.22499435 0.26804730 0.25824732
v -0.22740406 0.36433989 0.21520059
v -0.19739866 0.33687147 0.18395780
v -0.16471586 0.36345166 0.14159387
v -0.19156541 0.39564398 0.17507485
v -0.19187507 0.40508747 0.15106182
v -0.21425293 0.37679985 0.18258455
v -0.14974225 0.36869290 0.10111982
v -0.21449903 0.33681327 0.16385557
v -0.13116696 -0.18985479 -0.08736265
v -0.15419295 -0.17170286 -0.10797895
v -0.15759827 -0.14177637 -0.01768456
v -0.13795371 -0.19981398 -0.13699025
v -0.16566822 0.16469030 0.30460805
v -0.18735310 0.18279859 0.27255845
v -0.14436674 0.15349798 0.31642866
v -0.12834704 0.12459934 0.34449649
v 0.15462629 -0.18192790 -0.40959534
v 0.17212439 -0.15402761 -0.42066145
v 0.21022955 -0.15887472 -0.37099218
v 0.21580291 -0.16720003 -0.34273949
v 0.22695637 -0.12553161 -0.30287218
v 0.23816104 -0.11046665 -0.32554257
v 0.11797410 -0.17569599 -0.43373543
v 0.10705804 -0.19919249 -0.42975548
v 0.18546779 -0.20369190 -0.38326758
v 0.25763038 -0.15949228 0.07877681
v 0.25961131 -0.18104562 0.05496373
v 0.25079232 -0.14750448 0.02633254
v 0.26659030 -0.14445324 0.05867570
v 0.25165364 -0.19272175 0.03387160
v 0.06797143 0.01752790 -0.29552206
v 0.13169405 -0.03927362 -0.31184819
v 0.12257728 -0.02090750 -0.29419395
v 0.11869273 0.01454064 -0.27078187
v 0.07733791 0.04339694 -0.27497333
v -0.08507350 0.07683884 -0.25003392
v -0.09353041 0.06391880 -0.21458390
v -0.08957624 0.09419202 -0.20909089
v -0.09357093 0.07649384 -0.18259734
v -0.13552564 0.02665945 -0.22315042
v -0.11247190 0.02421627 -0.24404472
v 0.10354713 0.12354754 -0.08612388
v 0.02844433 0.15075704 -0.08278322
v 0.13162681 0.13186088 -0.05324661
v 0.09770213 0.13776883 -0.11754581
v 0.07862365 0.16113728 -0.10302556
v 0.07275376 0.19070527 -0.06896313
v 0.09044538 0.17149714 -0.04407074
v 0.08464368 0.11355453 -0.16043565
v 0.10167397 0.07181399 -0.18667857
v 0.07144555 0.11729503 -0.18629296
v 0.07336502 0.09261688 -0.18963841
v 0.04525489 0.10916238 -0.17311494
v -0.10243993 0.10047082 -0.06356858
v -0.12163235 0.11258333 -0.05111412
v -0.08931843 0.14158732 -0.06258652
v -0.15945035 0.05849526 -0.04608556
v -0.14854313 -0.10309441 -0.39627948
v -0.11617061 -0.08147152 -0.43473518
v -0.11202746 -0.12254617 -0.41118723
v -0.19052802 -0.07989562 -0.36239973
v -0.14503099 -0.13934350 -0.40408450
v -0.07384358 -0.10737205 -0.45383543
v -0.16866429 -0.16970484 -0.40738687
v -0.12007123 0.28452587 0.03108940
v -0.08971750 0.22162572 0.02090679
v -0.09234744 0.24727988 0.01109888
v -0.09403782 0.29149047 0.00169898
v -0.05893068 0.24570876 -0.00749719
v -0.14173447 0.27713501 0.03596184
v 0.03545970 0.21132869 -0.03196644
v 0.05416856 0.20351256 -0.04422837
v 0.04573902 0.24119782 -0.02178802
v 0.07400714 0.23262039 -0.04808399
v -0.24310580 -0.36180922 0.24562076
v -0.24353768 -0.32416949 0.25540793
v -0.22215335 -0.37026519 0.29295707
v -0.20308560 -0.39580539 0.27577442
v -0.16601911 -0.38517472 0.30805126
v -0.24510419 -0.37225908 0.29842776
v -0.18827464 -0.34513798 0.31174138
v -0.16945851 -0.35866106 0.31116679
v -0.17005764 -0.40737936 0.28925616
v -0.22012576 -0.38560027 0.23782015
v -0.22784334 -0.39499375 0.14424691
v -0.23295131 -0.42319036 0.16874173
v -0.22543107 -0.40995428 0.25476050
v -0.19313616 -0.42456612 0.28783759
v -0.22232261 -0.34247717 0.29568899
v -0.22105026 -0.40785661 0.19889429
v -0.23180443 -0.38426682 0.19180349
v 0.11599929 0.38279891 0.07362896
v 0.10726182 0.41292319 0.12040713
v 0.16449711 0.37897649 0.15670043
v 0.11887476 0.43751860 0.11948069
v 0.14894304 0.40480444 0.12249174
v 0.18852377 0.40889889 0.17245176
v 0.15869774 0.41957384 0.17070259
v 0.15272802 0.42650080 0.14169808
v 0.18102995 0.36392364 0.18626238
v 0.15176268 0.38372061 0.09716511
v 0.18961085 0.38787234 0.22959962
v 0.10158747 0.47144037 0.25323856
v 0.12162589 0.46539956 0.24669610
v 0.11659649 0.48082465 0.20026165
v 0.07773265 0.47956041 0.22378621
v 0.10557595 0.45314109 0.18184888
v -0.17650512 0.46134388 0.20548461
v -0.18120196 0.42274165 0.20608915
v -0.16837780 0.44925216 0.24058738
v 0.16185842 0.15667583 0.30127072
v 0.18137942 0.18784463 0.27741051
v 0.17202818 0.18687660 0.31177580
v 0.14885342 0.11768489 0.31742898
v 0.15293594 0.40384650 0.30378842
v 0.17655195 0.43977574 0.31764457
v 0.16954499 0.39435932 0.33784378
v 0.16228020 0.42623934 0.28554648
v 0.14762402 0.44789311 0.30643404
v -0.04553623 0.47286886 0.22348832
v -0.10464444 0.48363408 0.26668334
v -0.09121425 0.48074570 0.20719743
v -0.06056335 0.48415256 0.26255500
v -0.03474892 0.49257401 0.24423212
v -0.02050501 0.48308361 0.21115980
v -0.06164513 0.47754252 0.18702425
v -0.13807307 0.45985869 0.25668544
v -0.12763986 0.47277099 0.26245639
v 0.08580150 0.10809135 -0.12989485
v 0.06244947 0.12885901 -0.15368319
v 0.12079731 0.10802242 -0.10541871
v 0.09263542 0.38550997 0.05419540
v 0.08450434 0.35161629 0.04556164
v 0.10465633 0.35180217 0.07084943
v 0.10678720 0.32087982 0.06838283
v -0.19431476 -0.10915981 0.27470472
v -0.17024939 -0.09053044 0.25234565
v -0.21064091 -0.11336373 0.26324916
v -0.22596921 -0.08641282 0.26075441
v -0.21053308 -0.10487982 0.22753137
v -0.15748709 -0.06840003 0.28965688
v 0.16997592 -0.28763777 -0.41273278
v 0.15053782 -0.26421940 -0.40755406
v 0.16370860 -0.24227996 -0.39816022
v 0.19881755 -0.25832915 -0.44742832
v 0.12140588 -0.23426290 -0.41908082
v 0.21533996 -0.22596581 -0.40073404
v 0.09990320 -0.28747180 -0.41384324
v 0.21631496 -0.28453243 -0.40084285
v -0.19250901 -0.33880994 0.11861812
v -0.19908357 -0.34119716 0.07275121
v -0.23569600 -0.35195062 0.05002173
v -0.23476225 -0.32640174 0.16261464
v -0.20694394 -0.33821291 0.14880596
v -0.21840312 -0.36697733 0.08066098
v -0.22218142 -0.36005867 0.15123236
v -0.06316113 -0.18232849 0.19593835
v -0.13182499 -0.19644305 0.20853940
v -0.12778264 -0.15474589 0.21936461
v -0.10373694 -0.16867395 0.23398158
v -0.06593481 -0.17941715 0.24597701
v -0.11069614 0.08717888 -0.14933243
v -0.11250513 0.05793481 -0.16524361
v -0.08578785 0.12935573 -0.16356918
v -0.10864814 0.10343802 -0.09439740
v 0.15890059 0.17097674 0.00425901
v 0.12946548 0.14358903 -0.01165459
v 0.16496074 0.10260803 -0.02687274
v 0.18397330 0.18348791 0.02770163
v 0.09149527 0.16934587 -0.02269985
v 0.10917471 0.18644451 -0.00729550
v 0.13309647 0.19746138 -0.03041073
v -0.03925430 0.26008749 0.01275780
v -0.05725535 0.29112479 0.00455789
v -0.00542489 0.28637800 -0.00112398
v -0.02606468 0.31751722 -0.00525856
v -0.14431180 -0.00559123 -0.22166547
v -0.15283269 -0.01388218 -0.24358396
v -0.12717721 0.04371407 -0.19843353
v 0.13517269 0.45237389 0.18245371
v 0.13312921 0.44813952 0.13939127
v 0.09098329 0.43822914 0.11325169
v -0.09051237 0.35785067 0.04812177
v -0.11371501 0.33716494 0.08517198
v -0.06229507 0.33988854 0.05611080
v -0.07413592 0.19309039 0.45565563
v -0.01677591 0.06829178 -0.35030109
v -0.01773293 0.03069903 -0.32260525
v 0.01817733 0.03073661 -0.35201064
v -0.03777685 0.07144328 -0.37380400
v -0.12533422 -0.43156472 0.20570558
v -0.12082124 -0.46172866 0.17831281
v -0.11809867 -0.48349714 0.22063369
v -0.12222460 -0.46172872 0.25014183
v -0.11576347 -0.44138771 0.22711441
v 0.07337190 0.40955687 0.09182885
v 0.02987101 0.41747355 0.10101698
v 0.01822300 0.40000260 0.06998304
v 0.08300865 0.07708413 -0.25447962
v -0.14834753 0.19467030 0.01958212
v -0.09586369 0.01894762 -0.27539355
v -0.09280740 0.04494807 -0.27630010
v -0.07013409 0.04660414 -0.29820839
v -0.02968122 0.45027772 0.13368268
v -0.05950608 0.46121183 0.16545579
v -0.05356944 0.44616434 0.11174542
v 0.24697153 -0.08566692 0.24494863
v 0.24464166 -0.02539383 0.25345093
v 0.24085060 -0.07232685 0.27153149
v 0.25271147 -0.09051617 0.21567991
v 0.26132852 -0.10255009 -0.25961512
v 0.24682891 -0.07649180 -0.30938613
v -0.25721398 -0.44108865 0.12020943
v -0.24491225 -0.44168893 0.07719161
v -0.23265889 -0.46613762 0.15656485
v -0.23508310 -0.45925462 0.11181137
v -0.13669918 -0.07339432 0.34623697
v -0.26840517 -0.32455233 -0.20532118
v -0.24099648 -0.31707412 -0.21792985
v -0.24124335 -0.29205734 -0.24171199
v -0.24501057 -0.32283241 -0.17185152
v -0.13943729 -0.46612808 0.27334869
v -0.16312811 -0.43649501 0.29065070
v -0.16885836 -0.46432430 0.28446326
v -0.13196945 -0.43198532 0.27347925
v 0.04147264 0.48680484 0.24526699
v 0.00760081 0.48755050 0.24165016
v 0.03599647 0.47747004 0.20294826
v -0.20517066 -0.19600308 -0.40549117
v -0.21563752 -0.17868520 -0.36998060
v -0.23230503 -0.20055944 -0.36786810
v -0.09118140 0.45967138 0.31640130
v -0.06227093 0.43702137 0.33905357
v -0.14295508 0.29425603 0.35994324
v -0.16182852 0.31749448 0.35348523
v -0.24662681 -0.39137632 0.11926331
v -0.24326020 -0.36605281 0.19273625
v 0.11440665 0.30773249 0.02123515
v 0.15282945 0.30361414 0.06254456
v -0.16294231 0.42305171 0.31403643
v 0.12505171 -0.16749263 -0.46739048
v -0.14845178 -0.40688330 0.29361463
v -0.12652344 -0.39576286 0.29907304
v 0.25413617 -0.28130695 0.06927510
v 0.22873408 -0.28949097 0.04498189
v 0.24420018 -0.23701650 0.03903982
v 0.25163251 -0.27973512 0.10515719
v -0.18267559 0.16741465 0.21213256
v -0.21226338 0.17948721 0.21312153
v -0.19077805 0.19727372 0.22888936
v 0.00435572 -0.14477597 0.37008017
v 0.04072706 -0.15958586 0.33254480
v 0.03475548 -0.13719228 0.34109515
v 0.03827748 -0.09853912 0.35646066
v -0.24330097 -0.44756252 0.18046060
v -0.23294896 -0.46915132 0.19307652
v 0.08278878 0.26378310 0.00209881
v 0.07764507 0.30001801 -0.01266044
v 0.04590312 -0.27421743 -0.44091725
v 0.06619617 -0.23816828 -0.44260693
v 0.03468298 0.16551231 -0.06219111
v 0.04316955 0.17605118 -0.03288254
v -0.03491542 0.49521375 0.16343588
v -0.03164967 0.46683928 0.15722731
v -0.00231722 0.47176576 0.15256920
v -0.01201385 0.35340512 0.04471977
v -0.02910141 0.32997882 0.03415056
v -0.04050305 0.37104508 0.04672981
v 0.14815524 0.42184624 0.32084519
v -0.11424864 -0.39367497 0.09155089
v -0.09930089 -0.42035031 0.11125341
v -0.12232690 -0.38420987 0.15499267
v -0.10256642 -0.41525105 0.13814855
v -0.08445081 0.05634066 -0.25654143
v 0.16884987 0.42487654 0.20482579
v 0.15028210 0.46951225 0.20968208
v -0.19913389 0.24373364 0.10926596
v -0.24086189 -0.45717984 0.23530096
v -0.22510214 -0.42508629 0.27857631
v 0.00220463 0.25401354 -0.03464159
v -0.00053239 0.25046352 -0.00872367
v -0.04780985 -0.19823663 -0.48199934
v -0.02704884 -0.26126722 -0.45846808
v 0.01520176 -0.19482838 0.26265466
v -0.00400365 -0.19521028 0.29779696
v -0.01756792 -0.17500789 0.29275537
v 0.03200496 -0.21031766 0.28804705
v -0.08310512 0.45303053 0.11333366
v -0.12353937 -0.38412219 0.24261451
v -0.12975107 -0.40235862 0.25412804
v -0.12742604 -0.40898061 0.19723096
v 0.11976245 -0.27990961 0.16647011
v -0.16284701 -0.03307150 -0.13271318
v -0.19300231 -0.04970226 -0.15876764
v 0.14954263 0.09400355 -0.07954761
v 0.03201498 0.04104842 -0.26569244
v 0.17647265 -0.05982979 -0.36544925
v -0.20571417 -0.08465683 -0.01704767
v -0.18274072 -0.13036661 -0.00199415
v 0.06207694 0.46420506 0.29840523
v -0.02732048 0.03624497 -0.28348935
v 0.17059644 0.29993245 0.07875416
v -0.17926814 -0.02070102 -0.27461463
v 0.24968082 -0.46239215 0.21422490
v 0.25998151 -0.43851200 0.17958573
v 0.23093212 -0.44060013 0.22093634
v 0.14554100 -0.22191131 -0.40593934
v 0.21222068 -0.05619670 -0.16114026
v 0.22383276 -0.09210537 -0.14433445
v -0.21909170 -0.32009685 0.27988851
v -0.25112417 -0.33768374 0.28616142
v -0.12309709 0.11227384 -0.02206740
v 0.06400437 0.48692927 0.20403156
v 0.15810139 -0.02795434 -0.27696249
v 0.19340768 -0.02610160 -0.26568770
v 0.16390826 -0.03784217 -0.31632078
v -0.19372018 -0.17371202 -0.16869479
v -0.17389280 -0.13867070 -0.15831360
v -0.07461017 -0.29558840 -0.22136460
v -0.08304017 -0.32366753 -0.24467370
v 0.03584425 0.39646786 0.39813611
v 0.02078037 0.43060264 0.36643022
v -0.20678478 -0.22442459 -0.43559954
v -0.21012901 -0.26349863 -0.45698410
v 0.21813293 -0.02658707 0.04230988
v 0.22476301 0.00990283 0.03004139
v 0.21375574 -0.05700900 -0.34297425
v -0.05241271 0.01822334 -0.31874162
v 0.05795423 0.04367980 0.33100545
v 0.01890741 0.00980823 0.34583959
v -0.01331152 -0.02772196 0.36006075
v -0.21210375 -0.45065007 0.28070754
v -0.17407456 0.35948575 0.08781514
v 0.05208221 -0.18545483 0.29358220
v 0.16854423 -0.34152731 0.18495455
v 0.20786332 -0.33448532 0.17645843
v -0.18836167 0.04679300 0.24619456
v -0.16858235 -0.00004851 0.28501055
v 0.22877172 -0.30480278 -0.34559703
v -0.01389718 0.46118507 0.31019881
v -0.02852360 0.45797345 0.32727826
v -0.18330869 -0.09407453 -0.14670274
v -0.21104710 -0.08226994 -0.15995377
v -0.01111742 0.49095893 0.27356830
v -0.14005378 -0.48633125 0.26905796
v -0.17203584 -0.49755040 0.26049656
v 0.26192871 -0.32638061 -0.24294057
v -0.17510478 0.43021506 0.16013262
v -0.14395447 0.42669326 0.33091289
v -0.09192877 0.43254998 0.35343853
v -0.13857645 0.42419192 0.36544868
v -0.09213166 0.37485519 0.42531666
v -0.06108318 0.42016247 0.37887722
v -0.12849024 0.36982360 0.41613230
v -0.06061652 0.38619399 0.40508544
v -0.04510694 0.49131656 0.19605932
v -0.05418915 0.35634983 0.41489774
v -0.02635352 0.43567142 0.35487092
v 0.00142290 0.49210545 0.19185305
v 0.02612011 0.35803407 0.42778152
v 0.02933825 0.47297198 0.30636752
v 0.03871000 0.43913862 0.33432111
v 0.00034426 0.44656888 0.09281639
v 0.02885354 0.45297411 0.11890009
v 0.03419358 0.47103310 0.17823939
v 0.01099748 0.35616833 0.44214073
v 0.08728075 0.47601774 0.27021390
v 0.07134912 0.42976710 0.31782043
v 0.09102928 0.48651114 0.17350781
v 0.05896854 0.46254885 0.14893481
v 0.07238593 0.38008514 0.40841651
v 0.10110970 0.42759353 0.36110127
v 0.06770581 0.44677439 0.09693856
v 0.08151581 0.46795341 0.15055244
v 0.12445433 0.39808142 0.38503024
v 0.12007793 0.42615771 0.33693177
v 0.11672359 0.46080309 0.30239615
v 0.14951219 0.47267148 0.28467089
v 0.05998562 0.36021647 0.43132535
v 0.11690162 0.37508225 0.40580648
v 0.06066741 0.39000565 0.04952896
v 0.14599887 0.25896841 0.41193086
v 0.06390584 0.32303980 0.00393798
v 0.05146543 0.32827565 0.03332947
v 0.17265694 0.29475281 0.34501976
v 0.20968071 0.36292547 0.26362240
v 0.20047824 0.31306782 0.28589070
v 0.19501528 0.28165621 0.12137688
v 0.23262833 0.29249880 0.23186907
v 0.20612288 0.25002918 0.26045865
v 0.20555703 0.27887395 0.09021698
v 0.00757117 0.32674715 0.01394758
v -0.05434943 0.31713307 0.02629108
v -0.12286919 0.36916110 0.06791153
v -0.17818823 0.42392793 0.13346353
v -0.08986863 0.31647912 0.02807008
v -0.21472861 0.38614002 0.22625908
v -0.15654415 0.25360051 0.37905550
v -0.19176735 0.27037421 0.32386684
v -0.16238743 0.28456992 0.05070626
v -0.19950837 0.22467215 0.27083167
v 0.21250999 -0.09259450 0.24544536
v 0.17833702 -0.05853053 0.26286995
v 0.16979069 -0.09751019 0.23989171
v 0.17710103 -0.12938793 0.22756827
v -0.01165665 -0.11573946 0.35768402
v -0.15804675 -0.12482682 0.21477896
v -0.18780296 -0.13416117 0.20349576
v -0.15986440 -0.17373180 0.21825725
v 0.01571796 -0.16822025 0.36177528
v -0.20027506 -0.16728477 0.21507140
v -0.01271359 -0.17370172 0.35111898
v 0.16928756 -0.16874224 0.19736382
v 0.00881299 -0.19893105 0.34089717
v 0.03906767 -0.17689396 0.35416508
v 0.19728191 -0.20796400 0.19633594
v 0.19619796 -0.16636482 0.20385276
v -0.17909995 -0.20756026 0.22629258
v 0.13899489 -0.21792866 0.18386166
v 0.02354786 -0.20684735 0.34392449
v 0.15932526 -0.23250170 0.20267433
v 0.18727717 -0.24230406 0.20256120
v -0.17792277 -0.22750226 0.23074147
v -0.14929809 -0.24633884 0.22751907
v -0.18642363 -0.24666139 0.22593726
v 0.15621552 -0.28511804 0.19534673
v -0.19734602 -0.27423456 0.23038751
v -0.16714770 -0.27436519 0.23633713
v -0.11899030 -0.27894041 0.21825141
v 0.17826249 -0.29614556 0.19275494
v -0.11963483 -0.30723187 0.25854981
v -0.15689439 -0.30961987 0.28234100
v -0.19162045 -0.30326718 0.24643421
v 0.21557426 -0.30213937 0.18540284
v -0.14499338 -0.33153430 0.30888355
v -0.09960456 -0.34035528 0.29180297
v -0.13299079 -0.36151072 0.31231299
v -0.10626885 -0.36702520 0.30878389
v 0.20427984 -0.38114163 0.17173988
v 0.16459474 -0.39184248 0.17779258
v 0.18034627 -0.42368639 0.19466388
v 0.21817802 -0.41493934 0.17816404
v 0.17584538 -0.44410366 0.22902972
v 0.13064834 -0.43934458 0.17218658
v 0.13619360 -0.45434040 0.20743579
v -0.19157308 -0.46426129 0.28296840
v 0.21327253 -0.45225805 0.24437276
v 0.15401579 -0.46060923 0.23267451
v 0.22173667 -0.48354807 0.24288872
v 0.18173781 -0.46885324 0.23931614
v 0.15615845 -0.48392516 0.24056549
v 0.26803198 -0.47911969 0.21304929
v 0.24161464 -0.47910953 0.20197496
v -0.21287557 -0.49162763 0.25564647
v -0.22729395 -0.47075611 0.25928715
v 0.21110709 -0.03720015 -0.18491086
v 0.18216594 -0.03714995 -0.17996536
v 0.21706876 -0.12824295 -0.14397499
v -0.10045077 -0.31618840 0.20723696
v 0.25425556 -0.21604940 0.06617720
v 0.14514562 -0.22516339 -0.16203681
v 0.25369430 -0.23690751 0.07626528
v -0.12900977 -0.36552006 0.17493653
v -0.10249448 -0.39355898 0.05094574
v -0.12550895 -0.41697857 0.16216695
v 0.14935854 -0.35934800 -0.15183100
v -0.10567056 -0.44664589 0.09997356
v -0.11164491 -0.45325223 0.15301690
v 0.24370435 0.15033644 0.11964388
v 0.12773786 0.09157284 0.30484778
v 0.11115272 0.06979111 0.31642336
v 0.01623731 0.06261538 0.34299618
v 0.01205701 0.04044166 0.35417032
v 0.17565270 -0.02220101 0.28482237
v 0.20685498 -0.04259876 0.28388718
v 0.22233546 -0.19154543 0.18480253
v 0.23459822 -0.22392952 0.16586988
v -0.09800831 -0.32371283 0.26563665
v 0.22717065 -0.36414790 0.16147447
v 0.23776262 -0.40506113 0.15584940
v 0.14905562 0.04438974 0.29767910
v 0.13708676 0.05028003 0.31800467
v 0.04003350 -0.20608056 0.31973529
v 0.21654204 -0.02897482 -0.00226916
v 0.23610169 -0.05809559 0.02692575
v -0.10050309 -0.33843353 0.23979801
v -0.09771182 -0.37675828 0.28896475
v -0.10190084 -0.35881761 0.22132939
v -0.11993186 -0.37793469 0.21031466
v 0.26144639 -0.42242244 0.12355444
v 0.27179334 -0.44953835 0.14980930
v 0.25995883 -0.46646488 0.16668114
v 0.02929760 0.33649826 0.05007967
v 0.04221827 0.27573425 0.00411792
v 0.02876735 0.09151379 -0.19274825
v -0.12892334 -0.01619823 -0.28559363
v -0.14645013 -0.02717664 -0.31245336
v 0.20964505 -0.15072212 0.02589751
v 0.21732694 -0.18696423 0.03000253
v 0.16659619 -0.16401406 0.01574722
v 0.19478115 -0.22738042 0.03784014
v 0.19388871 -0.25322470 0.03503635
v 0.05163970 -0.21770267 -0.46239471
v 0.03114016 -0.20142654 -0.47144666
v 0.08367948 -0.21205977 -0.44679946
v 0.09146719 -0.24949051 -0.43182567
v 0.00298907 -0.22277689 -0.46942699
v -0.02663373 -0.23233914 -0.47418725
v 0.13146745 0.08353178 -0.13568845
v 0.24250627 -0.03316694 0.04226067
v 0.12015051 0.04527324 -0.19916397
v 0.09913282 0.04623353 -0.23302175
v 0.13728794 0.01304355 -0.23018858
v 0.25318611 -0.09735918 0.02030605
v 0.20879234 -0.12331825 0.00332735
v 0.23029715 -0.32195577 0.07504621
v -0.12159987 0.07839812 -0.09833927
v -0.14014965 0.05804455 -0.11368790
v -0.12171792 0.06567065 -0.13364187
v -0.14335117 0.01993163 -0.17562471
v 0.05699635 0.25495452 -0.03601651
v -0.19887513 -0.03722778 -0.32961774
v -0.00069411 -0.18403722 -0.47943652
v -0.23732190 -0.46055138 0.21210405
v -0.24789698 -0.26939881 -0.29528910
v -0.23511140 -0.24847728 -0.35160115
v -0.24168830 -0.26936725 -0.36975378
v -0.22772591 -0.25460827 -0.40379584
v -0.14646764 0.09678306 0.00148200
v -0.14387213 0.05174545 -0.15888560
v -0.24042156 -0.06589331 0.00977220
v -0.22700192 -0.14507769 -0.33119401
v -0.21209842 -0.14298214 -0.34740451
v -0.19784804 -0.14257838 -0.37886235
v -0.23425858 -0.22096896 -0.38156414
v -0.21138196 -0.26525781 -0.42816073
v -0.01635478 -0.18489967 0.32687962
v -0.16650310 -0.15374121 -0.14505342
v -0.16791390 -0.18284830 -0.16515622
v -0.15669587 -0.20139536 -0.17129262
v -0.23433509 -0.48829898 0.23062561
v -0.13536479 0.02287034 0.31300092
v -0.14310889 0.05395298 0.28798485
v -0.15596637 0.04550103 -0.07407416
v -0.14474837 0.03724851 -0.13811797
v -0.01574493 -0.14439495 0.33444390
v -0.18437865 -0.10116094 -0.05083487
v -0.21044306 -0.20583241 0.21207054
v -0.23594305 -0.18987325 0.17900114
v -0.22469658 -0.23218909 0.20554356
v -0.24024419 -0.10284607 -0.30322927
v -0.23747833 -0.25621754 0.17898892
v -0.22683586 -0.28260300 0.19295406
v -0.24413808 -0.24160437 0.13987949
v -0.21744376 -0.30212826 0.23768151
v -0.24368480 -0.32477757 0.18901631
v -0.24037050 -0.32863995 0.22099373
v -0.24203302 -0.27933377 -0.34250924
v -0.25522622 -0.29019701 -0.28460205
v -0.26546410 -0.31030694 -0.25918090
v -0.22365193 -0.29664630 -0.38856062
v -0.24266312 -0.33152840 -0.27250141
v -0.26014230 -0.34004962 -0.24020809
v -0.19831960 -0.36861920 -0.15250191
v 0.13727187 -0.47658885 0.20294523
v -0.16435738 -0.09185059 -0.14208615
v -0.22241655 -0.12067387 -0.16329375
v -0.21375063 -0.13549216 0.18032476
v 0.13352299 -0.25389987 0.17714843
v -0.08349295 -0.24329589 -0.16317764
v -0.09232520 -0.26165143 -0.21130240
v -0.03922108 -0.27230996 -0.17503281
v -0.11305831 -0.24867257 -0.23760378
v -0.04719839 -0.30182737 -0.20792013
v 0.14089493 -0.34760213 0.16768022
v -0.23824967 -0.35382688 -0.16881013
v -0.26413319 -0.35315582 -0.19231042
v 0.18261755 -0.48920652 0.23347098
v 0.02748954 0.37148312 0.05242348
v 0.02886092 0.30191138 0.00515268
v 0.15240975 0.21121694 -0.02128698
v -0.15337510 0.18236610 -0.00461802
v 0.15510035 0.06436950 -0.12604722
v 0.13007724 0.08319993 -0.16785201
v -0.00528891 0.06259415 -0.37922764
v 0.14426583 0.04547402 -0.17916851
v -0.03213629 0.03711852 -0.38369220
v 0.12775844 0.05053849 -0.22536469
v 0.02131726 0.03260324 -0.37652242
v 0.02339667 -0.00591984 -0.41557038
v -0.01930864 -0.00583547 -0.41324872
v -0.04512140 0.00180381 -0.39363614
v -0.01879983 -0.03820292 -0.43272293
v 0.01953362 -0.06120688 -0.44606465
v -0.11013106 -0.05049866 -0.43058568
v -0.01828875 -0.07664433 -0.45783582
v 0.22140494 -0.10280768 -0.35240903
v 0.03405181 -0.08387440 -0.45496196
v -0.03739306 -0.10689230 -0.46227542
v 0.20205961 -0.11379464 -0.38057417
v -0.20276456 -0.11242119 -0.36973640
v 0.03662807 -0.14446597 -0.46769840
v -0.24522121 -0.16664255 -0.33463997
v -0.01681935 -0.15720558 -0.47798973
v -0.05219664 -0.15210992 -0.47875497
v 0.24984333 -0.18685241 -0.33761019
v 0.22602578 -0.20360655 -0.35997647
v -0.20876312 0.24216215 0.17160937
v -0.17396992 0.14332333 0.26563114
v -0.13174744 0.10492090 0.30259782
v -0.12666325 0.07705652 0.27607134
v -0.23238719 0.00607101 0.21836433
v -0.20006877 0.01944669 0.06874727
v -0.16945545 0.06002142 -0.00881672
v -0.23737238 0.00643495 0.16394700
v -0.21378903 0.03170149 0.08731253
v -0.24402040 0.00527778 0.12606499
v -0.24949364 -0.04382680 0.19429719
v -0.18060601 0.02387416 -0.03135949
v -0.19700545 -0.00340205 0.00749625
v -0.25224841 -0.03969077 0.11808398
v -0.16675496 0.01265959 -0.09799270
v -0.23598152 -0.02560699 0.07923940
v -0.20052913 -0.02393325 0.03683069
v -0.18978481 -0.01363671 -0.03680646
v -0.25874329 -0.07521647 0.15243834
v -0.16269934 0.00697885 -0.14016461
v -0.18549085 -0.01782546 -0.06459556
v -0.20045663 -0.04151291 0.00147966
v -0.23787542 -0.09491505 0.21486109
v -0.24924091 -0.07085397 0.08650934
v -0.25083807 -0.03951725 0.05100771
v -0.24055512 -0.11155471 0.13704327
v -0.19550532 -0.04922314 -0.04364815
v -0.22396177 -0.12286579 0.19216464
v -0.17712957 -0.06224063 -0.09913025
v -0.26434615 -0.08986024 0.09284234
v -0.23368514 -0.16255449 0.12906122
v -0.17938791 -0.02120378 -0.19969949
v -0.21241811 -0.03154672 -0.22628194
v -0.23413254 -0.20525661 0.13996306
v -0.23366606 -0.08780907 -0.18768051
v -0.21796399 -0.03006599 -0.28247994
v -0.24286667 -0.06791644 -0.24503496
v -0.24585822 -0.12307843 -0.19991416
v -0.22514033 -0.06272167 -0.33662325
v -0.22861461 -0.06663139 -0.30036497
v -0.25081351 -0.12023740 -0.25335848
v -0.20760345 -0.37800056 0.11946070
v -0.24270403 -0.16367131 -0.20568943
v -0.25218841 -0.14180097 -0.28238565
v -0.24952057 -0.17342456 -0.23908475
v -0.25342903 -0.36073634 0.02878456
v -0.24849151 -0.38540378 0.07432930
v -0.25505254 -0.18827659 -0.28674009
v -0.24297573 -0.20474492 -0.25526544
v -0.25443354 -0.19146381 -0.31838894
v -0.26388532 -0.40202820 0.06188087
v -0.22463188 -0.28377771 -0.22563347
v 0.17023669 0.14874092 0.20999661
v 0.17193957 0.14262211 0.25718486
v 0.17179400 0.09824853 0.24704516
v 0.17918986 0.10723622 0.22300282
v 0.19024681 0.12437122 0.19097811
v 0.14966851 0.07927943 0.27969477
v 0.22308247 0.08550753 0.06414084
v 0.24449614 0.03586037 0.17552093
v 0.23834291 0.03972238 0.13763109
v 0.24432656 0.05225050 0.11043826
v 0.22812586 0.05096357 0.04078996
v 0.20241094 0.06676749 -0.00094326
v 0.23005861 -0.04122280 0.28229678
v 0.17898904 0.04999354 -0.06588686
v 0.25406492 -0.00743607 0.14591146
v 0.25128186 0.02642258 0.06658297
v 0.26367787 -0.03394170 0.18094864
v 0.25906974 -0.00539078 0.10497966
v 0.20754570 0.02034293 -0.04155717
v 0.17014723 0.03263453 -0.12808064
v 0.20736745 0.00635836 -0.01162619
v 0.25683042 -0.07128479 0.19936395
v 0.26531667 -0.05506110 0.13718879
v 0.26213783 -0.03709465 0.07823948
v 0.19498295 0.00266473 -0.09608141
v 0.16270728 0.00900042 -0.18135205
v 0.20201941 -0.03596366 -0.08997568
v 0.25817212 -0.12681483 0.16409461
v 0.18422730 -0.01403964 -0.14330868
v 0.21544422 -0.05874864 -0.05289767
v 0.25883138 -0.07299109 0.10754619
v 0.23546040 -0.14634721 0.19333059
v 0.25609085 -0.05701755 0.05279678
v 0.27351961 -0.10102254 0.10279771
v 0.21993586 -0.07198545 -0.01320826
v 0.27546769 -0.09130061 0.06830635
v 0.16995656 -0.02158340 -0.23160580
v 0.26448008 -0.13618220 0.11059305
v 0.19736919 -0.06552164 -0.14122069
v 0.20340388 -0.12249579 -0.03101661
v 0.19270845 -0.14378238 -0.08940643
v 0.20487779 -0.09130118 -0.09131521
v 0.25427812 -0.17423187 0.14548211
v 0.20423131 -0.10976069 -0.12124974
v 0.25610879 -0.18866412 0.10129593
v 0.23068109 -0.04363263 -0.23156311
v 0.25395754 -0.22872579 0.13289821
v 0.24718022 -0.04259949 -0.20909032
v 0.24524041 -0.08018238 -0.15314670
v 0.22280411 -0.03479890 -0.29812819
v 0.23870064 -0.29645082 0.15619330
v 0.26446915 -0.07611243 -0.20738631
v 0.25771156 -0.11522190 -0.16681349
v 0.27251139 -0.13655184 -0.22450517
v 0.23250155 -0.15701699 -0.16231734
v 0.24605522 -0.36156419 0.12150212
v 0.25427973 -0.16838291 -0.20057926
v 0.27492762 -0.16085581 -0.26915962
v 0.25430688 -0.14055675 -0.31069309
v 0.23179990 -0.35939559 0.09989253
v 0.26172170 -0.20113759 -0.23766868
v 0.25971091 -0.18724033 -0.30144003
v 0.27055719 -0.18353662 -0.26361218
v 0.24800567 -0.29558474 -0.31541687
v 0.24896517 -0.25583974 -0.34489879
v 0.22434145 -0.25663579 -0.41818407
v 0.21019791 -0.48677978 0.21399637
v 0.21401805 -0.47043207 0.16606124
v 0.15208559 -0.48444286 0.21510392
v 0.17808092 -0.47314513 0.18727398
v 0.20508350 -0.45992485 0.13288772
v 0.24060944 -0.45075890 0.10824921
v 0.15193726 -0.46514615 0.14174651
v 0.20236674 -0.44926032 0.10804217
v 0.07486699 -0.17820966 0.21978107
v 0.05588486 -0.19300795 0.24455877
v 0.01264464 -0.19185138 0.21467124
v 0.05634366 -0.19073704 0.16925293
v 0.03014020 -0.19092646 0.19469976
v -0.02245166 -0.18531588 0.25441051
v -0.01342221 -0.18933229 0.20204151
v -0.15432280 -0.47767556 0.19617671
v 0.00153270 -0.18536279 0.16336662
v 0.03030029 -0.18785918 0.14273274
v 0.06727030 -0.19208863 0.08076036
v -0.18827683 -0.47425681 0.18563977
v 0.03059844 -0.19627234 0.11282437
v -0.01246467 -0.18421026 0.13251804
v -0.21291859 -0.48680916 0.20963362
v 0.02099770 -0.18940097 0.09286291
v 0.12842533 -0.20155436 0.03372950
v -0.05396155 -0.17598215 0.14803350
v -0.13737777 -0.46185601 0.12660690
v 0.07398598 -0.19715714 0.03702517
v 0.10694827 -0.18920478 0.01197164
v -0.16682756 -0.46619719 0.13913895
v -0.02377686 -0.17783342 0.09425305
v 0.02972905 -0.19306135 0.06097697
v 0.13620850 -0.18354577 -0.00627455
v 0.16007547 -0.16502258 -0.01713359
v 0.00661755 -0.18532573 0.04324396
v 0.06583600 -0.19317898 0.01058713
v -0.20569910 -0.45550129 0.12579326
v -0.02020009 -0.18541846 0.05898473
v 0.11936995 -0.19281375 -0.04115447
v 0.03037478 -0.19557221 0.00252407
v 0.08386049 -0.20124964 -0.02753009
v -0.10701275 -0.43831608 0.06153454
v -0.07278921 -0.17388055 0.07072565
v -0.16172490 -0.43959162 0.09051616
v 0.05261011 -0.20305283 -0.03769955
v -0.02874479 -0.18571506 0.02907962
v -0.05420329 -0.18394224 0.04251122
v -0.00121314 -0.19954811 -0.00281594
v 0.18759272 -0.37184507 -0.15048137
v -0.19076784 -0.43648815 0.05533216
v 0.18657194 -0.36110422 -0.19211718
v 0.09581707 -0.21036465 -0.07701761
v -0.12498991 -0.43698308 0.04873697
v 0.20419441 -0.34375229 -0.20306224
v 0.02042594 -0.21007550 -0.04187260
v -0.01158987 -0.20528048 -0.04287479
v 0.02258556 -0.21142720 -0.06764717
v -0.04204644 -0.20254783 -0.02682858
v -0.06438096 -0.18202993 0.01323580
v 0.05680688 -0.22186504 -0.09039659
v -0.09827412 -0.17927033 0.01805782
v 0.20416044 -0.33868930 -0.25986248
v 0.14316383 -0.35289463 -0.20890623
v 0.18243428 -0.34636861 -0.23579535
v -0.06403032 -0.19671178 -0.03644459
v 0.23484764 -0.32861909 -0.27518725
v -0.05076452 -0.20648174 -0.07356995
v 0.16536342 -0.32688886 -0.27486017
v -0.01218938 -0.22814454 -0.08925482
v 0.11918024 -0.34065387 -0.24423978
v 0.20020120 -0.32243547 -0.30142355
v -0.04374181 -0.23101920 -0.11961276
v 0.12697260 -0.32745528 -0.28739199
v -0.09834856 -0.21675336 -0.11508334
v 0.19966462 -0.30579337 -0.34719929
v 0.17383491 -0.30199552 -0.36212221
v 0.08434924 -0.33281946 -0.26585737
v 0.05426334 -0.33646217 -0.23275870
v 0.03673679 -0.33911330 -0.25317895
v 0.13311525 -0.30564320 -0.33879265
v 0.07580904 -0.32235029 -0.29624867
v 0.00028030 -0.33796310 -0.20752725
v -0.00862144 -0.33959168 -0.24023829
v 0.03590788 -0.32553244 -0.29456282
v 0.09043569 -0.31126133 -0.33177644
v 0.12484148 -0.30586484 -0.36639190
v -0.02011571 -0.32951382 -0.27567393
v -0.04416524 -0.33770889 -0.24022259
v 0.06164913 -0.30413470 -0.34769213
v -0.16593695 -0.36329177 -0.17264141
v 0.01635930 -0.31685069 -0.32245234
v -0.16452284 -0.35203364 -0.21397865
v 0.06170582 -0.29414594 -0.39219588
v -0.04513889 -0.32542726 -0.28204793
v -0.07419153 -0.33012274 -0.26236063
v 0.02457527 -0.29719815 -0.36943007
v -0.03672517 -0.30880621 -0.33416945
v -0.00203107 -0.30725387 -0.33986679
v -0.14684668 -0.33231887 -0.26530594
v -0.06376676 -0.31997323 -0.32154700
v -0.20941764 -0.35034761 -0.21709496
v -0.10904850 -0.32695246 -0.28920329
v -0.18200909 -0.33794862 -0.25268322
v -0.01243618 -0.30342278 -0.36420518
v -0.10174137 -0.30732155 -0.34396160
v 0.02268713 -0.28486872 -0.41327786
v -0.02264082 -0.29114762 -0.40414214
v 0.00194537 -0.28991958 -0.41345793
v -0.13848534 -0.31794736 -0.32250783
v -0.06161157 -0.30240548 -0.37108356
v -0.18137696 -0.32122526 -0.30648082
v -0.20842977 -0.32148996 -0.29080415
v -0.05400006 -0.28505272 -0.41786253
v -0.10462750 -0.29688928 -0.37319264
v 0.00713995 -0.27872509 -0.45535815
v -0.15383933 -0.30345786 -0.36180857
v -0.23639499 -0.31860927 -0.31344458
v -0.12426705 -0.28438482 -0.40349719
v -0.17963006 -0.29654661 -0.37707868
v -0.20309465 -0.30358663 -0.36080626
v -0.22899295 -0.30086967 -0.35191262
v -0.15000109 -0.29319179 -0.39850429
v -0.18340930 -0.28398353 -0.42995384
v 0.11031310 -0.17156510 0.21482140
v 0.15094610 -0.18416171 -0.08122259
v 0.15618682 -0.17589763 -0.05460844
v 0.13940325 -0.20481148 -0.10935206
v 0.19126481 -0.13735147 -0.01211702
v 0.10495976 -0.23470134 -0.13004816
v 0.14969154 -0.20997617 -0.13979903
v 0.09419265 -0.26282752 -0.16863501
v 0.05417284 -0.29992434 -0.19609731
v -0.05049695 -0.23682532 -0.13956538
v -0.11883008 -0.22542046 -0.15891519
v -0.10058610 -0.22339766 -0.17175671
v 0.17410246 -0.18773328 -0.12164421
v 0.18534940 -0.14957206 -0.05999337
v -0.06905802 0.10988031 0.38933635
v -0.04951616 0.08405586 0.35361689
v -0.09124374 0.07766767 0.33931753
v -0.00600872 0.13060728 0.39776027
v -0.01840095 0.09597657 0.38356951
v 0.02479103 0.12227379 0.40764138
v 0.07393949 0.07271739 0.33043444
v -0.14037009 -0.23410279 -0.20757467
v 0.11284689 -0.11441925 0.32016361
v 0.13149242 -0.09249707 0.30160475
v 0.12279147 -0.07607618 0.33024883
v 0.13529775 -0.12810953 0.27832681
v 0.10530712 -0.15230255 0.27681577
v 0.10919740 -0.16310099 0.25535536
v 0.14092544 -0.14790143 0.22745557
v 0.15541114 -0.06830744 0.31103408
v 0.16302653 -0.09832086 0.26450211
v 0.16698472 -0.05953508 0.28826752
v 0.15272638 0.11726465 0.27922702
v 0.22802439 -0.14039949 0.21964779
v 0.19682740 0.19083507 0.24784249
v 0.18321125 -0.18407221 -0.14978784
v 0.22912505 -0.18852994 -0.18302159
v 0.06447296 -0.12596203 0.34378698
v 0.07706147 -0.15412681 0.30656937
v 0.08774410 -0.10106781 0.35270274
v 0.00758340 -0.23909871 -0.11853617
v 0.00530177 -0.26069683 -0.15562859
v 0.03886800 -0.25224531 -0.13000861
v 0.03358833 -0.27276155 -0.15893775
v 0.06816366 -0.24549533 -0.13727109
v 0.10290827 -0.31878442 -0.22575304
v 0.13421528 -0.34557506 0.13607699
v 0.12613696 -0.30562082 0.15416077
v -0.13172100 -0.11736931 0.28679770
v -0.12712489 -0.09007953 0.32994500
v -0.10427734 0.21823184 0.44897133
v -0.13008825 0.22238033 0.43596768
v -0.10830998 0.09344855 0.36211020
v -0.10391197 0.03539889 0.32780230
v -0.13202901 -0.13693471 0.25897855
v -0.21969002 -0.17322101 -0.19272703
v -0.15309152 0.12328255 0.24966541
v -0.15771723 0.09751029 0.21674070
v 0.21055824 -0.07040865 0.27514616
v -0.05410336 -0.12102014 0.33713678
v -0.05245099 -0.14207451 0.32297051
v -0.05762357 -0.10137331 0.36026210
v -0.05476936 -0.17160103 0.28971317
v -0.01445124 0.06598145 0.34389988
v -0.09095395 -0.14955069 0.29391345
v -0.09254107 -0.09861453 0.35100293
v -0.11033750 -0.12570153 0.31308103
v -0.05430872 0.05016531 0.33235067
v -0.01794194 -0.30802321 -0.19386269
v -0.11536741 0.06986889 0.32822526
v -0.13913873 0.39037374 0.39681640
v -0.18711911 0.08382351 0.20099336
v -0.17674002 0.06718488 0.22590667
v -0.01060812 0.01975919 0.34941864
v -0.07527816 0.02028121 0.34069532
v -0.04216870 -0.01057525 0.36051357
v -0.12093693 -0.00845741 0.33316439
v -0.07957561 -0.03284216 0.35239974
v -0.13400409 -0.04399510 0.32181048
v -0.23207282 -0.04996169 0.23056832
v -0.09216771 -0.07030450 0.34702092
v 0.01575834 -0.07293153 0.35918778
v 0.18216535 0.03296760 0.26857701
v 0.11599591 0.03829221 0.31528676
v 0.08594662 -0.01652754 0.34563601
v 0.03215577 -0.02073544 0.35469842
v 0.05636878 -0.04422791 0.36047646
v -0.05031754 -0.04927951 0.36016643
v -0.01078134 -0.05655792 0.35427999
v 0.10388499 -0.05881072 0.34392992
v 0.12908120 -0.00774845 0.32557482
v 0.14595541 -0.03984888 0.31482887
v 0.03744965 0.43497485 0.09679830
v -0.02891183 0.39402679 0.41176429
vn -0.28164446 0.82364482 0.49222508
vn -0.06682766 0.86086035 0.50443387
vn -0.25713265 0.84125423 0.47557768
vn 0.54821634 0.51832336 0.65635335
vn 0.19707826 0.94845152 0.24819303
vn -0.06435306 -0.17657532 0.98218119
vn 0.67883343 -0.70556235 0.20338851
vn 0.82176238 0.21635693 0.52715874
vn 0.74916196 -0.64711630 -0.14141072
vn 0.92441052 0.09377155 0.36969212
vn 0.95143491 -0.29645434 0.08298572
vn -0.35214028 -0.52733713 -0.77324820
vn 0.69467026 -0.50260055 -0.51461226
vn 0.99746507 0.07108428 -0.00322584
vn -0.73553908 0.61993492 -0.27324519
vn -0.80301464 0.29536191 -0.51761848
vn -0.23523162 0.85650700 0.45941478
vn -0.82389486 -0.15031154 0.54644656
vn -0.70775652 -0.08612442 0.70118707
vn -0.99786317 -0.01543100 -0.06348861
vn -0.49309298 -0.51171672 -0.70356619
vn 0.22063836 0.50363463 0.83526689
vn -0.18174408 0.77815264 0.60120511
vn 0.19467779 0.78553838 0.58739251
vn 0.34438297 0.84822011 0.40239665
vn -0.00756457 0.92543620 -0.37882799
vn -0.00409153 0.88820916 -0.45942110
vn 0.00397870 0.83830321 0.54518980
vn 0.13345806 0.82971150 0.54200363
vn 0.76614648 -0.16251695 -0.62177783
vn 0.88004392 0.47489113 0.00103953
vn -0.18917502 -0.39400387 0.89942968
vn -0.46254593 0.35624033 0.81187689
vn 0.63996518 -0.30473259 0.70539540
vn 0.35883433 0.71063429 0.60517502
vn 0.17471774 -0.46960545 0.86541581
vn 0.11790664 -0.52926058 0.84022689
vn 0.41869143 0.45703289 0.78474104
vn 0.19298160 -0.34237215 0.91953212
vn 0.24285088 -0.30516690 0.92081308
vn 0.35997152 0.26099259 0.89571393
vn 0.21926436 0.83697599 -0.50139242
vn 0.55592346 0.50294667 -0.66181093
vn 0.19669095 0.92382759 -0.32841328
vn 0.52883500 0.79536176 -0.29619792
vn 0.53182101 0.63629067 -0.55883855
vn 0.07773412 0.68530333 -0.72409719
vn 0.80977470 0.57129121 -0.13375886
vn 0.45978904 0.86751866 -0.18975100
vn -0.37591273 0.81533909 -0.44035411
vn 0.74085385 0.63509232 -0.21861689
vn 0.72812968 0.49680543 -0.47224092
vn 0.30482730 0.54372060 -0.78195155
vn 0.12700699 0.87825197 -0.46102360
vn 0.39320809 0.75746053 -0.52119178
vn 0.11684783 0.80860144 -0.57663709
vn 0.30932665 0.90143347 -0.30287758
vn 0.39454669 0.71345180 -0.57906777
vn 0.10236157 0.94732958 -0.30346149
vn 0.13888958 0.82040393 -0.55465949
vn -0.13932860 -0.54366046 0.82765985
vn 0.14779499 0.04635883 0.98793089
vn -0.19493820 0.05135686 0.97947001
vn 0.50071996 0.14329639 0.85366601
vn -0.11015034 -0.22513092 0.96808207
vn -0.43752834 -0.71306151 0.54782498
vn -0.22119774 -0.71540403 0.66277355
vn -0.26188558 0.48725915 0.83306324
vn -0.45855582 -0.03660823 0.88791126
vn -0.73771805 -0.43169430 0.51904929
vn 0.05971902 -0.53593808 0.84214258
vn 0.19810188 -0.34173980 0.91867810
vn 0.69662529 0.19240034 0.69115502
vn 0.75939149 -0.31607047 0.56870377
vn 0.84554517 0.14862888 0.51279896
vn 0.29190695 0.22122781 0.93050987
vn 0.28136134 -0.61337030 0.73797888
vn 0.69857222 -0.24028909 0.67398655
vn -0.41902322 0.63038510 0.65347856
vn -0.87933874 -0.01769498 0.47586790
vn 0.96942472 -0.04299987 0.24159196
vn 0.86283249 0.41099024 0.29429072
vn 0.82651275 0.32195321 0.46176043
vn 0.11519390 0.86393905 0.49024451
vn 0.12912832 0.41589853 0.90019679
vn 0.51060987 -0.57545847 0.63884676
vn 0.04076777 -0.58000696 0.81359088
vn 0.16830280 0.18434708 0.96834409
vn 0.89137995 -0.43982354 0.10953146
vn 0.89206868 -0.04782719 0.44936186
vn 0.75565273 -0.36565286 0.54340309
vn 0.45937607 -0.22861311 0.85831791
vn 0.45852670 -0.88631213 -0.06483928
vn 0.91680998 -0.01648029 0.39898345
vn 0.44105181 0.65803808 -0.61029428
vn 0.55397266 -0.01544705 -0.83239156
vn 0.35837206 -0.90884972 0.21345167
vn 0.99735940 0.07063363 0.01688797
vn 0.36900517 -0.69318491 0.61913645
vn 0.90429002 -0.03512117 -0.42547140
vn 0.90972447 0.02587218 -0.41440555
vn 0.78595591 -0.00480287 0.61826390
vn 0.55399996 0.28032374 0.78390223
vn 0.72933841 0.41552669 -0.54351002
vn 0.79612076 0.32477379 -0.51060128
vn 0.79992855 -0.31355861 -0.51165944
vn 0.87762183 -0.15860072 0.45235592
vn 0.94710743 -0.30049413 -0.11265305
vn 0.73654324 -0.02111457 -0.67606080
vn 0.99913532 -0.03922189 0.01378741
vn 0.76684409 0.06955048 -0.63805395
vn 0.95566124 -0.28486776 0.07457831
vn 0.50531936 0.30201760 -0.80835491
vn 0.64365506 0.65193772 -0.40085584
vn 0.87245023 0.36754379 -0.32209021
vn 0.99913794 0.01602474 -0.03829790
vn 0.89043951 0.43576738 -0.13124144
vn 0.86536533 0.42472196 0.26599646
vn 0.93139535 0.18411589 -0.31401291
vn 0.43595642 -0.03799586 -0.89916533
vn 0.31971875 0.42170319 -0.84849656
vn 0.86637068 0.49796394 -0.03786458
vn 0.76877946 0.56261677 -0.30404043
vn 0.50726169 -0.18994765 -0.84059829
vn 0.55209714 0.57037830 -0.60815895
vn 0.67440176 0.26128197 0.69058967
vn 0.77760094 0.39724022 -0.48737761
vn -0.63263327 -0.75296509 0.18115932
vn -0.43601179 -0.82026005 0.37022576
vn -0.74783921 -0.23354621 0.62144399
vn -0.45491588 -0.70590371 0.54291016
vn -0.07133682 -0.99739861 -0.01034210
vn -0.23258592 0.56794786 0.78951818
vn 0.56840748 -0.75597483 0.32467666
vn -0.25209704 0.33578038 0.90757841
vn -0.90802753 -0.23468092 0.34700292
vn -0.78693795 -0.44749612 0.42482454
vn -0.21273786 -0.94552863 0.24641040
vn 0.45516247 0.48981610 0.74357742
vn 0.13164057 0.66788548 0.73252970
vn -0.63399869 0.38601169 0.67010498
vn 0.59199548 -0.44233987 0.67370373
vn 0.29745382 0.64511347 0.70381087
vn 0.41576427 0.12460876 0.90089560
vn -0.18134469 -0.79622328 0.57718503
vn 0.17530030 -0.98021597 -0.09190468
vn -0.79682785 -0.49847922 0.34144378
vn -0.35096812 0.10141250 0.93087971
vn -0.19797675 0.25473937 0.94652683
vn 0.39431745 -0.90773672 -0.14327522
vn 0.71348697 -0.67410660 0.19109309
vn 0.10005736 -0.95832723 -0.26757681
vn -0.09354321 -0.90167105 0.42218345
vn 0.32098255 0.30087712 0.89802182
vn 0.03678790 0.72311819 0.68974394
vn -0.30069810 0.08386403 0.95002496
vn -0.94025886 -0.09078676 0.32813263
vn 0.03604991 -0.91915804 0.39223573
vn 0.65545255 0.30784816 0.68964595
vn -0.51349270 0.09768420 0.85251570
vn 0.08066849 -0.78507453 0.61412591
vn -0.55271113 -0.47199517 0.68682677
vn -0.98483044 0.09253572 -0.14678557
vn -0.95329976 -0.23965342 0.18380924
vn -0.48843640 -0.10876809 -0.86579412
vn -0.81978893 0.21696638 -0.52997333
vn -0.96981895 -0.17720115 -0.16748397
vn -0.58861202 -0.12128114 -0.79926640
vn -0.79839379 0.37849244 -0.46830636
vn -0.78760552 0.08293045 -0.61057347
vn -0.76500237 0.63763624 -0.09050697
vn -0.86827469 0.38913807 -0.30768585
vn -0.92246163 0.38206410 -0.05560242
vn -0.51684868 -0.19693641 -0.83311671
vn -0.55736649 0.37121442 -0.74265909
vn -0.33601487 -0.73809248 0.58507556
vn -0.51078254 0.20877980 0.83397371
vn -0.93081480 -0.34701967 0.11472212
vn -0.90658396 0.36249772 0.21610413
vn -0.96446776 0.25553381 -0.06711562
vn -0.80692977 0.58962232 -0.03478201
vn -0.66135967 0.63888872 -0.39296907
vn -0.65241569 0.64973783 -0.39012116
vn -0.85820228 0.17413084 0.48287401
vn -0.83590573 -0.17819439 0.51914191
vn -0.97990179 0.18372287 -0.07770680
vn -0.26842254 0.28582656 -0.91991991
vn -0.44778195 -0.28395465 -0.84785676
vn -0.47551343 -0.35506552 -0.80486989
vn -0.69372809 -0.20611402 -0.69011474
vn -0.79407215 -0.02016885 -0.60748881
vn -0.46715599 0.37101015 -0.80256879
vn -0.49678853 -0.17104237 -0.85084993
vn -0.30708984 0.08718765 -0.94767827
vn -0.22748025 -0.22045445 -0.94850022
vn 0.43671674 -0.45808330 -0.77423394
vn 0.30048302 0.50193769 -0.81102926
vn -0.29562417 -0.78253245 -0.54795009
vn -0.81531334 0.55920649 -0.15017408
vn -0.09527387 -0.74055415 -0.66520852
vn -0.12634958 -0.32486174 -0.93728364
vn -0.02458735 0.49375561 -0.86925304
vn 0.16501881 0.45459342 -0.87527919
vn 0.17851812 -0.60305142 -0.77747041
vn -0.69699919 -0.43509737 -0.56998467
vn -0.76946050 -0.00824121 -0.63864130
vn -0.33124390 0.10109840 -0.93811333
vn 0.32625532 -0.25968114 -0.90891320
vn -0.88135165 -0.17657720 -0.43822348
vn -0.88328785 -0.29148754 -0.36720234
vn -0.69825041 -0.71191388 -0.07500030
vn 0.57602143 0.13410677 -0.80635893
vn 0.10150629 -0.91278905 -0.39561671
vn -0.98051077 -0.09282311 -0.17315429
vn -0.74496043 -0.42773035 -0.51193827
vn -0.87596166 -0.48129880 -0.03228907
vn -0.44435218 -0.88712794 -0.12472051
vn -0.99187678 -0.11338705 0.05765289
vn -0.44970751 -0.23879971 -0.86066127
vn -0.02472299 -0.12309194 -0.99208724
vn -0.30645630 -0.31649035 -0.89772958
vn -0.05163568 -0.94189936 -0.33190256
vn -0.99749750 0.05532850 0.04401878
vn -0.82706243 -0.37324372 0.42030570
vn 0.78602517 0.33961889 -0.51654947
vn -0.28940988 -0.01985804 0.95699924
vn -0.97717035 -0.14831483 -0.15212138
vn 0.71940219 -0.28842661 -0.63187850
vn -0.03087173 -0.92682272 0.37422806
vn -0.30443749 -0.94021147 0.15270968
vn -0.92703527 0.24534285 0.28357109
vn 0.89637160 -0.33572039 -0.28949893
vn 0.36705878 0.52154332 0.77023393
vn -0.04731653 0.39028612 0.91947699
vn -0.49374300 0.67380172 0.54973555
vn 0.35863313 0.25737157 0.89729714
vn -0.74109930 -0.13375202 0.65793794
vn -0.44583148 -0.77851743 0.44175214
vn 0.88967681 -0.15092844 0.43092430
vn -0.06782915 0.86452049 0.49799943
vn -0.46935788 -0.69937086 0.53905803
vn 0.55590296 -0.81551528 0.16095592
vn -0.22795193 0.04383437 0.97268522
vn 0.30320612 -0.91285694 -0.27341959
vn -0.42491880 -0.74821341 0.50952995
vn -0.94033957 -0.30529249 0.15019341
vn 0.28696454 -0.50630212 0.81320935
vn -0.29883984 0.84058803 0.45178139
vn -0.56641126 -0.04279319 0.82301098
vn 0.01322190 0.90867585 -0.41729283
vn 0.02245106 0.91929555 -0.39292720
vn -0.35001540 0.81321013 -0.46494997
vn -0.01373365 0.85146481 -0.52423185
vn -0.09742539 0.82067269 -0.56303161
vn -0.16375144 0.93439686 -0.31636658
vn 0.16260701 0.88665831 -0.43289250
vn 0.03024676 0.87352031 -0.48584718
vn 0.04006514 0.90210283 -0.42965695
vn 0.09702681 0.85095596 -0.51619732
vn 0.59013319 0.72025990 -0.36464849
vn 0.05921330 0.88943303 -0.45321369
vn 0.06744995 0.96990728 -0.23394521
vn -0.22145210 0.80945271 -0.54382473
vn -0.01620376 0.86850935 -0.49540782
vn 0.03961625 0.91663837 -0.39774951
vn -0.10843135 0.82305676 -0.55751240
vn 0.05238951 0.74021977 -0.67032087
vn -0.00835410 0.77735400 -0.62900794
vn -0.41441303 0.79976684 -0.43432105
vn -0.30566692 0.79436958 -0.52492350
vn -0.38853732 0.82025403 -0.41978824
vn -0.64667571 0.18366076 -0.74032372
vn -0.36896965 0.10046548 -0.92399573
vn 0.22570920 0.70567226 -0.67162645
vn -0.68498433 -0.03526149 -0.72770393
vn -0.35178730 -0.23708007 -0.90555984
vn -0.80001009 0.38905096 -0.45675290
vn -0.71759367 0.29359710 -0.63155365
vn -0.71755368 0.02193804 -0.69615763
vn -0.42584360 -0.56761134 -0.70460957
vn -0.51633972 -0.58666867 -0.62386942
vn 0.26073110 0.04002059 -0.96458161
vn -0.28866050 -0.42032295 -0.86023468
vn -0.01701053 0.18460815 -0.98266500
vn -0.82117695 0.54670084 0.16366620
vn -0.85262340 0.47148922 -0.22523591
vn -0.64478981 0.44459087 -0.62175959
vn -0.27780148 0.89369905 -0.35231861
vn -0.01651627 -0.31158924 -0.95007336
vn 0.01675848 0.15019937 -0.98851365
vn -0.27777752 0.64400095 -0.71281308
vn 0.06579892 0.35814658 -0.93134397
vn -0.38986459 0.42255080 -0.81820315
vn 0.48239034 -0.34005734 -0.80725491
vn 0.51809311 -0.12999675 -0.84538776
vn 0.85253209 -0.11538672 -0.50977933
vn 0.19752426 0.43857935 -0.87671667
vn 0.12883972 0.82599509 -0.54875541
vn 0.63902777 0.07535021 -0.76548404
vn 0.63916904 0.04840605 -0.76754147
vn 0.05058140 0.76752681 -0.63901818
vn 0.11068001 0.80548286 -0.58219182
vn 0.35585111 0.30296257 -0.88407218
vn 0.40164065 0.70746332 -0.58153290
vn 0.39910585 0.76641595 -0.50331014
vn 0.16101563 0.02600718 -0.98660916
vn 0.14551364 0.58949041 -0.79456079
vn 0.25351813 0.09320135 0.96283025
vn 0.33288020 -0.93961066 0.07951555
vn 0.04374870 -0.23637640 0.97067618
vn -0.78478378 0.60614145 0.12925510
vn -0.41729036 0.64640385 0.63877290
vn 0.38702083 -0.50464416 0.77171832
vn 0.84786266 0.02380566 0.52968132
vn 0.74608850 0.20736459 0.63273370
vn 0.80658430 -0.59094656 -0.01428188
vn 0.73113722 0.65083426 0.20458044
vn 0.57277763 -0.67709762 0.46202242
vn 0.34677991 0.81507629 0.46410599
vn 0.52703834 -0.69170886 0.49373016
vn 0.33176264 0.41313896 0.84808588
vn -0.81555367 -0.05604295 0.57596123
vn 0.40761325 -0.77147597 0.48854503
vn 0.55792415 -0.48680577 0.67211658
vn -0.14875741 -0.00988743 0.98882425
vn -0.77817780 0.01868312 0.62776613
vn -0.67472321 -0.73794794 0.01346853
vn 0.87349844 0.45554644 0.17169102
vn 0.46763808 0.67807806 0.56703150
vn 0.64100617 0.69915384 0.31669381
vn 0.23147617 -0.79551584 0.55997616
vn 0.04605580 -0.95749003 -0.28476629
vn 0.85531652 -0.50407338 0.11976577
vn 0.98695886 -0.09021653 -0.13331626
vn -0.39928544 -0.07293083 -0.91392142
vn -0.18593846 -0.52574974 -0.83006883
vn 0.35326919 -0.25829685 -0.89915723
vn -0.74840927 -0.47930849 -0.45841786
vn 0.43523666 -0.51246393 -0.74023622
vn 0.95596272 -0.12497813 -0.26554808
vn -0.07175942 -0.59650141 -0.79939765
vn 0.07922971 -0.34604669 -0.93486595
vn 0.94017881 -0.33031940 -0.08338340
vn 0.58352518 -0.27460679 -0.76425749
vn 0.65797478 0.75272632 -0.02173441
vn -0.96799785 -0.24886499 -0.03234595
vn 0.08558175 0.81274754 -0.57629609
vn -0.35096833 -0.37289321 -0.85893649
vn -0.91732633 0.37868398 -0.12292597
vn 0.62965453 0.51113361 -0.58504498
vn -0.91302675 -0.24399947 -0.32687369
vn 0.33042288 -0.92166591 -0.20335354
vn -0.79275358 -0.43249312 -0.42952469
vn 0.92476654 -0.24386959 -0.29212070
vn 0.98706144 0.15543173 0.03937719
vn 0.91004181 -0.41426972 0.01430016
vn 0.73300636 -0.64692634 -0.21020932
vn -0.17723855 -0.87398189 -0.45248443
vn 0.04219860 0.88835496 -0.45721412
vn -0.21433619 0.69201052 -0.68933409
vn -0.15682830 0.23212363 -0.95996016
vn -0.65928257 0.02840247 -0.75135857
vn 0.18651997 -0.98146176 -0.04408088
vn 0.08609658 0.45343757 -0.88711989
vn 0.75455505 0.64742279 -0.10719355
vn 0.90343112 0.42156520 0.07807028
vn 0.77078140 0.48737597 0.41031772
vn -0.22095411 0.86540645 -0.44972327
vn 0.12895377 0.88211632 -0.45303598
vn 0.00840142 -0.54457241 -0.83867174
vn -0.88462734 -0.28890601 -0.36601609
vn 0.70516551 -0.48586869 -0.51640409
vn 0.78817970 -0.51376909 -0.33884218
vn 0.19715744 -0.27216867 -0.94183499
vn -0.17975348 -0.86702889 -0.46470371
vn -0.98811191 -0.10534294 0.11197162
vn -0.97845447 0.03436380 0.20358270
vn 0.98595482 0.02292163 -0.16543153
vn 0.68620843 -0.65928560 -0.30734414
vn 0.96534538 -0.03245343 -0.25895002
vn 0.95153368 -0.04773061 0.30381814
vn -0.96631920 0.03810687 -0.25450945
vn -0.94758373 -0.18282679 -0.26202953
vn -0.99855977 -0.03929438 -0.03652773
vn -0.25531510 -0.48529077 -0.83624583
vn -0.66302395 -0.17019099 -0.72899532
vn 0.21930741 -0.97560054 0.01038534
vn -0.14975296 0.70850700 -0.68963170
vn 0.77645683 0.37719607 0.50481480
vn 0.50791001 -0.69539684 0.50838041
vn -0.41443178 -0.85772210 -0.30423537
vn 0.05025256 -0.93027145 -0.36341387
vn -0.64764422 0.62928534 0.42960083
vn -0.68090755 0.72246706 -0.12002598
vn -0.95459729 0.29725638 0.01955815
vn -0.56997997 -0.07951578 0.81780195
vn -0.83858281 0.50015783 -0.21591905
vn -0.95908141 0.18644078 0.21307909
vn -0.76511008 0.58801496 -0.26238340
vn -0.89641893 0.11848381 0.42707691
vn -0.23584732 0.90889561 0.34392557
vn -0.90706921 -0.08940914 0.41137740
vn -0.84872955 -0.14539124 0.50844806
vn -0.66566193 -0.09228722 -0.74052507
vn -0.83463067 -0.12467578 -0.53651422
vn -0.51428705 -0.05484755 -0.85586244
vn -0.92590147 -0.37662306 -0.02935160
vn -0.91160041 0.05025831 -0.40799367
vn -0.95140892 -0.30735382 -0.01883502
vn -0.63114339 -0.25495836 -0.73256689
vn -0.95967698 -0.16010541 -0.23105492
vn -0.58744651 -0.04841079 -0.80781364
vn -0.27237320 -0.02028169 -0.96197796
vn -0.76892763 0.63841975 -0.03421314
vn -0.98182279 0.18913542 0.01586913
vn -0.84205729 -0.36637115 0.39586848
vn -0.94188595 0.31370097 0.12017757
vn -0.68055040 0.66386098 -0.31006411
vn -0.82998794 0.38604543 -0.40260279
vn -0.58081079 0.60914880 -0.53999668
vn -0.15196228 0.97800654 -0.14286557
vn -0.07417145 0.99713129 0.01509153
vn -0.48452726 0.79099625 0.37357491
vn -0.04170834 0.64999545 -0.75879264
vn -0.97649086 0.10153955 -0.19014575
vn -0.45434490 0.62649184 -0.63330770
vn -0.41123191 0.74276334 -0.52838522
vn -0.93058747 0.33084396 -0.15668225
vn -0.34388611 0.24180618 -0.90734345
vn -0.61931515 0.34987560 -0.70287687
vn -0.40926707 0.48060209 -0.77557862
vn -0.70722240 0.69575769 -0.12552972
vn 0.02528584 0.86594456 -0.49950042
vn -0.66494352 0.58707887 -0.46172327
vn 0.05426745 0.90372407 -0.42466196
vn -0.56687582 0.51684910 -0.64149737
vn -0.54291016 0.40115958 -0.73778015
vn -0.90826148 0.32089913 0.26848626
vn -0.94541907 -0.30866873 0.10443313
vn -0.85250801 -0.23516530 -0.46682689
vn -0.87181449 0.26107335 -0.41446382
vn -0.90674275 0.42108202 0.02253057
vn -0.89065421 -0.14793567 -0.42994204
vn -0.70163453 0.14459048 0.69771242
vn -0.80789232 0.07480326 0.58456349
vn -0.91513026 0.23439649 0.32801658
vn -0.75332761 -0.64788330 -0.11289209
vn -0.97296739 0.21570259 0.08250374
vn -0.60149372 0.36662602 0.70978212
vn -0.76998627 0.40636912 0.49192011
vn -0.95493400 0.03051559 0.29524535
vn -0.88505906 0.41392988 -0.21291463
vn -0.80289286 0.42230019 0.42074400
vn -0.87238967 0.20679149 -0.44291466
vn -0.37665123 -0.49364284 -0.78386903
vn -0.73835665 0.25394613 0.62477261
vn -0.35655957 -0.15126926 0.92194515
vn 0.73976451 0.00355761 0.67285651
vn 0.95876795 0.28404239 -0.00915816
vn 0.60010076 -0.11967889 -0.79092097
vn 0.92491317 -0.37251857 -0.07593087
vn 0.93902761 0.25379607 0.23197967
vn 0.86657572 0.02592280 -0.49837178
vn 0.81220013 0.35152981 0.46557254
vn 0.76852566 0.43938950 -0.46508628
vn 0.77407587 0.56210083 -0.29128900
vn 0.82536310 0.47479928 -0.30551818
vn 0.79691857 0.04648128 -0.60229588
vn 0.84745401 0.33821160 0.40918767
vn 0.79286635 0.33836606 0.50682473
vn 0.92418915 -0.18530397 0.33397147
vn 0.88660723 0.19239473 0.42060885
vn -0.15192707 0.98837477 0.00577774
vn -0.83574146 0.49994561 -0.22713538
vn -0.67858553 0.70810622 -0.19521113
vn -0.90447283 0.40989575 -0.11795899
vn 0.20798017 0.87762028 -0.43188769
vn 0.00767967 0.92495996 -0.37998688
vn -0.02236425 0.73823881 -0.67416865
vn -0.52384800 0.39376163 -0.75533772
vn -0.25603098 0.30012411 -0.91889811
vn 0.76849765 0.55730534 -0.31435990
vn -0.37496990 -0.87444007 0.30781829
vn -0.47942665 -0.87373930 0.08203457
vn -0.86678219 -0.49074876 0.08862403
vn -0.92923623 0.06884634 0.36301547
vn -0.40928078 0.91216862 -0.02091965
vn -0.08892158 0.90545666 0.41501957
vn -0.03010133 0.89418310 0.44668829
vn -0.31260350 -0.41659299 0.85365647
vn -0.40072259 0.53526092 0.74358398
vn -0.36682379 0.23643810 0.89974290
vn -0.12795219 0.06362399 0.98973745
vn -0.18474698 0.22883606 0.95577323
vn -0.34086955 0.90913337 0.23934159
vn -0.94271487 -0.24053049 0.23115732
vn -0.96181494 0.14822529 0.23008962
vn -0.88531154 -0.17212366 0.43196866
vn -0.63640267 0.42221269 0.64554495
vn -0.75294751 -0.28212905 0.59453624
vn 0.20503359 -0.93194473 0.29906568
vn -0.14526369 -0.35210478 0.92461926
vn 0.02267268 -0.95122200 0.30767292
vn 0.04188179 -0.46970832 0.88182759
vn 0.21525200 -0.22046696 0.95134687
vn 0.47750282 -0.33497119 0.81227165
vn 0.68528944 -0.60174173 0.41022584
vn 0.16917360 -0.81190872 0.55873466
vn 0.24375875 -0.61529106 0.74966562
vn 0.16062544 -0.80987579 0.56418157
vn 0.00477878 -0.69348228 0.72045785
vn 0.91696179 0.05429218 0.39526379
vn 0.83803803 0.34869558 -0.41964707
vn 0.87202227 -0.36396638 0.32726994
vn 0.93683237 0.17005607 0.30565661
vn 0.80570275 0.53285336 -0.25867042
vn 0.86767209 0.40841010 -0.28345430
vn -0.49682176 0.72995216 -0.46940160
vn -0.57847047 0.72349757 -0.37672678
vn -0.37518227 0.57671267 -0.72570020
vn -0.53563875 0.51451880 -0.66959798
vn -0.29088539 0.90993094 -0.29565409
vn -0.14793664 0.91788286 -0.36824676
vn 0.07017225 0.64196235 -0.76351833
vn -0.32972008 0.91291124 -0.24057794
vn 0.88944578 -0.03614505 -0.45560917
vn 0.82691920 0.04496736 -0.56051987
vn 0.83174258 0.26211843 -0.48938560
vn 0.84041554 0.36209890 -0.40321970
vn 0.84552598 0.53251159 -0.03895253
vn 0.69199264 0.20112984 -0.69332016
vn 0.46648866 0.14177732 -0.87309074
vn -0.35924670 0.39451233 -0.84575516
vn -0.46088845 0.41748103 -0.78312927
vn -0.41511765 0.84435737 -0.33872992
vn -0.09056426 0.42038533 -0.90281469
vn -0.32227328 0.45171443 -0.83192194
vn -0.50696224 0.21317883 -0.83519101
vn -0.21741159 0.40225655 -0.88933784
vn -0.03624669 0.64774191 -0.76099706
vn -0.12384882 0.75311214 -0.64612967
vn -0.32112378 0.78428912 -0.53082025
vn 0.01875138 0.59757137 -0.80159646
vn -0.44832000 0.17819828 -0.87593073
vn 0.93292910 0.24166352 0.26691213
vn 0.80593908 0.46708304 -0.36372450
vn 0.78532189 0.58418280 -0.20493878
vn 0.98614860 0.08834641 0.14037730
vn 0.70267993 0.62503386 -0.33996120
vn 0.92072171 0.04276815 0.38786891
vn 0.89714634 0.38437429 0.21768036
vn 0.87764990 0.31114355 0.36458245
vn 0.84748173 0.22457491 0.48097900
vn 0.69852656 0.43357360 0.56927538
vn -0.99446827 0.04446575 0.09516141
vn -0.97614759 0.03149137 0.21481164
vn -0.80362236 -0.14458565 0.57730943
vn -0.79272079 -0.31423014 0.52235341
vn -0.98261821 -0.08072058 -0.16716939
vn -0.68375331 -0.38490361 0.61994404
vn -0.96403104 -0.23867202 -0.11696060
vn -0.90338248 0.05193093 -0.42567992
vn -0.85044038 0.29613853 -0.43480235
vn -0.86447471 0.31744412 -0.38975984
vn -0.85765183 -0.10603137 -0.50318062
vn -0.81095016 0.30264851 -0.50076318
vn -0.54952776 0.65574777 -0.51770073
vn -0.69499260 0.70662487 0.13291538
vn -0.55290252 -0.75876492 0.34434649
vn -0.80197030 -0.54393196 0.24694477
vn -0.67345351 -0.69637847 -0.24802700
vn -0.58155346 -0.75091338 0.31292906
vn -0.76670176 -0.04412236 0.64048535
vn -0.93690020 -0.29641828 0.18534940
vn -0.83083045 -0.32135877 0.45436695
vn -0.83224899 -0.35594243 0.42504901
vn 0.56219262 -0.32859564 -0.75892311
vn 0.68185115 -0.23503751 -0.69270229
vn 0.80696541 -0.19136101 -0.55873781
vn 0.81937295 0.11770597 -0.56104648
vn 0.78605282 0.16891231 -0.59463400
vn 0.95200115 -0.21299760 -0.21983142
vn 0.47591919 -0.54252797 -0.69221693
vn 0.50018823 -0.20146151 -0.84215492
vn 0.50733000 0.18847069 -0.84088945
vn 0.98443645 -0.16654028 0.05611831
vn 0.97988337 -0.13659030 -0.14550498
vn 0.62586713 -0.18533742 -0.75758857
vn 0.97569150 -0.19429727 -0.10136434
vn 0.64871460 -0.17820336 -0.73987353
vn 0.64205950 0.56988001 -0.51283163
vn 0.32559475 0.85052836 -0.41302493
vn 0.45801583 0.74109554 -0.49091631
vn 0.53581077 0.61767000 -0.57566541
vn 0.61337090 0.53895068 -0.57732856
vn -0.44887924 0.73602301 -0.50673211
vn -0.78842056 0.55210590 -0.27124164
vn -0.65938699 0.71095133 -0.24445234
vn -0.80432999 0.54761332 -0.23059261
vn -0.69380111 0.55377072 -0.46041054
vn -0.72698003 0.56651753 -0.38801801
vn 0.68864053 0.58003038 -0.43513107
vn -0.14084531 0.92723680 -0.34697917
vn 0.65432811 0.67668587 -0.33756632
vn 0.77033228 0.40186834 -0.49506572
vn 0.00289141 0.83843648 -0.54499167
vn 0.06977722 0.86421627 -0.49825841
vn 0.70650524 0.69300884 -0.14348905
vn 0.76307213 0.61283082 -0.20532745
vn 0.53426611 0.73264694 -0.42164943
vn 0.26610884 0.85689312 -0.44149774
vn 0.78934664 0.52729589 -0.31446919
vn -0.22323219 0.87169695 -0.43624738
vn -0.76138490 0.54086840 -0.35742754
vn -0.70973718 0.50060868 -0.49564505
vn -0.75936610 0.63781965 -0.12864363
vn -0.77729481 0.55740023 -0.29174936
vn -0.47486016 0.10428411 -0.87386078
vn -0.52224970 0.07202350 -0.84974575
vn -0.74210161 0.14646806 -0.65408885
vn -0.62346798 0.21360411 -0.75210434
vn -0.40882155 0.32824421 -0.85154015
vn -0.31682920 0.36065856 -0.87723690
vn -0.44803390 0.32737434 -0.83192044
vn -0.63104701 0.11372357 -0.76736343
vn -0.90086043 0.17101474 -0.39900443
vn -0.61156201 0.09348000 -0.78565466
vn -0.33820915 0.32145551 -0.88446641
vn -0.11433255 0.64871889 -0.75239074
vn -0.34357986 0.57509756 -0.74243903
vn 0.13488738 -0.00527965 -0.99084681
vn -0.11091866 0.26443261 -0.95800442
vn -0.02713269 0.69798630 -0.71559691
vn 0.28786814 0.05977660 -0.95580268
vn -0.91531903 -0.40272942 -0.00015730
vn -0.83488852 0.54981875 0.02569948
vn -0.33127776 -0.71504015 0.61560762
vn -0.61931551 -0.39843470 0.67653382
vn -0.23916824 -0.39924291 0.88510090
vn -0.69938838 -0.51949459 0.49089843
vn -0.28498185 0.18261155 0.94097733
vn -0.01337943 -0.01026947 0.99985778
vn -0.28035322 -0.17921652 0.94301826
vn -0.98059326 -0.16701233 0.10268273
vn -0.91342890 0.40694797 -0.00640690
vn -0.92100692 0.26869491 0.28204495
vn -0.83056939 0.38648838 0.40097514
vn -0.29995862 0.13282463 0.94465995
vn -0.23827052 0.28328633 0.92896503
vn -0.97983241 0.18042260 0.08588509
vn -0.98412311 -0.17703484 0.01266320
vn 0.43290484 0.60815442 -0.66538841
vn 0.32373250 0.61106503 -0.72235507
vn 0.82361382 0.42411834 -0.37654197
vn 0.36577198 0.31532937 -0.87565875
vn 0.78875750 0.40427771 -0.46305621
vn 0.90144014 0.27323127 -0.33578321
vn 0.76712316 0.52013272 -0.37547830
vn 0.68491507 0.66257191 -0.30313322
vn 0.96986979 0.14069538 -0.19889045
vn 0.52503943 0.66017145 -0.53712869
vn 0.89018857 0.45489970 0.02511086
vn 0.13507722 0.98287034 0.12538016
vn 0.36449111 0.92897916 0.06437239
vn 0.29800612 0.94998789 -0.09335589
vn 0.11543431 0.98953521 0.08657330
vn 0.46112055 0.78865910 -0.40667513
vn -0.73893559 0.61141872 -0.28309238
vn -0.85996509 0.45116338 -0.23856144
vn -0.65081495 0.75909239 0.01478427
vn 0.92249024 -0.31622520 0.22138943
vn 0.86570913 -0.23420449 0.44237530
vn 0.67257684 0.32195684 0.66632128
vn 0.89603478 -0.42078289 0.14164554
vn 0.99837244 0.00216232 -0.05698886
vn 0.92622405 0.10188091 0.36294547
vn 0.82857651 0.12377795 0.54602206
vn 0.74680007 -0.09482363 0.65825385
vn 0.16304025 0.65469801 0.73809785
vn -0.07425635 0.99591976 -0.05128138
vn -0.16595361 0.95733219 0.23658897
vn 0.04058910 0.99909568 0.01265934
vn -0.11400869 0.98096699 0.15718096
vn -0.16927315 0.97007293 -0.17408364
vn -0.11424189 0.99053621 0.07607186
vn -0.14698584 0.96579689 -0.21361561
vn -0.35273531 0.93512589 0.03342678
vn -0.60830683 0.69132787 0.38990846
vn 0.53569686 0.72377628 -0.43494442
vn -0.04498002 0.97889346 -0.19935988
vn 0.52264255 0.76824123 -0.36966217
vn 0.37963197 0.62072331 -0.68598998
vn 0.38436165 0.33465630 -0.86039019
vn 0.40426376 0.01733490 -0.91447812
vn 0.52217650 0.56720930 -0.63687152
vn 0.27113864 -0.70525128 0.65506059
vn -0.20978701 -0.86973822 0.44670448
vn -0.28977022 -0.91726929 0.27322182
vn -0.98606688 -0.07865670 0.14657886
vn -0.54372066 -0.69418389 0.47167417
vn -0.56742996 -0.55255008 0.61050117
vn 0.00950819 -0.82957357 -0.55831653
vn -0.06537039 0.07778408 -0.99482471
vn -0.15543295 0.59726530 -0.78683841
vn -0.08788545 0.15208517 -0.98445225
vn 0.38916543 -0.15303724 -0.90836662
vn 0.13189322 0.74163568 -0.65770859
vn 0.13595954 -0.66238385 -0.73672426
vn 0.49239635 -0.76546574 -0.41425604
vn -0.97631156 -0.16883592 -0.13531533
vn -0.86810654 0.10133030 0.48592508
vn -0.75890797 0.44105265 0.47909430
vn -0.80387306 -0.29595712 -0.51594329
vn -0.73161924 -0.26645818 -0.62748182
vn -0.52250898 0.75241077 0.40107656
vn -0.86461276 0.10741875 -0.49082172
vn -0.15393147 -0.98795784 -0.01563546
vn 0.55262065 -0.02089223 0.83317101
vn -0.25232011 -0.61828083 0.74435431
vn -0.41081753 -0.87762541 0.24698722
vn -0.26305950 -0.95080882 0.16359207
vn -0.75312680 0.63260567 -0.18058258
vn -0.65579617 0.60713243 -0.44868860
vn -0.27074885 0.89284688 -0.35988817
vn -0.90166402 0.40548044 -0.15029161
vn 0.59868419 -0.26200217 -0.75692290
vn 0.64046323 0.49730662 -0.58522892
vn 0.72414994 0.57464468 -0.38130093
vn 0.66877800 -0.08286971 -0.73882920
vn 0.69053006 0.52543324 -0.49707964
vn 0.22151454 -0.17143537 -0.95996940
vn 0.29360399 -0.35952210 -0.88574290
vn -0.06548744 0.35321438 -0.93324751
vn -0.16145968 0.20716001 -0.96489143
vn -0.00389350 0.05530025 -0.99846214
vn -0.18719327 0.55440933 -0.81091857
vn -0.73184758 0.67703605 -0.07759757
vn -0.41988602 0.89229310 -0.16585730
vn -0.78016812 0.61294687 -0.12503600
vn 0.52461779 0.66581643 -0.53053242
vn 0.26344356 0.94751072 -0.18116602
vn 0.37807822 0.75295383 -0.53862542
vn -0.34240967 0.09146697 -0.93508792
vn -0.43279028 -0.10122784 -0.89579326
vn -0.27521434 0.37185547 -0.88655549
vn -0.18640254 -0.40847692 0.89353269
vn 0.07321137 0.78677106 0.61288780
vn -0.32056892 0.92505533 0.20373550
vn 0.66460800 0.69675207 0.26987520
vn -0.71087772 0.64661783 -0.27665555
vn 0.98896354 0.14318232 -0.03807806
vn 0.88187182 -0.45235315 -0.13296106
vn 0.69305670 -0.71703804 -0.07435655
vn 0.90981561 -0.14267060 0.38971862
vn 0.98960650 0.13070105 0.05996856
vn 0.23867355 0.71059752 -0.66188073
vn 0.10279071 0.52236044 -0.84650677
vn -0.00385699 0.81485659 -0.57964969
vn 0.57764238 0.68361098 -0.44610015
vn -0.32667917 0.78181630 -0.53107822
vn -0.73776609 0.50738055 -0.44527096
vn -0.78346097 0.45339155 -0.42499989
vn -0.24137926 0.79012972 -0.56341028
vn -0.11508108 0.92573637 -0.36023393
vn -0.16475287 0.88699603 -0.43138680
vn -0.03198979 0.87023306 -0.49160048
vn 0.96358335 -0.24811378 0.09973250
vn 0.87226194 0.42127013 0.24837588
vn 0.56417990 -0.41089147 0.71614885
vn 0.87071842 -0.23294222 0.43311360
vn 0.92724442 0.23111400 -0.29462528
vn 0.90719122 0.29836920 -0.29661390
vn -0.98561949 -0.09918641 0.13680756
vn -0.34443766 -0.89002424 -0.29869643
vn -0.33302733 -0.92421281 -0.18687826
vn -0.23517330 -0.93850833 -0.25277588
vn -0.63009334 -0.06536432 0.77376348
vn -0.85091108 0.46973825 0.23515184
vn -0.44913876 0.80635387 0.38479587
vn -0.71826857 0.61945200 0.31681147
vn -0.60842872 0.47111201 0.63864541
vn 0.56902921 -0.18506128 0.80122280
vn 0.16409546 -0.16087818 0.97323728
vn 0.15992644 -0.32917064 0.93062896
vn 0.83105844 -0.14314392 0.53744924
vn 0.11194747 0.98763114 0.10978381
vn 0.12280159 0.99226928 0.01793069
vn 0.03820715 0.97060591 -0.23762211
vn -0.61648929 0.50465447 -0.60437143
vn -0.66665870 0.44179225 -0.60032135
vn -0.91032451 0.09460477 -0.40293831
vn -0.25364310 0.68822247 0.67971689
vn -0.15257645 0.80632687 0.57145196
vn -0.64670831 0.19960184 0.73615724
vn -0.92019016 0.00664353 0.39141533
vn -0.75088942 0.58236188 0.31147984
vn -0.93532091 -0.31551528 -0.16007757
vn 0.46414673 0.69389069 -0.55053020
vn 0.47133937 0.78167403 -0.40844208
vn -0.06809254 0.76332295 0.64241844
vn 0.45604604 -0.30018795 -0.83780026
vn 0.11494257 -0.44234022 0.88945115
vn 0.50263953 -0.58352363 0.63785094
vn 0.92068005 -0.26240405 -0.28895047
vn 0.27139640 -0.30195457 -0.91387492
vn 0.50709975 -0.17095949 -0.84476191
vn 0.99295938 -0.11703973 0.01826274
vn -0.76183242 -0.60875100 0.22143508
vn -0.46130961 -0.40017432 0.79186738
vn -0.94426501 -0.23166972 0.23386492
vn 0.04161581 -0.05562761 0.99758399
vn 0.80731511 -0.12830836 0.57600290
vn 0.48622808 -0.39008370 0.78193158
vn 0.10053461 -0.09274989 0.99060094
vn -0.98169637 0.03474269 0.18725686
vn -0.77491623 -0.61050594 -0.16366814
vn 0.32281914 0.55255127 -0.76842362
vn 0.22042009 0.02940075 -0.97496188
vn 0.25476593 -0.66287297 -0.70405519
vn 0.39958692 -0.32400018 -0.85752797
vn -0.20007817 0.82671791 -0.52583861
vn -0.51747644 0.56791192 -0.64007360
vn -0.17030104 0.89193732 -0.41886199
vn -0.27748221 0.50771624 -0.81561500
vn 0.15578154 0.83715951 -0.52430528
vn 0.11738298 0.34903720 -0.92972809
vn -0.33514208 0.65435934 -0.67785960
vn -0.20558801 0.15254927 -0.96667594
vn 0.16873430 0.48463565 0.85828727
vn 0.89236480 0.44939479 0.04158490
vn 0.98520786 0.16810697 -0.03324839
vn 0.84507143 0.53239191 0.04912237
vn 0.88555646 0.12420064 0.44762042
vn -0.41109201 0.76627088 -0.49379390
vn 0.77672410 0.62983996 0.00115392
vn 0.74384367 0.66801822 0.02117171
vn -0.68682814 0.70127982 -0.19098087
vn -0.98693037 0.10217601 0.12461322
vn -0.77454269 0.13967831 0.61690652
vn -0.01620658 0.94449383 -0.32812929
vn -0.15079531 0.70426369 -0.69373870
vn -0.10061155 -0.01251394 -0.99484712
vn 0.03423371 -0.60902810 -0.79240942
vn -0.12347727 -0.98771214 -0.09580243
vn -0.55034053 -0.82677341 -0.11649498
vn -0.49831685 -0.80532408 0.32114372
vn 0.02448010 -0.98347682 -0.17937134
vn -0.13633983 0.91218936 -0.38642216
vn 0.88962251 -0.44416985 -0.10623041
vn 0.97714311 -0.21161135 0.02029642
vn 0.99790883 -0.03018014 -0.05715808
vn -0.98561656 0.00251852 0.16897814
vn -0.94097549 0.33840480 0.00687182
vn -0.67336613 0.47536391 0.56622177
vn 0.73091179 0.59419316 -0.33571202
vn -0.22306992 0.69991261 -0.67849988
vn 0.29174519 0.59900713 -0.74570453
vn -0.69547153 -0.15756163 -0.70106608
vn -0.33760002 -0.52407563 -0.78190213
vn 0.32541075 0.77655685 0.53950661
vn 0.05654612 0.84015870 -0.53938478
vn 0.61334920 0.75826794 -0.22098082
vn -0.20002085 0.97352552 -0.11063391
vn 0.77728426 0.23209445 0.58477455
vn 0.78652537 0.51514137 0.34059834
vn 0.41079259 0.68955261 0.59646177
vn 0.51136291 -0.08660435 -0.85498989
vn 0.53733003 0.67955101 0.49948657
vn 0.53280252 0.15709710 0.83152986
vn -0.24000941 0.81800830 0.52274084
vn -0.87988472 0.32847273 0.34337807
vn -0.69635820 0.70895040 -0.11168957
vn -0.03701226 0.99118149 0.12723759
vn 0.44275311 0.83110249 -0.33650896
vn 0.19632895 0.98039514 -0.01674228
vn 0.08643494 0.93744719 -0.33722645
vn -0.45881590 -0.46780670 0.75541031
vn -0.37581915 -0.16599151 0.91170543
vn -0.49687904 -0.50295043 0.70721424
vn -0.33731160 -0.62349796 0.70531636
vn 0.09256548 0.76488608 0.63748014
vn 0.16942371 0.79984856 0.57579321
vn -0.54888105 0.57330871 -0.60831457
vn -0.71642059 -0.34770155 -0.60485142
vn 0.85867280 0.16540983 -0.48509860
vn 0.85337865 0.01511801 -0.52107227
vn 0.47475493 0.65584546 -0.58691943
vn 0.04894987 0.78836584 -0.61325616
vn 0.25200403 0.18400687 0.95007128
vn 0.18777454 0.20141229 0.96133959
vn 0.02129698 0.06611171 0.99758488
vn -0.58856273 -0.22332381 0.77699453
vn -0.66054082 0.42870578 -0.61635804
vn 0.69760698 -0.69651800 0.16794956
vn -0.04653840 -0.17841017 0.98285496
vn 0.41436002 -0.18013455 0.89210838
vn -0.48959374 0.56534046 0.66384339
vn -0.59230125 0.29221240 0.75086027
vn 0.61319917 -0.70777506 -0.35077241
vn -0.08785658 0.80691922 0.58409131
vn 0.03618515 0.87251067 0.48725328
vn -0.29031807 -0.06728768 0.95456159
vn -0.60317320 0.20075677 0.77193183
vn -0.05794008 0.91859698 0.39092505
vn 0.33380079 -0.87683266 0.34603688
vn 0.06454182 -0.99727005 0.03587210
vn 0.98322195 -0.05912301 -0.17256583
vn -0.57821655 0.80322957 0.14313598
vn -0.45631281 0.79188800 0.40582266
vn -0.04638450 0.94456935 0.32501900
vn -0.24710937 0.81219071 0.52847242
vn -0.01051805 0.62795812 0.77817601
vn -0.04113207 0.79226887 0.60878408
vn -0.55809212 0.39540353 0.72951299
vn -0.06795436 0.40332183 0.91253150
vn -0.29171300 0.91217536 0.28781891
vn 0.32615644 0.54501152 0.77238876
vn -0.11343290 0.83418131 0.53969854
vn 0.22922067 0.96520692 -0.12583132
vn -0.03973573 0.49866664 0.86588264
vn 0.11972608 0.87974322 0.46012771
vn 0.24906686 0.77461648 0.58132178
vn 0.07194064 0.66715932 -0.74143314
vn 0.00122294 0.89414257 -0.44778085
vn 0.12575436 0.94951224 -0.28742373
vn -0.10852005 0.39071241 0.91409361
vn -0.01998818 0.91934925 0.39293435
vn 0.03613283 0.84771013 0.52922773
vn 0.10104423 0.88540155 -0.45371145
vn -0.05106365 0.92779219 -0.36958623
vn 0.06382523 0.70619792 0.70513183
vn -0.07000429 0.83516842 0.54552090
vn 0.18193409 0.75599903 -0.62878102
vn 0.51402956 0.66919827 -0.53660727
vn 0.54758954 0.65075672 0.52598614
vn 0.61592436 0.57215214 0.54155248
vn 0.13796194 0.86057520 0.49028239
vn 0.17177911 0.98135054 0.08627323
vn -0.08865499 0.61628729 0.78251547
vn 0.35564861 0.69161791 0.62863255
vn -0.01301328 0.60091811 -0.79920465
vn 0.21424305 0.93727261 0.27499112
vn 0.03690292 0.86067373 -0.50781786
vn -0.00000782 0.69984829 -0.71429151
vn 0.70468140 0.41430101 0.57600242
vn 0.53993618 0.44392639 0.71512121
vn 0.93998516 0.25607565 0.22550645
vn 0.74337763 0.66886753 0.00244043
vn 0.71631342 0.30467290 0.62774950
vn 0.98282933 -0.08276561 0.16491309
vn 0.80235130 0.54879826 -0.23463297
vn 0.15513927 0.70308858 -0.69397289
vn -0.05566804 0.72067446 -0.69103497
vn -0.46876439 0.55252790 -0.68918276
vn -0.45408317 0.59635931 -0.66193956
vn -0.48798734 0.78753442 -0.37637466
vn -0.88813955 0.42547670 0.17371775
vn -0.84472889 0.06210746 0.53157854
vn -0.92095739 0.12406313 0.36938569
vn -0.69552368 0.67028290 -0.25878102
vn -0.98137307 -0.12459561 0.14622842
vn 0.09755967 -0.60144353 0.79293615
vn 0.05931215 -0.57430905 0.81648713
vn 0.54599512 -0.52217567 0.65515029
vn 0.10679064 -0.54243737 0.83328110
vn -0.12678500 -0.12166251 0.98444086
vn -0.57347387 -0.51135075 0.64003766
vn -0.31394953 -0.37697020 0.87139499
vn -0.01408987 0.09646361 0.99523681
vn 0.19733025 -0.22197740 0.95487523
vn -0.50570738 0.27530730 0.81759763
vn -0.70133901 -0.30074272 0.64627957
vn 0.00622752 -0.63418126 0.77315927
vn -0.34749082 -0.85172832 0.39218488
vn 0.66576892 -0.22575274 0.71118730
vn 0.31720522 -0.03694496 0.94763702
vn 0.23381621 -0.32756969 0.91543871
vn 0.05930756 0.17388447 0.98297852
vn -0.70699143 -0.02831350 0.70665514
vn 0.25834450 -0.73331785 0.62889040
vn -0.41814750 0.01976582 0.90816408
vn 0.12133852 0.01047039 0.99255592
vn -0.22413614 0.03313008 0.97399455
vn 0.44948974 0.18424059 0.87407917
vn -0.44349483 0.06571204 0.89386481
vn -0.50090921 -0.15988526 0.85060376
vn -0.33101037 0.63218015 0.70055717
vn 0.13040031 0.46167940 0.87740976
vn 0.74315417 0.42314622 0.51833296
vn 0.13351029 -0.21478133 0.96749371
vn 0.45826501 0.74809974 0.47993737
vn -0.07067282 0.81125945 0.58039945
vn -0.32158998 0.76084548 0.56364357
vn 0.57028729 -0.09352528 0.81610382
vn 0.19329444 0.58707893 0.78611428
vn 0.80240041 0.37955236 0.46053609
vn 0.14109591 -0.00178771 0.98999435
vn 0.50598621 -0.13402510 0.85206527
vn 0.30726194 0.09787390 0.94657850
vn -0.48035428 0.14530571 0.86495429
vn -0.16897133 0.69880217 0.69507134
vn 0.34719703 0.69656754 0.62789160
vn -0.20627075 0.77054203 0.60308987
vn -0.67911518 0.43418789 0.59184748
vn -0.70764917 0.55458635 0.43779752
vn -0.19036074 -0.44030207 0.87743759
vn 0.09277499 0.42440629 0.90070647
vn -0.63563806 0.20425577 0.74447554
vn 0.52370149 -0.45084015 0.72282773
vn -0.13819657 0.05798525 0.98870599
vn -0.43558285 -0.41338056 0.79961491
vn 0.80500627 -0.55049336 0.22118308
vn 0.23983140 -0.97062194 -0.01933839
vn -0.28777415 -0.87139863 0.39730397
vn -0.69272155 -0.34626582 0.63264281
vn 0.23460796 0.95315462 0.19093242
vn 0.63245565 0.77371085 -0.03703023
vn 0.65680200 -0.30012679 0.69176233
vn 0.97391939 0.20359173 0.10015678
vn 0.98935294 -0.12022041 -0.08202321
vn 0.60685235 -0.73277122 0.30785781
vn 0.99710637 -0.02600867 -0.07143056
vn 0.91269386 -0.25628683 -0.31828767
vn 0.97578239 0.11700594 0.18481977
vn 0.94654095 0.10442464 0.30521438
vn -0.48957199 -0.67164356 0.55607027
vn 0.87196499 -0.46871847 -0.14135076
vn 0.88225061 -0.41975182 0.21317194
vn 0.91214234 0.36253923 -0.19121124
vn 0.83906996 -0.05707810 0.54102099
vn 0.46603209 -0.61344409 0.63757384
vn 0.23827752 -0.45463824 0.85821205
vn 0.09371220 0.08988988 0.99153310
vn 0.56542671 0.05444289 0.82299978
vn 0.09036373 -0.01047959 0.99585366
vn 0.69515449 -0.23423135 0.67962927
vn 0.75859189 -0.04837180 0.64976805
vn 0.94473279 0.32781437 -0.00420905
vn 0.74898720 -0.03178953 0.66182142
vn 0.73902792 0.37902579 0.55693561
vn 0.68225014 0.17969494 0.70869213
vn 0.47769240 0.06635965 0.87601739
vn 0.78247595 -0.58723772 0.20708300
vn 0.96793324 0.16234252 -0.19170345
vn 0.77842832 0.21873106 -0.58839279
vn 0.94614995 0.32372159 0.00213855
vn 0.87478352 -0.48401070 -0.02207651
vn 0.92791945 -0.31923878 -0.19248916
vn 0.90894479 -0.37738547 -0.17719889
vn 0.93181992 0.36140609 -0.03312387
vn 0.99032176 -0.05883495 0.12570313
vn 0.43497655 -0.87729341 -0.20285842
vn 0.10634780 0.62073010 -0.77677816
vn -0.03125509 0.22257337 -0.97441477
vn -0.12116157 0.78138584 -0.61217320
vn -0.43905100 0.81520826 -0.37771630
vn -0.02325780 0.95009422 -0.31109488
vn 0.28762200 -0.45388082 -0.84336573
vn 0.09697337 -0.16484810 -0.98154026
vn 0.28828222 -0.50162381 -0.81563896
vn 0.10110214 -0.16067353 -0.98181587
vn -0.00219997 -0.19391528 -0.98101580
vn 0.36873975 -0.30836168 -0.87689453
vn 0.21538855 -0.06069063 -0.97464067
vn 0.52198505 -0.30136251 -0.79794252
vn 0.42123237 -0.24436094 -0.87341350
vn 0.11666882 -0.27172682 -0.95527637
vn 0.11140887 -0.29116836 -0.95016265
vn 0.63571841 0.72155106 -0.27427390
vn 0.72377288 0.13005002 -0.67767233
vn 0.69318134 0.66037124 -0.28880697
vn 0.54989833 0.64707929 -0.52811003
vn 0.75649810 0.57593286 -0.30985793
vn 0.67911690 0.12025530 -0.72411251
vn 0.67304301 -0.26879320 -0.68903071
vn 0.79467577 -0.28782591 -0.53445923
vn -0.70670211 0.67714548 -0.20505147
vn -0.79353958 0.56915617 -0.21530467
vn -0.71166849 0.69509536 -0.10183470
vn -0.90639430 0.33125100 -0.26214892
vn -0.32216340 0.72075438 -0.61377835
vn -0.47058514 0.77038431 -0.43018323
vn 0.13542315 -0.03046362 -0.99031937
vn -0.99615717 0.08517102 0.02041752
vn -0.85946482 0.47529086 0.18819885
vn -0.98279965 0.15596922 -0.09888580
vn -0.96420491 -0.12346914 -0.23465759
vn -0.91149372 0.07533594 -0.40435579
vn -0.77503890 0.61882138 -0.12796412
vn -0.71920103 0.52650076 -0.45337263
vn -0.68173552 0.36639646 -0.63323796
vn -0.74320656 0.21326491 -0.63416255
vn -0.79209626 0.13034382 -0.59631699
vn -0.57965636 0.23878156 -0.77909040
vn -0.95384955 0.13182653 -0.26980153
vn -0.81849152 -0.36489427 -0.44376105
vn -0.89745927 -0.42660198 0.11215021
vn -0.97751558 -0.15163794 0.14652359
vn -0.65213215 -0.55027449 0.52146107
vn -0.56032532 -0.72175467 0.40633211
vn -0.75658697 -0.65382653 0.00933139
vn -0.68540585 0.14596824 0.71338081
vn -0.70380741 0.46356258 0.53829813
vn -0.86402321 0.44412950 -0.23709257
vn -0.86623901 0.49201736 -0.08688468
vn -0.72081411 -0.39134440 0.57208091
vn -0.92238933 -0.31177205 -0.22802664
vn -0.57753748 0.10688196 0.80933714
vn -0.93221420 0.13207246 0.33694741
vn -0.71561754 -0.01986799 0.69820976
vn -0.93023497 0.21951704 -0.29406667
vn -0.95566469 -0.05019991 0.29014653
vn -0.83650112 0.22752485 0.49849612
vn -0.99669951 0.04379500 0.06835221
vn -0.59717035 0.70645785 0.37987483
vn -0.99571192 0.06926669 0.06131796
vn -0.92002910 0.37567267 0.11142991
vn -0.98991358 -0.11511233 -0.08258542
vn -0.97401839 -0.00995275 -0.22624984
vn -0.99718207 0.06503630 -0.03739226
vn -0.48894083 -0.76331538 -0.42223990
vn -0.27893209 -0.86863178 -0.40948239
vn -0.71926916 -0.63432413 -0.28334579
vn -0.10004810 -0.95791662 0.26904687
vn -0.58529097 -0.81043005 -0.02525136
vn -0.95514941 -0.00022004 0.29612434
vn -0.57275790 -0.18395807 0.79881650
vn -0.79084301 0.12289974 0.59955227
vn -0.81592536 -0.08006439 0.57258666
vn -0.41190857 -0.82026255 0.39686355
vn -0.56022745 -0.64838338 0.51550370
vn -0.35815740 -0.67052126 0.64971113
vn -0.43844593 -0.61947256 0.65116739
vn -0.41760466 -0.60384452 0.67895377
vn -0.76905340 -0.15301785 0.62059844
vn -0.53799498 -0.74072170 0.40235898
vn -0.40860742 -0.91130877 -0.05055951
vn -0.03490946 -0.99382430 0.10533049
vn -0.00116743 0.24989457 -0.96827239
vn -0.12212789 0.40161011 -0.90763104
vn 0.67582166 0.43271837 -0.59667397
vn -0.55105931 0.56603956 -0.61313361
vn 0.79078346 0.53366578 -0.29977068
vn 0.46201551 0.75242138 -0.46947175
vn 0.35780749 0.59477854 -0.71986961
vn 0.75087762 0.52455473 -0.40127939
vn -0.16948678 0.48067406 -0.86036426
vn 0.67442316 0.64386231 -0.36137900
vn 0.64645296 0.60865569 -0.46003994
vn 0.30245918 0.58203900 -0.75481719
vn -0.28342840 0.48107237 -0.82960093
vn -0.75674361 0.37311268 -0.53677374
vn -0.17267549 0.54008836 -0.82370371
vn 0.24437675 0.49361479 -0.83464032
vn -0.29216781 0.73236787 -0.61504084
vn -0.09061407 0.40176886 -0.91124690
vn 0.74088472 0.20023568 -0.64108932
vn 0.20576806 0.30829099 -0.92877132
vn -0.12857127 0.34369254 -0.93023920
vn 0.65043896 0.28960168 -0.70218235
vn -0.89168805 0.20951089 -0.40124509
vn 0.34033597 0.14575888 -0.92893797
vn -0.86527842 0.27342829 -0.42015496
vn 0.07324052 0.24019170 -0.96795857
vn -0.15756914 0.20732236 -0.96549958
vn 0.72949880 0.19511533 -0.65556192
vn 0.75737262 0.39599982 -0.51920217
vn -0.86354285 0.43875673 -0.24856816
vn -0.85852909 -0.48613450 0.16309816
vn -0.86067647 -0.45222551 0.23394062
vn -0.90230054 0.15433818 0.40253374
vn -0.89757323 0.28663939 0.33496282
vn -0.85826653 0.39513925 -0.32748058
vn -0.79567027 0.55916071 -0.23291245
vn -0.96433413 0.24680787 0.09563216
vn -0.72331947 0.54889017 -0.41896117
vn -0.88592869 0.42576107 -0.18400522
vn -0.96947831 0.14105974 0.20053402
vn -0.90536320 0.35472694 -0.23342291
vn -0.95831621 0.24324754 -0.14986888
vn -0.99100870 0.10753956 -0.07960560
vn -0.93250871 0.27450436 -0.23468038
vn -0.82062250 0.43504634 -0.37055814
vn -0.75073290 0.55531526 -0.35780591
vn -0.94905174 0.18935196 -0.25188622
vn -0.96893859 -0.23828550 0.06616673
vn -0.93918467 0.22155625 -0.26238298
vn -0.93310177 0.23643194 -0.27096298
vn -0.76651764 0.47147119 -0.43607974
vn -0.85704690 -0.30543077 0.41494888
vn -0.97783470 0.19750826 0.06949683
vn -0.83396465 0.50779390 -0.21598192
vn -0.97176462 -0.12456820 0.20039058
vn -0.98492151 -0.04090160 -0.16809705
vn -0.72273028 -0.63238198 0.27884424
vn -0.97282952 -0.05640924 -0.22454552
vn -0.97703516 -0.10586882 0.18491612
vn -0.98284137 -0.10303085 0.15299538
vn -0.45002753 0.85661048 0.25237593
vn -0.59710234 0.78080249 0.18389186
vn -0.97883511 0.14867903 0.14062826
vn -0.83092564 0.39312515 0.39371961
vn -0.56227356 0.80991465 -0.16699345
vn -0.93320131 0.35574523 0.05080110
vn -0.94000393 -0.00264891 0.34115323
vn -0.78504521 0.21058720 -0.58254361
vn -0.91119975 0.36386901 -0.19316933
vn -0.99317807 0.11607234 -0.01115620
vn -0.77304655 0.63363057 0.03018773
vn -0.93018764 -0.18086420 0.31943563
vn -0.99098003 0.10698384 -0.08070428
vn -0.95600045 -0.18132536 0.23061721
vn -0.84302437 0.48253939 -0.23762505
vn -0.79986674 0.52771688 0.28588125
vn -0.98925853 -0.14282548 0.03111771
vn -0.73090798 -0.58250946 0.35560700
vn -0.95012039 -0.20455231 -0.23543513
vn -0.99053347 0.06609623 0.12031143
vn -0.28157926 0.76330012 0.58145165
vn 0.97668815 -0.19376114 0.09239458
vn 0.94760394 -0.22736184 0.22439581
vn 0.78972447 0.20145801 0.57943940
vn 0.84320033 0.36564606 0.39410159
vn 0.75504804 0.42580590 0.49858990
vn 0.75153935 0.19472609 0.63029391
vn 0.86969566 0.45310074 -0.19577838
vn 0.93419385 0.34707198 0.08260114
vn 0.95129234 0.29389346 0.09311057
vn 0.90209079 0.43152997 0.00374149
vn 0.89619285 0.32524467 -0.30175212
vn 0.80842000 0.46937019 -0.35517424
vn 0.52738851 0.26800039 0.80624884
vn 0.81566191 0.47450250 -0.33097291
vn 0.97080195 0.23982178 -0.00539597
vn 0.91576749 0.22052273 -0.33576718
vn 0.93752491 0.17468394 0.30088618
vn 0.97464669 0.20621423 0.08683050
vn 0.93227464 0.22593641 -0.28251860
vn 0.86919558 0.40750688 -0.28006625
vn 0.97755182 0.05772188 -0.20263408
vn 0.96815193 -0.00833025 0.25022483
vn 0.99741846 0.04924046 0.05226712
vn 0.98427749 0.13359164 -0.11554734
vn 0.89637303 0.33246508 -0.29322773
vn 0.84857333 0.44675505 -0.28343120
vn 0.97449648 0.12155414 -0.18862998
vn 0.94864386 -0.16949357 0.26710820
vn 0.91474926 0.34132001 -0.21618150
vn 0.98479611 0.02508165 -0.17189412
vn 0.98053402 0.19140154 0.04380115
vn 0.63724035 -0.48553056 0.59848541
vn 0.82010740 0.30224934 -0.48586950
vn 0.99458170 -0.02423248 0.10109413
vn 0.96966887 -0.15372984 -0.19002476
vn 0.97431290 0.09219835 -0.20545983
vn 0.65394449 0.74027485 -0.15604389
vn 0.97577661 -0.20122299 0.08584533
vn 0.94523048 0.27252033 0.17964444
vn 0.90137893 -0.42954376 -0.05484622
vn 0.90791696 -0.41705784 0.04182725
vn 0.99141675 -0.08613561 -0.09835427
vn 0.93183053 -0.14201722 0.33395058
vn 0.96968180 -0.10416324 0.22105902
vn 0.99722135 -0.07385500 0.00974443
vn 0.51624292 0.85513526 -0.04729475
vn 0.96429557 -0.07604293 0.25367576
vn 0.75426257 0.65299815 0.06842119
vn 0.68476313 0.44748405 0.57520217
vn 0.48105419 0.84600508 -0.22991775
vn 0.88899851 -0.08541994 0.44987234
vn 0.96274179 0.25075862 0.10123424
vn 0.83556020 -0.12646076 0.53464639
vn 0.97970343 -0.07260011 0.18684307
vn 0.60732716 -0.48214492 0.63141900
vn 0.99924880 0.03614445 0.01397833
vn 0.83620888 -0.34493783 0.42634800
vn 0.99948180 -0.01344840 -0.02924437
vn 0.75391746 0.38786766 -0.53025192
vn 0.84463257 0.02995798 -0.53450763
vn 0.83661681 -0.42010817 0.35154137
vn 0.95442885 -0.02779259 -0.29714170
vn 0.96513838 -0.24775155 -0.08442286
vn 0.92616630 -0.23649956 -0.29374141
vn 0.97416800 -0.06028185 -0.21762994
vn 0.89986485 0.09340759 -0.42604950
vn 0.04893370 -0.97413015 -0.22062612
vn 0.02490017 -0.96697950 -0.25363487
vn -0.35756496 -0.92798775 -0.10481440
vn -0.06247897 -0.95986581 -0.27341190
vn 0.03638069 -0.93920290 -0.34142983
vn 0.08825502 -0.92847627 -0.36075324
vn -0.09228503 -0.95601028 -0.27843821
vn -0.02525381 -0.95519930 -0.29488403
vn 0.36315104 -0.92955863 0.06357774
vn 0.33596006 -0.93469089 0.11611942
vn -0.07839071 -0.99563158 -0.05072015
vn 0.17279409 -0.98278630 0.06537070
vn -0.05210083 -0.99705911 -0.05620066
vn -0.18024299 -0.97511137 0.12911387
vn -0.10921302 -0.99394417 -0.01214918
vn 0.12512840 -0.96759832 -0.21930878
vn -0.05744371 -0.99584770 -0.07062313
vn -0.08117161 -0.99419242 0.07065775
vn -0.04887565 -0.99857080 0.02162225
vn 0.01044355 -0.95518386 -0.29582876
vn -0.06513159 -0.99711847 0.03889225
vn -0.17766255 -0.98223341 -0.06044416
vn -0.07694475 -0.96133286 -0.26442119
vn -0.18908790 -0.98151857 -0.02944820
vn -0.26690537 -0.72132105 -0.63910675
vn -0.10591311 -0.99045944 -0.08816252
vn 0.12174308 -0.96113956 -0.24776897
vn -0.01316326 -0.99938405 -0.03253112
vn 0.03635346 -0.99715179 -0.06608208
vn -0.06737611 -0.94298118 -0.32595527
vn -0.15940130 -0.98693752 0.02335878
vn -0.11132537 -0.99295807 0.04050815
vn 0.40973550 -0.90856701 -0.08138173
vn 0.59496289 -0.80303836 0.03388909
vn -0.08010102 -0.99023867 0.11406624
vn 0.02077578 -0.99632156 0.08313686
vn 0.03598194 -0.95138842 -0.30588466
vn -0.12426495 -0.98188603 0.14303173
vn 0.42114851 -0.89494962 0.14730664
vn 0.01244813 -0.98334378 0.18132861
vn 0.15968031 -0.96853489 0.19089893
vn 0.86380869 -0.48356819 -0.14140831
vn 0.08288269 -0.99438560 0.06578512
vn -0.06274736 -0.94845295 -0.31064421
vn 0.06129513 -0.96672773 0.24835505
vn -0.15253304 -0.96862406 0.19621664
vn -0.17355439 -0.98023134 0.09500214
vn -0.07392251 -0.97429150 0.21281800
vn -0.00272305 -0.97346771 0.22880821
vn 0.00100760 -0.96309340 -0.26916540
vn 0.04499889 -0.97294134 -0.22662818
vn 0.27855465 -0.90161228 0.33091176
vn -0.02510948 -0.94635153 -0.32216203
vn 0.06382708 -0.95957571 -0.27411780
vn 0.07392958 -0.97447509 0.21197340
vn -0.07578889 -0.95632458 0.28231061
vn 0.02027876 -0.94654024 0.32194781
vn -0.15269306 -0.95955074 0.23653188
vn -0.17824440 -0.96208400 0.20645419
vn 0.08675775 -0.90073079 0.42562550
vn -0.09752510 -0.99519169 0.00907680
vn -0.01139699 -0.95991343 -0.28006497
vn -0.31618732 -0.92691433 -0.20212707
vn 0.04695071 -0.94125509 -0.33441651
vn -0.28364569 -0.94053251 0.18693200
vn 0.35659245 -0.86312234 -0.35757744
vn -0.22544444 -0.91349071 0.33868781
vn -0.00798096 -0.94455469 -0.32825711
vn -0.07818251 -0.90440845 0.41944349
vn -0.19508056 -0.97296655 -0.12361088
vn -0.00624658 -0.93872100 -0.34462124
vn -0.21215241 -0.90416127 0.37078789
vn 0.00330763 -0.94541329 -0.32585698
vn -0.30445144 -0.86931783 0.38935295
vn 0.00825378 -0.94496065 -0.32707980
vn 0.05469958 -0.95855778 -0.27959761
vn 0.01987736 -0.99417657 -0.10591400
vn 0.27503601 -0.78603595 0.55362684
vn 0.02762854 -0.99129194 -0.12875088
vn -0.00070844 -0.96137255 -0.27524960
vn 0.01164075 -0.94018191 -0.34047398
vn 0.04439015 -0.80985302 0.58495080
vn -0.03603580 -0.98440015 -0.17221422
vn 0.01291801 -0.94975203 -0.31273663
vn -0.02629787 -0.97464108 -0.22222315
vn 0.01295572 -0.96597052 -0.25832742
vn -0.01953059 -0.95813507 -0.28564966
vn -0.30289313 -0.88988966 0.34110412
vn 0.00414491 -0.94960612 -0.31341833
vn 0.14699052 -0.97610348 -0.16004924
vn -0.01653048 -0.93856621 -0.34470308
vn 0.04743020 -0.95373017 -0.29689920
vn -0.06102521 -0.95426208 -0.29267696
vn -0.03184910 -0.98416358 -0.17437792
vn -0.05937520 -0.99354845 -0.09662373
vn 0.03355533 -0.95772034 -0.28573713
vn 0.04552018 -0.95186681 -0.30311316
vn 0.00297888 -0.95137489 -0.30802110
vn 0.11101852 -0.96002614 -0.25695267
vn 0.02193102 -0.96145433 -0.27408856
vn -0.05915448 -0.96422207 -0.25841168
vn 0.00348263 -0.98481274 -0.17358530
vn -0.00328804 -0.94089252 -0.33868912
vn 0.02681865 -0.97193110 -0.23373227
vn -0.04217695 -0.94028717 -0.33775893
vn 0.07998449 -0.95692021 -0.27911690
vn -0.02372624 -0.94417214 -0.32859713
vn 0.09570980 -0.96285743 -0.25247830
vn 0.01329504 -0.95208639 -0.30554029
vn -0.00963368 -0.94766080 -0.31913346
vn -0.04302365 -0.95411932 -0.29631948
vn -0.03171752 -0.94742870 -0.31839079
vn -0.02982199 -0.96249080 -0.26967025
vn -0.02485002 -0.94472873 -0.32690990
vn 0.08744968 -0.61923540 -0.78032047
vn 0.01091732 -0.94182265 -0.33593282
vn -0.54821259 -0.74416798 -0.38167650
vn 0.10169965 -0.84385693 -0.52684218
vn 0.00282814 -0.95968300 -0.28107044
vn -0.07735556 -0.96099424 -0.26552981
vn -0.69142747 -0.65501022 -0.30477801
vn 0.12015972 -0.91590869 -0.38297892
vn -0.05798625 -0.89809376 -0.43596470
vn 0.25512505 -0.92468107 0.28262335
vn 0.56301367 -0.80259985 0.19710170
vn 0.59329027 -0.79154187 0.14651990
vn 0.51370227 -0.76078671 0.39662781
vn 0.66912699 -0.73381084 -0.11743348
vn 0.31633544 -0.83765101 0.44527820
vn 0.54304755 -0.77021641 0.33446372
vn 0.38321951 -0.78376263 0.48873192
vn 0.37194225 -0.69658291 0.61353999
vn -0.19078141 -0.82973742 0.52453631
vn -0.45394203 -0.84287912 0.28894886
vn -0.41848332 -0.83217657 0.36380464
vn 0.77234954 -0.54394096 0.32803127
vn 0.72478890 -0.68511117 0.07282653
vn -0.15924823 -0.36576709 0.91698116
vn -0.13183814 -0.74782735 0.65067124
vn -0.14782526 -0.39383209 0.90721774
vn -0.24598208 -0.18076700 0.95226896
vn -0.07339369 -0.67498410 0.73417294
vn 0.09207269 0.05375032 0.99430054
vn 0.24905698 -0.52555537 0.81348759
vn -0.39572787 -0.82430446 0.40487236
vn 0.60706878 -0.55088252 0.57270926
vn 0.71643293 -0.45335045 0.53028035
vn 0.63661373 -0.23799784 0.73353940
vn 0.70935225 -0.55936188 0.42887479
vn 0.48466054 -0.74972385 0.45057556
vn 0.49191612 -0.83562702 0.24443004
vn 0.53239888 -0.65754020 0.53309679
vn 0.71080804 -0.34870309 0.61086673
vn 0.75472957 -0.42160794 0.50262314
vn 0.82549238 -0.30657592 0.47389203
vn 0.88191342 -0.28139225 0.37821564
vn 0.39672777 -0.54601365 0.73788637
vn 0.93438810 -0.32580134 0.14412625
vn 0.63483268 -0.66335154 0.39617202
vn 0.43560374 -0.61529571 0.65700883
vn 0.29230037 -0.59289318 0.75035870
vn 0.52005112 -0.68365812 0.51201409
vn 0.35195056 -0.21919693 0.90999085
vn -0.05703479 -0.88369507 0.46457517
vn -0.18242113 -0.71896595 0.67067909
vn -0.00096830 -0.76857543 0.63975835
vn 0.09642596 -0.69482464 0.71268559
vn 0.16346222 -0.81510514 0.55577308
vn -0.19580778 -0.66856527 0.71741182
vn -0.99454474 -0.06576516 0.08096758
vn -0.94996643 -0.18932346 0.24843577
vn -0.73559850 -0.55081147 0.39433670
vn -0.60472775 -0.62668425 0.49149895
vn -0.44662985 0.08191899 0.89096075
vn -0.78711665 -0.12182376 0.60465384
vn -0.54410052 -0.60431170 0.58203262
vn -0.40999347 0.04491738 0.91098177
vn -0.64440787 -0.68381274 0.34225520
vn -0.62119287 -0.53489959 0.57271439
vn -0.88158065 -0.45238563 0.13476926
vn -0.83622831 0.19132635 0.51392251
vn -0.23915386 -0.60871464 0.75648654
vn -0.29856282 -0.66815794 0.68148756
vn -0.27647439 -0.68891227 0.67004615
vn -0.18065023 -0.22634865 0.95714778
vn -0.26496866 -0.86647373 0.42310157
vn -0.19637054 -0.36213475 0.91120636
vn -0.45254612 -0.75947487 0.46733281
vn -0.32779637 -0.52343684 0.78648794
vn -0.43679327 -0.64534968 0.62668616
vn -0.10228302 -0.06679113 0.99251050
vn -0.30962408 -0.57632655 0.75629401
vn -0.81823623 -0.07201605 0.57035345
vn -0.54487336 0.46347910 0.69878489
vn -0.39368981 0.55556357 0.73236436
vn -0.56697190 0.64588946 0.51124322
vn -0.16914822 0.21749590 0.96129310
vn -0.17425543 0.19287108 0.96562719
vn -0.03044255 0.22025590 0.97496700
vn -0.46284279 0.12215028 0.87798399
vn -0.25807771 0.16321743 0.95223731
vn -0.51307350 0.27558979 0.81289971
vn -0.73240548 -0.01788772 0.68063372
vn -0.31196603 0.11817653 0.94271499
vn 0.01445556 -0.00092693 0.99989510
vn 0.61473149 0.30893359 0.72571701
vn 0.30176529 0.07981157 0.95003569
vn 0.29024678 0.24374175 0.92539006
vn 0.06085805 0.17263347 0.98310423
vn 0.14822975 0.06390198 0.98688626
vn -0.05640647 0.02200904 0.99816531
vn 0.00517812 -0.02689550 0.99962485
vn 0.45608273 0.07880828 0.88644105
vn 0.47749621 0.21159953 0.85277373
vn 0.59697157 0.05349801 0.80047667
vn -0.30178782 0.26209623 -0.91664046
vn 0.00181773 0.63582027 0.77183503
f 7//7 8//8 9//9
f 24//24 25//25 23//23
f 32//32 1//1 33//33
f 34//34 35//35 4//4
f 4//4 36//36 34//34
f 32//32 33//33 37//37
f 38//38 39//39 40//40
f 40//40 39//39 41//41
f 44//44 45//45 43//43
f 47//47 43//43 46//46
f 52//52 48//48 51//51
f 49//49 45//45 44//44
f 55//55 44//44 47//47
f 57//57 50//50 42//42
f 46//46 43//43 53//53
f 49//49 54//54 45//45
f 51//51 48//48 42//42
f 43//43 51//51 42//42
f 58//58 45//45 54//54
f 44//44 59//59 60//60
f 44//44 43//43 47//47
f 42//42 50//50 53//53
f 61//61 37//37 62//62
f 61//61 69//69 70//70
f 72//72 65//65 34//34
f 68//68 32//32 66//66
f 72//72 77//77 76//76
f 74//74 71//71 64//64
f 34//34 36//36 77//77
f 6//6 71//71 36//36
f 62//62 37//37 63//63
f 77//77 78//78 76//76
f 63//63 33//33 65//65
f 66//66 61//61 70//70
f 77//77 72//72 34//34
f 71//71 6//6 64//64
f 69//69 61//61 62//62
f 74//74 75//75 81//81
f 74//74 73//73 75//75
f 81//81 78//78 74//74
f 73//73 74//74 64//64
f 81//81 82//82 78//78
f 5//5 4//4 35//35
f 32//32 67//67 66//66
f 74//74 78//78 77//77
f 37//37 33//33 63//63
f 79//79 1//1 68//68
f 68//68 1//1 32//32
f 37//37 67//67 32//32
f 37//37 61//61 67//67
f 81//81 83//83 82//82
f 36//36 4//4 6//6
f 67//67 61//61 66//66
f 38//38 84//84 39//39
f 40//40 85//85 88//88
f 40//40 41//41 85//85
f 90//90 89//89 9//9
f 89//89 93//93 9//9
f 94//94 7//7 91//91
f 8//8 7//7 94//94
f 99//99 98//98 97//97
f 102//102 103//103 98//98
f 104//104 30//30 98//98
f 101//101 106//106 100//100
f 98//98 30//30 106//106
f 30//30 100//100 106//106
f 98//98 99//99 102//102
f 107//107 108//108 99//99
f 109//109 100//100 105//105
f 110//110 111//111 112//112
f 109//109 105//105 96//96
f 106//106 97//97 98//98
f 107//107 110//110 11//11
f 104//104 31//31 30//30
f 96//96 105//105 114//114
f 102//102 99//99 108//108
f 112//112 10//10 11//11
f 112//112 11//11 110//110
f 121//121 95//95 114//114
f 109//109 101//101 100//100
f 116//116 97//97 106//106
f 117//117 122//122 106//106
f 100//100 123//123 105//105
f 121//121 124//124 125//125
f 97//97 126//126 99//99
f 106//106 101//101 117//117
f 109//109 96//96 113//113
f 115//115 111//111 110//110
f 96//96 114//114 95//95
f 118//118 98//98 103//103
f 105//105 123//123 127//127
f 121//121 125//125 95//95
f 131//131 132//132 128//128
f 129//129 131//131 128//128
f 129//129 135//135 131//131
f 130//130 129//129 128//128
f 133//133 129//129 130//130
f 142//142 134//134 139//139
f 139//139 134//134 144//144
f 139//139 140//140 142//142
f 130//130 128//128 147//147
f 147//147 149//149 130//130
f 9//9 150//150 151//151
f 144//144 134//134 146//146
f 152//152 146//146 134//134
f 153//153 145//145 144//144
f 132//132 138//138 128//128
f 154//154 142//142 140//140
f 151//151 154//154 92//92
f 134//134 142//142 150//150
f 150//150 152//152 134//134
f 158//158 153//153 146//146
f 131//131 145//145 132//132
f 130//130 141//141 133//133
f 9//9 151//151 7//7
f 150//150 142//142 154//154
f 136//136 137//137 147//147
f 128//128 136//136 147//147
f 151//151 150//150 154//154
f 129//129 133//133 135//135
f 7//7 151//151 92//92
f 139//139 144//144 143//143
f 131//131 135//135 156//156
f 146//146 153//153 144//144
f 92//92 91//91 7//7
f 140//140 139//139 155//155
f 163//163 166//166 167//167
f 163//163 164//164 168//168
f 164//164 163//163 167//167
f 163//163 175//175 171//171
f 179//179 176//176 178//178
f 180//180 164//164 167//167
f 168//168 175//175 163//163
f 166//166 170//170 167//167
f 178//178 173//173 170//170
f 170//170 166//166 178//178
f 179//179 178//178 166//166
f 165//165 174//174 172//172
f 174//174 165//165 169//169
f 165//165 175//175 168//168
f 175//175 165//165 182//182
f 176//176 177//177 185//185
f 165//165 168//168 169//169
f 176//176 179//179 177//177
f 192//192 193//193 191//191
f 193//193 190//190 191//191
f 194//194 191//191 190//190
f 195//195 196//196 197//197
f 198//198 189//189 200//200
f 188//188 190//190 193//193
f 189//189 201//201 200//200
f 189//189 198//198 195//195
f 190//190 188//188 189//189
f 188//188 201//201 189//189
f 204//204 203//203 196//196
f 12//12 206//206 207//207
f 205//205 206//206 12//12
f 12//12 207//207 208//208
f 207//207 212//212 208//208
f 215//215 216//216 217//217
f 216//216 209//209 218//218
f 221//221 219//219 215//215
f 210//210 223//223 206//206
f 218//218 209//209 227//227
f 216//216 215//215 209//209
f 216//216 218//218 224//224
f 209//209 215//215 219//219
f 212//212 207//207 220//220
f 207//207 206//206 220//220
f 228//228 208//208 225//225
f 225//225 208//208 212//212
f 206//206 214//214 209//209
f 206//206 209//209 219//219
f 206//206 219//219 220//220
f 206//206 205//205 210//210
f 208//208 228//228 213//213
f 231//231 223//223 210//210
f 230//230 216//216 224//224
f 231//231 210//210 211//211
f 28//28 29//29 234//234
f 240//240 29//29 28//28
f 236//236 29//29 233//233
f 241//241 237//237 235//235
f 238//238 237//237 241//241
f 239//239 236//236 233//233
f 236//236 239//239 242//242
f 241//241 235//235 234//234
f 234//234 29//29 236//236
f 240//240 233//233 29//29
f 241//241 245//245 238//238
f 239//239 244//244 242//242
f 237//237 238//238 246//246
f 240//240 243//243 233//233
f 233//233 247//247 239//239
f 27//27 26//26 250//250
f 253//253 27//27 251//251
f 27//27 252//252 251//251
f 261//261 262//262 255//255
f 255//255 263//263 259//259
f 250//250 256//256 27//27
f 256//256 252//252 27//27
f 266//266 267//267 265//265
f 257//257 26//26 265//265
f 26//26 257//257 250//250
f 250//250 257//257 268//268
f 255//255 262//262 269//269
f 255//255 254//254 261//261
f 270//270 260//260 258//258
f 265//265 267//267 257//257
f 274//274 275//275 276//276
f 280//280 272//272 281//281
f 273//273 272//272 280//280
f 273//273 287//287 272//272
f 288//288 275//275 274//274
f 273//273 280//280 289//289
f 275//275 273//273 276//276
f 278//278 286//286 280//280
f 283//283 290//290 284//284
f 291//291 284//284 292//292
f 275//275 288//288 285//285
f 278//278 280//280 281//281
f 283//283 282//282 290//290
f 276//276 273//273 277//277
f 279//279 278//278 281//281
f 291//291 283//283 284//284
f 291//291 293//293 283//283
f 292//292 284//284 276//276
f 287//287 273//273 275//275
f 279//279 281//281 272//272
f 294//294 295//295 296//296
f 294//294 296//296 297//297
f 299//299 300//300 295//295
f 302//302 301//301 298//298
f 301//301 302//302 304//304
f 49//49 60//60 297//297
f 296//296 49//49 297//297
f 300//300 299//299 298//298
f 295//295 294//294 299//299
f 298//298 306//306 303//303
f 302//302 299//299 294//294
f 307//307 304//304 302//302
f 303//303 300//300 298//298
f 23//23 311//311 312//312
f 315//315 316//316 317//317
f 308//308 315//315 319//319
f 322//322 311//311 23//23
f 22//22 310//310 23//23
f 313//313 323//323 324//324
f 25//25 24//24 319//319
f 315//315 317//317 319//319
f 325//325 308//308 321//321
f 22//22 324//324 318//318
f 326//326 312//312 311//311
f 312//312 24//24 23//23
f 308//308 319//319 321//321
f 313//313 314//314 320//320
f 319//319 24//24 321//321
f 311//311 322//322 327//327
f 318//318 310//310 22//22
f 331//331 313//313 320//320
f 313//313 324//324 22//22
f 313//313 331//331 323//323
f 330//330 25//25 317//317
f 309//309 315//315 308//308
f 315//315 309//309 316//316
f 339//339 337//337 342//342
f 339//339 342//342 341//341
f 336//336 21//21 342//342
f 21//21 346//346 20//20
f 347//347 335//335 344//344
f 342//342 348//348 341//341
f 338//338 336//336 335//335
f 340//340 337//337 339//339
f 343//343 345//345 344//344
f 340//340 344//344 337//337
f 349//349 335//335 347//347
f 335//335 336//336 344//344
f 353//353 338//338 335//335
f 354//354 340//340 355//355
f 346//346 21//21 338//338
f 356//356 340//340 357//357
f 341//341 358//358 339//339
f 344//344 340//340 354//354
f 360//360 361//361 362//362
f 358//358 352//352 339//339
f 348//348 21//21 20//20
f 359//359 369//369 360//360
f 342//342 337//337 336//336
f 373//373 344//344 354//354
f 371//371 362//362 375//375
f 342//342 21//21 348//348
f 357//357 363//363 356//356
f 370//370 364//364 374//374
f 361//361 364//364 370//370
f 368//368 359//359 360//360
f 347//347 359//359 368//368
f 362//362 361//361 375//375
f 380//380 366//366 343//343
f 339//339 357//357 340//340
f 385//385 348//348 383//383
f 366//366 345//345 343//343
f 378//378 372//372 350//350
f 349//349 353//353 335//335
f 349//349 347//347 368//368
f 374//374 364//364 350//350
f 375//375 361//361 370//370
f 367//367 345//345 366//366
f 344//344 345//345 347//347
f 21//21 336//336 338//338
f 20//20 377//377 376//376
f 369//369 388//388 360//360
f 369//369 345//345 365//365
f 388//388 364//364 361//361
f 345//345 367//367 389//389
f 381//381 355//355 340//340
f 337//337 344//344 336//336
f 384//384 382//382 383//383
f 383//383 386//386 385//385
f 381//381 356//356 390//390
f 373//373 380//380 343//343
f 350//350 372//372 374//374
f 377//377 346//346 338//338
f 338//338 353//353 351//351
f 365//365 350//350 369//369
f 392//392 374//374 372//372
f 381//381 340//340 356//356
f 365//365 378//378 350//350
f 350//350 364//364 369//369
f 382//382 386//386 383//383
f 375//375 391//391 371//371
f 385//385 341//341 348//348
f 397//397 398//398 395//395
f 18//18 396//396 395//395
f 395//395 399//399 397//397
f 398//398 18//18 395//395
f 393//393 401//401 394//394
f 19//19 400//400 402//402
f 19//19 403//403 400//400
f 405//405 409//409 404//404
f 405//405 411//411 409//409
f 404//404 410//410 412//412
f 415//415 409//409 411//411
f 184//184 416//416 407//407
f 406//406 412//412 410//410
f 180//180 411//411 405//405
f 406//406 410//410 413//413
f 411//411 408//408 415//415
f 418//418 410//410 404//404
f 408//408 411//411 407//407
f 405//405 404//404 412//412
f 409//409 419//419 404//404
f 421//421 15//15 422//422
f 421//421 422//422 423//423
f 429//429 431//431 430//430
f 425//425 428//428 15//15
f 423//423 427//427 421//421
f 434//434 431//431 429//429
f 430//430 431//431 432//432
f 425//425 15//15 426//426
f 427//427 435//435 433//433
f 15//15 16//16 436//436
f 425//425 430//430 428//428
f 427//427 433//433 421//421
f 435//435 427//427 437//437
f 424//424 15//15 436//436
f 430//430 432//432 428//428
f 426//426 15//15 421//421
f 428//428 432//432 438//438
f 425//425 426//426 430//430
f 422//422 15//15 424//424
f 439//439 440//440 441//441
f 441//441 442//442 439//439
f 444//444 445//445 446//446
f 441//441 440//440 443//443
f 448//448 449//449 439//439
f 443//443 440//440 186//186
f 449//449 448//448 450//450
f 279//279 452//452 443//443
f 447//447 186//186 454//454
f 443//443 186//186 447//447
f 443//443 455//455 279//279
f 456//456 445//445 444//444
f 450//450 445//445 456//456
f 451//451 440//440 439//439
f 439//439 449//449 451//451
f 447//447 455//455 443//443
f 446//446 453//453 444//444
f 459//459 460//460 461//461
f 458//458 462//462 459//459
f 14//14 463//463 13//13
f 463//463 14//14 104//104
f 466//466 467//467 463//463
f 459//459 465//465 460//460
f 458//458 469//469 462//462
f 464//464 462//462 470//470
f 458//458 459//459 461//461
f 463//463 104//104 460//460
f 463//463 467//467 468//468
f 460//460 465//465 463//463
f 463//463 468//468 13//13
f 14//14 31//31 104//104
f 477//477 478//478 479//479
f 491//491 490//490 492//492
f 493//493 490//490 491//491
f 490//490 493//493 494//494
f 496//496 497//497 498//498
f 497//497 496//496 500//500
f 500//500 499//499 497//497
f 497//497 393//393 498//498
f 503//503 161//161 504//504
f 161//161 502//502 504//504
f 161//161 87//87 502//502
f 87//87 501//501 505//505
f 158//158 501//501 87//87
f 509//509 511//511 508//508
f 506//506 143//143 509//509
f 507//507 159//159 506//506
f 510//510 506//506 509//509
f 513//513 514//514 515//515
f 512//512 10//10 515//515
f 515//515 514//514 512//512
f 513//513 515//515 517//517
f 520//520 521//521 518//518
f 523//523 524//524 521//521
f 518//518 525//525 522//522
f 487//487 521//521 520//520
f 519//519 518//518 522//522
f 526//526 119//119 527//527
f 527//527 528//528 526//526
f 531//531 528//528 529//529
f 529//529 528//528 527//527
f 531//531 532//532 528//528
f 111//111 115//115 119//119
f 533//533 534//534 537//537
f 537//537 540//540 541//541
f 534//534 533//533 538//538
f 537//537 535//535 533//533
f 534//534 536//536 537//537
f 542//542 537//537 541//541
f 533//533 544//544 538//538
f 537//537 536//536 539//539
f 547//547 548//548 546//546
f 545//545 546//546 548//548
f 547//547 546//546 549//549
f 548//548 472//472 545//545
f 546//546 551//551 549//549
f 502//502 39//39 490//490
f 490//490 39//39 492//492
f 464//464 470//470 553//553
f 470//470 554//554 553//553
f 557//557 556//556 403//403
f 556//556 557//557 555//555
f 403//403 556//556 486//486
f 556//556 560//560 486//486
f 555//555 559//559 556//556
f 561//561 562//562 559//559
f 566//566 564//564 562//562
f 566//566 562//562 561//561
f 567//567 563//563 544//544
f 563//563 565//565 544//544
f 563//563 564//564 565//565
f 559//559 562//562 415//415
f 533//533 567//567 544//544
f 562//562 564//564 563//563
f 485//485 570//570 569//569
f 574//574 573//573 160//160
f 147//147 574//574 160//160
f 575//575 141//141 573//573
f 141//141 575//575 576//576
f 580//580 579//579 582//582
f 581//581 580//580 582//582
f 587//587 589//589 586//586
f 593//593 46//46 591//591
f 593//593 591//591 594//594
f 598//598 597//597 599//599
f 597//597 601//601 600//600
f 597//597 598//598 596//596
f 602//602 605//605 482//482
f 482//482 606//606 607//607
f 482//482 605//605 606//606
f 604//604 482//482 608//608
f 603//603 606//606 479//479
f 611//611 609//609 612//612
f 612//612 609//609 610//610
f 614//614 617//617 615//615
f 616//616 614//614 615//615
f 427//427 619//619 620//620
f 618//618 437//437 427//427
f 191//191 620//620 199//199
f 618//618 621//621 437//437
f 427//427 620//620 618//618
f 620//620 480//480 199//199
f 623//623 480//480 619//619
f 480//480 620//620 619//619
f 191//191 622//622 620//620
f 624//624 622//622 191//191
f 623//623 481//481 480//480
f 187//187 625//625 626//626
f 627//627 626//626 625//625
f 625//625 628//628 627//627
f 626//626 273//273 187//187
f 277//277 626//626 627//627
f 273//273 626//626 277//277
f 631//631 282//282 633//633
f 282//282 631//631 290//290
f 125//125 124//124 634//634
f 124//124 632//632 634//634
f 635//635 638//638 637//637
f 639//639 641//641 638//638
f 638//638 635//635 644//644
f 649//649 637//637 641//641
f 635//635 637//637 640//640
f 646//646 651//651 645//645
f 638//638 641//641 637//637
f 642//642 641//641 639//639
f 638//638 643//643 639//639
f 643//643 638//638 648//648
f 651//651 650//650 644//644
f 646//646 650//650 651//651
f 658//658 654//654 656//656
f 659//659 658//658 656//656
f 657//657 662//662 660//660
f 660//660 654//654 657//657
f 657//657 654//654 658//658
f 655//655 656//656 653//653
f 513//513 517//517 662//662
f 660//660 662//662 517//517
f 665//665 666//666 663//663
f 669//669 668//668 519//519
f 673//673 671//671 672//672
f 671//671 673//673 159//159
f 678//678 547//547 676//676
f 675//675 676//676 677//677
f 677//677 550//550 675//675
f 675//675 678//678 676//676
f 547//547 679//679 676//676
f 684//684 680//680 683//683
f 683//683 680//680 681//681
f 680//680 682//682 473//473
f 684//684 685//685 680//680
f 682//682 680//680 686//686
f 687//687 2//2 3//3
f 687//687 401//401 2//2
f 688//688 687//687 3//3
f 394//394 687//687 670//670
f 602//602 691//691 689//689
f 479//479 689//689 477//477
f 605//605 689//689 479//479
f 478//478 477//477 264//264
f 602//602 689//689 605//605
f 477//477 613//613 264//264
f 652//652 693//693 692//692
f 695//695 693//693 694//694
f 693//693 652//652 694//694
f 697//697 696//696 698//698
f 698//698 699//699 700//700
f 701//701 457//457 696//696
f 696//696 697//697 701//701
f 699//699 446//446 700//700
f 697//697 698//698 700//700
f 696//696 457//457 698//698
f 703//703 705//705 702//702
f 703//703 704//704 705//705
f 704//704 585//585 707//707
f 702//702 708//708 703//703
f 706//706 703//703 708//708
f 349//349 710//710 353//353
f 349//349 368//368 712//712
f 349//349 711//711 710//710
f 710//710 716//716 714//714
f 714//714 353//353 710//710
f 711//711 712//712 715//715
f 349//349 712//712 711//711
f 719//719 390//390 720//720
f 720//720 390//390 717//717
f 390//390 719//719 718//718
f 390//390 718//718 381//381
f 720//720 717//717 721//721
f 475//475 271//271 474//474
f 599//599 722//722 252//252
f 476//476 724//724 252//252
f 725//725 475//475 474//474
f 474//474 271//271 476//476
f 598//598 599//599 252//252
f 723//723 722//722 599//599
f 261//261 271//271 475//475
f 476//476 252//252 722//722
f 727//727 726//726 468//468
f 727//727 468//468 728//728
f 127//127 729//729 726//726
f 726//726 727//727 731//731
f 468//468 726//726 729//729
f 732//732 127//127 726//726
f 731//731 727//727 730//730
f 729//729 127//127 123//123
f 731//731 732//732 726//726
f 735//735 733//733 734//734
f 600//600 737//737 739//739
f 741//741 742//742 667//667
f 667//667 740//740 659//659
f 420//420 744//744 743//743
f 743//743 745//745 420//420
f 746//746 162//162 138//138
f 746//746 138//138 503//503
f 504//504 746//746 503//503
f 748//748 749//749 747//747
f 753//753 752//752 755//755
f 751//751 755//755 752//752
f 753//753 755//755 754//754
f 756//756 758//758 757//757
f 595//595 266//266 759//759
f 286//286 172//172 760//760
f 278//278 182//182 172//172
f 761//761 762//762 763//763
f 765//765 764//764 766//766
f 767//767 552//552 768//768
f 581//581 772//772 771//771
f 581//581 582//582 772//772
f 776//776 773//773 774//774
f 701//701 444//444 457//457
f 779//779 778//778 248//248
f 780//780 778//778 779//779
f 778//778 781//781 248//248
f 783//783 784//784 782//782
f 666//666 788//788 786//786
f 786//786 788//788 787//787
f 624//624 789//789 790//790
f 790//790 789//789 791//791
f 792//792 488//488 17//17
f 17//17 793//793 792//792
f 70//70 794//794 66//66
f 670//670 487//487 668//668
f 70//70 69//69 80//80
f 651//651 716//716 645//645
f 797//797 716//716 651//651
f 799//799 695//695 531//531
f 799//799 798//798 695//695
f 304//304 578//578 801//801
f 801//801 578//578 583//583
f 804//804 805//805 806//806
f 808//808 809//809 176//176
f 808//808 810//810 809//809
f 811//811 812//812 813//813
f 646//646 773//773 815//815
f 815//815 775//775 816//816
f 120//120 95//95 817//817
f 434//434 429//429 433//433
f 823//823 765//765 686//686
f 823//823 824//824 765//765
f 825//825 824//824 823//823
f 826//826 827//827 828//828
f 827//827 745//745 828//828
f 366//366 832//832 830//830
f 830//830 832//832 831//831
f 836//836 835//835 740//740
f 843//843 200//200 201//201
f 846//846 844//844 845//845
f 844//844 847//847 845//845
f 534//534 848//848 536//536
f 851//851 849//849 751//751
f 227//227 852//852 218//218
f 691//691 602//602 855//855
f 266//266 56//56 856//856
f 866//866 864//864 865//865
f 649//649 870//870 871//871
f 287//287 285//285 872//872
f 876//876 874//874 875//875
f 880//880 879//879 236//236
f 883//883 203//203 884//884
f 887//887 857//857 876//876
f 431//431 763//763 888//888
f 560//560 556//556 417//417
f 681//681 488//488 683//683
f 834//834 268//268 763//763
f 473//473 681//681 680//680
f 793//793 17//17 910//910
f 911//911 912//912 913//913
f 683//683 488//488 489//489
f 793//793 910//910 913//913
f 912//912 915//915 913//913
f 489//489 488//488 901//901
f 823//823 916//916 685//685
f 684//684 904//904 787//787
f 848//848 765//765 766//766
f 882//882 918//918 913//913
f 787//787 904//904 921//921
f 901//901 918//918 882//882
f 786//786 787//787 921//921
f 901//901 882//882 922//922
f 788//788 919//919 787//787
f 825//825 919//919 788//788
f 921//921 860//860 786//786
f 920//920 63//63 926//926
f 825//825 925//925 924//924
f 786//786 927//927 666//666
f 929//929 788//788 873//873
f 666//666 927//927 663//663
f 881//881 920//920 931//931
f 929//929 873//873 665//665
f 667//667 929//929 665//665
f 937//937 932//932 936//936
f 931//931 939//939 76//76
f 937//937 936//936 679//679
f 936//936 932//932 935//935
f 664//664 938//938 549//549
f 665//665 663//663 664//664
f 35//35 84//84 5//5
f 665//665 664//664 836//836
f 679//679 936//936 829//829
f 836//836 664//664 549//549
f 742//742 934//934 667//667
f 941//941 756//756 692//692
f 5//5 84//84 38//38
f 78//78 940//940 76//76
f 935//935 940//940 82//82
f 936//936 935//935 83//83
f 935//935 82//82 83//83
f 836//836 551//551 835//835
f 756//756 653//653 652//652
f 659//659 741//741 667//667
f 756//756 652//652 692//692
f 658//658 740//740 835//835
f 659//659 740//740 658//658
f 4//4 5//5 6//6
f 5//5 38//38 942//942
f 653//653 661//661 652//652
f 75//75 83//83 81//81
f 38//38 88//88 942//942
f 658//658 835//835 657//657
f 64//64 5//5 8//8
f 662//662 546//546 545//545
f 5//5 942//942 8//8
f 942//942 88//88 90//90
f 662//662 545//545 946//946
f 513//513 662//662 946//946
f 512//512 472//472 947//947
f 8//8 942//942 90//90
f 528//528 654//654 530//530
f 140//140 155//155 159//159
f 862//862 529//529 948//948
f 516//516 515//515 949//949
f 673//673 154//154 159//159
f 951//951 948//948 101//101
f 518//518 521//521 525//525
f 952//952 736//736 827//827
f 537//537 542//542 535//535
f 670//670 399//399 394//394
f 535//535 542//542 954//954
f 519//519 522//522 908//908
f 519//519 908//908 564//564
f 908//908 522//522 955//955
f 670//670 669//669 397//397
f 402//402 496//496 498//498
f 669//669 519//519 564//564
f 795//795 496//496 402//402
f 908//908 955//955 565//565
f 399//399 395//395 394//394
f 533//533 954//954 567//567
f 397//397 669//669 564//564
f 564//564 908//908 565//565
f 397//397 564//564 566//566
f 420//420 956//956 625//625
f 397//397 957//957 398//398
f 563//563 567//567 418//418
f 79//79 958//958 157//157
f 397//397 566//566 957//957
f 19//19 18//18 398//398
f 561//561 957//957 566//566
f 957//957 559//559 398//398
f 959//959 400//400 403//403
f 398//398 559//559 555//555
f 393//393 497//497 800//800
f 414//414 169//169 183//183
f 961//961 486//486 558//558
f 415//415 568//568 409//409
f 414//414 960//960 169//169
f 141//141 130//130 573//573
f 409//409 568//568 419//419
f 962//962 963//963 964//964
f 962//962 964//964 965//965
f 968//968 969//969 967//967
f 719//719 967//967 969//969
f 969//969 968//968 971//971
f 811//811 972//972 970//970
f 719//719 969//969 718//718
f 970//970 974//974 975//975
f 977//977 973//973 976//976
f 973//973 226//226 976//976
f 969//969 971//971 978//978
f 980//980 975//975 974//974
f 976//976 226//226 982//982
f 226//226 981//981 982//982
f 226//226 979//979 981//981
f 718//718 969//969 978//978
f 984//984 978//978 983//983
f 718//718 978//978 984//984
f 984//984 983//983 985//985
f 982//982 981//981 986//986
f 985//985 987//987 988//988
f 984//984 985//985 988//988
f 989//989 984//984 988//988
f 982//982 986//986 990//990
f 988//988 987//987 991//991
f 991//991 987//987 992//992
f 994//994 990//990 896//896
f 996//996 995//995 997//997
f 996//996 997//997 998//998
f 637//637 649//649 640//640
f 997//997 995//995 642//642
f 999//999 895//895 1000//1000
f 997//997 642//642 639//639
f 999//999 1000//1000 1001//1001
f 1002//1002 999//999 1001//1001
f 648//648 638//638 647//647
f 1001//1001 1004//1004 1005//1005
f 1006//1006 648//648 892//892
f 783//783 1006//1006 784//784
f 1012//1012 864//864 1013//1013
f 1010//1010 1008//1008 1011//1011
f 905//905 1006//1006 906//906
f 1016//1016 1017//1017 868//868
f 587//587 1020//1020 590//590
f 345//345 389//389 365//365
f 832//832 366//366 380//380
f 380//380 1023//1023 832//832
f 389//389 367//367 1024//1024
f 367//367 366//366 830//830
f 365//365 389//389 1024//1024
f 832//832 1023//1023 1025//1025
f 1024//1024 367//367 830//830
f 365//365 1024//1024 378//378
f 831//831 832//832 833//833
f 832//832 1025//1025 833//833
f 24//24 325//325 321//321
f 1025//1025 851//851 751//751
f 461//461 471//471 458//458
f 1032//1032 1033//1033 890//890
f 813//813 814//814 811//811
f 812//812 811//811 970//970
f 767//767 962//962 770//770
f 812//812 970//970 975//975
f 381//381 718//718 984//984
f 381//381 984//984 989//989
f 977//977 976//976 1036//1036
f 381//381 989//989 355//355
f 989//989 988//988 991//991
f 1019//1019 989//989 991//991
f 355//355 989//989 1019//1019
f 1037//1037 1036//1036 976//976
f 992//992 995//995 991//991
f 1037//1037 976//976 994//994
f 1039//1039 999//999 1040//1040
f 999//999 1002//1002 1040//1040
f 865//865 1040//1040 1002//1002
f 1003//1003 1010//1010 1007//1007
f 865//865 1002//1002 866//866
f 864//864 866//866 1013//1013
f 1009//1009 1007//1007 1010//1010
f 607//607 608//608 482//482
f 1029//1029 471//471 461//461
f 812//812 975//975 1043//1043
f 894//894 812//812 1043//1043
f 1044//1044 885//885 1045//1045
f 991//991 995//995 996//996
f 1038//1038 991//991 996//996
f 991//991 1038//1038 1046//1046
f 1019//1019 991//991 1046//1046
f 1048//1048 1019//1019 1046//1046
f 849//849 850//850 751//751
f 751//751 850//850 755//755
f 850//850 785//785 755//755
f 323//323 1021//1021 318//318
f 1002//1002 1001//1001 866//866
f 225//225 1050//1050 228//228
f 1040//1040 865//865 1050//1050
f 228//228 1050//1050 232//232
f 1050//1050 865//865 232//232
f 865//865 864//864 1052//1052
f 864//864 1012//1012 1052//1052
f 865//865 1052//1052 1051//1051
f 232//232 865//865 1051//1051
f 324//324 323//323 318//318
f 785//785 754//754 755//755
f 274//274 269//269 262//262
f 861//861 267//267 57//57
f 863//863 738//738 1056//1056
f 1061//1061 1059//1059 806//806
f 1064//1064 306//306 1063//1063
f 886//886 1070//1070 885//885
f 258//258 260//260 1072//1072
f 1075//1075 1074//1074 588//588
f 1058//1058 588//588 1059//1059
f 588//588 587//587 590//590
f 706//706 583//583 867//867
f 706//706 867//867 703//703
f 1003//1003 866//866 1001//1001
f 1003//1003 1007//1007 866//866
f 202//202 194//194 197//197
f 194//194 190//190 195//195
f 194//194 195//195 197//197
f 789//789 202//202 883//883
f 202//202 197//197 883//883
f 883//883 197//197 203//203
f 203//203 197//197 196//196
f 399//399 670//670 397//397
f 522//522 538//538 544//544
f 955//955 522//522 544//544
f 168//168 181//181 169//169
f 629//629 733//733 291//291
f 290//290 822//822 821//821
f 284//284 269//269 274//274
f 259//259 821//821 603//603
f 261//261 254//254 271//271
f 1055//1055 258//258 265//265
f 267//267 856//856 57//57
f 763//763 268//268 861//861
f 763//763 861//861 888//888
f 863//863 1056//1056 1057//1057
f 593//593 876//876 592//592
f 592//592 876//876 59//59
f 433//433 429//429 426//426
f 299//299 302//302 298//298
f 867//867 585//585 704//704
f 704//704 707//707 705//705
f 867//867 704//704 703//703
f 584//584 706//706 1066//1066
f 188//188 842//842 201//201
f 1083//1083 1067//1067 1068//1068
f 1068//1068 842//842 1083//1083
f 842//842 1068//1068 201//201
f 1069//1069 689//689 691//691
f 713//713 353//353 714//714
f 713//713 716//716 797//797
f 838//838 647//647 644//644
f 388//388 369//369 364//364
f 1085//1085 246//246 1086//1086
f 765//765 824//824 764//764
f 537//537 539//539 540//540
f 733//733 735//735 841//841
f 287//287 275//275 285//285
f 272//272 287//287 872//872
f 1055//1055 270//270 258//258
f 191//191 199//199 192//192
f 195//195 190//190 189//189
f 1086//1086 1095//1095 1088//1088
f 1088//1088 883//883 1096//1096
f 1054//1054 817//817 633//633
f 955//955 544//544 565//565
f 327//327 326//326 311//311
f 1101//1101 1084//1084 816//816
f 961//961 558//558 416//416
f 416//416 810//810 961//961
f 1079//1079 722//722 1105//1105
f 811//811 966//966 1106//1106
f 699//699 453//453 446//446
f 1105//1105 1090//1090 1080//1080
f 1108//1108 1109//1109 1110//1110
f 24//24 312//312 325//325
f 992//992 993//993 870//870
f 1113//1113 1112//1112 1114//1114
f 1113//1113 1114//1114 1116//1116
f 1115//1115 1113//1113 1117//1117
f 870//870 1115//1115 636//636
f 636//636 1115//1115 1117//1117
f 1117//1117 1113//1113 1116//1116
f 871//871 636//636 635//635
f 635//635 636//636 1117//1117
f 640//640 871//871 635//635
f 1117//1117 1116//1116 635//635
f 1116//1116 713//713 797//797
f 1116//1116 797//797 635//635
f 638//638 644//644 647//647
f 644//644 650//650 838//838
f 1096//1096 883//883 884//884
f 650//650 1084//1084 838//838
f 815//815 650//650 646//646
f 1086//1086 1088//1088 1087//1087
f 1085//1085 1119//1119 780//780
f 1118//1118 1086//1086 1087//1087
f 1118//1118 1085//1085 1086//1086
f 650//650 815//815 1084//1084
f 780//780 1119//1119 1120//1120
f 1087//1087 1088//1088 1121//1121
f 1120//1120 1119//1119 1122//1122
f 780//780 1120//1120 1123//1123
f 778//778 780//780 1123//1123
f 1101//1101 838//838 1084//1084
f 1015//1015 838//838 1101//1101
f 1026//1026 325//325 312//312
f 1115//1115 870//870 993//993
f 326//326 1026//1026 312//312
f 66//66 794//794 68//68
f 1126//1126 854//854 902//902
f 457//457 699//699 698//698
f 902//902 854//854 903//903
f 902//902 1127//1127 878//878
f 1126//1126 902//902 878//878
f 968//968 1128//1128 971//971
f 224//224 218//218 1129//1129
f 978//978 971//971 1108//1108
f 978//978 1108//1108 983//983
f 983//983 1108//1108 985//985
f 985//985 1108//1108 1110//1110
f 1132//1132 1131//1131 879//879
f 1131//1131 1133//1133 236//236
f 1132//1132 879//879 1134//1134
f 1115//1115 987//987 1113//1113
f 992//992 987//987 993//993
f 1131//1131 236//236 879//879
f 993//993 987//987 1115//1115
f 992//992 870//870 641//641
f 995//995 992//992 641//641
f 1000//1000 1135//1135 223//223
f 641//641 870//870 649//649
f 995//995 641//641 642//642
f 249//249 243//243 781//781
f 1000//1000 223//223 231//231
f 1004//1004 1000//1000 231//231
f 998//998 997//997 803//803
f 1136//1136 781//781 778//778
f 649//649 871//871 640//640
f 1008//1008 1003//1003 1005//1005
f 1010//1010 1003//1003 1008//1008
f 1136//1136 778//778 1137//1137
f 802//802 643//643 783//783
f 783//783 643//643 648//648
f 646//646 645//645 796//796
f 783//783 648//648 1006//1006
f 646//646 796//796 773//773
f 1001//1001 1000//1000 1004//1004
f 972//972 811//811 1106//1106
f 1097//1097 972//972 1106//1106
f 871//871 870//870 636//636
f 647//647 838//838 839//839
f 816//816 1084//1084 815//815
f 1001//1001 1005//1005 1003//1003
f 539//539 923//923 540//540
f 954//954 542//542 743//743
f 1139//1139 941//941 693//693
f 541//541 828//828 743//743
f 743//743 828//828 745//745
f 828//828 543//543 826//826
f 413//413 567//567 954//954
f 413//413 893//893 567//567
f 826//826 543//543 1139//1139
f 413//413 954//954 744//744
f 410//410 893//893 413//413
f 1139//1139 693//693 944//944
f 1053//1053 1139//1139 944//944
f 826//826 1139//1139 1053//1053
f 952//952 826//826 1053//1053
f 694//694 532//532 695//695
f 695//695 532//532 531//531
f 413//413 744//744 406//406
f 406//406 744//744 420//420
f 952//952 944//944 1140//1140
f 952//952 1140//1140 735//735
f 736//736 952//952 735//735
f 736//736 735//735 734//734
f 953//953 734//734 628//628
f 1054//1054 1140//1140 818//818
f 735//735 1140//1140 1054//1054
f 627//627 628//628 734//734
f 960//960 630//630 174//174
f 735//735 1054//1054 841//841
f 120//120 113//113 96//96
f 1054//1054 818//818 817//817
f 734//734 733//733 629//629
f 630//630 625//625 174//174
f 627//627 734//734 629//629
f 120//120 96//96 95//95
f 174//174 625//625 187//187
f 174//174 187//187 172//172
f 282//282 840//840 633//633
f 292//292 629//629 291//291
f 840//840 282//282 293//293
f 633//633 632//632 631//631
f 1081//1081 634//634 632//632
f 283//283 293//293 282//282
f 276//276 277//277 292//292
f 121//121 1141//1141 732//732
f 731//731 121//121 732//732
f 631//631 632//632 290//290
f 732//732 1141//1141 127//127
f 632//632 124//124 730//730
f 289//289 1142//1142 273//273
f 290//290 632//632 822//822
f 284//284 290//290 263//263
f 269//269 284//284 263//263
f 276//276 284//284 274//274
f 280//280 1142//1142 289//289
f 729//729 13//13 468//468
f 259//259 263//263 821//821
f 455//455 278//278 279//279
f 454//454 278//278 455//455
f 482//482 604//604 602//602
f 602//602 604//604 855//855
f 264//264 613//613 1055//1055
f 1077//1077 725//725 474//474
f 264//264 1055//1055 253//253
f 270//270 611//611 260//260
f 253//253 265//265 26//26
f 834//834 596//596 268//268
f 610//610 1144//1144 1071//1071
f 267//267 266//266 856//856
f 1144//1144 1146//1146 1071//1071
f 750//750 1145//1145 1147//1147
f 1071//1071 1146//1146 1073//1073
f 1072//1072 1148//1148 594//594
f 595//595 1072//1072 594//594
f 595//595 594//594 591//591
f 1148//1148 1073//1073 594//594
f 1145//1145 1149//1149 1147//1147
f 434//434 763//763 431//431
f 1147//1147 1149//1149 1150//1150
f 1152//1152 1147//1147 1151//1151
f 888//888 432//432 431//431
f 1147//1147 1150//1150 1151//1151
f 53//53 43//43 42//42
f 46//46 55//55 47//47
f 16//16 1151//1151 1153//1153
f 1082//1082 1057//1057 435//435
f 1150//1150 1153//1153 1151//1151
f 1150//1150 52//52 1154//1154
f 1082//1082 435//435 437//437
f 1150//1150 1154//1154 1153//1153
f 49//49 44//44 60//60
f 1155//1155 422//422 424//424
f 619//619 1155//1155 424//424
f 297//297 60//60 857//857
f 436//436 1153//1153 1156//1156
f 295//295 305//305 296//296
f 1154//1154 58//58 1158//1158
f 1156//1156 1153//1153 1154//1154
f 887//887 1157//1157 857//857
f 54//54 295//295 1158//1158
f 424//424 1159//1159 623//623
f 857//857 1157//1157 1160//1160
f 424//424 623//623 619//619
f 58//58 54//54 1158//1158
f 436//436 1156//1156 1159//1159
f 297//297 857//857 307//307
f 621//621 1094//1094 1161//1161
f 621//621 618//618 1094//1094
f 857//857 1160//1160 307//307
f 1156//1156 1154//1154 1158//1158
f 297//297 307//307 302//302
f 294//294 297//297 302//302
f 1158//1158 295//295 300//300
f 1162//1162 1158//1158 300//300
f 1159//1159 1156//1156 1158//1158
f 618//618 620//620 622//622
f 1159//1159 1158//1158 1164//1164
f 1094//1094 618//618 622//622
f 623//623 1159//1159 1165//1165
f 580//580 581//581 1166//1166
f 1162//1162 300//300 303//303
f 192//192 199//199 480//480
f 1094//1094 622//622 624//624
f 307//307 1160//1160 578//578
f 1159//1159 1164//1164 1165//1165
f 481//481 623//623 1165//1165
f 298//298 301//301 306//306
f 1158//1158 1162//1162 1164//1164
f 578//578 1160//1160 579//579
f 480//480 481//481 192//192
f 304//304 307//307 578//578
f 801//801 301//301 304//304
f 193//193 192//192 481//481
f 577//577 578//578 579//579
f 1164//1164 1162//1162 1083//1083
f 789//789 624//624 202//202
f 585//585 580//580 1167//1167
f 303//303 306//306 1064//1064
f 1162//1162 303//303 1064//1064
f 624//624 191//191 194//194
f 301//301 801//801 306//306
f 580//580 1166//1166 1167//1167
f 577//577 579//579 585//585
f 1164//1164 1083//1083 1165//1165
f 481//481 1165//1165 842//842
f 624//624 194//194 202//202
f 1083//1083 1162//1162 1064//1064
f 1165//1165 1083//1083 842//842
f 1083//1083 1064//1064 1067//1067
f 583//583 577//577 867//867
f 584//584 583//583 706//706
f 193//193 481//481 842//842
f 193//193 842//842 188//188
f 867//867 577//577 585//585
f 821//821 263//263 290//290
f 253//253 1055//1055 265//265
f 124//124 731//731 730//730
f 402//402 400//400 795//795
f 826//826 952//952 827//827
f 533//533 535//535 954//954
f 744//744 954//954 743//743
f 568//568 562//562 563//563
f 556//556 559//559 415//415
f 827//827 953//953 745//745
f 567//567 893//893 418//418
f 959//959 403//403 486//486
f 633//633 817//817 1081//1081
f 953//953 827//827 734//734
f 420//420 745//745 956//956
f 568//568 563//563 418//418
f 745//745 953//953 956//956
f 959//959 486//486 961//961
f 568//568 418//418 419//419
f 418//418 404//404 419//419
f 408//408 556//556 415//415
f 953//953 628//628 956//956
f 633//633 1081//1081 632//632
f 406//406 420//420 414//414
f 556//556 408//408 417//417
f 414//414 420//420 960//960
f 412//412 406//406 414//414
f 960//960 420//420 630//630
f 956//956 628//628 625//625
f 291//291 733//733 841//841
f 574//574 147//147 961//961
f 412//412 414//414 183//183
f 841//841 840//840 291//291
f 840//840 293//293 291//291
f 411//411 1168//1168 184//184
f 407//407 411//411 184//184
f 961//961 810//810 574//574
f 405//405 412//412 183//183
f 180//180 405//405 837//837
f 405//405 183//183 837//837
f 411//411 180//180 1168//1168
f 627//627 629//629 277//277
f 822//822 632//632 607//607
f 170//170 1168//1168 180//180
f 574//574 810//810 1169//1169
f 822//822 607//607 821//821
f 629//629 292//292 277//277
f 821//821 607//607 606//606
f 183//183 169//169 837//837
f 184//184 1168//1168 173//173
f 837//837 169//169 181//181
f 180//180 837//837 181//181
f 170//170 180//180 167//167
f 821//821 606//606 603//603
f 1168//1168 170//170 173//173
f 180//180 181//181 164//164
f 172//172 187//187 760//760
f 165//165 172//172 182//182
f 603//603 479//479 478//478
f 187//187 273//273 760//760
f 760//760 273//273 1142//1142
f 259//259 603//603 255//255
f 269//269 263//263 255//255
f 255//255 603//603 478//478
f 166//166 163//163 179//179
f 172//172 286//286 278//278
f 175//175 182//182 278//278
f 286//286 760//760 1142//1142
f 285//285 288//288 616//616
f 477//477 690//690 613//613
f 255//255 478//478 264//264
f 179//179 163//163 186//186
f 690//690 611//611 613//613
f 255//255 264//264 254//254
f 286//286 1142//1142 280//280
f 171//171 175//175 278//278
f 613//613 611//611 270//270
f 262//262 261//261 475//475
f 616//616 262//262 475//475
f 186//186 171//171 454//454
f 254//254 264//264 251//251
f 1055//1055 613//613 270//270
f 285//285 616//616 872//872
f 451//451 179//179 440//440
f 616//616 475//475 725//725
f 251//251 264//264 253//253
f 179//179 186//186 440//440
f 1089//1089 272//272 872//872
f 171//171 278//278 454//454
f 450//450 448//448 1172//1172
f 614//614 616//616 725//725
f 872//872 616//616 615//615
f 279//279 272//272 452//452
f 441//441 443//443 1173//1173
f 724//724 476//476 271//271
f 272//272 1089//1089 452//452
f 1089//1089 872//872 1174//1174
f 448//448 442//442 1172//1172
f 27//27 253//253 26//26
f 265//265 258//258 266//266
f 617//617 872//872 615//615
f 1173//1173 443//443 452//452
f 474//474 476//476 722//722
f 441//441 1173//1173 1176//1176
f 614//614 725//725 1077//1077
f 452//452 1089//1089 1174//1174
f 442//442 441//441 1177//1177
f 1177//1177 441//441 1176//1176
f 1172//1172 442//442 1175//1175
f 1174//1174 872//872 617//617
f 1175//1175 442//442 1177//1177
f 266//266 595//595 56//56
f 1077//1077 474//474 1079//1079
f 856//856 56//56 50//50
f 474//474 722//722 1079//1079
f 617//617 614//614 1077//1077
f 1078//1078 1077//1077 1079//1079
f 1104//1104 1077//1077 1078//1078
f 617//617 1077//1077 1104//1104
f 1178//1178 1172//1172 1175//1175
f 452//452 1174//1174 617//617
f 617//617 1104//1104 1179//1179
f 268//268 267//267 861//861
f 256//256 596//596 598//598
f 722//722 723//723 1090//1090
f 452//452 617//617 1179//1179
f 723//723 599//599 739//739
f 50//50 56//56 53//53
f 1105//1105 722//722 1090//1090
f 1173//1173 452//452 1180//1180
f 739//739 599//599 597//597
f 1175//1175 1177//1177 1181//1181
f 1104//1104 1078//1078 1182//1182
f 1078//1078 1079//1079 1105//1105
f 1183//1183 1176//1176 1173//1173
f 739//739 597//597 600//600
f 452//452 1179//1179 1180//1180
f 1184//1184 1173//1173 1180//1180
f 1177//1177 1176//1176 1183//1183
f 1182//1182 1078//1078 1105//1105
f 1179//1179 1185//1185 1180//1180
f 1178//1178 1175//1175 1181//1181
f 1080//1080 723//723 739//739
f 1177//1177 1183//1183 1181//1181
f 1185//1185 1179//1179 1104//1104
f 834//834 763//763 762//762
f 1173//1173 1184//1184 1183//1183
f 597//597 596//596 601//601
f 596//596 834//834 601//601
f 747//747 750//750 438//438
f 1185//1185 1104//1104 1188//1188
f 1188//1188 1104//1104 1182//1182
f 1178//1178 1181//1181 1186//1186
f 861//861 748//748 888//888
f 1184//1184 1180//1180 1189//1189
f 748//748 747//747 438//438
f 601//601 834//834 762//762
f 1187//1187 1105//1105 1080//1080
f 1183//1183 1184//1184 1192//1192
f 1105//1105 1187//1187 1182//1182
f 1189//1189 1180//1180 1185//1185
f 1191//1191 1183//1183 1192//1192
f 888//888 748//748 432//432
f 601//601 762//762 761//761
f 1191//1191 1181//1181 1183//1183
f 1186//1186 1181//1181 1193//1193
f 1192//1192 1184//1184 1189//1189
f 1193//1193 1181//1181 1191//1191
f 1187//1187 1080//1080 853//853
f 971//971 1128//1128 1109//1109
f 1080//1080 739//739 737//737
f 748//748 438//438 432//432
f 1186//1186 1193//1193 1195//1195
f 1182//1182 1187//1187 853//853
f 1188//1188 1182//1182 1196//1196
f 1196//1196 1182//1182 853//853
f 1192//1192 1189//1189 1091//1091
f 1185//1185 1188//1188 1194//1194
f 1080//1080 737//737 853//853
f 1188//1188 1196//1196 1194//1194
f 1193//1193 1191//1191 1197//1197
f 763//763 434//434 761//761
f 438//438 1147//1147 1152//1152
f 600//600 601//601 737//737
f 1189//1189 1185//1185 858//858
f 384//384 1192//1192 382//382
f 1192//1192 1091//1091 382//382
f 858//858 1185//1185 1107//1107
f 1091//1091 1189//1189 858//858
f 1107//1107 1185//1185 1194//1194
f 601//601 761//761 1056//1056
f 738//738 601//601 1056//1056
f 1128//1128 1193//1193 1109//1109
f 737//737 601//601 738//738
f 1199//1199 853//853 737//737
f 1191//1191 1192//1192 384//384
f 438//438 1152//1152 428//428
f 384//384 1197//1197 1191//1191
f 1109//1109 1193//1193 1198//1198
f 854//854 853//853 1199//1199
f 1198//1198 1193//1193 1197//1197
f 1194//1194 1196//1196 1107//1107
f 1126//1126 853//853 854//854
f 761//761 434//434 1056//1056
f 1199//1199 737//737 1200//1200
f 737//737 738//738 1200//1200
f 386//386 1091//1091 858//858
f 1197//1197 384//384 376//376
f 1152//1152 1151//1151 16//16
f 430//430 426//426 429//429
f 1091//1091 386//386 382//382
f 1109//1109 1198//1198 1201//1201
f 428//428 1152//1152 16//16
f 1196//1196 853//853 1126//1126
f 1056//1056 434//434 433//433
f 1198//1198 376//376 377//377
f 1107//1107 1196//1196 485//485
f 1201//1201 1198//1198 377//377
f 428//428 16//16 15//15
f 854//854 1199//1199 1200//1200
f 1114//1114 1109//1109 1201//1201
f 1056//1056 433//433 1057//1057
f 1110//1110 1109//1109 1112//1112
f 16//16 1153//1153 436//436
f 738//738 863//863 1200//1200
f 1202//1202 854//854 1200//1200
f 1196//1196 1126//1126 1098//1098
f 1196//1196 1098//1098 485//485
f 1109//1109 1114//1114 1112//1112
f 426//426 421//421 433//433
f 903//903 854//854 1202//1202
f 20//20 383//383 348//348
f 1201//1201 377//377 1114//1114
f 377//377 20//20 346//346
f 1203//1203 863//863 1057//1057
f 1057//1057 433//433 435//435
f 485//485 1098//1098 570//570
f 1200//1200 863//863 1203//1203
f 1114//1114 377//377 338//338
f 1203//1203 1057//1057 1082//1082
f 1202//1202 1200//1200 1204//1204
f 424//424 436//436 1159//1159
f 423//423 422//422 427//427
f 1114//1114 338//338 351//351
f 422//422 1155//1155 427//427
f 1200//1200 1203//1203 1204//1204
f 903//903 1202//1202 1127//1127
f 1116//1116 1114//1114 351//351
f 1203//1203 1082//1082 1207//1207
f 1205//1205 1202//1202 1204//1204
f 427//427 1155//1155 619//619
f 1082//1082 437//437 621//621
f 1206//1206 1082//1082 621//621
f 1127//1127 1202//1202 1205//1205
f 1204//1204 1203//1203 1207//1207
f 347//347 345//345 359//359
f 345//345 369//369 359//359
f 1082//1082 1206//1206 1207//1207
f 1205//1205 1204//1204 1208//1208
f 713//713 714//714 716//716
f 1208//1208 1204//1204 1207//1207
f 716//716 710//710 1209//1209
f 1207//1207 1206//1206 1111//1111
f 1208//1208 1207//1207 1111//1111
f 1209//1209 710//710 711//711
f 1205//1205 1208//1208 1210//1210
f 1209//1209 711//711 715//715
f 1206//1206 621//621 1093//1093
f 1208//1208 1111//1111 1211//1211
f 1093//1093 621//621 1161//1161
f 716//716 1209//1209 645//645
f 645//645 1209//1209 796//796
f 1092//1092 1206//1206 1093//1093
f 1111//1111 1206//1206 1092//1092
f 1209//1209 715//715 796//796
f 1093//1093 1161//1161 1094//1094
f 1210//1210 1208//1208 1212//1212
f 712//712 368//368 1213//1213
f 1111//1111 1092//1092 1163//1163
f 1211//1211 1111//1111 1163//1163
f 1208//1208 1211//1211 1212//1212
f 388//388 361//361 360//360
f 1212//1212 1211//1211 1215//1215
f 1214//1214 715//715 712//712
f 796//796 715//715 1214//1214
f 1213//1213 368//368 360//360
f 1093//1093 1094//1094 790//790
f 1212//1212 1215//1215 1216//1216
f 1092//1092 1093//1093 790//790
f 1211//1211 1163//1163 1215//1215
f 1215//1215 1163//1163 1217//1217
f 796//796 1214//1214 773//773
f 1094//1094 624//624 790//790
f 1214//1214 712//712 1218//1218
f 1218//1218 712//712 1213//1213
f 1092//1092 790//790 1163//1163
f 234//234 1219//1219 248//248
f 28//28 234//234 248//248
f 240//240 28//28 248//248
f 1214//1214 1218//1218 773//773
f 1219//1219 234//234 235//235
f 1213//1213 360//360 362//362
f 1218//1218 1213//1213 371//371
f 371//371 1213//1213 362//362
f 1163//1163 790//790 791//791
f 235//235 237//237 1085//1085
f 1218//1218 371//371 391//391
f 773//773 1218//1218 774//774
f 1219//1219 235//235 780//780
f 774//774 1218//1218 391//391
f 248//248 1219//1219 780//780
f 248//248 781//781 240//240
f 1217//1217 1163//1163 791//791
f 235//235 1085//1085 780//780
f 237//237 246//246 1085//1085
f 246//246 1217//1217 791//791
f 248//248 780//780 779//779
f 791//791 789//789 1095//1095
f 1095//1095 789//789 1088//1088
f 246//246 791//791 1095//1095
f 789//789 883//883 1088//1088
f 383//383 20//20 376//376
f 243//243 240//240 781//781
f 971//971 1109//1109 1108//1108
f 736//736 734//734 827//827
f 633//633 841//841 1054//1054
f 856//856 50//50 57//57
f 944//944 943//943 1140//1140
f 625//625 630//630 420//420
f 893//893 410//410 418//418
f 169//169 960//960 174//174
f 454//454 455//455 447//447
f 943//943 818//818 1140//1140
f 750//750 1147//1147 438//438
f 952//952 1053//1053 944//944
f 840//840 841//841 633//633
f 1081//1081 817//817 125//125
f 262//262 288//288 274//274
f 616//616 288//288 262//262
f 125//125 817//817 95//95
f 634//634 1081//1081 125//125
f 114//114 105//105 127//127
f 102//102 108//108 1220//1220
f 100//100 30//30 31//31
f 1220//1220 1221//1221 1223//1223
f 1220//1220 1223//1223 1224//1224
f 121//121 114//114 1141//1141
f 251//251 724//724 271//271
f 100//100 31//31 14//14
f 252//252 724//724 251//251
f 607//607 632//632 608//608
f 271//271 254//254 251//251
f 123//123 100//100 14//14
f 1141//1141 114//114 127//127
f 1029//1029 104//104 98//98
f 98//98 118//118 1029//1029
f 608//608 730//730 604//604
f 729//729 123//123 13//13
f 123//123 14//14 13//13
f 800//800 497//497 499//499
f 604//604 730//730 727//727
f 728//728 468//468 467//467
f 598//598 252//252 256//256
f 118//118 103//103 1029//1029
f 104//104 1029//1029 460//460
f 462//462 469//469 470//470
f 479//479 606//606 605//605
f 460//460 1029//1029 461//461
f 463//463 465//465 466//466
f 250//250 596//596 256//256
f 727//727 728//728 604//604
f 462//462 464//464 459//459
f 466//466 465//465 1226//1226
f 690//690 477//477 609//609
f 609//609 477//477 689//689
f 268//268 596//596 250//250
f 459//459 464//464 1227//1227
f 611//611 690//690 609//609
f 1228//1228 459//459 1227//1227
f 1226//1226 465//465 459//459
f 553//553 554//554 552//552
f 1230//1230 459//459 1229//1229
f 459//459 1230//1230 1226//1226
f 609//609 689//689 610//610
f 459//459 1228//1228 1229//1229
f 689//689 1069//1069 1144//1144
f 552//552 554//554 768//768
f 604//604 728//728 855//855
f 467//467 466//466 1231//1231
f 1230//1230 466//466 1226//1226
f 728//728 467//467 1233//1233
f 611//611 612//612 260//260
f 691//691 855//855 1143//1143
f 1228//1228 1227//1227 1234//1234
f 1231//1231 466//466 1230//1230
f 1233//1233 467//467 1231//1231
f 1069//1069 691//691 1143//1143
f 1233//1233 855//855 728//728
f 1144//1144 1069//1069 1146//1146
f 1235//1235 1230//1230 1229//1229
f 1235//1235 1229//1229 1237//1237
f 266//266 258//258 759//759
f 612//612 610//610 260//260
f 1228//1228 1234//1234 1237//1237
f 750//750 747//747 1145//1145
f 767//767 768//768 769//769
f 1229//1229 1228//1228 1237//1237
f 1227//1227 1236//1236 1234//1234
f 748//748 861//861 57//57
f 1233//1233 1231//1231 1238//1238
f 855//855 1233//1233 1143//1143
f 260//260 610//610 1071//1071
f 1238//1238 1231//1231 1230//1230
f 1230//1230 1235//1235 886//886
f 552//552 767//767 770//770
f 1148//1148 260//260 1071//1071
f 1143//1143 1233//1233 1239//1239
f 1072//1072 260//260 1148//1148
f 1069//1069 1143//1143 1146//1146
f 1145//1145 747//747 1149//1149
f 1240//1240 1238//1238 1230//1230
f 747//747 749//749 1149//1149
f 1230//1230 886//886 1240//1240
f 1234//1234 1236//1236 1242//1242
f 1243//1243 1235//1235 1237//1237
f 595//595 759//759 1072//1072
f 1240//1240 886//886 1044//1044
f 748//748 57//57 749//749
f 1242//1242 1236//1236 1241//1241
f 886//886 1235//1235 1070//1070
f 1143//1143 1239//1239 1245//1245
f 1146//1146 1143//1143 1245//1245
f 1243//1243 1237//1237 1234//1234
f 1235//1235 1243//1243 1070//1070
f 48//48 57//57 42//42
f 749//749 57//57 48//48
f 1234//1234 1242//1242 1243//1243
f 886//886 885//885 1044//1044
f 1244//1244 1233//1233 1238//1238
f 56//56 595//595 591//591
f 1149//1149 749//749 48//48
f 1244//1244 1238//1238 1246//1246
f 1148//1148 1071//1071 1073//1073
f 1239//1239 1233//1233 1244//1244
f 1241//1241 770//770 1247//1247
f 1242//1242 1241//1241 1247//1247
f 885//885 1070//1070 1045//1045
f 1248//1248 1239//1239 1244//1244
f 1240//1240 1044//1044 1249//1249
f 1243//1243 1242//1242 1250//1250
f 1238//1238 1240//1240 1246//1246
f 1073//1073 1146//1146 1245//1245
f 1240//1240 1249//1249 1246//1246
f 1239//1239 1248//1248 1245//1245
f 1070//1070 1243//1243 1252//1252
f 1044//1044 1045//1045 1254//1254
f 56//56 591//591 53//53
f 1250//1250 1242//1242 1253//1253
f 1242//1242 1247//1247 1253//1253
f 591//591 46//46 53//53
f 1243//1243 1250//1250 1255//1255
f 1150//1150 1149//1149 48//48
f 1243//1243 1255//1255 1252//1252
f 1045//1045 1070//1070 1252//1252
f 1244//1244 1246//1246 1248//1248
f 1249//1249 1044//1044 1254//1254
f 1256//1256 1073//1073 1245//1245
f 1254//1254 1045//1045 1075//1075
f 1255//1255 1250//1250 1253//1253
f 1150//1150 48//48 52//52
f 594//594 1073//1073 874//874
f 1245//1245 1248//1248 1017//1017
f 1252//1252 1255//1255 1074//1074
f 1075//1075 1045//1045 1074//1074
f 1253//1253 1247//1247 1257//1257
f 51//51 43//43 45//45
f 1045//1045 1252//1252 1074//1074
f 1256//1256 1245//1245 1017//1017
f 1073//1073 1256//1256 874//874
f 1261//1261 1246//1246 1249//1249
f 1260//1260 1249//1249 1254//1254
f 1258//1258 1248//1248 1246//1246
f 46//46 593//593 55//55
f 1260//1260 1254//1254 1259//1259
f 593//593 594//594 874//874
f 1254//1254 1075//1075 1259//1259
f 1017//1017 1248//1248 868//868
f 593//593 592//592 55//55
f 51//51 45//45 52//52
f 1257//1257 1247//1247 1262//1262
f 1248//1248 1258//1258 868//868
f 1261//1261 1249//1249 1260//1260
f 1263//1263 1246//1246 1261//1261
f 1253//1253 1257//1257 589//589
f 1074//1074 1255//1255 588//588
f 875//875 1256//1256 1017//1017
f 875//875 1017//1017 1016//1016
f 1262//1262 1036//1036 1037//1037
f 874//874 1256//1256 875//875
f 876//876 593//593 874//874
f 52//52 45//45 58//58
f 1154//1154 52//52 58//58
f 55//55 592//592 59//59
f 589//589 1255//1255 1253//1253
f 1265//1265 875//875 1016//1016
f 1266//1266 1262//1262 1037//1037
f 1257//1257 1262//1262 1264//1264
f 1258//1258 1246//1246 1263//1263
f 1264//1264 1262//1262 1266//1266
f 1258//1258 1263//1263 869//869
f 868//868 1258//1258 869//869
f 869//869 1263//1263 1018//1018
f 1267//1267 1016//1016 868//868
f 1016//1016 1267//1267 1265//1265
f 55//55 59//59 44//44
f 868//868 869//869 1268//1268
f 589//589 587//587 588//588
f 1267//1267 868//868 1268//1268
f 1264//1264 1020//1020 586//586
f 1263//1263 1261//1261 1260//1260
f 54//54 49//49 305//305
f 876//876 875//875 1269//1269
f 587//587 586//586 1020//1020
f 295//295 54//54 305//305
f 1269//1269 875//875 1265//1265
f 1266//1266 1037//1037 1270//1270
f 887//887 876//876 1269//1269
f 60//60 59//59 876//876
f 1020//1020 1264//1264 1022//1022
f 1267//1267 1268//1268 1271//1271
f 60//60 876//876 857//857
f 305//305 49//49 296//296
f 1264//1264 1266//1266 807//807
f 1022//1022 1264//1264 807//807
f 1268//1268 869//869 1272//1272
f 1266//1266 1270//1270 807//807
f 590//590 1020//1020 806//806
f 1265//1265 1267//1267 772//772
f 1271//1271 1268//1268 1272//1272
f 1267//1267 1271//1271 771//771
f 772//772 1269//1269 1265//1265
f 1022//1022 807//807 804//804
f 806//806 1020//1020 1022//1022
f 887//887 1269//1269 772//772
f 1022//1022 804//804 806//806
f 772//772 1267//1267 771//771
f 887//887 772//772 1157//1157
f 1272//1272 1273//1273 1271//1271
f 1272//1272 1274//1274 1273//1273
f 771//771 1271//1271 1273//1273
f 807//807 1270//1270 1275//1275
f 772//772 582//582 1157//1157
f 1270//1270 1039//1039 1275//1275
f 1277//1277 771//771 1273//1273
f 1076//1076 807//807 1275//1275
f 581//581 771//771 1278//1278
f 1277//1277 1273//1273 1276//1276
f 579//579 1160//1160 1157//1157
f 1277//1277 1276//1276 1280//1280
f 1278//1278 771//771 1281//1281
f 212//212 1279//1279 225//225
f 1281//1281 771//771 1277//1277
f 1282//1282 1277//1277 1280//1280
f 1275//1275 1039//1039 1040//1040
f 581//581 1278//1278 1166//1166
f 1279//1279 1275//1275 225//225
f 1275//1275 1040//1040 1050//1050
f 579//579 580//580 585//585
f 1275//1275 1050//1050 225//225
f 22//22 23//23 329//329
f 23//23 25//25 329//329
f 1166//1166 1278//1278 1281//1281
f 313//313 329//329 314//314
f 1277//1277 1282//1282 1281//1281
f 1282//1282 1280//1280 333//333
f 1281//1281 1282//1282 333//333
f 329//329 25//25 330//330
f 314//314 329//329 330//330
f 334//334 1281//1281 333//333
f 1166//1166 1281//1281 334//334
f 585//585 1167//1167 707//707
f 25//25 319//319 317//317
f 1166//1166 334//334 1167//1167
f 314//314 330//330 328//328
f 330//330 317//317 907//907
f 1284//1284 1167//1167 334//334
f 705//705 707//707 1285//1285
f 330//330 907//907 328//328
f 1167//1167 1284//1284 1285//1285
f 707//707 1167//1167 1285//1285
f 709//709 1285//1285 1284//1284
f 907//907 317//317 316//316
f 334//334 1283//1283 899//899
f 899//899 1284//1284 334//334
f 328//328 907//907 1283//1283
f 709//709 1284//1284 899//899
f 705//705 1285//1285 709//709
f 1018//1018 1272//1272 869//869
f 328//328 1283//1283 334//334
f 22//22 329//329 313//313
f 582//582 579//579 1157//1157
f 632//632 730//730 608//608
f 689//689 1144//1144 610//610
f 258//258 1072//1072 759//759
f 257//257 267//267 268//268
f 1052//1052 1013//1013 1287//1287
f 1286//1286 1138//1138 1289//1289
f 1013//1013 1286//1286 1289//1289
f 1287//1287 1013//1013 1289//1289
f 1138//1138 1288//1288 1289//1289
f 1290//1290 1052//1052 1287//1287
f 1291//1291 1052//1052 1290//1290
f 1291//1291 1290//1290 1293//1293
f 1287//1287 1289//1289 1292//1292
f 1290//1290 1287//1287 1292//1292
f 228//228 1291//1291 213//213
f 1291//1291 1293//1293 213//213
f 1293//1293 1290//1290 222//222
f 213//213 1293//1293 222//222
f 1290//1290 1292//1292 222//222
f 222//222 1292//1292 210//210
f 12//12 213//213 222//222
f 222//222 210//210 205//205
f 1295//1295 844//844 1296//1296
f 12//12 222//222 205//205
f 1294//1294 1295//1295 1297//1297
f 1296//1296 1298//1298 1295//1295
f 1297//1297 1295//1295 1298//1298
f 1296//1296 844//844 1299//1299
f 229//229 1294//1294 1297//1297
f 1300//1300 1299//1299 721//721
f 1296//1296 1299//1299 1300//1300
f 1298//1298 1296//1296 1302//1302
f 1296//1296 1300//1300 1302//1302
f 1297//1297 1298//1298 1303//1303
f 1300//1300 721//721 717//717
f 1298//1298 1302//1302 1303//1303
f 230//230 1297//1297 1303//1303
f 217//217 230//230 1304//1304
f 230//230 1303//1303 1306//1306
f 1305//1305 1301//1301 906//906
f 1302//1302 1300//1300 1307//1307
f 1300//1300 717//717 1307//1307
f 906//906 1014//1014 1308//1308
f 1304//1304 230//230 1306//1306
f 1307//1307 717//717 1311//1311
f 1303//1303 1302//1302 1307//1307
f 1306//1306 1303//1303 1307//1307
f 1310//1310 215//215 217//217
f 906//906 1308//1308 1305//1305
f 752//752 1301//1301 1312//1312
f 1304//1304 1306//1306 1309//1309
f 1310//1310 217//217 1314//1314
f 1304//1304 1313//1313 217//217
f 1306//1306 1307//1307 1309//1309
f 1311//1311 717//717 387//387
f 1312//1312 1301//1301 1315//1315
f 1316//1316 1309//1309 1307//1307
f 217//217 1313//1313 1314//1314
f 1305//1305 1308//1308 775//775
f 1301//1301 1305//1305 1315//1315
f 1317//1317 1304//1304 1309//1309
f 1304//1304 1317//1317 1313//1313
f 775//775 1308//1308 816//816
f 1316//1316 1307//1307 1311//1311
f 1315//1315 1305//1305 1322//1322
f 1309//1309 1320//1320 1317//1317
f 1318//1318 1310//1310 1314//1314
f 387//387 356//356 363//363
f 1314//1314 1313//1313 1321//1321
f 1311//1311 387//387 363//363
f 1309//1309 1316//1316 1323//1323
f 1321//1321 1313//1313 1317//1317
f 1311//1311 363//363 1316//1316
f 1321//1321 1317//1317 1325//1325
f 1314//1314 1321//1321 1326//1326
f 1309//1309 1323//1323 1320//1320
f 1318//1318 1314//1314 1326//1326
f 1324//1324 1318//1318 1326//1326
f 1305//1305 775//775 1322//1322
f 1327//1327 1027//1027 1312//1312
f 1316//1316 363//363 1328//1328
f 1323//1323 1316//1316 1328//1328
f 1312//1312 1315//1315 1329//1329
f 1321//1321 1325//1325 1330//1330
f 1325//1325 1317//1317 1320//1320
f 1322//1322 775//775 776//776
f 1315//1315 1322//1322 1329//1329
f 363//363 357//357 1328//1328
f 1332//1332 1323//1323 1328//1328
f 1325//1325 1320//1320 1333//1333
f 1326//1326 1321//1321 1330//1330
f 1335//1335 1329//1329 1322//1322
f 1323//1323 1332//1332 1331//1331
f 1337//1337 1324//1324 1326//1326
f 1327//1327 1312//1312 1338//1338
f 1320//1320 1323//1323 1333//1333
f 1338//1338 1312//1312 1329//1329
f 352//352 1328//1328 357//357
f 1334//1334 1336//1336 1339//1339
f 352//352 357//357 339//339
f 1333//1333 1323//1323 1331//1331
f 309//309 1334//1334 1339//1339
f 1326//1326 1330//1330 1337//1337
f 1338//1338 1329//1329 1335//1335
f 1325//1325 1333//1333 1340//1340
f 1330//1330 1325//1325 1340//1340
f 1341//1341 1333//1333 1331//1331
f 332//332 309//309 1339//1339
f 1342//1342 1330//1330 1340//1340
f 1341//1341 1331//1331 1343//1343
f 1335//1335 1322//1322 774//774
f 1332//1332 1328//1328 1344//1344
f 1337//1337 1330//1330 1345//1345
f 1331//1331 1332//1332 1344//1344
f 1026//1026 327//327 1336//1336
f 1344//1344 1328//1328 1346//1346
f 332//332 1339//1339 1347//1347
f 1343//1343 1331//1331 1344//1344
f 1328//1328 352//352 1346//1346
f 379//379 1338//1338 392//392
f 1338//1338 1335//1335 392//392
f 1342//1342 1340//1340 1333//1333
f 1335//1335 774//774 391//391
f 1342//1342 1333//1333 1341//1341
f 1346//1346 352//352 358//358
f 1339//1339 1336//1336 1349//1349
f 372//372 379//379 392//392
f 332//332 1347//1347 1351//1351
f 1343//1343 1344//1344 1350//1350
f 1344//1344 1346//1346 1350//1350
f 1349//1349 1336//1336 1348//1348
f 1347//1347 1339//1339 1349//1349
f 1335//1335 391//391 375//375
f 370//370 392//392 375//375
f 374//374 392//392 370//370
f 392//392 1335//1335 375//375
f 1346//1346 358//358 484//484
f 1346//1346 484//484 1350//1350
f 1352//1352 1343//1343 1350//1350
f 1347//1347 1349//1349 1353//1353
f 1349//1349 1348//1348 1355//1355
f 1351//1351 1347//1347 1356//1356
f 1350//1350 484//484 483//483
f 358//358 341//341 571//571
f 1353//1353 1349//1349 1355//1355
f 571//571 341//341 859//859
f 1356//1356 1347//1347 1353//1353
f 1350//1350 483//483 1352//1352
f 859//859 341//341 385//385
f 1353//1353 1355//1355 1358//1358
f 1360//1360 1356//1356 1353//1353
f 1359//1359 1352//1352 483//483
f 899//899 1356//1356 1360//1360
f 1362//1362 1363//1363 1364//1364
f 1358//1358 1355//1355 1362//1362
f 1360//1360 1353//1353 1361//1361
f 1361//1361 1353//1353 1358//1358
f 1358//1358 1362//1362 1366//1366
f 1361//1361 1358//1358 1365//1365
f 1364//1364 1367//1367 1368//1368
f 1358//1358 1366//1366 1365//1365
f 1366//1366 1362//1362 1369//1369
f 1362//1362 1364//1364 1369//1369
f 1370//1370 1365//1365 1366//1366
f 1369//1369 1364//1364 1368//1368
f 1361//1361 1365//1365 1371//1371
f 1360//1360 1361//1361 709//709
f 1368//1368 1373//1373 1372//1372
f 1365//1365 1370//1370 1371//1371
f 1370//1370 1366//1366 1374//1374
f 1369//1369 1368//1368 1372//1372
f 239//239 1375//1375 244//244
f 709//709 1361//1361 702//702
f 1366//1366 1369//1369 1374//1374
f 1369//1369 1372//1372 1376//1376
f 1361//1361 1371//1371 702//702
f 1374//1374 1369//1369 1376//1376
f 1371//1371 1370//1370 1378//1378
f 244//244 1375//1375 1377//1377
f 1377//1377 1375//1375 1124//1124
f 1372//1372 1380//1380 1379//1379
f 1374//1374 1376//1376 1381//1381
f 1376//1376 1372//1372 1382//1382
f 1378//1378 1370//1370 1374//1374
f 708//708 1371//1371 1378//1378
f 1383//1383 1376//1376 1382//1382
f 244//244 1377//1377 1384//1384
f 1372//1372 1379//1379 1385//1385
f 1377//1377 1124//1124 1386//1386
f 244//244 1384//1384 242//242
f 1382//1382 1372//1372 1385//1385
f 1378//1378 1374//1374 1381//1381
f 1381//1381 1376//1376 1383//1383
f 1383//1383 1382//1382 1389//1389
f 1388//1388 1377//1377 1386//1386
f 1379//1379 1380//1380 1385//1385
f 1384//1384 1377//1377 1388//1388
f 242//242 1384//1384 1387//1387
f 1385//1385 1380//1380 1387//1387
f 1378//1378 1381//1381 1391//1391
f 1389//1389 1381//1381 1383//1383
f 1385//1385 1387//1387 1390//1390
f 1391//1391 1381//1381 1393//1393
f 1381//1381 1389//1389 1393//1393
f 1394//1394 1387//1387 1384//1384
f 1390//1390 1387//1387 1394//1394
f 1389//1389 1382//1382 1392//1392
f 1386//1386 1137//1137 1123//1123
f 1392//1392 1382//1382 1395//1395
f 1382//1382 1385//1385 1395//1395
f 1384//1384 1388//1388 1396//1396
f 1392//1392 1393//1393 1389//1389
f 1378//1378 1391//1391 819//819
f 1396//1396 1388//1388 1397//1397
f 1395//1395 1385//1385 1390//1390
f 1388//1388 1386//1386 1122//1122
f 1397//1397 1388//1388 1122//1122
f 1394//1394 1384//1384 1396//1396
f 1386//1386 1123//1123 1122//1122
f 1398//1398 1392//1392 1395//1395
f 1395//1395 1390//1390 1399//1399
f 1390//1390 1394//1394 1399//1399
f 820//820 819//819 1063//1063
f 1400//1400 1393//1393 1392//1392
f 1391//1391 1393//1393 1400//1400
f 819//819 1391//1391 1400//1400
f 1399//1399 1394//1394 1401//1401
f 1394//1394 1396//1396 1401//1401
f 1398//1398 1395//1395 1399//1399
f 1400//1400 1392//1392 843//843
f 1403//1403 1399//1399 1401//1401
f 200//200 1392//1392 1398//1398
f 843//843 1392//1392 200//200
f 1397//1397 1122//1122 1402//1402
f 1405//1405 1396//1396 1397//1397
f 1401//1401 1396//1396 1404//1404
f 198//198 1399//1399 1403//1403
f 1398//1398 1399//1399 198//198
f 1404//1404 1396//1396 1405//1405
f 1397//1397 1402//1402 1406//1406
f 1405//1405 1397//1397 1406//1406
f 1403//1403 1401//1401 1407//1407
f 1401//1401 1404//1404 1407//1407
f 1408//1408 1407//1407 1404//1404
f 196//196 1407//1407 1408//1408
f 204//204 1408//1408 884//884
f 93//93 152//152 150//150
f 483//483 569//569 1359//1359
f 1343//1343 1352//1352 1341//1341
f 1352//1352 1354//1354 1341//1341
f 1318//1318 1324//1324 1319//1319
f 1324//1324 1337//1337 1410//1410
f 1319//1319 1324//1324 1411//1411
f 1411//1411 1324//1324 1410//1410
f 1336//1336 1334//1334 1026//1026
f 1364//1364 1363//1363 1367//1367
f 1052//1052 1012//1012 1013//1013
f 1009//1009 1138//1138 1286//1286
f 1051//1051 1052//1052 232//232
f 232//232 1052//1052 1291//1291
f 1289//1289 1288//1288 1125//1125
f 232//232 1291//1291 228//228
f 1043//1043 980//980 974//974
f 1289//1289 1125//1125 211//211
f 1292//1292 1289//1289 211//211
f 847//847 1043//1043 974//974
f 1292//1292 211//211 210//210
f 844//844 894//894 847//847
f 208//208 213//213 12//12
f 804//804 1076//1076 805//805
f 1076//1076 212//212 220//220
f 224//224 229//229 230//230
f 805//805 220//220 219//219
f 806//806 805//805 1061//1061
f 905//905 906//906 1301//1301
f 1062//1062 805//805 219//219
f 805//805 1062//1062 1061//1061
f 590//590 806//806 1059//1059
f 230//230 229//229 1297//1297
f 1062//1062 219//219 221//221
f 753//753 905//905 1301//1301
f 216//216 230//230 217//217
f 1062//1062 221//221 1061//1061
f 1059//1059 1060//1060 1058//1058
f 1075//1075 588//588 1058//1058
f 1060//1060 1059//1059 1061//1061
f 1060//1060 1061//1061 221//221
f 752//752 753//753 1301//1301
f 221//221 215//215 1310//1310
f 1075//1075 1058//1058 1413//1413
f 1058//1058 1060//1060 1413//1413
f 1060//1060 221//221 1310//1310
f 1060//1060 1310//1310 1318//1318
f 1413//1413 1060//1060 1319//1319
f 1319//1319 1060//1060 1318//1318
f 1308//1308 1101//1101 816//816
f 316//316 309//309 332//332
f 1412//1412 1414//1414 1415//1415
f 1322//1322 776//776 774//774
f 1345//1345 1330//1330 1342//1342
f 907//907 316//316 332//332
f 907//907 332//332 1351//1351
f 1348//1348 1336//1336 327//327
f 318//318 1416//1416 1417//1417
f 310//310 318//318 1417//1417
f 484//484 358//358 571//571
f 899//899 1351//1351 1356//1356
f 1357//1357 1359//1359 1418//1418
f 859//859 385//385 858//858
f 385//385 386//386 858//858
f 1418//1418 1359//1359 1130//1130
f 1419//1419 1130//1130 1359//1359
f 239//239 247//247 1375//1375
f 1372//1372 1373//1373 1380//1380
f 702//702 1371//1371 708//708
f 1386//1386 1124//1124 1136//1136
f 578//578 577//577 583//583
f 1386//1386 1136//1136 1137//1137
f 706//706 708//708 1066//1066
f 1066//1066 708//708 819//819
f 708//708 1378//1378 819//819
f 1066//1066 819//819 820//820
f 583//583 584//584 1065//1065
f 1065//1065 1066//1066 820//820
f 801//801 583//583 306//306
f 583//583 1065//1065 306//306
f 306//306 1065//1065 1063//1063
f 1065//1065 820//820 1063//1063
f 1063//1063 819//819 1400//1400
f 1064//1064 1063//1063 1400//1400
f 1064//1064 1400//1400 1067//1067
f 1400//1400 843//843 1067//1067
f 1067//1067 843//843 1068//1068
f 1398//1398 198//198 200//200
f 1068//1068 843//843 201//201
f 1403//1403 1407//1407 196//196
f 198//198 1403//1403 195//195
f 1403//1403 196//196 195//195
f 1405//1405 1406//1406 1121//1121
f 1404//1404 1405//1405 1121//1121
f 1408//1408 1404//1404 1121//1121
f 1408//1408 1121//1121 1096//1096
f 196//196 1408//1408 204//204
f 884//884 1408//1408 1096//1096
f 1319//1319 1411//1411 1413//1413
f 1416//1416 1021//1021 1415//1415
f 639//639 643//643 802//802
f 802//802 783//783 785//785
f 639//639 802//802 803//803
f 785//785 782//782 754//754
f 1049//1049 851//851 1023//1023
f 1421//1421 1412//1412 1415//1415
f 1413//1413 1411//1411 1422//1422
f 1411//1411 1410//1410 1422//1422
f 1023//1023 380//380 373//373
f 1048//1048 1023//1023 354//354
f 354//354 1023//1023 373//373
f 1019//1019 1048//1048 354//354
f 355//355 1019//1019 354//354
f 344//344 373//373 343//343
f 1257//1257 1264//1264 586//586
f 1413//1413 1422//1422 1259//1259
f 503//503 132//132 145//145
f 1124//1124 247//247 233//233
f 153//153 503//503 145//145
f 161//161 503//503 153//153
f 1259//1259 1422//1422 1260//1260
f 589//589 1257//1257 586//586
f 308//308 1334//1334 309//309
f 511//511 1427//1427 508//508
f 1427//1427 1032//1032 508//508
f 570//570 572//572 569//569
f 508//508 1032//1032 1429//1429
f 1431//1431 1432//1432 1433//1433
f 1430//1430 241//241 234//234
f 1431//1431 1435//1435 1434//1434
f 1420//1420 1430//1430 1131//1131
f 1133//1133 1430//1430 234//234
f 1131//1131 1430//1430 1133//1133
f 234//234 236//236 1133//1133
f 86//86 501//501 93//93
f 1433//1433 1432//1432 1438//1438
f 506//506 510//510 507//507
f 1435//1435 1436//1436 1434//1434
f 1436//1436 1437//1437 1434//1434
f 507//507 510//510 1031//1031
f 1438//1438 1432//1432 1440//1440
f 1439//1439 1434//1434 964//964
f 1351//1351 899//899 1283//1283
f 1434//1434 1437//1437 964//964
f 907//907 1351//1351 1283//1283
f 1409//1409 229//229 973//973
f 1437//1437 1409//1409 973//973
f 86//86 93//93 89//89
f 507//507 1031//1031 674//674
f 1031//1031 1030//1030 674//674
f 964//964 1437//1437 965//965
f 982//982 990//990 994//994
f 1034//1034 1440//1440 963//963
f 320//320 314//314 333//333
f 896//896 999//999 1039//1039
f 9//9 93//93 150//150
f 976//976 982//982 994//994
f 674//674 1030//1030 1441//1441
f 994//994 896//896 1270//1270
f 896//896 1039//1039 1270//1270
f 671//671 674//674 1441//1441
f 1442//1442 965//965 1251//1251
f 965//965 977//977 1251//1251
f 314//314 328//328 334//334
f 333//333 314//314 334//334
f 1280//1280 320//320 333//333
f 994//994 1270//1270 1037//1037
f 1251//1251 977//977 1036//1036
f 769//769 962//962 767//767
f 962//962 1442//1442 770//770
f 1442//1442 1251//1251 770//770
f 1251//1251 1036//1036 1247//1247
f 1036//1036 1262//1262 1247//1247
f 770//770 1251//1251 1247//1247
f 899//899 1360//1360 709//709
f 1221//1221 1220//1220 1443//1443
f 1443//1443 1220//1220 108//108
f 1260//1260 1410//1410 1412//1412
f 1412//1412 1421//1421 1260//1260
f 1422//1422 1410//1410 1260//1260
f 1421//1421 1415//1415 1444//1444
f 1444//1444 1415//1415 1021//1021
f 1444//1444 1021//1021 323//323
f 1018//1018 1421//1421 1444//1444
f 1260//1260 1421//1421 1263//1263
f 1263//1263 1421//1421 1018//1018
f 323//323 331//331 1445//1445
f 1444//1444 323//323 1274//1274
f 1274//1274 323//323 1445//1445
f 1444//1444 1274//1274 1018//1018
f 1445//1445 331//331 320//320
f 1274//1274 1445//1445 1276//1276
f 1018//1018 1274//1274 1272//1272
f 1445//1445 320//320 1276//1276
f 1276//1276 320//320 1280//1280
f 1352//1352 1357//1357 1354//1354
f 785//785 783//783 782//782
f 905//905 753//753 754//754
f 802//802 785//785 803//803
f 998//998 803//803 1047//1047
f 803//803 785//785 850//850
f 803//803 850//850 1047//1047
f 1047//1047 850//850 849//849
f 849//849 851//851 1049//1049
f 996//996 998//998 1047//1047
f 752//752 1312//1312 1028//1028
f 1047//1047 849//849 1048//1048
f 996//996 1047//1047 1048//1048
f 752//752 1028//1028 1025//1025
f 751//751 752//752 1025//1025
f 1048//1048 849//849 1049//1049
f 996//996 1048//1048 1038//1038
f 1038//1038 1048//1048 1046//1046
f 1048//1048 1049//1049 1023//1023
f 1312//1312 1027//1027 1028//1028
f 1025//1025 1028//1028 833//833
f 833//833 1028//1028 831//831
f 831//831 1028//1028 1027//1027
f 1027//1027 1327//1327 830//830
f 831//831 1027//1027 830//830
f 830//830 1327//1327 1024//1024
f 379//379 1327//1327 1338//1338
f 1024//1024 1327//1327 379//379
f 390//390 356//356 387//387
f 1024//1024 379//379 378//378
f 390//390 387//387 717//717
f 378//378 379//379 372//372
f 980//980 1043//1043 975//975
f 894//894 1043//1043 847//847
f 814//814 813//813 1446//1446
f 894//894 844//844 1295//1295
f 1447//1447 812//812 894//894
f 813//813 812//812 1447//1447
f 1446//1446 813//813 1447//1447
f 1448//1448 1446//1446 1431//1431
f 1447//1447 894//894 1295//1295
f 483//483 484//484 485//485
f 483//483 485//485 569//569
f 1447//1447 1295//1295 1435//1435
f 1011//1011 1288//1288 1138//1138
f 1010//1010 1011//1011 1138//1138
f 569//569 572//572 1359//1359
f 1435//1435 1295//1295 1436//1436
f 1436//1436 1295//1295 1294//1294
f 1431//1431 1447//1447 1435//1435
f 1431//1431 1433//1433 1448//1448
f 572//572 1419//1419 1359//1359
f 1436//1436 1294//1294 1409//1409
f 1436//1436 1409//1409 1437//1437
f 1420//1420 1131//1131 1130//1130
f 702//702 705//705 709//709
f 1352//1352 1359//1359 1357//1357
f 242//242 1387//1387 1380//1380
f 880//880 242//242 1380//1380
f 236//236 242//242 880//880
f 1294//1294 229//229 1409//1409
f 1007//1007 1009//1009 866//866
f 1130//1130 1131//1131 1132//1132
f 866//866 1009//1009 1013//1013
f 1341//1341 1354//1354 1342//1342
f 1357//1357 1418//1418 1449//1449
f 1357//1357 1449//1449 1354//1354
f 1449//1449 1418//1418 1450//1450
f 1345//1345 1342//1342 1354//1354
f 1345//1345 1354//1354 1449//1449
f 1452//1452 1367//1367 1417//1417
f 1449//1449 1451//1451 1453//1453
f 1345//1345 1449//1449 1453//1453
f 1453//1453 1451//1451 1452//1452
f 1345//1345 1453//1453 1414//1414
f 1452//1452 1417//1417 1416//1416
f 1453//1453 1452//1452 1416//1416
f 1417//1417 1367//1367 1363//1363
f 1337//1337 1345//1345 1414//1414
f 1275//1275 1279//1279 1076//1076
f 1414//1414 1453//1453 1416//1416
f 310//310 1363//1363 1454//1454
f 1412//1412 1337//1337 1414//1414
f 807//807 1076//1076 804//804
f 1363//1363 1362//1362 1454//1454
f 1410//1410 1337//1337 1412//1412
f 1414//1414 1416//1416 1415//1415
f 211//211 1005//1005 1004//1004
f 1000//1000 895//895 1135//1135
f 223//223 1135//1135 1455//1455
f 214//214 223//223 1455//1455
f 1129//1129 981//981 979//979
f 206//206 223//223 214//214
f 1455//1455 1135//1135 1456//1456
f 852//852 1456//1456 1129//1129
f 1456//1456 986//986 1129//1129
f 227//227 1456//1456 852//852
f 214//214 1455//1455 1456//1456
f 1129//1129 979//979 224//224
f 214//214 1456//1456 209//209
f 852//852 1129//1129 218//218
f 209//209 1456//1456 227//227
f 485//485 484//484 571//571
f 247//247 1124//1124 1375//1375
f 1430//1430 1419//1419 1100//1100
f 1420//1420 1419//1419 1430//1430
f 571//571 859//859 858//858
f 1419//1419 572//572 1100//1100
f 571//571 858//858 1107//1107
f 1100//1100 572//572 570//570
f 1100//1100 570//570 1099//1099
f 241//241 1430//1430 1100//1100
f 1124//1124 243//243 1136//1136
f 892//892 648//648 839//839
f 241//241 1100//1100 245//245
f 1015//1015 892//892 838//838
f 138//138 162//162 128//128
f 1100//1100 1099//1099 245//245
f 701//701 1458//1458 777//777
f 1461//1461 576//576 1170//1170
f 245//245 1099//1099 877//877
f 697//697 967//967 1457//1457
f 697//697 1457//1457 701//701
f 651//651 644//644 797//797
f 797//797 644//644 635//635
f 987//987 985//985 1113//1113
f 968//968 967//967 697//697
f 815//815 773//773 775//775
f 1171//1171 1170//1170 1465//1465
f 700//700 968//968 697//697
f 1113//1113 985//985 1110//1110
f 245//245 877//877 1464//1464
f 1465//1465 1170//1170 1169//1169
f 1170//1170 576//576 1169//1169
f 1169//1169 576//576 573//573
f 238//238 245//245 1464//1464
f 136//136 958//958 137//137
f 1113//1113 1110//1110 1112//1112
f 713//713 1116//1116 351//351
f 1128//1128 968//968 1195//1195
f 353//353 713//713 351//351
f 795//795 794//794 70//70
f 1195//1195 968//968 700//700
f 1123//1123 1137//1137 778//778
f 1466//1466 1465//1465 185//185
f 1402//1402 1122//1122 1119//1119
f 1195//1195 700//700 1190//1190
f 1465//1465 1169//1169 808//808
f 1406//1406 1085//1085 1118//1118
f 1195//1195 1190//1190 1186//1186
f 185//185 1465//1465 808//808
f 1128//1128 1195//1195 1193//1193
f 147//147 137//137 961//961
f 808//808 1169//1169 810//810
f 1406//1406 1118//1118 1087//1087
f 176//176 185//185 808//808
f 1121//1121 1406//1406 1087//1087
f 485//485 571//571 1107//1107
f 376//376 1198//1198 1197//1197
f 1009//1009 1286//1286 1013//1013
f 1099//1099 570//570 1098//1098
f 383//383 376//376 384//384
f 1099//1099 1098//1098 877//877
f 878//878 1098//1098 1126//1126
f 176//176 809//809 178//178
f 877//877 1098//1098 878//878
f 178//178 809//809 184//184
f 407//407 560//560 408//408
f 782//782 784//784 905//905
f 408//408 560//560 417//417
f 1136//1136 249//249 781//781
f 877//877 878//878 1127//1127
f 965//965 1437//1437 973//973
f 1127//1127 902//902 903//903
f 877//877 1127//1127 1464//1464
f 1210//1210 1464//1464 1205//1205
f 238//238 1464//1464 1216//1216
f 1464//1464 1127//1127 1205//1205
f 1464//1464 1210//1210 1212//1212
f 1216//1216 1464//1464 1212//1212
f 238//238 1216//1216 246//246
f 1216//1216 1215//1215 246//246
f 1217//1217 246//246 1215//1215
f 1086//1086 246//246 1095//1095
f 1011//1011 1008//1008 1288//1288
f 1125//1125 1288//1288 1008//1008
f 895//895 896//896 990//990
f 895//895 990//990 986//986
f 1135//1135 895//895 986//986
f 1442//1442 962//962 965//965
f 1135//1135 986//986 1456//1456
f 986//986 981//981 1129//1129
f 977//977 965//965 973//973
f 226//226 973//973 229//229
f 224//224 979//979 226//226
f 226//226 229//229 224//224
f 1334//1334 308//308 325//325
f 974//974 970//970 972//972
f 1097//1097 974//974 972//972
f 847//847 974//974 845//845
f 845//845 974//974 1097//1097
f 1429//1429 510//510 508//508
f 152//152 501//501 146//146
f 146//146 501//501 158//158
f 1106//1106 966//966 1468//1468
f 845//845 1097//1097 846//846
f 327//327 1026//1026 326//326
f 846//846 1097//1097 1106//1106
f 1417//1417 1363//1363 310//310
f 1106//1106 1468//1468 1469//1469
f 509//509 1428//1428 511//511
f 844//844 846//846 1299//1299
f 158//158 87//87 153//153
f 87//87 161//161 153//153
f 846//846 1106//1106 1469//1469
f 1348//1348 327//327 322//322
f 1471//1471 846//846 1469//1469
f 1032//1032 1427//1427 1472//1472
f 1299//1299 846//846 1471//1471
f 1348//1348 322//322 1355//1355
f 322//322 23//23 310//310
f 1355//1355 322//322 1454//1454
f 318//318 1021//1021 1416//1416
f 1454//1454 322//322 310//310
f 997//997 639//639 803//803
f 1471//1471 1469//1469 1473//1473
f 721//721 1299//1299 1471//1471
f 1427//1427 1424//1424 1472//1472
f 1474//1474 1468//1468 1470//1470
f 721//721 1471//1471 1473//1473
f 1473//1473 1469//1469 1468//1468
f 1473//1473 1468//1468 1475//1475
f 1424//1424 1427//1427 1423//1423
f 1362//1362 1355//1355 1454//1454
f 905//905 784//784 1006//1006
f 1423//1423 1427//1427 156//156
f 721//721 1473//1473 720//720
f 1468//1468 1474//1474 1458//1458
f 1014//1014 906//906 1006//1006
f 138//138 132//132 503//503
f 1473//1473 1463//1463 720//720
f 1006//1006 892//892 1015//1015
f 1476//1476 1424//1424 1425//1425
f 1473//1473 1475//1475 1457//1457
f 1458//1458 1474//1474 777//777
f 719//719 720//720 1463//1463
f 1463//1463 1473//1473 1457//1457
f 1452//1452 1451//1451 1450//1450
f 1015//1015 1014//1014 1006//1006
f 838//838 892//892 839//839
f 1451//1451 1449//1449 1450//1450
f 1014//1014 1015//1015 1101//1101
f 1308//1308 1014//1014 1101//1101
f 1477//1477 1367//1367 1452//1452
f 1477//1477 1452//1452 1450//1450
f 1478//1478 1461//1461 1170//1170
f 1463//1463 1457//1457 967//967
f 1477//1477 1450//1450 1132//1132
f 967//967 719//719 1463//1463
f 1477//1477 1132//1132 1134//1134
f 1132//1132 1450//1450 1418//1418
f 1368//1368 1367//1367 1373//1373
f 1367//1367 1477//1477 1373//1373
f 1373//1373 1477//1477 1134//1134
f 1132//1132 1418//1418 1130//1130
f 776//776 775//775 773//773
f 880//880 1134//1134 879//879
f 1373//1373 1134//1134 880//880
f 1380//1380 1373//1373 880//880
f 1420//1420 1130//1130 1419//1419
f 851//851 1025//1025 1023//1023
f 1026//1026 1334//1334 325//325
f 1125//1125 1008//1008 1005//1005
f 896//896 895//895 999//999
f 782//782 905//905 754//754
f 128//128 1460//1460 157//157
f 1402//1402 1119//1119 1406//1406
f 1123//1123 1120//1120 1122//1122
f 1124//1124 233//233 243//243
f 1276//1276 1273//1273 1274//1274
f 1075//1075 1413//1413 1259//1259
f 1076//1076 1279//1279 212//212
f 588//588 590//590 1059//1059
f 805//805 1076//1076 220//220
f 588//588 1255//1255 589//589
f 1066//1066 1065//1065 584//584
f 884//884 203//203 204//204
f 1096//1096 1121//1121 1088//1088
f 1009//1009 1010//1010 1138//1138
f 1406//1406 1119//1119 1085//1085
f 1136//1136 243//243 249//249
f 498//498 396//396 18//18
f 957//957 561//561 559//559
f 1479//1479 499//499 80//80
f 19//19 402//402 498//498
f 80//80 499//499 496//496
f 19//19 398//398 557//557
f 568//568 415//415 562//562
f 496//496 795//795 70//70
f 80//80 496//496 70//70
f 795//795 400//400 959//959
f 794//794 795//795 959//959
f 68//68 794//794 79//79
f 794//794 959//959 958//958
f 79//79 794//794 958//958
f 137//137 959//959 961//961
f 958//958 959//959 137//137
f 157//157 958//958 136//136
f 494//494 493//493 746//746
f 416//416 184//184 810//810
f 1460//1460 79//79 157//157
f 493//493 162//162 746//746
f 130//130 149//149 160//160
f 1459//1459 128//128 162//162
f 157//157 136//136 128//128
f 130//130 160//160 573//573
f 184//184 173//173 178//178
f 163//163 171//171 186//186
f 1426//1426 131//131 156//156
f 573//573 574//574 1169//1169
f 148//148 133//133 141//141
f 1426//1426 156//156 1427//1427
f 177//177 179//179 449//449
f 156//156 135//135 1423//1423
f 141//141 576//576 148//148
f 185//185 177//177 1480//1480
f 1466//1466 185//185 1480//1480
f 449//449 179//179 451//451
f 1466//1466 1480//1480 1481//1481
f 1171//1171 1465//1465 1466//1466
f 177//177 449//449 1480//1480
f 1478//1478 1170//1170 1171//1171
f 1171//1171 1466//1466 1481//1481
f 1480//1480 449//449 450//450
f 1103//1103 1171//1171 1481//1481
f 1478//1478 1171//1171 1103//1103
f 1033//1033 1472//1472 1482//1482
f 1462//1462 1425//1425 1478//1478
f 1480//1480 450//450 897//897
f 448//448 439//439 442//442
f 1478//1478 1103//1103 1102//1102
f 1478//1478 1102//1102 1462//1462
f 1481//1481 897//897 1103//1103
f 890//890 1482//1482 1484//1484
f 897//897 450//450 456//456
f 1102//1102 1103//1103 898//898
f 1483//1483 1462//1462 1485//1485
f 1103//1103 897//897 898//898
f 1462//1462 1102//1102 1485//1485
f 897//897 456//456 898//898
f 1482//1482 1483//1483 1486//1486
f 450//450 1172//1172 445//445
f 1483//1483 1485//1485 1486//1486
f 1102//1102 898//898 1487//1487
f 1485//1485 1102//1102 1487//1487
f 898//898 456//456 444//444
f 898//898 444//444 1487//1487
f 445//445 1172//1172 1488//1488
f 445//445 1488//1488 446//446
f 1486//1486 1485//1485 1489//1489
f 1489//1489 1487//1487 777//777
f 1485//1485 1487//1487 1489//1489
f 1488//1488 1172//1172 1178//1178
f 444//444 453//453 457//457
f 777//777 444//444 701//701
f 1488//1488 1178//1178 1190//1190
f 811//811 814//814 966//966
f 1190//1190 1178//1178 1186//1186
f 966//966 1470//1470 1468//1468
f 1458//1458 701//701 1457//1457
f 700//700 446//446 1488//1488
f 1475//1475 1458//1458 1457//1457
f 453//453 699//699 457//457
f 700//700 1488//1488 1190//1190
f 1468//1468 1458//1458 1475//1475
f 669//669 670//670 668//668
f 555//555 557//557 398//398
f 576//576 575//575 573//573
f 1425//1425 1461//1461 1478//1478
f 164//164 181//181 168//168
f 498//498 18//18 19//19
f 403//403 19//19 557//557
f 77//77 36//36 71//71
f 558//558 486//486 560//560
f 149//149 147//147 160//160
f 810//810 184//184 809//809
f 493//493 1459//1459 162//162
f 1459//1459 1460//1460 128//128
f 1426//1426 144//144 145//145
f 133//133 148//148 135//135
f 145//145 131//131 1426//1426
f 135//135 148//148 1423//1423
f 511//511 1426//1426 1427//1427
f 510//510 509//509 508//508
f 1423//1423 148//148 1461//1461
f 1424//1424 1423//1423 1461//1461
f 1481//1481 1480//1480 897//897
f 1031//1031 510//510 1429//1429
f 1424//1424 1476//1476 1472//1472
f 1042//1042 1031//1031 1492//1492
f 1492//1492 1031//1031 1429//1429
f 889//889 1429//1429 1032//1032
f 1032//1032 1472//1472 1033//1033
f 1483//1483 1425//1425 1462//1462
f 1482//1482 1472//1472 1476//1476
f 1041//1041 1042//1042 1492//1492
f 1483//1483 1482//1482 1476//1476
f 890//890 1033//1033 1482//1482
f 890//890 1484//1484 891//891
f 1482//1482 1486//1486 1484//1484
f 1035//1035 554//554 1034//1034
f 1494//1494 890//890 891//891
f 891//891 1486//1486 1496//1496
f 1487//1487 444//444 777//777
f 1035//1035 963//963 1467//1467
f 891//891 1496//1496 1497//1497
f 1490//1490 891//891 1497//1497
f 1232//1232 1035//1035 769//769
f 1035//1035 1467//1467 769//769
f 1494//1494 891//891 1490//1490
f 1496//1496 1486//1486 1489//1489
f 814//814 1494//1494 1490//1490
f 1495//1495 1494//1494 814//814
f 1497//1497 1496//1496 966//966
f 769//769 1467//1467 962//962
f 1448//1448 1495//1495 814//814
f 1496//1496 1489//1489 1470//1470
f 1489//1489 777//777 1474//1474
f 1470//1470 1489//1489 1474//1474
f 1496//1496 1470//1470 966//966
f 1490//1490 1497//1497 966//966
f 962//962 1467//1467 963//963
f 407//407 416//416 560//560
f 558//558 560//560 416//416
f 511//511 1428//1428 1426//1426
f 1461//1461 1425//1425 1424//1424
f 576//576 1461//1461 148//148
f 1476//1476 1425//1425 1483//1483
f 1428//1428 144//144 1426//1426
f 143//143 144//144 1428//1428
f 103//103 102//102 458//458
f 102//102 1220//1220 1224//1224
f 458//458 102//102 1224//1224
f 143//143 1428//1428 509//509
f 155//155 139//139 143//143
f 471//471 103//103 458//458
f 1221//1221 1222//1222 1223//1223
f 1221//1221 1441//1441 1222//1222
f 1224//1224 1223//1223 469//469
f 1441//1441 1030//1030 1225//1225
f 458//458 1224//1224 469//469
f 1222//1222 1441//1441 1225//1225
f 1223//1223 1222//1222 470//470
f 889//889 1032//1032 890//890
f 469//469 1223//1223 470//470
f 1429//1429 889//889 1492//1492
f 1030//1030 1031//1031 1042//1042
f 1225//1225 1030//1030 1041//1041
f 1041//1041 1030//1030 1042//1042
f 1222//1222 1225//1225 1491//1491
f 1225//1225 1041//1041 1491//1491
f 470//470 1222//1222 1491//1491
f 889//889 890//890 1493//1493
f 1484//1484 1486//1486 891//891
f 1499//1499 1492//1492 889//889
f 470//470 1491//1491 554//554
f 1491//1491 1041//1041 1034//1034
f 1041//1041 1492//1492 1499//1499
f 889//889 1493//1493 1499//1499
f 1041//1041 1499//1499 1034//1034
f 554//554 1491//1491 1034//1034
f 1493//1493 1494//1494 1495//1495
f 1499//1499 1493//1493 1500//1500
f 464//464 553//553 552//552
f 1034//1034 1499//1499 1500//1500
f 1500//1500 1493//1493 1498//1498
f 1227//1227 464//464 1236//1236
f 554//554 1035//1035 768//768
f 1498//1498 1493//1493 1495//1495
f 1433//1433 1500//1500 1498//1498
f 768//768 1035//1035 1232//1232
f 464//464 552//552 1236//1236
f 1034//1034 1500//1500 1440//1440
f 1498//1498 1495//1495 1448//1448
f 1236//1236 552//552 1241//1241
f 1500//1500 1438//1438 1440//1440
f 1438//1438 1500//1500 1433//1433
f 1490//1490 966//966 814//814
f 1433//1433 1498//1498 1448//1448
f 1440//1440 964//964 963//963
f 768//768 1232//1232 769//769
f 964//964 1440//1440 1439//1439
f 1439//1439 1440//1440 1432//1432
f 1241//1241 552//552 770//770
f 1448//1448 814//814 1446//1446
f 1439//1439 1432//1432 1434//1434
f 1434//1434 1432//1432 1431//1431
f 152//152 93//93 501//501
f 1446//1446 1447//1447 1431//1431
f 1494//1494 1493//1493 890//890
f 663//663 938//938 664//664
f 937//937 938//938 663//663
f 937//937 663//663 927//927
f 666//666 665//665 873//873
f 742//742 741//741 655//655
f 881//881 932//932 928//928
f 881//881 928//928 882//882
f 666//666 873//873 788//788
f 925//925 788//788 930//930
f 930//930 742//742 933//933
f 924//924 930//930 933//933
f 900//900 921//921 904//904
f 685//685 787//787 919//919
f 924//924 933//933 1501//1501
f 904//904 489//489 900//900
f 680//680 685//685 916//916
f 1502//1502 882//882 913//913
f 793//793 918//918 901//901
f 756//756 941//941 758//758
f 913//913 918//918 793//793
f 825//825 924//924 764//764
f 924//924 923//923 764//764
f 680//680 916//916 686//686
f 764//764 923//923 766//766
f 916//916 823//823 686//686
f 17//17 488//488 681//681
f 17//17 681//681 3//3
f 543//543 540//540 758//758
f 681//681 473//473 688//688
f 84//84 33//33 495//495
f 913//913 910//910 911//911
f 682//682 523//523 487//487
f 910//910 17//17 911//911
f 540//540 543//543 541//541
f 473//473 682//682 487//487
f 525//525 765//765 848//848
f 524//524 765//765 525//525
f 487//487 523//523 521//521
f 687//687 473//473 487//487
f 909//909 911//911 17//17
f 521//521 524//524 525//525
f 525//525 848//848 534//534
f 687//687 487//487 670//670
f 525//525 534//534 522//522
f 492//492 495//495 491//491
f 69//69 912//912 914//914
f 1479//1479 911//911 499//499
f 522//522 534//534 538//538
f 911//911 909//909 499//499
f 499//499 909//909 800//800
f 393//393 394//394 395//395
f 396//396 393//393 395//395
f 491//491 1//1 79//79
f 491//491 79//79 1459//1459
f 657//657 835//835 662//662
f 675//675 550//550 472//472
f 10//10 950//950 11//11
f 823//823 919//919 825//825
f 523//523 686//686 524//524
f 934//934 929//929 667//667
f 923//923 924//924 757//757
f 742//742 655//655 653//653
f 742//742 653//653 756//756
f 668//668 487//487 520//520
f 665//665 836//836 740//740
f 667//667 665//665 740//740
f 524//524 686//686 765//765
f 520//520 519//519 668//668
f 930//930 934//934 742//742
f 757//757 924//924 1501//1501
f 848//848 766//766 536//536
f 933//933 742//742 756//756
f 1501//1501 933//933 756//756
f 757//757 1501//1501 756//756
f 549//549 938//938 547//547
f 659//659 655//655 741//741
f 684//684 787//787 685//685
f 824//824 825//825 764//764
f 536//536 766//766 539//539
f 394//394 401//401 687//687
f 488//488 792//792 901//901
f 930//930 929//929 934//934
f 788//788 929//929 930//930
f 687//687 688//688 473//473
f 766//766 923//923 539//539
f 540//540 923//923 757//757
f 758//758 941//941 1139//1139
f 1139//1139 543//543 758//758
f 542//542 541//541 743//743
f 941//941 692//692 693//693
f 694//694 652//652 532//532
f 798//798 113//113 120//120
f 818//818 120//120 817//817
f 541//541 543//543 828//828
f 653//653 656//656 661//661
f 530//530 654//654 660//660
f 532//532 652//652 661//661
f 8//8 90//90 9//9
f 656//656 654//654 528//528
f 656//656 528//528 661//661
f 530//530 660//660 517//517
f 517//517 515//515 516//516
f 944//944 693//693 798//798
f 532//532 661//661 528//528
f 10//10 512//512 947//947
f 528//528 530//530 526//526
f 947//947 94//94 950//950
f 798//798 693//693 695//695
f 517//517 516//516 119//119
f 530//530 517//517 119//119
f 526//526 530//530 119//119
f 947//947 950//950 10//10
f 943//943 944//944 798//798
f 818//818 943//943 798//798
f 531//531 529//529 862//862
f 119//119 516//516 111//111
f 799//799 531//531 862//862
f 117//117 119//119 115//115
f 527//527 119//119 117//117
f 948//948 529//529 527//527
f 818//818 798//798 120//120
f 516//516 949//949 112//112
f 111//111 516//516 112//112
f 798//798 799//799 113//113
f 948//948 527//527 117//117
f 799//799 862//862 109//109
f 11//11 950//950 1443//1443
f 107//107 11//11 108//108
f 862//862 948//948 951//951
f 799//799 109//109 113//113
f 108//108 11//11 1443//1443
f 122//122 117//117 115//115
f 109//109 862//862 951//951
f 115//115 110//110 122//122
f 101//101 948//948 117//117
f 110//110 107//107 126//126
f 109//109 951//951 101//101
f 110//110 126//126 122//122
f 122//122 126//126 116//116
f 122//122 116//116 106//106
f 86//86 505//505 501//501
f 672//672 1441//1441 1221//1221
f 671//671 1441//1441 672//672
f 676//676 679//679 829//829
f 932//932 937//937 927//927
f 928//928 927//927 860//860
f 932//932 927//927 928//928
f 932//932 881//881 931//931
f 17//17 2//2 909//909
f 1502//1502 913//913 915//915
f 911//911 1479//1479 912//912
f 1502//1502 915//915 920//920
f 393//393 396//396 498//498
f 65//65 926//926 63//63
f 912//912 1479//1479 914//914
f 915//915 917//917 63//63
f 914//914 1479//1479 80//80
f 914//914 80//80 69//69
f 33//33 1//1 495//495
f 84//84 495//495 492//492
f 1459//1459 79//79 1460//1460
f 504//504 494//494 746//746
f 506//506 155//155 143//143
f 904//904 684//684 683//683
f 800//800 909//909 2//2
f 1//1 491//491 495//495
f 681//681 688//688 3//3
f 793//793 901//901 792//792
f 401//401 393//393 800//800
f 2//2 401//401 800//800
f 676//676 829//829 677//677
f 548//548 678//678 472//472
f 677//677 829//829 83//83
f 677//677 83//83 550//550
f 496//496 499//499 500//500
f 935//935 932//932 931//931
f 78//78 82//82 940//940
f 939//939 920//920 72//72
f 514//514 946//946 512//512
f 76//76 939//939 72//72
f 62//62 912//912 69//69
f 917//917 62//62 63//63
f 920//920 926//926 65//65
f 920//920 65//65 72//72
f 34//34 65//65 35//35
f 39//39 84//84 492//492
f 491//491 1459//1459 493//493
f 86//86 88//88 85//85
f 87//87 39//39 502//502
f 85//85 41//41 505//505
f 904//904 683//683 489//489
f 3//3 2//2 17//17
f 900//900 901//901 922//922
f 860//860 921//921 922//922
f 860//860 922//922 928//928
f 679//679 938//938 937//937
f 547//547 938//938 679//679
f 882//882 1502//1502 881//881
f 548//548 547//547 678//678
f 915//915 912//912 917//917
f 835//835 546//546 662//662
f 912//912 62//62 917//917
f 678//678 675//675 472//472
f 920//920 915//915 63//63
f 931//931 920//920 939//939
f 550//550 83//83 75//75
f 76//76 940//940 931//931
f 545//545 472//472 512//512
f 545//545 512//512 946//946
f 550//550 75//75 472//472
f 74//74 77//77 71//71
f 75//75 73//73 945//945
f 75//75 945//945 94//94
f 949//949 515//515 10//10
f 73//73 64//64 8//8
f 949//949 10//10 112//112
f 945//945 8//8 94//94
f 490//490 494//494 502//502
f 950//950 94//94 91//91
f 38//38 40//40 88//88
f 87//87 41//41 39//39
f 126//126 107//107 99//99
f 950//950 91//91 1443//1443
f 90//90 88//88 86//86
f 89//89 90//90 86//86
f 91//91 92//92 672//672
f 92//92 154//154 673//673
f 92//92 673//673 672//672
f 116//116 126//126 97//97
f 85//85 505//505 86//86
f 154//154 140//140 159//159
f 1443//1443 672//672 1221//1221
f 671//671 159//159 674//674
f 159//159 155//155 506//506
f 674//674 159//159 507//507
f 672//672 1443//1443 91//91
f 927//927 786//786 860//860
f 35//35 65//65 33//33
f 504//504 502//502 494//494
f 1502//1502 920//920 881//881
f 505//505 41//41 87//87
f 686//686 523//523 682//682
f 901//901 900//900 489//489
f 685//685 919//919 823//823
f 921//921 900//900 922//922
f 825//825 788//788 925//925
f 922//922 882//882 928//928
f 930//930 924//924 925//925
f 33//33 84//84 35//35
f 5//5 64//64 6//6
f 931//931 940//940 935//935
f 551//551 836//836 549//549
f 936//936 83//83 829//829
f 655//655 659//659 656//656
f 551//551 546//546 835//835
f 73//73 8//8 945//945
f 75//75 947//947 472//472
f 75//75 94//94 947//947
f 946//946 514//514 513//513
f 520//520 518//518 519//519
f 121//121 731//731 124//124
f 1090//1090 723//723 1080//1080
f 647//647 839//839 648//648
f 1005//1005 211//211 1125//1125
f 1004//1004 231//231 211//211
f 1029//1029 103//103 471//471
f 1035//1035 1034//1034 963//963
f 540//540 757//757 758//758
