# Created by Open3D 
# object name: Scaniverse_2025_10_15_165232_optimized
# number of vertices: 5306
# number of triangles: 9220
v -1.24591 -1.45379 4.23462
vn -0.0729241 0.997295 -0.00917702
v -1.16267 -1.44772 4.11111
vn -0.117884 0.993001 0.00730439
v -1.15455 -1.44122 4.26582
vn -0.13807 0.989164 -0.0499126
v -1.34771 -1.46001 4.3686
vn -0.145879 0.984333 -0.0990315
v -1.02182 -1.42167 4.08837
vn -0.189878 0.981058 -0.0383598
v -1.10492 -1.43447 4.21464
vn -0.184182 0.982697 -0.0195965
v -1.08294 -1.43526 4.0395
vn -0.172098 0.984928 -0.0172662
v -1.21478 -1.44041 4.4221
vn -0.0825008 0.995669 -0.0428546
v -1.03164 -1.41996 4.17674
vn -0.194327 0.980631 -0.0244729
v -1.40362 -1.45755 4.4567
vn -0.201188 0.974601 -0.0983674
v -1.1093 -1.43811 3.99601
vn -0.0515202 0.997334 0.0516822
v -1.16883 -1.43747 4.51235
vn -0.0375717 0.998934 -0.0268145
v -1.40078 -1.44876 4.66971
vn -0.108888 0.993641 -0.0286702
v -1.24369 -1.43694 4.59188
vn -0.0700547 0.997247 -0.0242975
v -1.48964 -1.46496 4.73343
vn -0.379076 0.919562 -0.103473
v -1.33723 -1.4433 4.68548
vn -0.0824963 0.996447 -0.0169741
v -1.4826 -1.45773 4.76493
vn -0.214179 0.974845 -0.0616773
v -1.37161 -1.44365 4.8135
vn -0.0794763 0.996414 -0.0290347
v -1.48254 -1.4482 4.96083
vn -0.126067 0.991102 -0.0427038
v -1.64657 -1.47033 5.1623
vn -0.216172 0.974531 -0.0596564
v -1.37439 -1.43884 4.93243
vn -0.0876913 0.994813 -0.0515538
v -1.5857 -1.45901 5.11759
vn -0.180438 0.983253 -0.0256279
v -1.8717 -1.48575 5.68884
vn -0.062854 0.998018 0.00318111
v -1.39559 -1.43532 5.01503
vn -0.109696 0.993345 -0.0351158
v -1.94743 -1.48676 5.85573
vn 0.34665 0.92118 0.176809
v -1.42818 -1.43426 5.24405
vn -0.12744 0.991701 -0.0169793
v -1.63982 -1.46738 5.29233
vn -0.155444 0.987193 -0.0358703
v -1.7667 -1.47481 5.55534
vn -0.141462 0.989738 -0.0201551
v -1.50879 -1.44424 5.29474
vn -0.168239 0.985415 -0.0255623
v -1.53505 -1.44045 5.5249
vn -0.150158 0.98853 -0.0161667
v -1.93538 -1.49353 5.87164
vn -0.0244992 0.999331 0.0271645
v -1.78141 -1.47703 5.7544
vn -0.160467 0.986897 -0.0168841
v -1.88247 -1.48893 5.8426
vn -0.113051 0.993525 -0.0113002
v -1.9953 -1.49609 5.96299
vn 0.121885 0.989754 0.0743664
v -1.549 -1.44559 5.40838
vn -0.152359 0.9875 -0.0403717
v -1.65192 -1.45396 5.76315
vn -0.166952 0.985607 -0.0265524
v -1.6782 -1.45122 5.9556
vn -0.177205 0.983335 -0.0406316
v -1.81364 -1.47184 6.04566
vn -0.140781 0.987164 -0.0754232
v -1.98962 -1.49436 6.03219
vn -0.120018 0.990849 -0.0617578
v -2.07268 -1.48767 6.24284
vn 0.317256 0.947865 0.0299955
v -2.03219 -1.49033 6.05786
vn 0.683437 0.71861 0.128501
v -1.67038 -1.44117 6.11495
vn -0.19526 0.978397 -0.067915
v -2.13577 -1.45886 6.4447
vn 0.858394 0.493593 0.139735
v -2.03916 -1.48924 6.21424
vn -0.123766 0.989544 -0.0740553
v -1.76823 -1.45665 6.16389
vn -0.170026 0.979188 -0.110822
v -2.08365 -1.48291 6.3338
vn 0.0127955 0.99926 -0.036261
v -1.59675 -1.42076 6.18397
vn -0.160934 0.982817 -0.0903975
v -1.81482 -1.44956 6.2464
vn -0.142844 0.983894 -0.107461
v -2.11814 -1.47586 6.4955
vn 0.269075 0.962855 0.0225537
v -1.90749 -1.45527 6.35543
vn -0.164464 0.984392 -0.0626498
v -1.70359 -1.4245 6.3252
vn -0.146837 0.985994 -0.0790912
v -2.1907 -1.44856 6.75129
vn 0.834465 0.529089 0.154056
v -1.49566 -1.40763 6.17875
vn -0.101927 0.993122 -0.0576123
v -2.32253 -1.27911 7.19987
vn 0.961141 0.165983 0.220584
v -2.12431 -1.47858 6.66465
vn 0.230792 0.972562 0.0292876
v -2.0493 -1.47442 6.50142
vn -0.141674 0.989913 0.000785667
v -1.48931 -1.39627 6.3879
vn -0.0895853 0.99548 -0.0315278
v -2.25214 -1.4248 6.95763
vn 0.906739 0.324711 0.269047
v -1.70563 -1.41644 6.46798
vn -0.146796 0.989153 -0.00530771
v -2.27456 -1.44289 7.02707
vn 0.881353 0.273993 0.384895
v -2.15867 -1.47568 6.88487
vn 0.297881 0.949192 0.101498
v -2.08347 -1.4807 6.61791
vn -0.0384228 0.998779 0.0310367
v -1.94455 -1.46317 6.59501
vn -0.155531 0.986729 0.0466383
v -1.64344 -1.40986 6.58484
vn -0.0967622 0.995198 0.0147773
v -1.31035 -1.3898 6.25314
vn -0.0631245 0.997358 -0.0359462
v -2.07741 -1.48296 6.79956
vn 0.0237562 0.999611 -0.014626
v -1.2864 -1.37961 6.63326
vn -0.0811284 0.996675 -0.0075141
v -1.14636 -1.37412 6.44909
vn -0.0611862 0.997923 -0.0201494
v -2.2295 -1.48301 6.9993
vn 0.295487 0.924927 0.239158
v -0.848565 -1.35597 6.40391
vn -0.0440539 0.998456 -0.0338254
v -1.73596 -1.42431 6.55206
vn -0.171478 0.984199 0.0441405
v -2.12387 -1.48212 6.98523
vn -0.0584797 0.998288 -0.00130382
v -1.99565 -1.47835 6.74731
vn -0.124301 0.992102 0.0168151
v -2.02826 -1.47989 6.86355
vn -0.0516773 0.99799 -0.0366875
v -1.81086 -1.44475 6.66143
vn -0.176824 0.983236 0.044508
v -1.01941 -1.36521 6.56906
vn -0.048328 0.998731 -0.0141878
v -1.19048 -1.38979 6.06984
vn -0.0542032 0.997766 -0.0390393
v -2.24423 -1.49077 7.09246
vn 0.0251995 0.999118 0.0335763
v -1.86129 -1.45588 6.76356
vn -0.185101 0.982715 0.00300918
v -1.08134 -1.36186 6.72749
vn -0.0510335 0.998605 -0.0135541
v -1.5775 -1.41032 6.73831
vn -0.105392 0.994256 0.0186255
v -0.86261 -1.35701 6.5163
vn 0.0075979 0.999069 0.0424688
v -0.84605 -1.37083 6.10227
vn -0.0429695 0.998333 -0.0385275
v -1.68274 -1.42164 6.7026
vn -0.167787 0.985647 0.0186528
v -2.28279 -1.47788 7.05756
vn 0.493852 0.84551 0.203034
v -2.24275 -1.48812 7.15603
vn -0.129833 0.985056 -0.113169
v -2.0905 -1.473 7.06012
vn -0.14804 0.982418 -0.113748
v -1.96928 -1.46643 6.9529
vn -0.168532 0.980319 -0.10282
v -1.42391 -1.3933 6.8226
vn -0.0953093 0.995201 -0.0221662
v -1.11176 -1.39155 5.85369
vn -0.0621525 0.99806 0.00353437
v -2.30549 -1.48048 7.12617
vn 0.481284 0.861606 0.161245
v -1.93587 -1.46957 6.84979
vn -0.212802 0.974593 -0.069882
v -0.91709 -1.36387 6.63247
vn 0.0155364 0.99955 0.0256429
v -0.60448 -1.35671 6.28309
vn -0.033591 0.997077 -0.068617
v -0.69128 -1.37135 5.89578
vn -0.0363283 0.99934 -0.000223952
v -2.32601 -1.43765 7.11732
vn 0.836766 0.461718 0.294345
v -2.06832 -1.45407 7.13628
vn -0.206099 0.946152 -0.249637
v -2.00145 -1.45402 7.08456
vn -0.189171 0.964 -0.186867
v -1.10977 -1.36139 6.95289
vn -0.00253538 0.999994 -0.00248372
v -1.65297 -1.41665 6.80569
vn -0.099859 0.993293 -0.0582929
v -1.41807 -1.38712 6.92547
vn -0.0774507 0.993409 -0.0844955
v -0.74677 -1.35553 6.38595
vn 0.0261865 0.999487 0.0184524
v -0.62865 -1.36334 6.15831
vn -0.0126608 0.999116 -0.0400883
v -0.53292 -1.36159 6.05325
vn -0.0352427 0.999117 -0.022854
v -0.98544 -1.37364 5.65289
vn -0.107775 0.988786 0.103375
v -1.72088 -1.42612 6.79422
vn -0.174267 0.981941 -0.0736401
v -2.32759 -1.47565 7.19358
vn 0.253998 0.965503 -0.0573578
v -2.16727 -1.4637 7.18298
vn -0.233986 0.911716 -0.337677
v -1.79379 -1.42677 6.95297
vn -0.220267 0.97007 -0.102213
v -1.22318 -1.36947 6.98494
vn -0.0650392 0.995634 -0.0669602
v -0.750712 -1.36555 6.55178
vn 0.0322414 0.998893 0.0342647
v -0.657575 -1.35551 6.36976
vn -0.0965191 0.994902 0.029215
v -1.38103 -1.41671 5.70322
vn -0.105395 0.994179 0.0223716
v -0.5933 -1.36876 5.78889
vn -0.0250624 0.998326 0.0521326
v -2.27166 -1.48162 7.19136
vn -0.0152534 0.949172 -0.314388
v -1.84053 -1.42458 7.0514
vn -0.206365 0.965016 -0.161732
v -0.98691 -1.36277 6.9191
vn -0.0200204 0.998818 -0.044298
v -1.65559 -1.40267 6.96062
vn -0.103944 0.990818 -0.086456
v -1.3077 -1.36562 7.06113
vn -0.056372 0.988242 -0.142125
v -1.4778 -1.38052 7.0331
vn -0.0836903 0.991492 -0.0996965
v -1.20684 -1.35865 7.10325
vn 0.00339843 0.995385 -0.0958972
v -0.52015 -1.36509 6.16937
vn -0.045077 0.99897 -0.0051241
v -0.415042 -1.36676 5.82951
vn -0.0359037 0.999272 -0.0128713
v -0.58895 -1.35472 5.6378
vn 0.00932439 0.995766 0.0914454
v -2.37703 -1.43717 7.21321
vn 0.681401 0.694203 0.231894
v -2.19678 -1.45083 7.2345
vn -0.175992 0.881581 -0.437998
v -2.06349 -1.41933 7.21566
vn -0.193255 0.847664 -0.494084
v -1.90998 -1.42655 7.11441
vn -0.181273 0.956417 -0.228924
v -1.74153 -1.40636 7.04986
vn -0.143425 0.9847 -0.0989738
v -0.94243 -1.36731 6.78655
vn 0.0105682 0.999941 -0.00268647
v -1.10484 -1.35748 7.09016
vn 0.00250953 0.999773 -0.0211639
v -0.69457 -1.36582 6.57863
vn -0.0534214 0.998561 -0.00479239
v -0.41158 -1.36447 5.74355
vn 0.0301772 0.999453 0.0135359
v -2.36311 -1.43925 7.2941
vn -0.0685759 0.846218 -0.528405
v -2.19416 -1.43001 7.27156
vn -0.281057 0.767661 -0.575937
v -1.97024 -1.41642 7.18158
vn -0.16177 0.905037 -0.393367
v -0.75134 -1.36462 6.71139
vn -0.0569516 0.998014 -0.0269228
v -0.97805 -1.35841 7.04544
vn 0.000597677 0.999999 -0.00147248
v -1.52665 -1.3684 7.22432
vn -0.103307 0.992974 -0.0577036
v -1.2961 -1.34596 7.17959
vn -0.0484644 0.997032 -0.0598259
v -0.45001 -1.35825 6.21571
vn -0.0680486 0.993502 -0.0912289
v -0.395225 -1.35591 6.01457
vn -0.0436784 0.998595 -0.0300151
v -2.37014 -1.46085 7.24686
vn -0.0125509 0.938749 -0.344374
v -2.14559 -1.36418 7.31254
vn -0.108516 0.653593 -0.749027
v -2.24285 -1.43153 7.2841
vn -0.126408 0.78832 -0.602139
v -1.82373 -1.40518 7.15049
vn -0.108946 0.980941 -0.160889
v -1.97857 -1.36354 7.28749
vn 0.0729483 0.821994 -0.564805
v -0.828846 -1.36252 6.85727
vn 0.00307305 0.998104 -0.061474
v -0.912205 -1.35387 6.97568
vn -0.0531928 0.998583 -0.00167415
v -1.71252 -1.38842 7.20701
vn -0.0855082 0.993825 -0.0707119
v -0.644505 -1.35996 6.66952
vn -0.0494999 0.998764 -0.00458976
v -0.59128 -1.3545 6.54223
vn -0.0871121 0.995829 0.0271313
v -0.52078 -1.34034 6.36529
vn -0.0198569 0.998193 -0.0567081
v -0.56062 -1.34351 6.42023
vn -0.116823 0.992429 0.0379012
v -0.25882 -1.36089 5.85816
vn -0.080973 0.996475 -0.0219396
v -1.90332 -1.40055 7.20198
vn -0.0341584 0.95534 -0.293527
v -0.70442 -1.35845 6.95635
vn -0.0592571 0.997789 0.0301055
v -1.66242 -1.37897 7.35192
vn -0.0945099 0.995415 -0.0147416
v -1.38108 -1.35005 7.27086
vn -0.0801963 0.996486 -0.0241586
v -1.13407 -1.34807 7.26143
vn 0.0495841 0.998333 -0.0295323
v -0.39559 -1.34774 6.28462
vn -0.0376015 0.99722 -0.0643327
v -0.309145 -1.35989 5.76481
vn -0.0907041 0.995608 0.0231751
v -0.40687 -1.36302 5.56996
vn 0.0593003 0.996898 0.0517459
v -0.36758 -1.36775 5.62508
vn -0.0476458 0.998693 0.0185097
v -2.24654 -1.40833 7.30733
vn -0.170503 0.570525 -0.803386
v -2.00685 -1.19793 7.44213
vn 0.79326 -0.0750114 -0.604244
v -1.8471 -1.38491 7.27694
vn 0.0821467 0.9853 -0.149785
v -0.846895 -1.35032 6.98096
vn 0.0296234 0.999398 -0.0180784
v -1.07158 -1.35498 7.28945
vn 0.0617001 0.997947 0.0171992
v -0.87481 -1.35806 7.11752
vn -0.00672309 0.999389 0.0343098
v -1.76906 -1.38773 7.33622
vn -0.0143948 0.999865 -0.00787706
v -1.41519 -1.35403 7.34523
vn -0.0800358 0.996611 0.0189901
v -0.464945 -1.34741 6.53639
vn -0.0279727 0.999214 0.0280841
v -0.47388 -1.35392 5.54582
vn 0.139986 0.983143 0.117617
v -2.31153 -1.40207 7.32117
vn -0.0614238 0.405451 -0.912051
v -2.21003 -1.29656 7.35657
vn 0.148814 0.31558 -0.937157
v -1.91429 -1.34625 7.38396
vn 0.54892 0.80802 -0.213987
v -0.586481 -1.34849 6.90042
vn -0.0790779 0.996798 0.0118577
v -0.586775 -1.35376 6.78883
vn -0.0533605 0.997666 -0.0426154
v -1.02577 -1.35928 7.40068
vn 0.0183164 0.999331 0.0316524
v -0.81111 -1.35835 7.28624
vn -0.0117843 0.999906 0.00702716
v -1.78078 -1.38904 7.46598
vn -0.0315223 0.998839 0.0364214
v -1.5976 -1.37499 7.52324
vn -0.0882783 0.995507 0.0342455
v -1.30003 -1.34862 7.31875
vn -0.00621314 0.99915 0.0407437
v -0.317905 -1.35119 6.09552
vn 0.0207881 0.999341 -0.0297587
v -0.21129 -1.34524 5.62174
vn -0.148753 0.988848 -0.00722608
v -0.59329 -1.32416 5.47417
vn 0.253043 0.953334 0.164693
v -2.37641 -1.40959 7.32297
vn -0.0880602 0.35569 -0.930446
v -2.24165 -1.21293 7.35254
vn 0.34443 -0.00420516 -0.938803
v -1.94381 -1.31594 7.43992
vn 0.854108 0.516291 0.0628024
v -1.83639 -1.38312 7.37789
vn 0.245652 0.968401 0.0430679
v -0.774405 -1.35691 7.11363
vn -0.00203587 0.999981 0.00580248
v -0.50191 -1.35229 6.63205
vn -0.0849242 0.996359 -0.00758725
v -0.341195 -1.35028 6.37077
vn 0.0180693 0.999831 -0.00345295
v -0.22913 -1.35545 6.03662
vn -0.0329158 0.999428 0.00777909
v -0.22382 -1.35188 5.81376
vn -0.193933 0.980582 0.0291224
v -2.40294 -1.43308 7.31246
vn -0.249151 0.615824 -0.747452
v -2.33555 -1.34195 7.33001
vn 0.314275 -0.0479468 -0.94812
v -1.92887 -1.33581 7.49642
vn 0.858597 0.501301 -0.107281
v -1.90941 -1.35954 7.44553
vn 0.645117 0.762415 0.0504741
v -0.75505 -1.35763 6.9908
vn 0.0206716 0.999785 -0.00156426
v -0.978058 -1.36253 7.63305
vn -0.0179064 0.999821 -0.00614784
v -0.697485 -1.35194 7.21658
vn 0.00962005 0.999852 0.0142406
v -1.72598 -1.39349 7.65766
vn -0.0900628 0.995829 0.0145894
v -2.40054 -1.40717 7.32168
vn 0.442783 -0.334995 -0.831698
v -2.3436 -1.22524 7.30233
vn 0.470568 -0.172761 -0.865286
v -1.92682 -1.30762 7.60983
vn 0.966503 0.131476 -0.220422
v -0.4188 -1.33648 6.83858
vn -0.0941455 0.995034 -0.0323065
v -0.70093 -1.3568 7.47085
vn -0.0289635 0.999527 -0.0103765
v -1.18629 -1.35993 7.53064
vn 0.0124666 0.999443 0.0309609
v -0.65516 -1.35876 7.15371
vn 0.0465862 0.99826 -0.036139
v -1.88057 -1.37941 7.48899
vn 0.302123 0.950806 0.0684864
v -1.82393 -1.40434 7.68834
vn -0.0437504 0.9987 0.0261743
v -1.31521 -1.36278 7.61374
vn -0.0232556 0.999227 0.0317039
v -1.5036 -1.37361 7.67342
vn -0.0702339 0.997291 0.02185
v -0.274733 -1.35172 6.22965
vn 0.0398604 0.998602 -0.0347136
v -0.28409 -1.36071 5.50087
vn -0.0873766 0.995762 -0.0287055
v -0.14297 -1.33352 5.71528
vn -0.203653 0.978955 0.013133
v -0.412085 -1.35882 5.48807
vn 0.146884 0.98838 0.0391262
v -0.55187 -1.32522 5.3973
vn 0.275952 0.952992 0.125125
v -2.40578 -1.38602 7.29784
vn 0.643605 -0.268862 -0.716579
v -1.86171 -1.18739 7.79155
vn 0.852451 -0.479286 -0.208833
v -1.89663 -1.37482 7.55483
vn 0.759486 0.650524 -0.000265816
v -0.82685 -1.35874 7.66196
vn -0.0246455 0.999652 -0.00940154
v -1.10832 -1.36286 7.64633
vn 0.00316541 0.999962 0.0081718
v -1.86086 -1.39367 7.56107
vn 0.22877 0.969213 0.0910566
v -0.36869 -1.33392 6.6875
vn -0.078865 0.995929 -0.0436475
v -0.20606 -1.36335 6.12029
vn -0.0600668 0.997504 0.0371311
v -0.1668 -1.34501 5.94404
vn -0.205813 0.976795 0.0592647
v -0.10467 -1.32492 5.59579
vn -0.1892 0.981902 -0.00848751
v -0.35162 -1.3647 5.48447
vn -0.0101479 0.999872 -0.0123559
v -0.72231 -1.20753 5.21785
vn 0.401602 0.892785 0.204084
v -1.6795 -0.96923 7.6149
vn 0.638494 -0.730195 -0.243188
v -1.9214 -1.35476 7.73537
vn 0.97623 -0.199934 -0.0836749
v -1.9046 -1.37439 7.64422
vn 0.839879 0.533242 0.101271
v -1.90586 -1.37088 7.51046
vn 0.662266 0.745846 -0.071535
v -0.52573 -1.36194 7.17336
vn -0.0553075 0.997428 0.0455999
v -0.601045 -1.35612 7.43531
vn -0.0244325 0.998786 -0.0427733
v -0.607165 -1.358 7.2764
vn 0.0439411 0.999034 -0.000677347
v -0.93871 -1.35795 7.74679
vn -0.0233037 0.999502 -0.0212606
v -1.30228 -1.36247 7.76773
vn -0.0274143 0.999585 0.00880768
v -0.23412 -1.34779 6.29418
vn 0.00779289 0.999576 -0.028069
v -0.309198 -1.34732 6.48754
vn -0.0185594 0.998544 -0.0506514
v -0.14347 -1.34667 6.03006
vn -0.164384 0.980305 0.10945
v -0.13069 -1.3311 5.86488
vn -0.228999 0.972189 0.0490813
v -0.2317 -1.35247 5.50092
vn -0.1876 0.981953 -0.0239901
v -1.91139 -1.35181 7.8295
vn 0.976306 -0.205919 -0.0665119
v -0.441595 -1.34188 7.00186
vn -0.101751 0.991848 0.0767069
v -0.70207 -1.3532 7.70511
vn -0.0619418 0.998072 0.00404187
v -0.58245 -1.34267 7.64689
vn -0.0324264 0.998539 -0.0432199
v -0.81616 -1.35592 7.86645
vn 0.00213774 0.999851 -0.0171266
v -1.86864 -1.39967 7.67093
vn 0.241107 0.963854 0.113375
v -0.29312 -1.33573 6.61016
vn 0.00748649 0.998466 -0.0548551
v -0.149722 -1.35519 6.26752
vn 0.00857889 0.998644 -0.05134
v -0.37471 -1.36027 5.43255
vn 0.13461 0.989 0.0613106
v -1.93333 -1.38753 7.765
vn 0.975172 -0.204272 -0.0855158
v -1.90447 -1.31188 7.89233
vn 0.966555 -0.256417 0.00474739
v -1.90785 -1.38894 7.70327
vn 0.50057 0.833807 0.232798
v -0.52897 -1.36229 7.25252
vn -0.033435 0.999416 -0.00710666
v -0.70047 -1.35372 7.94636
vn -0.0491161 0.99878 0.00519825
v -1.08506 -1.36134 7.84789
vn -0.0201302 0.999705 -0.0136251
v -1.54644 -1.37749 7.84398
vn -0.0588637 0.998102 -0.0180929
v -0.36729 -1.32977 6.96837
vn -0.0658822 0.997825 -0.00239457
v -0.30644 -1.33051 6.79659
vn -0.0258524 0.999336 -0.0256913
v -0.05162 -1.32321 5.99943
vn -0.208265 0.971655 0.11186
v -0.49899 -1.33312 5.33526
vn 0.190729 0.980285 0.0516136
v -1.91561 -1.38711 7.81185
vn 0.69117 0.597592 -0.406408
v -1.89201 -1.28543 7.97757
vn 0.9254 -0.366061 -0.0981532
v -1.90394 -1.36576 7.9084
vn 0.820198 0.570749 -0.0390009
v -0.5097 -1.34138 7.75405
vn -0.0720124 0.997377 -0.00724705
v -0.41397 -1.34052 7.65184
vn -0.0246653 0.999074 -0.0352596
v -0.48605 -1.35299 7.43925
vn -0.0405508 0.99836 -0.0404022
v -0.878915 -1.35215 7.94846
vn -0.0115829 0.999868 0.0113755
v -1.75842 -1.39213 7.81214
vn -0.0654817 0.996176 -0.057834
v -1.92488 -1.39844 7.7605
vn 0.268944 0.960741 0.0681649
v -1.30588 -1.36651 7.87235
vn -0.031539 0.99949 -0.00509108
v -0.15463 -1.34855 6.39908
vn -0.0118141 0.999492 -0.0295893
v 0.01652 -1.34218 6.21873
vn -0.156329 0.986969 0.0381295
v -1.90854 -1.3467 7.9675
vn 0.988327 -0.102277 -0.112913
v -1.81671 -1.16515 8.17889
vn 0.925459 -0.213263 -0.313119
v -0.34186 -1.34744 7.17199
vn -0.0645117 0.997447 0.0306225
v -0.52045 -1.33958 7.95944
vn -0.151508 0.98844 0.00554991
v -0.74408 -1.35672 8.03122
vn -0.0253296 0.999613 0.0115097
v -1.88934 -1.40225 7.78032
vn 0.0656301 0.989543 -0.128444
v -1.45477 -1.36534 7.99776
vn -0.037994 0.994388 -0.0987414
v -0.23214 -1.3309 6.81464
vn 0.0549928 0.997666 -0.0404859
v -0.17254 -1.34653 6.53681
vn 0.028101 0.999212 -0.0280375
v -0.06143 -1.35189 6.26397
vn -0.0840908 0.995392 -0.0460893
v 0.03068 -1.33516 6.16598
vn -0.205953 0.970198 0.127666
v 0.01975 -1.32036 6.05805
vn -0.222595 0.963275 0.150172
v -1.88391 -1.31272 8.05715
vn 0.941139 -0.126577 -0.313427
v -1.90214 -1.37329 7.97008
vn 0.811027 0.570621 -0.128945
v -1.87246 -1.38593 7.91103
vn 0.340507 0.940159 0.0124892
v -0.26563 -1.34287 7.39571
vn -0.062837 0.997787 -0.021719
v -0.31856 -1.33658 7.10079
vn -0.0624161 0.987599 0.144056
v -0.467785 -1.33566 7.87703
vn -0.0758515 0.99616 -0.0437289
v -0.55278 -1.34783 7.99572
vn -0.0723386 0.994108 0.0807291
v -0.33567 -1.34036 7.62272
vn -0.0407045 0.998705 -0.0305124
v -0.97951 -1.35809 7.96111
vn -0.0385844 0.998788 0.0305414
v -1.13684 -1.35764 8.00701
vn 0.0319143 0.997273 -0.0665379
v -1.67871 -1.37979 7.94944
vn -0.0537652 0.995884 -0.0729734
v -0.08311 -1.34369 6.51848
vn -0.0422122 0.999042 -0.0115113
v -1.85404 -1.30582 8.11159
vn 0.702293 0.275733 -0.656319
v -1.85351 -1.39267 7.8569
vn 0.0922974 0.98885 -0.116865
v -0.3319 -1.3329 7.08253
vn -0.108981 0.990338 0.0857489
v -0.400325 -1.32979 7.92216
vn -0.0247528 0.999016 -0.0367946
v -0.40439 -1.33563 8.00216
vn -0.0535159 0.988993 0.137949
v -0.85033 -1.35696 8.01758
vn -0.014782 0.999197 0.0372393
v -1.29121 -1.36572 7.9652
vn -0.0231261 0.999056 -0.0367768
v -0.25836 -1.32571 6.97066
vn 0.0119842 0.999686 0.0220139
v -0.0876 -1.33882 6.87141
vn 0.0388439 0.998717 -0.0324958
v -0.04835 -1.34187 6.40582
vn -0.139596 0.987909 -0.0674473
v -1.88265 -1.35805 8.04008
vn 0.743389 0.455117 -0.490144
v -1.87966 -1.38521 7.97932
vn 0.043801 0.997336 -0.0583272
v -0.0771 -1.32978 7.32983
vn -0.0815011 0.995752 -0.0428523
v -0.04782 -1.33447 7.13688
vn -0.0434477 0.998999 0.0106003
v -0.212672 -1.33522 7.08765
vn 0.00839987 0.996134 0.0874406
v -0.16324 -1.32984 7.61519
vn -0.0959819 0.995039 -0.0261805
v -1.68797 -1.36612 8.07453
vn -0.0376241 0.981249 -0.189038
v -1.82871 -1.34874 8.10117
vn 0.39253 0.714835 -0.578733
v -1.74875 -1.28966 8.22041
vn 0.61781 0.4905 -0.614589
v -0.06692 -1.32273 7.43273
vn -0.139463 0.98912 -0.0468155
v -0.02581 -1.33111 7.1997
vn -0.0702823 0.997068 -0.030255
v -0.385097 -1.33015 7.99644
vn 0.0143104 0.999304 0.0344478
v -0.48155 -1.33101 8.0046
vn -0.0773879 0.996989 -0.00490015
v -0.216755 -1.33147 7.84575
vn -0.00994828 0.999754 -0.0198055
v -1.59769 -1.30901 8.32542
vn 0.0817396 0.987117 -0.137545
v -1.80704 -1.38113 8.01718
vn -0.0215071 0.986827 -0.160344
v -0.08242 -1.33548 6.97105
vn 0.0467214 0.998898 -0.00443479
v -0.03105 -1.33843 6.74837
vn -0.0239616 0.999614 -0.014075
v 0.06041 -1.32008 6.36544
vn -0.226757 0.968522 -0.102696
v 0.01218 -1.33929 6.2965
vn -0.187607 0.979447 -0.0740769
v 0.08377 -1.31956 6.20455
vn -0.327151 0.94244 0.0691319
v -1.85951 -1.3753 8.03348
vn 0.26889 0.890291 -0.367532
v -1.73075 -1.27095 8.25992
vn 0.68362 0.488115 -0.542593
v -1.74946 -1.34044 8.15958
vn 0.229726 0.878488 -0.418908
v -0.15097 -1.33267 7.86751
vn 0.0586199 0.998257 -0.00680939
v 0.10683 -1.28548 7.37576
vn -0.23598 0.967868 -0.0868582
v -1.3828 -1.32735 8.52706
vn 0.200238 0.978151 -0.0559009
v -1.79351 -1.37014 8.06998
vn 0.0319109 0.9538 -0.298742
v -0.11817 -1.33596 7.07124
vn -0.00171365 0.999709 0.0240636
v -1.50132 -1.26547 8.77354
vn 0.335078 0.933663 -0.126478
v -1.35506 -1.31228 8.95244
vn 0.402298 0.910437 -0.09623
v -0.03675 -1.33396 7.06189
vn -0.0246644 0.999695 -0.000942206
v -0.195903 -1.33116 7.97045
vn 0.0746586 0.994705 0.0706292
v -1.35949 -1.3438 8.53988
vn 0.599745 0.797351 -0.0673586
v -1.43888 -1.23061 9.07601
vn 0.605473 0.773957 -0.185452
v -1.33129 -1.28224 9.27274
vn 0.577923 0.802424 -0.148731
v -1.21653 -1.31331 9.43079
vn 0.245657 0.965778 -0.0832131
v -1.39234 -1.20252 9.27147
vn 0.820617 0.49864 -0.279188
v -1.12096 -1.31304 9.51168
vn 0.0266207 0.995483 -0.0911303
v -1.28016 -1.28546 9.44721
vn 0.515181 0.834193 -0.196747
v -1.32978 -1.25787 9.37595
vn 0.813395 0.515771 -0.269013
v -1.14988 -1.31783 9.54272
vn 0.184869 0.966873 -0.17601
v -1.2025 -1.29228 9.53014
vn 0.501826 0.748693 -0.433161
v -1.29479 -1.2469 9.46341
vn 0.886303 0.100073 -0.452165
v -1.10125 -1.29755 9.61709
vn 0.380896 0.786168 -0.486681
v -1.27679 -1.27318 9.4913
vn 0.749781 0.459977 -0.475656
v -1.36582 -1.176 9.32501
vn 0.880775 -0.03897 -0.471929
v -1.04157 -1.2915 9.67587
vn 0.152825 0.948248 -0.278334
v -1.24309 -1.22986 9.53808
vn 0.724203 0.254892 -0.64075
v -1.13106 -1.2603 9.62955
vn 0.615797 0.491032 -0.616184
v -1.33786 -1.17639 9.37099
vn 0.893073 -0.0406956 -0.448068
v -1.06651 -1.25461 9.70336
vn 0.577499 0.550097 -0.603231
v -0.92604 -1.27748 9.76256
vn 0.18073 0.910666 -0.371515
v -1.2688 -1.19015 9.5122
vn 0.854237 0.0831824 -0.513187
v -1.00874 -1.27278 9.73694
vn 0.355618 0.753754 -0.552621
v -0.91753 -1.30135 9.70294
vn 0.0297226 0.986933 -0.158368
v -1.18083 -1.20208 9.61637
vn 0.720256 0.329899 -0.610244
v -1.35697 -1.12709 9.3356
vn 0.8948 0.115576 -0.431248
v -1.27577 -1.12255 9.50755
vn 0.879521 0.140218 -0.454732
v -1.11875 -1.2075 9.68563
vn 0.667018 0.416053 -0.618051
v -0.99915 -1.23874 9.77513
vn 0.499356 0.5455 -0.673108
v -0.72588 -1.28264 9.81002
vn -0.0372837 0.991708 -0.122988
v -1.23878 -1.15627 9.56453
vn 0.82284 0.189776 -0.535648
v -1.05934 -1.17452 9.7658
vn 0.611888 0.403202 -0.680456
v -0.92493 -1.23124 9.82916
vn 0.382443 0.643807 -0.66276
v -0.46475 -1.26029 9.75742
vn -0.119401 0.992818 0.00753484
v -0.784005 -1.27964 9.82971
vn 0.111333 0.930705 -0.348415
v -1.21287 -1.0958 9.62618
vn 0.824365 0.254824 -0.505457
v -1.35002 -1.05834 9.3808
vn 0.864995 0.29896 -0.402996
v -1.14298 -1.12932 9.70448
vn 0.723056 0.332716 -0.605384
v -0.96584 -1.18337 9.83318
vn 0.523633 0.384445 -0.76027
v -0.58188 -1.27698 9.82987
vn 1.79879e-05 0.983113 -0.182999
v -0.81096 -1.25297 9.86209
vn 0.26943 0.770665 -0.57748
v -1.31069 -1.0461 9.47563
vn 0.84131 0.30159 -0.448599
v -1.0834 -1.06508 9.80534
vn 0.643851 0.388923 -0.658935
v -0.65449 -1.24489 9.88603
vn -0.0845754 0.724916 -0.683625
v -0.73529 -1.2591 9.87686
vn 0.0188216 0.85932 -0.511091
v -1.18293 -1.01263 9.71564
vn 0.772127 0.311162 -0.554074
v -1.41779 -0.87905 9.41847
vn 0.698778 0.28215 -0.657344
v -0.946488 -1.08496 9.88537
vn 0.488295 0.372258 -0.789298
v -0.83253 -1.11661 9.948
vn 0.451994 0.388775 -0.802842
v -0.83771 -1.21225 9.89275
vn 0.370953 0.567265 -0.735258
v -0.55967 -1.26907 9.85715
vn -0.0477425 0.823262 -0.565651
v -1.18773 -0.92001 9.75907
vn 0.823126 0.231698 -0.51844
v -1.31595 -0.92405 9.53713
vn 0.801948 0.280058 -0.527681
v -0.98738 -1.05617 9.87849
vn 0.461065 0.453065 -0.762988
v -1.12832 -0.96109 9.82158
vn 0.72789 0.316784 -0.608132
v -0.52319 -1.2781 9.82494
vn -0.248494 0.935365 -0.25168
v -0.54955 -1.23608 9.88638
vn -0.0620353 0.571059 -0.818561
v -1.02121 -0.93606 9.93964
vn 0.518884 0.399697 -0.755646
v -0.89087 -1.07914 9.92843
vn 0.500458 0.368459 -0.783441
v -0.76664 -1.22023 9.91573
vn 0.205549 0.593193 -0.778377
v -0.49856 -1.2638 9.84487
vn -0.236484 0.909696 -0.341363
v -0.59039 -1.14746 9.93912
vn -0.222024 0.367225 -0.903245
v -0.71728 -1.22987 9.91639
vn -0.0712081 0.559248 -0.825937
v -1.32369 -0.76693 9.59799
vn 0.792343 0.244556 -0.558913
v -1.22467 -0.83483 9.72943
vn 0.820434 0.133836 -0.555856
v -0.93195 -0.98614 9.95028
vn 0.375001 0.337359 -0.86346
v -1.1583 -0.85545 9.81777
vn 0.760055 0.0887197 -0.643774
v -1.08526 -0.90494 9.89425
vn 0.703398 0.155275 -0.693629
v -0.784835 -1.14522 9.95346
vn 0.248766 0.446721 -0.859393
v -0.465835 -1.21355 9.88987
vn -0.28206 0.31061 -0.907724
v -0.48594 -1.24374 9.8719
vn -0.196329 0.7137 -0.672374
v -1.54141 -0.54213 9.43088
vn 0.654513 0.266212 -0.707632
v -0.81962 -1.04634 9.98323
vn 0.374764 0.298465 -0.877765
v -0.43853 -1.25143 9.82818
vn -0.360178 0.904166 -0.229686
v -0.70201 -1.12052 9.97654
vn -0.0961844 0.421981 -0.901488
v -1.21504 -0.69327 9.76599
vn 0.758472 0.0574659 -0.649167
v -1.7283 -0.64272 9.27048
vn 0.557636 0.233937 -0.796439
v -0.98105 -0.91156 9.9623
vn 0.206505 0.0723486 -0.975767
v -1.0875 -0.78763 9.89001
vn 0.60289 -0.030078 -0.797257
v -1.03417 -0.8789 9.9397
vn 0.496562 -0.0872024 -0.86361
v -0.40361 -1.24213 9.79493
vn -0.507767 0.82765 -0.239101
v -0.67687 -1.07006 9.98901
vn -0.187134 0.123944 -0.974484
v -0.46566 -1.11461 9.90403
vn -0.40974 0.0309082 -0.911679
v -0.7659 -1.06199 9.99782
vn 0.158297 0.24914 -0.955443
v -0.84797 -0.97788 9.98919
vn 0.337851 0.0305141 -0.940705
v -0.412575 -1.2221 9.84319
vn -0.625795 0.541914 -0.56099
v -0.62414 -1.09127 9.97723
vn -0.340527 0.210227 -0.916431
v -0.49014 -1.07168 9.91035
vn -0.44393 -0.0214472 -0.895805
v -1.11354 -0.60741 9.87221
vn 0.508086 -0.0472124 -0.860011
v -0.96663 -0.8351 9.95463
vn 0.244269 -0.166368 -0.955329
v -0.83628 -0.89578 9.98213
vn 0.0920129 -0.128737 -0.987401
v -0.79465 -0.98341 9.99968
vn 0.0491076 -0.0808758 -0.995514
v -0.34444 -1.20366 9.75748
vn -0.732996 0.536951 -0.417613
v -0.60662 -1.05108 9.96726
vn -0.388674 -0.0168935 -0.921221
v -0.75628 -1.03163 10.0019
vn -0.0469618 -0.00752052 -0.998868
v -0.40529 -1.18382 9.85759
vn -0.619807 0.238066 -0.747773
v -1.0046 -0.70449 9.92309
vn 0.288307 -0.121128 -0.949846
v -0.35637 -1.16512 9.81103
vn -0.785576 0.344368 -0.514082
v -0.70107 -0.96544 9.98798
vn -0.208379 -0.0995993 -0.972964
v -0.56135 -0.95527 9.938
vn -0.410898 -0.0780007 -0.908338
v -0.96319 -0.54304 9.90941
vn 0.114851 -0.18007 -0.976926
v -0.87051 -0.73279 9.95021
vn 0.0638527 -0.194906 -0.978741
v -0.3856 -1.14501 9.849
vn -0.638332 0.01713 -0.769571
v -0.52055 -0.8965 9.90853
vn -0.572882 -0.102209 -0.81324
v -0.396975 -1.07489 9.85244
vn -0.622865 -0.133551 -0.770846
v -0.73697 -0.78856 9.96576
vn -0.025474 -0.205287 -0.97837
v -0.72928 -0.87692 9.98299
vn -0.0767787 -0.139599 -0.987227
v -0.63698 -0.85731 9.96119
vn -0.258092 -0.0929506 -0.961639
v -0.70202 -0.62278 9.92288
vn -0.0429666 -0.248796 -0.967602
v -0.574012 -0.829018 9.9358
vn -0.445968 -0.0692744 -0.892364
v -0.357 -1.10239 9.81487
vn -0.724159 -0.0884389 -0.683939
v -0.4398 -0.79843 9.82808
vn -0.625841 -0.134654 -0.768239
v -0.64045 -0.74669 9.95029
vn -0.140169 -0.181388 -0.973371
v -0.3708 -1.0044 9.81159
vn -0.690633 -0.167279 -0.703593
v -0.60093 -0.69324 9.92883
vn -0.28003 -0.274897 -0.919791
v -0.40107 -0.8968 9.81456
vn -0.639441 -0.169733 -0.74987
v -0.55597 -0.64112 9.89815
vn -0.312604 -0.266943 -0.911603
v -0.58567 -0.73762 9.93637
vn -0.41654 -0.15929 -0.895053
v -0.52334 -0.72838 9.89253
vn -0.566725 -0.113535 -0.816047
v -3.51239 -0.697 -2.87797
vn -0.0257909 0.994469 0.101814
v -3.50594 -0.68928 -3.01251
vn -0.125586 0.990023 0.0638947
v -3.30484 -0.70527 -2.88199
vn 0.139162 0.973819 0.179754
v -3.31971 -0.67254 -3.05187
vn -0.00922446 0.970212 0.242082
v -3.61132 -0.71201 -2.87879
vn -0.193893 0.979641 0.0520472
v -3.4338 -0.7048 -2.75213
vn 0.0961408 0.987252 0.126846
v -3.44317 -0.66906 -3.13555
vn -0.186332 0.970066 0.155729
v -3.63194 -0.709419 -3.11026
vn -0.18688 0.982367 0.00550985
v -3.19868 -0.70424 -2.96735
vn 0.106389 0.96007 0.25874
v -3.2705 -0.7484 -2.71157
vn 0.281987 0.91538 0.287338
v -3.55576 -0.70939 -2.73986
vn -0.0875657 0.992218 0.0885166
v -3.24555 -0.58672 -3.30552
vn -0.36737 0.838277 0.402904
v -3.14471 -0.73631 -2.88285
vn 0.138802 0.947111 0.289336
v -3.12556 -0.68044 -3.05755
vn -0.0105286 0.935092 0.354249
v -3.12521 -0.76713 -2.79027
vn 0.251051 0.919728 0.301784
v -3.3827 -0.73119 -2.64957
vn 0.208543 0.915192 0.344867
v -3.54431 -0.68849 -3.20681
vn -0.275054 0.959331 0.0634717
v -3.70357 -0.741814 -2.82113
vn -0.109775 0.980294 0.164237
v -3.7325 -0.728819 -2.97819
vn 0.00453072 0.999501 0.0312491
v -3.05748 -0.73937 -2.90147
vn 0.00512415 0.937755 0.347259
v -3.10226 -0.87557 -2.57079
vn 0.308727 0.815254 0.489948
v -3.29548 -0.78758 -2.59286
vn 0.285691 0.81657 0.501591
v -3.48623 -0.7198 -2.64421
vn 0.0748412 0.953108 0.29323
v -3.64357 -0.7335 -2.725
vn -0.265434 0.964018 0.014606
v -3.55249 -0.68494 -3.32058
vn -0.330646 0.927821 0.172692
v -2.80061 -0.68173 -3.00664
vn -0.055114 0.925292 0.375229
v -3.71303 -0.72804 -2.92111
vn 0.00200628 0.996021 0.0890966
v -3.70209 -0.719783 -3.04625
vn -0.0629198 0.995139 0.0757629
v -3.46354 -0.77993 -2.53549
vn 0.25014 0.756518 0.604244
v -3.61177 -0.73008 -2.58307
vn 0.0966515 0.987138 0.127344
v -3.53041 -0.62793 -3.4939
vn -0.412292 0.828446 0.379068
v -3.60693 -0.70777 -3.27337
vn -0.288899 0.957248 0.0145987
v -3.70333 -0.717825 -3.14811
vn 0.00336333 0.999876 0.0153625
v -3.2936 -0.8758 -2.4826
vn 0.197435 0.74204 0.640622
v -3.68717 -0.748665 -2.75455
vn -0.183157 0.982929 -0.0174351
v -3.66228 -0.73063 -2.64339
vn -0.0836836 0.99565 -0.0409597
v -3.47524 -0.48442 -3.68206
vn -0.618022 0.614062 0.490895
v -3.62829 -0.706895 -3.374
vn -0.368461 0.914733 0.165832
v -3.63912 -0.71569 -3.27258
vn -0.121748 0.992555 -0.00335128
v -3.78048 -0.72077 -3.01601
vn 0.0711547 0.996969 0.0314498
v -3.21863 -0.93198 -2.43584
vn 0.262976 0.764453 0.588605
v -3.57012 -0.93118 -2.36824
vn 0.0704876 0.607459 0.791218
v -3.65208 -0.76824 -2.4281
vn 0.446137 0.746367 0.49386
v -3.60021 -0.58001 -3.66511
vn -0.431487 0.804624 0.40792
v -3.32479 -0.1915 -3.76021
vn -0.68201 0.32496 0.655182
v -3.58894 -0.661645 -3.49101
vn -0.392423 0.863188 0.317663
v -3.79276 -0.71576 -2.87098
vn 0.192156 0.979995 0.0518325
v -3.73047 -0.74728 -2.78095
vn 0.294949 0.955353 -0.0174719
v -3.10348 -1.00197 -2.41535
vn 0.329422 0.762806 0.556425
v -3.30018 -0.95195 -2.39052
vn 0.136311 0.77287 0.619751
v -3.72032 -0.73375 -2.45642
vn 0.234172 0.95471 0.183554
v -3.59841 -0.51401 -3.80483
vn -0.399613 0.833571 0.381403
v -3.64043 -0.62623 -3.60673
vn -0.299388 0.858581 0.416181
v -3.51163 -0.38857 -3.84655
vn -0.7223 0.392804 0.569199
v -3.65146 -0.692215 -3.47014
vn -0.325422 0.888656 0.323096
v -3.80541 -0.715622 -2.94142
vn 0.119987 0.992354 -0.0289424
v -3.82709 -0.712392 -3.13934
vn 0.018072 0.999692 0.0170119
v -3.17739 -0.99647 -2.3731
vn 0.190001 0.849803 0.491665
v -3.06595 -0.97785 -2.46439
vn 0.214757 0.762863 0.609853
v -3.66448 -0.80612 -2.3634
vn 0.679757 0.440595 0.586351
v -3.38005 -1.02547 -2.27603
vn 0.028953 0.864062 0.502553
v -3.74533 -0.7291 -2.65793
vn 0.104784 0.99142 -0.0781407
v -3.54665 -0.46807 -3.82987
vn -0.692799 0.591176 0.412965
v -3.74227 -0.57943 -3.7664
vn -0.244866 0.882998 0.400443
v -3.53505 -0.29701 -3.88696
vn -0.602409 0.0858124 0.793561
v -3.71773 -0.716995 -3.23995
vn 0.0247768 0.999423 -0.0232376
v -3.0288 -0.96929 -2.48398
vn 0.157117 0.746501 0.646569
v -3.66326 -0.83802 -2.35441
vn 0.242515 0.0136592 0.970052
v -3.52707 -1.04003 -2.26485
vn -0.101436 0.719262 0.687294
v -3.74879 -0.724525 -2.52177
vn 0.0105227 0.997101 0.0753561
v -3.72482 -0.73347 -2.38688
vn 0.43667 0.896395 0.0761295
v -3.59235 -0.4842 -3.87058
vn -0.425052 0.794072 0.434489
v -3.70385 -0.50766 -3.8813
vn -0.244639 0.826887 0.50637
v -3.71149 -0.65285 -3.58652
vn -0.167272 0.904043 0.393352
v -3.49203 -0.20711 -3.86483
vn -0.484926 -0.00748514 0.874523
v -3.58033 -0.45259 -3.89156
vn -0.653985 0.472361 0.590914
v -3.69473 -0.7222 -3.42065
vn -0.10137 0.989241 0.105484
v -3.89711 -0.71578 -3.01313
vn -0.0129678 0.999868 0.00973851
v -3.04178 -1.02589 -2.3934
vn 0.183133 0.947264 0.26297
v -3.71144 -0.85951 -2.35866
vn -0.171493 -0.261902 0.949735
v -3.72897 -0.73841 -2.34261
vn 0.665951 0.608246 0.43191
v -3.1336 -1.03728 -2.27068
vn 0.0623528 0.941341 0.331645
v -3.55792 -1.08553 -2.20491
vn -0.158465 0.915325 0.370229
v -3.62606 -1.07896 -2.25636
vn -0.388501 0.722631 0.571727
v -3.7579 -0.7359 -2.43733
vn -0.0995936 0.988036 0.117754
v -3.81572 -0.72477 -2.63042
vn -0.0507017 0.998476 0.0217965
v -3.53001 -0.12346 -3.88268
vn -0.435389 0.0338151 0.899607
v -3.60028 -0.236808 -3.90995
vn -0.246596 -0.0492877 0.967864
v -3.59673 -0.38138 -3.92395
vn -0.338179 -0.0501652 0.939744
v -3.5831 -0.42497 -3.91006
vn -0.599521 0.27048 0.753269
v -3.69495 -0.69834 -3.48387
vn -0.170591 0.895063 0.412021
v -3.74539 -0.72184 -3.3508
vn 0.0668559 0.99776 -0.00231399
v -3.78971 -0.723845 -2.74822
vn 0.185368 0.982626 0.00918843
v -3.84074 -0.71387 -3.28419
vn 0.0343359 0.999406 0.00305809
v -3.84273 -0.71389 -2.89456
vn -0.0128299 0.99936 0.0334013
v -3.01511 -1.01187 -2.43245
vn 0.126756 0.852677 0.506829
v -3.7362 -0.7932 -2.32875
vn 0.0280465 -0.358964 0.93293
v -3.7549 -0.96738 -2.39158
vn -0.246138 -0.0271001 0.968856
v -3.73496 -0.765072 -2.31776
vn 0.410951 -0.0357123 0.910957
v -3.3496 -1.07809 -2.13264
vn -0.0493531 0.941631 0.333008
v -3.69557 -1.08023 -2.32099
vn -0.497819 0.674476 0.545214
v -3.82408 -0.728455 -2.51158
vn -0.0399112 0.976028 0.213953
v -3.62323 -0.46291 -3.90971
vn -0.234241 0.632267 0.738491
v -3.80728 -0.53088 -3.90011
vn -0.296799 0.695808 0.654035
v -3.69564 -0.4742 -3.91274
vn -0.0866895 0.5059 0.858225
v -3.85992 -0.66238 -3.61875
vn -0.149865 0.945625 0.288675
v -3.52801 -0.0261 -3.8927
vn -0.52035 -0.00828657 0.853913
v -4.06881 -0.712255 -3.34585
vn -0.0164059 0.998557 0.0511294
v -4.08474 -0.7161 -3.12883
vn -0.0491733 0.998598 0.0196112
v -3.78061 -0.88413 -2.39226
vn -0.491708 -0.104904 0.864418
v -3.72473 -1.04573 -2.37438
vn -0.355303 0.314465 0.880268
v -3.03538 -1.03059 -2.36458
vn 0.104839 0.981366 0.161028
v -3.63596 -1.11504 -2.17938
vn -0.297048 0.928384 0.223307
v -3.57072 -1.10904 -2.12337
vn -0.164513 0.958702 0.232006
v -3.78408 -0.74099 -2.45988
vn -0.427508 0.69778 0.574752
v -3.90157 -0.564265 -3.90388
vn -0.281314 0.808083 0.517556
v -3.91973 -0.62925 -3.75641
vn -0.198874 0.924251 0.325898
v -3.7802 -0.69145 -3.5115
vn -0.0140641 0.939279 0.342865
v -3.59025 0.0032325 -3.92023
vn -0.282037 0.108645 0.953232
v -3.61509 -0.09668 -3.91334
vn -0.244813 0.0592185 0.96776
v -3.63118 -0.370875 -3.93061
vn -0.120238 -0.116636 0.98587
v -3.9862 -0.71825 -2.88382
vn -0.0276207 0.99952 0.0139989
v -3.91473 -0.70426 -3.44829
vn -0.0282442 0.991711 0.125348
v -3.76564 -0.80447 -2.36332
vn -0.55101 -0.267918 0.790321
v -3.83466 -0.9445 -2.42377
vn -0.441212 0.0378467 0.896604
v -3.80844 -1.07641 -2.39759
vn -0.3179 0.223863 0.921317
v -3.68679 -1.13261 -2.23495
vn -0.424345 0.857983 0.289476
v -3.76678 -1.11173 -2.37123
vn -0.530627 0.694058 0.486537
v -3.74465 -1.11962 -2.30283
vn -0.250252 0.86017 0.444389
v -3.82294 -0.74713 -2.47895
vn -0.210086 0.689596 0.693053
v -3.85232 -0.729485 -2.57796
vn -0.144457 0.989263 -0.0221428
v -3.84436 -0.5332 -3.92863
vn -0.405736 0.700176 0.587479
v -4.11048 -0.70088 -3.63868
vn -0.176123 0.972307 0.15362
v -3.62577 0.08914 -3.9384
vn -0.20345 0.228621 0.952019
v -3.65083 -0.16511 -3.91681
vn -0.127957 -0.0147261 0.99167
v -3.6622 -0.429145 -3.93662
vn -0.13495 0.218703 0.966415
v -3.75661 -0.717085 -3.43892
vn 0.0822765 0.980656 0.17761
v -4.03124 -0.71941 -2.99325
vn -0.0597366 0.99799 0.0211465
v -3.8318 -0.8395 -2.43291
vn -0.461437 0.0926958 0.882317
v -3.87922 -1.01339 -2.43651
vn -0.185993 0.113777 0.975941
v -3.78128 -1.0992 -2.38705
vn -0.203407 0.430613 0.879317
v -3.66718 -1.12659 -2.12627
vn -0.240937 0.970517 0.00680144
v -3.87258 -0.72387 -2.71193
vn -0.0449303 0.995558 0.0827339
v -3.91398 -0.53372 -3.94002
vn -0.114028 0.670324 0.733255
v -4.02074 -0.61359 -3.85634
vn -0.183566 0.920568 0.344757
v -3.78923 -0.471784 -3.92559
vn -0.227977 0.298458 0.926795
v -3.65128 0.05924 -3.93714
vn -0.075275 0.131757 0.98842
v -3.88263 0.39163 -4.07291
vn -0.0938997 0.380356 0.920061
v -3.69398 -0.0507975 -3.92593
vn -0.0711113 0.0814447 0.994138
v -4.09329 -0.721967 -2.82521
vn -0.0590128 0.998237 -0.00633073
v -3.97619 -0.72288 -2.75745
vn 0.0192907 0.997641 0.0658884
v -4.09182 -0.7027 -3.4743
vn -0.0369638 0.99923 0.0131409
v -4.14591 -0.718875 -3.32552
vn -0.127802 0.989437 0.068412
v -4.10593 -0.72172 -3.04475
vn -0.111118 0.99154 0.0670937
v -3.88418 -0.94246 -2.44896
vn 0.0906382 0.00988801 0.995835
v -3.90709 -0.73079 -2.4768
vn 0.120409 0.955947 0.267705
v -3.89844 -0.738597 -2.59186
vn 0.0274669 0.999501 -0.0155754
v -3.9168 -0.72954 -2.53107
vn 0.00308065 0.996811 -0.0797453
v -3.95545 -0.56462 -3.92542
vn -0.185439 0.859641 0.476057
v -3.86393 -0.511472 -3.9453
vn -0.264758 0.245795 0.932463
v -3.75065 -0.41367 -3.93434
vn -0.034073 0.114471 0.992842
v -3.74287 -0.347997 -3.93739
vn -0.0962769 -0.0244106 0.995055
v -4.14855 -0.73554 -2.93049
vn -0.14846 0.988736 0.0190038
v -4.12478 -0.704905 -3.40532
vn -0.051467 0.992919 0.107066
v -4.14303 -0.723095 -3.20046
vn -0.222913 0.974662 0.0185157
v -3.85467 -1.103 -2.39682
vn -0.220632 0.622418 0.750945
v -3.80194 -1.11784 -2.37081
vn -0.0942956 0.899107 0.427451
v -3.71226 -1.13227 -2.15477
vn -0.106451 0.987107 -0.119529
v -3.79899 -1.12516 -2.34069
vn -0.11156 0.983581 0.141854
v -3.78902 -1.12731 -2.30299
vn -0.043622 0.983746 0.174188
v -3.85513 -0.807475 -2.45975
vn -0.199976 0.405296 0.892045
v -3.70118 0.12836 -3.95062
vn 0.0868978 0.36111 0.928466
v -3.78307 0.20968 -3.98135
vn 0.110315 0.480939 0.869786
v -3.8191 -0.26976 -3.94114
vn -0.103614 -0.0352873 0.993991
v -4.15327 -0.7325 -2.8297
vn -0.193367 0.979439 -0.0575149
v -4.09269 -0.72425 -2.67725
vn 0.0368987 0.998991 0.02562
v -4.18767 -0.74071 -2.98876
vn -0.229566 0.972258 0.044881
v -3.88548 -0.89198 -2.43925
vn 0.146805 -0.0745094 0.986355
v -3.9151 -1.06246 -2.43335
vn 0.191548 0.216704 0.957261
v -3.73306 -1.14366 -2.23135
vn -0.0630402 0.99318 0.0980797
v -3.87127 -0.753397 -2.47011
vn 0.384937 0.322616 0.864721
v -4.16535 -0.71719 -3.47966
vn -0.313082 0.949203 -0.0315078
v -3.77307 0.117778 -3.94634
vn -0.00676933 0.151501 0.988434
v -3.92965 0.24143 -3.98422
vn 0.0750259 0.496907 0.864555
v -3.90805 -0.00399 -3.9455
vn -0.0889331 0.0289602 0.995617
v -3.85563 -0.12091 -3.9416
vn -0.0622724 -0.0186508 0.997885
v -4.13686 -0.72491 -2.7658
vn -0.149381 0.988696 -0.012837
v -4.21788 -0.7447 -3.21705
vn -0.30918 0.950619 0.0270334
v -4.22404 -0.74978 -3.06643
vn -0.291939 0.95631 0.015615
v -3.91271 -0.99299 -2.43735
vn 0.32621 0.0419593 0.944366
v -3.89278 -0.8458 -2.44029
vn 0.0986939 0.188724 0.977058
v -3.89799 -1.11262 -2.40217
vn -0.109917 0.824162 0.555586
v -4.01974 -0.72619 -2.52205
vn 0.0539169 0.998423 -0.0156335
v -3.94141 -0.49102 -3.96026
vn -0.146684 0.244356 0.958527
v -3.81694 -0.409155 -3.94287
vn -0.165774 0.0666656 0.983908
v -4.14714 -0.707165 -3.41946
vn -0.238809 0.969662 -0.0522188
v -4.35099 -0.78835 -3.55859
vn -0.371043 0.928549 -0.0111712
v -4.00225 0.34274 -4.03923
vn 0.0552986 0.512825 0.856711
v -3.83881 0.17411 -3.96009
vn 0.0603583 0.338547 0.939011
v -4.19974 -0.73284 -3.33504
vn -0.341403 0.925608 0.163382
v -3.92109 -0.86133 -2.42768
vn 0.45755 0.0965592 0.883925
v -3.88024 -1.12555 -2.35672
vn -0.0507869 0.985879 0.159572
v -3.94996 -0.731225 -2.44691
vn 0.058117 0.987621 0.145696
v -3.92468 -0.45357 -3.96209
vn -0.1482 0.0638881 0.986892
v -4.21933 -0.732217 -3.39773
vn -0.390501 0.920576 0.00705546
v -3.88107 0.105912 -3.94556
vn -0.0115244 0.0842156 0.996381
v -4.20812 0.54936 -4.15215
vn 0.0500049 0.516873 0.854601
v -3.92798 -0.22759 -3.94872
vn -0.105281 -0.0575204 0.992778
v -4.34016 -0.79101 -3.35433
vn -0.41046 0.910554 0.0491299
v -3.94335 -1.09141 -2.40203
vn 0.40851 0.561195 0.719847
v -3.89459 -1.12633 -2.32404
vn 0.0317022 0.999496 0.00150078
v -3.89996 -0.3974 -3.95885
vn -0.149825 -0.0226238 0.988454
v -4.09917 0.29527 -4.00196
vn 0.0598813 0.511668 0.857094
v -3.98198 0.20431 -3.96039
vn 0.0390932 0.363292 0.930855
v -4.00278 -1.05199 -2.38678
vn 0.387827 0.0232212 0.92144
v -3.9833 -0.91384 -2.3918
vn 0.426522 -0.010659 0.904415
v -3.91818 -0.7436 -2.43896
vn 0.547262 0.380164 0.74564
v -3.95934 0.08363 -3.9471
vn -0.0923011 -0.0186932 0.995556
v -3.92675 -0.14983 -3.94036
vn -0.149844 -0.045101 0.98768
v -3.961 -0.82564 -2.40598
vn 0.509082 0.0325277 0.860103
v -4.00938 -1.08722 -2.38032
vn 0.347214 0.282696 0.894162
v -3.94298 -1.12075 -2.36167
vn 0.263648 0.857374 0.442041
v -3.97081 -0.43517 -3.96701
vn -0.0820494 -0.0424578 0.995723
v -4.00493 0.02182 -3.9606
vn -0.200838 -0.0441396 0.97863
v -4.01261 -0.37928 -3.96813
vn -0.153984 -0.022932 0.987807
v -4.00858 -0.84124 -2.38395
vn 0.325795 0.0100853 0.945387
v -4.07904 0.18907 -3.95774
vn -0.0801245 0.0141574 0.996684
v -4.1126 0.22535 -3.9662
vn 0.0251236 0.347664 0.937282
v -4.0649 -0.07663 -3.97091
vn -0.157394 0.0258928 0.987196
v -4.09081 -0.3315 -3.98428
vn -0.189675 -0.00215021 0.981845
v -4.00383 -0.26131 -3.96617
vn -0.238652 -0.0461164 0.970009
v -4.08047 -0.97164 -2.36331
vn 0.285111 -0.0203374 0.958279
v -4.13609 0.19105 -3.95949
vn 0.0115643 -0.0401246 0.999128
v -4.05111 -0.01478 -3.97481
vn -0.0681193 -0.00537445 0.997663
v -4.00634 -0.1413 -3.95752
vn -0.267161 -0.0631695 0.961579
v -4.10727 -0.29855 -3.98503
vn -0.116477 0.0214908 0.992961
v -4.08711 -0.240465 -3.9839
vn -0.12044 -0.0216232 0.992485
v -4.10151 0.06384 -3.97197
vn -0.0652352 -0.09813 0.993033
v -4.06541 -0.158518 -3.97599
vn -0.199601 -0.0694474 0.977413
v -4.19495 0.08058 -3.97192
vn -0.0136776 -0.087462 0.996074
v -4.23593 -0.19454 -3.99122
vn -0.0404121 -0.0572528 0.997541
v -4.17517 -0.27961 -3.98993
vn -0.0115894 0.0187049 0.999758
v -4.19638 -0.04421 -3.97531
vn -0.0345877 -0.0837104 0.99589
v -4.25567 -0.30816 -3.98797
vn 0.00869806 0.0220613 0.999719
v -4.30898 -0.12763 -3.9851
vn 0.00231075 -0.0759398 0.99711
v -4.37265 -0.22673 -3.98967
vn 0.00656669 -0.0139558 0.999881
v -0.92704 -0.91154 4.53581
vn -0.457732 -0.532008 -0.712355
v -0.99968 -0.88336 4.58098
vn -0.68453 -0.379766 -0.622251
v -0.976115 -0.809235 4.50526
vn -0.702194 -0.384079 -0.599506
v -0.96066 -1.01196 4.62374
vn -0.453504 -0.391045 -0.800886
v -1.06006 -0.754335 4.58703
vn -0.800592 -0.280508 -0.529498
v -0.9411 -0.85648 4.50113
vn -0.516494 -0.466154 -0.718286
v -1.02892 -0.94575 4.65016
vn -0.753385 -0.300412 -0.584947
v -0.83728 -0.99354 4.55989
vn -0.377173 -0.597048 -0.708007
v -0.85247 -0.92363 4.50449
vn -0.317461 -0.453827 -0.832622
v -1.02004 -1.11543 4.70078
vn -0.731646 -0.241216 -0.637581
v -0.87949 -1.08774 4.65089
vn -0.212839 -0.540681 -0.813857
v -1.00815 -0.718782 4.50916
vn -0.795474 -0.0952599 -0.598454
v -1.07395 -0.94834 4.73364
vn -0.869882 -0.196282 -0.452525
v -0.9602 -1.09758 4.66553
vn -0.158078 -0.471482 -0.867592
v -1.08628 -0.76263 4.64525
vn -0.900706 -0.197825 -0.386775
v -0.95135 -0.75201 4.44869
vn -0.410965 -0.325335 -0.851625
v -0.84506 -0.89327 4.49088
vn 0.145361 -0.00537793 -0.989364
v -1.05229 -1.14937 4.76341
vn -0.872525 -0.131576 -0.470519
v -1.08831 -0.80791 4.67808
vn -0.873016 -0.255638 -0.415321
v -0.94329 -1.13782 4.68916
vn -0.114029 -0.538261 -0.835028
v -0.978455 -0.702472 4.47491
vn -0.570872 0.335158 -0.749516
v -0.99696 -1.13645 4.69833
vn -0.501407 -0.439413 -0.745323
v -1.11595 -1.25484 4.93651
vn -0.936014 0.255819 -0.241734
v -1.07603 -0.72335 4.61001
vn -0.932176 0.119666 -0.341654
v -1.00567 -0.687385 4.51418
vn -0.528345 0.733361 -0.427825
v -0.932085 -0.750445 4.44109
vn 0.042583 0.120846 -0.991758
v -0.89438 -0.80927 4.47436
vn 0.878427 0.40139 -0.259329
v -0.851243 -0.8701 4.50895
vn 0.768087 0.60402 -0.212606
v -1.07932 -1.24667 4.81854
vn -0.865926 0.200916 -0.458045
v -0.777725 -0.945235 4.49135
vn 0.157477 0.504571 -0.848887
v -1.09265 -0.74338 4.67271
vn -0.914846 0.398799 -0.0633734
v -1.06508 -0.704975 4.60584
vn -0.655245 0.751085 -0.0807845
v -0.78478 -0.9246 4.51754
vn 0.396963 0.855837 -0.331608
v -1.03955 -1.221 4.77371
vn -0.506312 -0.241682 -0.827791
v -1.12811 -1.33887 4.86511
vn -0.885787 0.378854 -0.268048
v -0.925048 -0.739532 4.46744
vn 0.858713 0.507227 0.073021
v -0.81463 -0.90282 4.52614
vn 0.643271 0.760539 -0.0882181
v -1.05843 -1.29016 4.78685
vn -0.380751 0.10549 -0.918641
v -1.00614 -1.18171 4.73781
vn -0.307304 -0.427864 -0.849998
v -1.07583 -0.71671 4.67458
vn -0.0720589 0.972644 0.220843
v -1.03258 -0.68975 4.56732
vn 0.125392 0.953513 0.274025
v -0.943727 -0.706343 4.46154
vn 0.519645 0.851887 -0.0652492
v -1.01542 -0.70174 4.57224
vn 0.571721 0.714633 0.403033
v -0.91064 -0.76967 4.48501
vn 0.839287 0.520379 0.157491
v -1.01866 -1.27497 4.78098
vn -0.0709763 -0.182585 -0.980625
v -0.98525 -1.23745 4.76828
vn 0.00084066 -0.402144 -0.915576
v -0.73115 -0.93437 4.5318
vn 0.191012 0.933883 -0.302285
v -1.09562 -0.749553 4.70918
vn -0.93594 0.340887 -0.0883873
v -0.88929 -0.82994 4.56065
vn 0.693704 0.669456 0.265714
v -0.81332 -0.90157 4.60335
vn 0.502738 0.862426 0.0589611
v -1.09693 -1.34519 4.79941
vn -0.677934 0.311955 -0.66565
v -0.94104 -1.19596 4.74112
vn 0.0543897 -0.586817 -0.807891
v -1.17106 -1.41917 4.9293
vn -0.726607 0.68572 -0.0427748
v -1.04085 -0.74447 4.6796
vn 0.629127 0.669692 0.394603
v -0.95514 -0.72121 4.50783
vn 0.697419 0.61658 0.365288
v -0.755907 -0.924313 4.57832
vn 0.228929 0.972139 -0.0503683
v -0.85522 -1.23313 4.78532
vn 0.0511451 -0.170351 -0.984055
v -1.13237 -1.39131 4.81123
vn -0.633555 0.626062 -0.454592
v -1.1736 -1.38774 4.97175
vn -0.891052 0.312045 -0.329628
v -1.16593 -1.40236 4.88135
vn -0.794589 0.603381 -0.067528
v -0.97485 -0.76753 4.61175
vn 0.64976 0.649058 0.395645
v -1.0757 -0.72434 4.7057
vn 0.496417 0.804464 0.326201
v -0.93654 -1.27811 4.78069
vn -0.0444802 -0.0719354 -0.996417
v -0.98359 -0.83435 4.7299
vn 0.617923 0.663908 0.421185
v -0.91513 -0.85314 4.66645
vn 0.586099 0.74916 0.308623
v -0.6908 -0.93162 4.55093
vn 0.0560438 0.987626 -0.146472
v -0.82689 -1.31079 4.76354
vn -0.397534 0.695033 -0.599079
v -1.19774 -1.41076 5.00404
vn -0.758471 0.534407 -0.373002
v -1.20718 -1.38836 5.05179
vn -0.836455 0.514391 -0.18906
v -1.19845 -1.42737 4.92062
vn -0.348684 0.937202 -0.00847633
v -0.83227 -0.91864 4.7236
vn 0.350546 0.916584 0.192332
v -0.7493 -0.92791 4.64682
vn 0.13203 0.985002 0.111079
v -0.969865 -1.33524 4.80072
vn -0.0761176 -0.312403 -0.946895
v -1.00861 -1.32815 4.79131
vn 0.396504 -0.213709 -0.892812
v -1.10002 -1.40743 4.77418
vn -0.147505 0.305836 -0.940589
v -1.1568 -1.41805 4.79085
vn -0.355413 0.895146 -0.269063
v -1.18755 -1.36223 5.08643
vn -0.644369 0.749874 0.149926
v -1.03167 -1.35893 4.78346
vn 0.461306 0.0986842 -0.881736
v -0.991235 -1.39533 4.81931
vn 0.249915 0.426332 -0.869358
v -1.21599 -1.4209 5.00152
vn -0.246124 0.96169 -0.120728
v -1.13496 -1.3476 5.15493
vn -0.492315 0.842154 0.220006
v -1.23371 -1.4011 5.15688
vn -0.58427 0.811415 -0.0153051
v -1.24285 -1.41711 5.0876
vn -0.55992 0.812417 -0.162691
v -0.710245 -0.940035 4.69087
vn 0.174258 0.967209 0.184775
v -0.941336 -1.3834 4.79539
vn -0.514701 0.617771 -0.59451
v -1.21795 -1.43289 4.81561
vn -0.212745 0.973386 -0.0851992
v -0.79269 -0.9482 4.80308
vn 0.171962 0.97173 0.16177
v -0.632741 -0.933125 4.57593
vn 0.15862 0.974518 -0.1586
v -1.02252 -1.39837 4.77656
vn 0.0842531 0.750121 -0.655912
v -1.2125 -1.3965 5.21545
vn -0.383905 0.910561 0.153283
v -0.69124 -0.96794 4.81726
vn 0.190445 0.9647 0.181895
v -0.64824 -0.943895 4.54338
vn 0.243966 0.742872 -0.623396
v -1.14294 -1.42571 4.7405
vn -0.0319911 0.971562 -0.234613
v -1.27521 -1.42593 5.02281
vn -0.0700223 0.996516 -0.0453007
v -1.27233 -1.41868 5.22856
vn -0.22881 0.97342 0.00999677
v -1.30114 -1.42415 5.16087
vn -0.180318 0.981165 -0.069279
v -1.26679 -1.4267 5.08571
vn -0.170672 0.981726 -0.084173
v -1.27483 -1.4436 4.76338
vn -0.0668104 0.997254 -0.0319427
v -0.62117 -0.95377 4.67742
vn 0.248586 0.931291 0.266274
v -0.612898 -0.935252 4.61762
vn 0.0709297 0.986735 0.146022
v -0.971325 -1.40197 4.78155
vn -0.206358 0.947215 -0.245355
v -0.945975 -1.41109 4.74434
vn -0.444673 0.876109 -0.186277
v -1.13348 -1.37211 5.23868
vn -0.349757 0.936489 0.02566
v -0.74858 -0.95795 4.83302
vn 0.172417 0.9779 0.11825
v -0.89663 -1.37451 4.68842
vn -0.594883 0.799549 -0.0826753
v -1.08781 -1.42783 4.75702
vn -0.00752119 0.970962 -0.239116
v -1.14631 -1.42836 4.66332
vn -0.075643 0.996941 -0.019646
v -1.39559 -1.43532 5.01503
vn -0.0703324 0.997044 -0.0309364
v -0.6545 -0.97558 4.78615
vn 0.489023 0.827948 0.274515
v -0.60634 -0.98332 4.73183
vn 0.448653 0.834404 0.320126
v -0.57822 -0.94496 4.64128
vn 0.503462 0.833049 0.229249
v -0.612475 -0.95165 4.55573
vn 0.566843 0.374207 -0.733934
v -1.02259 -1.41492 4.74663
vn -0.0721105 0.983185 -0.167772
v -1.28266 -1.41715 5.2885
vn -0.258702 0.955553 -0.141389
v -1.24634 -1.40258 5.29152
vn -0.362597 0.894043 -0.263078
v -1.37439 -1.43884 4.93243
vn -0.0540847 0.996989 -0.0555716
v -1.37161 -1.44365 4.8135
vn -0.0238152 0.999195 -0.0322885
v -0.58871 -0.98936 4.70909
vn 0.549448 0.787875 0.278137
v -0.586925 -0.958025 4.66799
vn 0.295081 0.835166 0.464138
v -0.83014 -1.34726 4.59092
vn -0.187175 0.975988 -0.111409
v -0.95697 -1.41398 4.67584
vn -0.440816 0.89751 -0.0125714
v -1.24369 -1.43694 4.59188
vn -0.0655842 0.997826 0.00652972
v -1.06359 -1.42597 4.67341
vn -0.0771544 0.996399 -0.0351664
v -1.42818 -1.43426 5.24405
vn -0.0791345 0.996498 -0.027018
v -1.33723 -1.4433 4.68548
vn -0.0161596 0.999812 0.0106953
v -0.61353 -0.99768 4.763
vn 0.515174 0.780473 0.354201
v -0.52421 -1.30924 4.62084
vn 0.0235165 0.906715 -0.421087
v -0.96494 -1.41201 4.70411
vn -0.152746 0.987777 0.0310728
v -1.32867 -1.42358 5.29432
vn -0.103891 0.991995 -0.071781
v -0.56549 -0.95048 4.5812
vn 0.640415 0.347009 -0.685167
v -0.75723 -1.35352 4.48327
vn -0.0362479 0.980671 -0.192277
v -0.69597 -1.21543 4.70608
vn -0.439778 0.158681 -0.883977
v -0.92892 -1.39464 4.6066
vn -0.457883 0.886636 0.0649621
v -0.61131 -0.98776 4.5723
vn 0.480031 -0.504806 -0.717455
v -0.83899 -1.33351 4.5052
vn 0.160429 0.982317 -0.0965161
v -0.61807 -1.35668 4.43613
vn -0.0748624 0.990577 -0.114686
v -0.75636 -1.21544 4.7885
vn -0.644916 0.600717 -0.472464
v -0.60211 -1.19615 4.68129
vn 0.053093 0.246371 -0.96772
v -0.89169 -1.36515 4.54323
vn -0.619066 0.784917 0.0257442
v -1.16883 -1.43747 4.51235
vn -0.0802881 0.99642 -0.0264896
v -1.06125 -1.42627 4.51391
vn -0.0934727 0.995613 -0.0042511
v -0.85296 -1.32359 4.5138
vn -0.389353 0.916307 0.0937343
v -0.856515 -1.34356 4.46242
vn -0.196879 0.874667 -0.44294
v -0.43868 -1.34754 4.4541
vn -0.0154108 0.999809 0.0120155
v -0.73891 -1.3752 4.41031
vn -0.19431 0.978392 -0.0706635
v -0.68216 -1.13809 4.67319
vn -0.051763 -0.326867 -0.943652
v -0.50497 -1.19205 4.7255
vn 0.560965 0.608935 -0.560817
v -0.981636 -1.41672 4.63814
vn -0.271015 0.959654 -0.0749292
v -0.98276 -1.42475 4.56787
vn -0.130072 0.991043 -0.0302374
v -0.869235 -1.3774 4.41585
vn 0.0108721 0.89844 -0.438961
v -0.44029 -1.34347 4.53533
vn 0.141218 0.978201 -0.152254
v -0.54928 -1.34129 4.33258
vn -0.0649407 0.95751 0.280993
v -0.78635 -1.38419 4.40583
vn -0.0375062 0.959343 -0.279739
v -0.71541 -1.36598 4.32381
vn -0.247401 0.929746 0.2727
v -0.60554 -1.1427 4.67911
vn 0.226822 -0.227932 -0.946889
v -0.29112 -1.29992 4.79306
vn 0.384501 0.844536 -0.372718
v -0.864625 -1.33874 4.48642
vn -0.651775 0.751258 -0.103924
v -0.9527 -1.4184 4.52627
vn -0.230329 0.972736 -0.0270895
v -0.3651 -1.34492 4.53918
vn 0.0261462 0.99306 -0.114667
v -0.39499 -1.32431 4.27204
vn -0.00299317 0.9761 0.217302
v -0.64898 -1.0901 4.64612
vn 0.145297 -0.454093 -0.879027
v -0.58701 -1.11721 4.67531
vn 0.415223 -0.218777 -0.883022
v -0.33633 -1.26312 4.86628
vn 0.524841 0.848351 -0.0695849
v -0.23985 -1.32788 4.7267
vn 0.133361 0.975007 -0.177699
v -0.23741 -1.33846 4.63058
vn 0.0464856 0.994413 -0.0947752
v -0.19589 -1.34364 4.46167
vn -0.0175797 0.999348 0.0315467
v -0.59524 -1.26287 4.1872
vn -0.198308 0.865925 0.459181
v -0.855747 -1.39938 4.31365
vn -0.142578 0.988079 0.0580657
v -0.565 -1.10268 4.69433
vn 0.838815 0.387178 -0.38273
v -0.2372 -1.30874 4.87721
vn 0.348155 0.93465 -0.0722356
v -0.54355 -1.10854 4.79817
vn 0.660498 0.74258 -0.110983
v -0.16426 -1.32392 4.83284
vn 0.155005 0.986991 -0.0426973
v -0.93432 -1.42214 4.47884
vn -0.548334 0.834539 -0.0536141
v -1.05638 -1.43102 4.43634
vn -0.135894 0.989613 -0.0468849
v -1.21478 -1.44041 4.4221
vn -0.0887933 0.995831 -0.02088
v -0.78575 -1.35149 4.20299
vn -0.38247 0.84112 0.382405
v -0.82568 -1.3849 4.26111
vn -0.296416 0.926026 0.233697
v -0.6084 -1.07144 4.64631
vn 0.432401 -0.32968 -0.83925
v -0.239275 -1.31068 4.93404
vn 0.326684 0.938872 0.108615
v -0.35183 -1.27997 4.97561
vn 0.390033 0.893562 0.22231
v -0.108701 -1.32856 4.81818
vn -0.008922 0.999423 -0.0327768
v -0.17006 -1.33573 4.71732
vn -0.0103051 0.997909 -0.0638104
v -0.90115 -1.38525 4.43088
vn -0.587888 0.808678 0.0206494
v -1.07979 -1.43202 4.3412
vn -0.106898 0.994172 -0.0139559
v -0.12415 -1.34059 4.5483
vn -0.030662 0.998582 -0.0435141
v -0.74915 -1.25519 4.0774
vn -0.675951 0.65705 0.333729
v -0.16839 -1.33248 5.01741
vn 0.0711976 0.994059 0.0823207
v -1.15455 -1.44122 4.26582
vn -0.104761 0.994066 -0.0293045
v -0.983485 -1.41206 4.44404
vn -0.148218 0.987556 0.0525715
v -0.81453 -1.34373 4.14047
vn -0.61458 0.73837 0.27767
v -0.133575 -1.32708 4.91703
vn 0.0149993 0.999767 0.0155404
v -0.228557 -1.32944 5.03293
vn 0.172836 0.967225 0.186022
v -0.0702 -1.32894 4.72316
vn -0.0716848 0.996541 -0.0420482
v -0.08503 -1.3321 4.61737
vn -0.0918866 0.995352 -0.0288205
v -0.852137 -1.37625 4.17344
vn -0.396005 0.906151 0.148563
v -0.83059 -1.35024 4.10067
vn -0.742064 0.663071 -0.0983722
v -0.92446 -1.39704 4.40425
vn -0.188157 0.98212 -0.0060779
v -0.91225 -1.39524 4.20366
vn -0.218863 0.975067 0.0366561
v -0.30102 -1.3223 5.07248
vn 0.240359 0.951998 0.189545
v -0.04944 -1.32369 4.81254
vn -0.168361 0.985581 0.0168716
v -1.10492 -1.43447 4.21464
vn -0.168966 0.985092 0.0323073
v -0.92729 -1.4037 4.30014
vn -0.0999134 0.993833 0.0481028
v -1.00756 -1.41926 4.29963
vn -0.195084 0.980786 -0.000712336
v -0.03963 -1.32863 4.65598
vn -0.0578265 0.998091 -0.0217072
v -0.876817 -1.38889 4.10711
vn -0.479766 0.86197 -0.163805
v -0.78694 -1.30381 4.01642
vn -0.839525 0.543091 0.0158322
v -0.837367 -1.37214 4.02705
vn -0.689767 0.705984 -0.160649
v -0.04308 -1.32193 4.98711
vn -0.0843213 0.995846 -0.0343723
v -0.42226 -1.29178 5.0716
vn 0.242854 0.954322 0.174042
v -0.7831 -1.2984 3.98715
vn -0.937864 0.344108 0.0447266
v -0.812665 -1.35007 4.00048
vn -0.769212 0.609045 -0.193332
v -0.2149 -1.34856 5.1659
vn -0.0257133 0.995678 0.0892469
v -0.24924 -1.34225 5.11851
vn 0.148589 0.981475 0.120947
v 0.0132 -1.30595 4.86309
vn -0.26837 0.954466 0.130279
v -0.90424 -1.3989 4.09808
vn -0.143767 0.987593 -0.0631696
v -0.01268 -1.32199 4.92662
vn -0.113308 0.993016 0.032874
v -0.09389 -1.32746 5.06034
vn -0.158964 0.987269 0.00542601
v -1.03164 -1.41996 4.17674
vn -0.200715 0.979633 -0.00563246
v -0.7665 -1.25547 3.9668
vn -0.949549 0.286196 -0.12825
v -0.74352 -1.1807 4.00099
vn -0.942704 0.281662 0.178819
v -0.18442 -1.34602 5.18459
vn -0.196251 0.977589 0.076193
v -0.96265 -1.40717 4.05901
vn -0.205907 0.978447 -0.0156304
v -0.69845 -1.06662 4.04842
vn -0.93732 0.218209 0.271689
v -0.856895 -1.39365 3.97211
vn -0.372244 0.924418 -0.0829835
v 0.02628 -1.31598 4.92576
vn -0.181529 0.9787 0.0958792
v 0.0433 -1.31603 4.99409
vn -0.0984678 0.991301 -0.0873256
v 0.059785 -1.30374 5.09026
vn -0.156043 0.987692 0.0106862
v -0.09723 -1.32641 5.17069
vn -0.158851 0.987154 0.0171482
v -0.29744 -1.35488 5.28319
vn 0.147696 0.982369 0.114617
v -0.54819 -1.2738 5.1692
vn 0.209811 0.956674 0.201878
v -1.02182 -1.42167 4.08837
vn -0.221209 0.974938 -0.0237133
v -0.92845 -1.40253 4.05673
vn -0.0690993 0.996539 -0.0462187
v -0.7103 -1.03836 4.01492
vn -0.980824 0.182134 0.0693628
v -0.8248 -1.3801 3.96378
vn -0.580995 0.769387 -0.265495
v -0.38819 -1.3368 5.2959
vn 0.194218 0.962864 0.187543
v -0.22597 -1.36627 5.33414
vn 0.0162055 0.997796 0.0643437
v -0.90035 -1.40304 3.98766
vn -0.111641 0.993375 -0.0272442
v -0.72337 -1.12293 3.969
vn -0.925141 0.264999 -0.271828
v -0.0944 -1.33279 5.27201
vn -0.169979 0.98277 0.0726012
v -0.70619 -0.954335 4.03094
vn -0.979446 0.179256 -0.0924797
v 0.093685 -1.29886 5.0251
vn -0.555949 0.827856 -0.0746719
v -0.49899 -1.33312 5.33526
vn 0.120633 0.963879 0.237457
v -0.18601 -1.3652 5.34155
vn -0.213729 0.970694 0.109874
v -0.69315 -1.01148 3.98569
vn -0.814451 0.40942 -0.411151
v 0.11115 -1.28106 5.14095
vn -0.457273 0.889057 -0.0218801
v 0.04297 -1.31544 5.22116
vn -0.186353 0.980842 0.0567652
v 0.07915 -1.30216 5.16603
vn -0.284229 0.952019 0.113462
v -0.10451 -1.34083 5.33758
vn -0.239182 0.968185 0.0735501
v -0.31457 -1.35655 5.35449
vn 0.110371 0.98678 0.118676
v -0.36424 -1.36135 5.43878
vn 0.0628893 0.992227 0.107377
v -0.7068 -1.13092 3.92482
vn -0.905862 0.213432 -0.365871
v -0.67725 -1.05954 3.89179
vn -0.854411 0.434621 -0.284758
v 0.13117 -1.2648 5.07638
vn -0.592209 0.804863 -0.0385202
v 0.08924 -1.30304 5.21537
vn -0.301893 0.952743 0.0337859
v -0.254537 -1.35978 5.43379
vn -0.0174583 0.99772 -0.0651924
v -0.694393 -0.937448 4.03246
vn -0.367916 0.774781 -0.514152
v -0.64927 -0.98194 3.95977
vn -0.686321 0.686339 -0.24063
v -0.0713325 -1.33238 5.38056
vn -0.191559 0.980536 -0.0430626
v 0.070095 -1.31461 5.34457
vn -0.14867 0.988854 -0.00799932
v 0.09716 -1.2972 5.18303
vn -0.36677 0.925799 0.0915159
v -0.16318 -1.35997 5.39583
vn -0.140434 0.985812 -0.0919419
v -0.660213 -0.95601 4.01842
vn -0.286282 0.757564 -0.586634
v -0.62575 -0.96587 3.864
vn -0.76226 0.64238 -0.0794126
v 0.11642 -1.29333 5.24686
vn -0.33421 0.937067 0.101044
v -0.35162 -1.3647 5.48447
vn -0.0339659 0.9991 0.025415
v -0.59285 -0.95216 3.95027
vn -0.375826 0.922143 -0.0916873
v 0.14028 -1.29693 5.34044
vn -0.354132 0.934784 0.0277226
v -0.666507 -0.929131 4.04734
vn 0.0766465 0.988815 -0.127945
v -0.610783 -0.948699 4.00441
vn -0.13013 0.971651 -0.197383
v -0.165105 -1.34476 5.47566
vn -0.171269 0.976999 -0.127047
v -0.28409 -1.36071 5.50087
vn -0.0906397 0.995798 -0.0130971
v 0.03317 -1.31799 5.45162
vn -0.109513 0.993984 0.00185411
v -0.0699875 -1.32536 5.52089
vn -0.0933221 0.995061 -0.0338323
v -0.2317 -1.35247 5.50092
vn -0.148186 0.985414 -0.0836682
v 0.11422 -1.3035 5.42475
vn -0.274413 0.961522 -0.0131209
v 0.18512 -1.27309 5.37099
vn -0.453699 0.891118 -0.00815397
v -0.62144 -0.936287 4.05392
vn 0.0312434 0.993175 0.112367
v -0.53146 -0.93874 3.97303
vn -0.0877153 0.995511 -0.0355603
v 0.11338 -1.30813 5.55622
vn -0.274058 0.960984 0.0374412
v 0.17546 -1.27886 5.44715
vn -0.388625 0.921387 0.00416909
v -0.10467 -1.32492 5.59579
vn -0.141989 0.989767 -0.0141332
v 0.0556475 -1.31764 5.57106
vn -0.0988099 0.995102 0.00292067
v -0.47872 -0.936365 4.04542
vn 0.0342132 0.991878 -0.122502
v -0.037145 -1.31809 5.65475
vn -0.0509825 0.998491 -0.020415
v 0.19514 -1.27475 5.50528
vn -0.37914 0.922025 0.0782537
v -0.541316 -0.932104 4.07187
vn -0.0849983 0.991653 0.0969528
v -0.47623 -0.93886 3.98258
vn 0.0166444 0.999861 -0.000465778
v 0.14823 -1.30087 5.6408
vn -0.272719 0.961102 0.043676
v 0.20102 -1.28027 5.57968
vn -0.398092 0.915828 0.0527364
v -0.14297 -1.33352 5.71528
vn -0.180324 0.983603 0.0028732
v 0.08131 -1.31811 5.7003
vn -0.0637351 0.997955 -0.00490238
v 0.31113 -1.222 5.55034
vn -0.44927 0.889721 0.080947
v -0.5039 -0.927855 4.07874
vn 0.126504 0.991805 -0.0178667
v 0.29077 -1.23905 5.64365
vn -0.434311 0.900248 0.0304672
v -0.13069 -1.3311 5.86488
vn -0.167136 0.985781 0.0173538
v 0.01263 -1.30992 5.91285
vn -0.10793 0.994022 -0.0164843
v 0.199195 -1.28465 5.702
vn -0.398583 0.917132 0.000295675
v 0.12434 -1.30842 5.74403
vn -0.218405 0.970783 -0.0993932
v 0.31462 -1.22616 5.78816
vn -0.37491 0.925022 -0.0614494
v -0.05162 -1.32321 5.99943
vn -0.158318 0.986006 0.0522176
v 0.096145 -1.30387 5.82516
vn -0.165979 0.98097 -0.100739
v 0.17201 -1.28738 5.7946
vn -0.35587 0.926904 -0.119183
v 0.03717 -1.30977 6.01119
vn -0.231181 0.971074 0.0597581
v 0.15251 -1.27878 5.91928
vn -0.323143 0.945518 -0.0396847
v 0.01975 -1.32036 6.05805
vn -0.228533 0.9631 0.142164
v 0.05464 -1.32336 6.14256
vn -0.307267 0.944118 0.119282
v 0.16083 -1.27576 6.04184
vn -0.343417 0.938303 0.0406503
v 0.40588 -1.17835 6.08959
vn -0.388697 0.92136 0.00327605
v 0.08377 -1.31956 6.20455
vn -0.361136 0.930518 0.0609666
v 0.158845 -1.28975 6.2291
vn -0.390723 0.920502 0.0032755
v 0.34892 -1.20622 6.27096
vn -0.417703 0.908543 -0.008605
v 0.22015 -1.26149 6.32709
vn -0.397816 0.917038 -0.0280038
v 0.62499 -1.07378 6.47385
vn -0.433881 0.90062 0.0251117
v 0.071495 -1.32437 6.27154
vn -0.333365 0.941804 -0.0432785
v 0.19943 -1.26889 6.43975
vn -0.392177 0.919346 0.0316081
v 0.01652 -1.34218 6.21873
vn -0.26882 0.963144 0.00943038
v 0.06041 -1.32008 6.36544
vn -0.315581 0.9485 -0.0274901
v 0.20413 -1.27575 6.52859
vn -0.400626 0.909107 0.114117
v 0.01218 -1.33929 6.2965
vn -0.259955 0.963042 -0.0705218
v 0.04104 -1.32505 6.46779
vn -0.25572 0.966133 0.0345571
v 0.28082 -1.24943 6.59221
vn -0.436419 0.898188 0.0528858
v 0.11961 -1.30487 6.48955
vn -0.322313 0.941186 0.101407
v -0.04835 -1.34187 6.40582
vn -0.171644 0.985152 0.00375715
v 0.18531 -1.29321 6.57353
vn -0.347867 0.926822 0.141386
v 0.36377 -1.21129 6.7425
vn -0.433014 0.901307 0.0120381
v 0.09139 -1.31842 6.54924
vn -0.26075 0.959375 0.107746
v -0.004415 -1.33575 6.5209
vn -0.152159 0.988109 0.0220919
v 0.193405 -1.29104 6.63041
vn -0.394941 0.918704 -0.00196174
v 0.82675 -0.99228 7.0548
vn -0.433382 0.901037 0.017653
v -0.08311 -1.34369 6.51848
vn -0.0947497 0.99549 -0.00475399
v 0.17998 -1.29252 6.70639
vn -0.358695 0.93307 -0.0267969
v 0.28735 -1.24525 6.94573
vn -0.416199 0.90924 0.00780177
v 0.03008 -1.33239 6.65095
vn -0.139175 0.990216 -0.0101234
v 0.11099 -1.31985 6.60473
vn -0.225944 0.974027 -0.0148486
v 0.42361 -1.18882 7.26907
vn -0.381269 0.924303 -0.0172591
v 0.11558 -1.31276 6.80134
vn -0.292039 0.956387 -0.00603402
v 0.17594 -1.29251 6.98618
vn -0.357665 0.933628 -0.0203358
v 0.11202 -1.31381 6.9558
vn -0.299165 0.953687 -0.0313376
v -0.03105 -1.33843 6.74837
vn -0.0839594 0.996409 -0.0109165
v 0.1471 -1.29362 7.1087
vn -0.299968 0.952143 -0.0586734
v 0.086885 -1.31947 6.9035
vn -0.186853 0.982346 -0.00902059
v 0.024215 -1.32654 7.09496
vn -0.181679 0.983314 -0.00933192
v 0.07345 -1.29895 7.34363
vn -0.29989 0.950607 -0.0800703
v -0.018825 -1.33507 6.9316
vn -0.083268 0.996327 -0.0199492
v 0.03559 -1.32587 6.98828
vn -0.183917 0.98196 -0.0439308
v 0.038415 -1.3208 7.18816
vn -0.235826 0.970405 -0.0519594
v -0.0876 -1.33882 6.87141
vn -0.0289725 0.999283 -0.0243881
v -0.03675 -1.33396 7.06189
vn -0.100281 0.994933 -0.00716976
v 0.01971 -1.3103 7.40302
vn -0.237903 0.965148 -0.109049
v -0.08242 -1.33548 6.97105
vn -0.0296959 0.999313 -0.0221852
v -0.04782 -1.33447 7.13688
vn -0.0941836 0.99531 -0.0220808
v -0.06692 -1.32273 7.43273
vn -0.18095 0.963871 -0.195471
v -0.02581 -1.33111 7.1997
vn -0.128979 0.990278 -0.0520991
v -0.0771 -1.32978 7.32983
vn -0.126658 0.990298 -0.0571562
v -4.2569 -0.39735 -3.99253
vn -0.028644 0.0481231 0.998431
v -4.09081 -0.3315 -3.98428
vn -0.0631823 0.0130043 0.997917
v -4.2281 -0.44117 -3.98804
vn -0.0656326 0.174835 0.982408
v -4.15921 -0.43998 -3.98162
vn -0.0243668 0.135769 0.990441
v -4.25567 -0.30816 -3.98797
vn -0.0123304 -0.0122453 0.999849
v -4.49883 -0.38339 -3.99216
vn -0.0271685 0.015886 0.999505
v -4.17517 -0.27961 -3.98993
vn -0.0234859 0.0573379 0.998079
v -4.08132 -0.46276 -3.98207
vn 0.0042278 0.183798 0.982955
v -4.17813 -0.51073 -3.96752
vn -0.0657652 0.418996 0.905603
v -4.10727 -0.29855 -3.98503
vn -0.0446073 0.0361805 0.998349
v -4.37265 -0.22673 -3.98967
vn -0.0389367 -0.00246709 0.999239
v -4.01261 -0.37928 -3.96813
vn -0.176367 -0.0531308 0.982889
v -4.52609 -0.51797 -3.9876
vn -0.0515707 0.0649058 0.996558
v -4.40588 -0.56654 -3.97421
vn -0.162445 0.302763 0.93912
v -4.60604 -0.21357 -4.00006
vn -0.058512 0.00819141 0.998253
v -4.02645 -0.51667 -3.97319
vn -0.0739105 0.241571 0.967564
v -3.97081 -0.43517 -3.96701
vn -0.153726 -0.0426769 0.987191
v -4.63295 -0.50318 -3.99481
vn -0.0910331 0.034467 0.995251
v -4.25154 -0.64179 -3.89229
vn -0.283082 0.758653 0.586779
v -4.72056 -0.311405 -4.00482
vn -0.092884 0.0703618 0.993188
v -4.49334 -0.07184 -3.99305
vn -0.0463791 -0.0134979 0.998833
v -4.63938 -0.67409 -3.98799
vn -0.12225 0.104849 0.986946
v -4.7087 -0.45968 -4.00172
vn -0.0783659 -0.0339995 0.996345
v -4.11203 -0.55373 -3.95089
vn 0.0301818 0.483264 0.874954
v -4.6375 -0.75573 -3.96642
vn -0.35075 0.535294 0.768397
v -4.7132 -0.40976 -3.99748
vn -0.084315 -0.0115603 0.996372
v -4.69512 -0.00591 -4.00139
vn -0.0618695 -0.0147435 0.997975
v -4.34517 -0.09834 -3.98577
vn -0.0490637 -0.0198326 0.998599
v -4.77418 -0.562625 -4.01349
vn -0.207338 0.0373586 0.977556
v -4.06336 -0.58177 -3.92945
vn -0.100702 0.764236 0.637026
v -4.53821 -0.82351 -3.80845
vn -0.412138 0.853843 0.317954
v -4.73597 -0.22195 -4.01391
vn -0.144059 0.0163293 0.989434
v -4.66165 -0.11157 -4.00375
vn -0.0984664 -0.0444008 0.994149
v -4.55378 0.03487 -3.99548
vn -0.0416619 -0.00112073 0.999131
v -4.30898 -0.12763 -3.9851
vn -0.0366998 -0.0224934 0.999073
v -4.74269 -0.74228 -3.99958
vn -0.190707 0.0904278 0.977473
v -4.81329 -0.5069 -4.02302
vn -0.254642 -0.0300043 0.96657
v -4.02074 -0.61359 -3.85634
vn -0.16634 0.919667 0.35573
v -4.11048 -0.70088 -3.63868
vn -0.318183 0.903021 0.288641
v -4.69345 -0.84691 -3.93989
vn -0.551271 0.592314 0.587592
v -4.79287 -0.232975 -4.02502
vn -0.311975 0.0899686 0.945821
v -3.94141 -0.49102 -3.96026
vn -0.208665 0.161038 0.964638
v -3.92468 -0.45357 -3.96209
vn -0.120742 0.0562249 0.99109
v -4.80674 -0.67625 -4.01254
vn -0.202796 0.0799368 0.975953
v -4.00113 -0.55258 -3.94976
vn -0.137165 0.59716 0.790307
v -4.00385 -0.58085 -3.92259
vn -0.153117 0.841801 0.517616
v -4.35099 -0.78835 -3.55859
vn -0.387762 0.914764 0.113349
v -4.7832 -0.88724 -3.9731
vn -0.447933 0.554451 0.701385
v -4.75546 -0.90042 -3.93168
vn -0.478651 0.779192 0.404664
v -4.76237 -0.111885 -4.01811
vn -0.219983 -0.0429854 0.974556
v -4.82044 -0.384072 -4.01379
vn -0.243673 -0.00585984 0.96984
v -3.95545 -0.56462 -3.92542
vn -0.2373 0.722615 0.649243
v -4.75097 -0.80884 -3.9987
vn -0.251929 0.115865 0.960784
v -4.75125 -0.96347 -3.64959
vn -0.435056 0.894514 0.10282
v -4.74781 -0.93097 -3.84026
vn -0.463074 0.861664 0.207601
v -4.85214 -0.333875 -4.02735
vn -0.345286 0.215547 0.91341
v -4.86119 -0.28605 -4.04669
vn -0.539163 0.120738 0.833502
v -4.77066 -0.0461 -4.01412
vn -0.314093 -0.0286391 0.94896
v -3.91398 -0.53372 -3.94002
vn -0.213558 0.436692 0.873896
v -4.85637 -0.66314 -4.02807
vn -0.391495 0.169981 0.904344
v -4.8475 -0.57889 -4.0336
vn -0.400469 0.0486094 0.91502
v -4.34016 -0.79101 -3.35433
vn -0.428458 0.901926 0.0543414
v -4.78465 -0.821965 -4.00504
vn -0.0521734 0.305275 0.950834
v -4.82913 -0.94225 -3.92159
vn -0.357118 0.830446 0.427583
v -4.80413 -0.10838 -4.03352
vn -0.434202 0.00329375 0.900809
v -4.85747 -0.09332 -4.06503
vn -0.584995 0.034204 0.810315
v -4.86121 -0.384245 -4.02529
vn -0.422041 -0.0691268 0.903937
v -4.88989 -0.48326 -4.05442
vn -0.524521 0.0161508 0.851244
v -4.86941 -0.74723 -4.01794
vn -0.24758 0.152778 0.956746
v -4.84872 -0.98384 -3.83867
vn -0.441556 0.862224 0.248191
v -4.68612 -0.97257 -3.19044
vn -0.463402 0.88206 0.0850229
v -4.8128 -0.87962 -3.98537
vn -0.124786 0.338071 0.932811
v -4.81994 -0.91172 -3.96583
vn -0.210991 0.768471 0.604098
v -4.96781 -0.26918 -4.13167
vn -0.616726 0.0860888 0.782456
v -4.77148 0.05743 -4.01542
vn -0.259685 0.0169692 0.965544
v -4.9495 -0.62339 -4.08104
vn -0.512063 0.143346 0.846902
v -4.8798 -1.01406 -3.78796
vn -0.453731 0.873381 0.177015
v -5.02831 -1.11987 -3.49222
vn -0.455692 0.883055 0.112066
v -4.35463 -0.80541 -3.13021
vn -0.436432 0.899164 0.0321276
v -4.8815 -0.90373 -3.97869
vn -0.0952232 0.424334 0.900485
v -4.90936 -0.97478 -3.92027
vn -0.297239 0.789086 0.53758
v -4.9157 -0.38002 -4.07364
vn -0.634671 0.0784149 0.768794
v -5.06887 -0.04168 -4.23244
vn -0.622168 0.0595892 0.780613
v -4.99969 -0.46065 -4.13432
vn -0.580635 0.111062 0.806553
v -5.01097 -1.07175 -3.80943
vn -0.372522 0.91535 0.152844
v -4.96357 -1.03346 -3.84849
vn -0.285426 0.848252 0.446095
v -5.11813 -1.11284 -3.78127
vn -0.42023 0.874359 0.242698
v -5.09324 -1.17379 -3.28809
vn -0.454412 0.881902 0.125535
v -4.31179 -0.79734 -2.80808
vn -0.466895 0.883498 0.0379538
v -4.21788 -0.7447 -3.21705
vn -0.391648 0.919741 0.0262494
v -4.86331 -0.842868 -3.99412
vn -0.172196 0.252061 0.952268
v -4.88073 -0.38809 -4.04035
vn -0.657733 0.0435663 0.75199
v -5.10066 -0.35126 -4.22907
vn -0.615685 0.119482 0.778881
v -4.91735 0.09712 -4.10991
vn -0.631312 0.0128139 0.775423
v -4.8278 0.10153 -4.03908
vn -0.552274 -0.017883 0.833471
v -4.97535 -0.80047 -4.05181
vn -0.432241 0.354025 0.829357
v -5.17756 -0.64408 -4.22305
vn -0.545036 0.251595 0.799773
v -5.25451 -1.23361 -3.56498
vn -0.464765 0.866004 0.184474
v -5.20484 -1.22013 -3.46385
vn -0.474491 0.876584 0.080367
v -4.84035 -1.09057 -2.94188
vn -0.5055 0.848663 0.155697
v -4.69774 -1.02537 -2.83602
vn -0.514509 0.84866 0.122705
v -4.22404 -0.74978 -3.06643
vn -0.39107 0.919824 0.0314344
v -5.02751 -0.97892 -3.963
vn -0.365144 0.680968 0.634785
v -5.29878 -0.335 -4.3925
vn -0.631524 0.125697 0.7651
v -4.97835 0.13475 -4.16597
vn -0.674752 0.0905476 0.732469
v -5.34183 -1.2494 -3.66182
vn -0.371261 0.894248 0.249971
v -5.35098 -1.29076 -3.52504
vn -0.391322 0.918806 0.0516084
v -4.78908 -1.12694 -2.75331
vn -0.43594 0.883672 0.170528
v -4.51052 -0.93226 -2.62633
vn -0.617711 0.778878 0.108545
v -4.18767 -0.74071 -2.98876
vn -0.318069 0.944882 0.077651
v -5.32487 -0.00303 -4.43541
vn -0.596291 0.00282935 0.802763
v -4.91164 0.23053 -4.12125
vn -0.664171 0.236847 0.70907
v -5.01816 0.21137 -4.2169
vn -0.615955 0.166089 0.770074
v -5.18649 -0.9303 -4.10564
vn -0.462405 0.452368 0.762591
v -5.31781 -1.27644 -3.52955
vn -0.449447 0.880865 0.148577
v -5.40837 -1.24447 -3.79931
vn -0.401537 0.88202 0.246592
v -5.39356 -1.25916 -3.48248
vn -0.336795 0.935174 0.109628
v -4.84102 -1.10177 -2.8513
vn -0.522132 0.817596 0.242725
v -4.33727 -0.79506 -2.53651
vn -0.50434 0.85976 -0.08034
v -4.69036 -1.05599 -2.72421
vn -0.627446 0.715113 0.3081
v -4.14855 -0.73554 -2.93049
vn -0.337833 0.940887 0.0244997
v -5.18635 -1.05626 -3.99046
vn -0.46258 0.748713 0.474814
v -5.16669 0.1767 -4.32533
vn -0.574861 0.062088 0.815892
v -5.51102 -0.24403 -4.59032
vn -0.636628 -0.00517653 0.771154
v -5.42061 -0.60939 -4.41226
vn -0.560451 0.317804 0.764785
v -5.32662 -0.87266 -4.22066
vn -0.445918 0.427366 0.786457
v -5.36236 -1.16029 -3.9781
vn -0.422694 0.815864 0.394582
v -5.47222 -1.28748 -3.67591
vn -0.327609 0.928479 0.174923
v -5.38595 -1.29849 -3.54499
vn -0.282335 0.922833 0.262042
v -4.80454 -1.09734 -2.79854
vn -0.446106 0.839191 0.311043
v -4.37975 -0.81373 -2.48728
vn -0.64051 0.766603 -0.0454723
v -4.21581 -0.74089 -2.46284
vn -0.324848 0.943928 -0.0589396
v -4.63279 -1.08586 -2.57554
vn -0.635067 0.64544 0.424379
v -4.75172 -1.10444 -2.7217
vn -0.472243 0.820834 0.321275
v -4.15327 -0.7325 -2.8297
vn -0.37484 0.925246 -0.0584378
v -5.33919 0.29855 -4.43736
vn -0.508572 -0.0372547 0.860213
v -5.57077 0.0733 -4.59099
vn -0.513903 -0.108017 0.85102
v -5.51018 -0.45033 -4.54975
vn -0.623736 0.276953 0.730924
v -5.38783 -0.77074 -4.31113
vn -0.467748 0.421384 0.776947
v -4.90163 0.34721 -4.18013
vn -0.575954 0.286872 0.765494
v -5.08334 0.35785 -4.29815
vn -0.534507 0.152184 0.83135
v -5.40253 -1.05215 -4.14564
vn -0.398681 0.572346 0.716571
v -5.51169 -1.26419 -3.90255
vn -0.384902 0.865388 0.320866
v -5.52938 -1.2916 -3.82285
vn -0.371778 0.917191 0.143322
v -4.41152 -0.85568 -2.47305
vn -0.807167 0.511816 0.294152
v -4.3343 -0.779035 -2.44271
vn -0.449748 0.893034 -0.0147431
v -4.28388 -0.76229 -2.42108
vn -0.304815 0.952375 0.00829401
v -4.15212 -0.73186 -2.53555
vn -0.207321 0.977725 -0.0327503
v -4.51412 -0.99841 -2.5158
vn -0.736374 0.482236 0.474554
v -4.66827 -1.08243 -2.63311
vn -0.587744 0.729885 0.349034
v -4.17835 -0.73496 -2.72973
vn -0.318802 0.9466 -0.0480999
v -5.27441 -1.05907 -4.06761
vn -0.426729 0.665754 0.612106
v -5.64155 -0.22328 -4.68943
vn -0.488367 -0.170949 0.85573
v -5.57839 -0.36327 -4.64662
vn -0.676198 0.180217 0.714338
v -5.64973 -0.66201 -4.53875
vn -0.493244 0.542165 0.68027
v -5.52467 -0.76774 -4.38503
vn -0.338813 0.551359 0.762371
v -5.51948 -0.93157 -4.27021
vn -0.265852 0.50347 0.822095
v -5.53159 -1.22988 -4.00028
vn -0.280879 0.86321 0.419493
v -4.36507 -0.80174 -2.4359
vn -0.749089 0.631549 0.200029
v -4.19123 -0.734365 -2.38869
vn -0.395582 0.896875 0.197813
v -4.18013 -0.731675 -2.67782
vn -0.252609 0.96755 0.00597478
v -4.16176 -0.721735 -2.42845
vn -0.209684 0.9752 -0.0708315
v -4.13686 -0.72491 -2.7658
vn -0.210097 0.977201 0.030605
v -5.57335 0.35874 -4.54237
vn -0.437123 -0.154861 0.885969
v -5.59717 -0.2896 -4.67325
vn -0.615727 -0.07673 0.784215
v -5.72734 -0.11257 -4.69547
vn -0.300056 -0.23042 0.925674
v -5.63743 -0.4594 -4.65456
vn -0.583624 0.380616 0.717297
v -5.54564 -1.06652 -4.20892
vn -0.318927 0.524345 0.789524
v -5.48997 -1.17175 -4.07738
vn -0.383649 0.74468 0.546136
v -5.60246 -1.26997 -3.93813
vn -0.1555 0.88203 0.444796
v -5.57024 -1.29458 -3.88043
vn -0.263627 0.898405 0.351241
v -4.79649 -1.11744 -2.73177
vn -0.383473 0.881006 0.277085
v -4.39741 -0.87779 -2.42871
vn -0.703859 0.203585 0.680541
v -4.21408 -0.759725 -2.36685
vn -0.320905 0.577296 0.750833
v -4.11985 -0.72524 -2.6047
vn -0.0897063 0.995119 0.0411253
v -4.13125 -0.717983 -2.39555
vn 0.00953321 0.999756 -0.0199158
v -4.47282 -1.03443 -2.45244
vn -0.608645 0.434934 0.663614
v -4.68585 -1.11932 -2.56772
vn -0.458632 0.831588 0.313239
v -4.09269 -0.72425 -2.67725
vn -0.0472905 0.99888 -0.00126847
v -5.64196 -0.32684 -4.70123
vn -0.500328 0.0489797 0.864449
v -5.72807 -0.27458 -4.73034
vn -0.258935 -0.0724281 0.963175
v -5.66155 -0.84146 -4.34585
vn -0.105949 0.733343 0.671553
v -5.74409 -0.58159 -4.67672
vn -0.549615 0.321407 0.771117
v -5.61035 -1.04506 -4.2341
vn -0.0601979 0.405887 0.911939
v -5.55667 -1.1398 -4.14732
vn -0.241409 0.718311 0.652496
v -5.59095 -1.201 -4.0726
vn -0.031216 0.846704 0.531148
v -5.61983 -1.23443 -4.00301
vn 0.0988019 0.886766 0.451535
v -5.57207 -1.30459 -3.84445
vn -0.0939388 0.994309 0.0502406
v -4.41239 -0.94515 -2.42964
vn -0.622671 0.164823 0.764928
v -4.36175 -0.82374 -2.40161
vn -0.674229 0.179263 0.716436
v -4.32118 -0.782595 -2.39584
vn -0.500437 0.740037 0.449342
v -4.01974 -0.72619 -2.52205
vn -0.0123432 0.999864 0.010976
v -4.08357 -0.723705 -2.40448
vn 0.137879 0.989264 0.0484435
v -4.60586 -1.10723 -2.51245
vn -0.438268 0.821013 0.365867
v -5.67518 -0.29595 -4.72064
vn -0.37289 -0.0666256 0.925481
v -5.76654 -0.23776 -4.74012
vn -0.0710723 -0.191114 0.978991
v -5.63656 -0.38414 -4.6875
vn -0.448098 0.280223 0.848931
v -5.75683 -0.78644 -4.45993
vn -0.31105 0.79914 0.514415
v -5.77782 -0.67236 -4.65629
vn -0.533769 0.605344 0.590465
v -5.70134 -0.42074 -4.69905
vn -0.33416 0.227874 0.914555
v -5.61905 -0.92617 -4.27035
vn 0.241192 0.586014 0.773572
v -5.61923 -0.99402 -4.2434
vn 0.469527 0.127229 0.873703
v -5.62235 -1.11121 -4.1939
vn -0.0903887 0.700924 0.707485
v -5.63332 -1.30216 -3.86933
vn -0.00438011 0.970701 0.240252
v -4.24814 -0.82817 -2.35734
vn -0.197064 0.039893 0.979579
v -4.28227 -0.7871 -2.37238
vn -0.268904 0.386838 0.88207
v -4.6578 -1.11466 -2.55858
vn -0.295566 0.893288 0.33864
v -4.53493 -1.09562 -2.45455
vn -0.461072 0.754658 0.466803
v -5.69471 -0.34178 -4.71938
vn -0.191467 0.184293 0.964042
v -5.80512 -0.24567 -4.73029
vn 0.362128 -0.188432 0.912884
v -5.79582 -0.31019 -4.73902
vn 0.106594 0.0994847 0.989313
v -5.80327 -0.82563 -4.36456
vn 0.0894365 0.94317 0.320049
v -5.81826 -0.73807 -4.59209
vn -0.378337 0.787684 0.486225
v -5.80939 -0.64624 -4.70128
vn -0.431032 0.33746 0.836859
v -5.78756 -0.49391 -4.71015
vn -0.255335 0.11264 0.960269
v -5.66184 -0.90636 -4.25264
vn 0.546129 0.651373 0.526741
v -5.64097 -1.03829 -4.22977
vn 0.41574 0.165874 0.894229
v -5.65104 -1.08541 -4.21182
vn 0.372942 0.370315 0.850753
v -5.66015 -1.1552 -4.12634
vn 0.177066 0.836819 0.518055
v -5.65746 -1.19582 -4.04579
vn 0.521873 0.804529 0.283518
v -5.56473 -1.30198 -3.77419
vn -0.0307861 0.998637 -0.0421351
v -4.39208 -1.00929 -2.40819
vn -0.444023 0.163568 0.880959
v -4.1557 -0.737755 -2.34563
vn -0.309218 0.738302 0.599412
v -4.14852 -0.802038 -2.34407
vn -0.105222 0.00775848 0.994418
v -4.00699 -0.73022 -2.43561
vn 0.0449288 0.992165 0.116577
v -5.77734 -0.38407 -4.72251
vn -0.073194 0.138384 0.98767
v -5.72452 -0.860865 -4.28114
vn 0.146806 0.937431 0.315706
v -5.84408 -0.78494 -4.51548
vn -0.12943 0.925131 0.356904
v -5.85473 -0.6068 -4.72234
vn -0.31161 0.103477 0.944559
v -5.8692 -0.68666 -4.69879
vn -0.335308 0.67251 0.659772
v -5.64408 -0.95487 -4.2323
vn 0.680792 0.287758 0.673585
v -5.71013 -0.884725 -4.24002
vn 0.364217 0.793915 0.486872
v -5.66624 -1.11553 -4.18416
vn 0.258368 0.707664 0.657615
v -5.66564 -1.2118 -3.98707
vn 0.669988 0.687383 0.280392
v -4.35695 -0.93598 -2.39623
vn -0.274357 -0.0156568 0.9615
v -4.44615 -1.08941 -2.40779
vn -0.310913 0.50523 0.805032
v -4.31316 -0.80906 -2.37852
vn -0.353386 0.089072 0.931227
v -4.05493 -0.73515 -2.37694
vn 0.431255 0.666908 0.607663
v -4.12703 -0.730005 -2.34821
vn 0.260398 0.575387 0.775321
v -5.88089 -0.40405 -4.70451
vn 0.124523 -0.0751903 0.989364
v -5.94293 -0.73312 -4.66452
vn -0.0936693 0.909536 0.404931
v -5.89154 -0.52429 -4.7302
vn -0.139324 -0.0934722 0.985825
v -5.66874 -0.94335 -4.20474
vn 0.404614 0.318201 0.857342
v -5.70898 -1.11985 -4.14776
vn 0.452012 0.723705 0.521475
v -5.69337 -1.16114 -4.00696
vn 0.77711 0.626294 0.0620879
v -5.63646 -1.29279 -3.76441
vn 0.21454 0.970311 -0.111667
v -4.50697 -1.1218 -2.31618
vn -0.18011 0.971431 0.154537
v -4.35814 -1.09605 -2.3936
vn -0.313404 0.161653 0.93576
v -4.33302 -1.0266 -2.38725
vn -0.299032 0.0571451 0.95253
v -4.10578 -0.770775 -2.34372
vn 0.191716 -0.0330075 0.980895
v -4.17818 -0.87979 -2.35087
vn -0.0210026 -0.000961649 0.999779
v -3.97791 -0.751028 -2.40751
vn 0.352621 0.472425 0.807758
v -3.93557 -0.736537 -2.43335
vn 0.111218 0.92612 0.360461
v -4.46742 -1.11472 -2.37206
vn -0.0171218 0.946514 0.322209
v -5.83896 -0.44893 -4.71951
vn 0.00426813 -0.0582246 0.998294
v -5.76002 -0.86666 -4.22832
vn 0.553129 0.643716 0.528846
v -5.92397 -0.65939 -4.73846
vn -0.302771 0.229513 0.925015
v -5.97496 -0.69589 -4.73812
vn -0.300416 0.655284 0.693075
v -6.01877 -0.630435 -4.76442
vn -0.218293 -0.0268316 0.975514
v -5.67964 -1.04735 -4.20059
vn 0.477997 0.0175554 0.878186
v -5.70536 -1.15039 -4.07095
vn 0.728043 0.680536 0.0826128
v -4.25235 -0.90172 -2.36409
vn -0.248623 -0.0852571 0.964841
v -4.41126 -1.1128 -2.40491
vn -0.219358 0.531099 0.818423
v -4.09113 -0.8112 -2.35388
vn 0.256324 -0.0360111 0.96592
v -4.12146 -0.893037 -2.35235
vn 0.13504 -0.0531228 0.989415
v -4.01279 -0.7836 -2.38337
vn 0.403527 0.106151 0.908789
v -4.50672 -1.11709 -2.3643
vn -0.0854163 0.982167 0.167486
v -5.76625 -0.8362 -4.15692
vn 0.887194 0.432318 -0.161205
v -5.89358 -0.7898 -4.48606
vn 0.402007 0.907469 0.122023
v -5.99359 -0.57507 -4.75047
vn -0.122029 -0.175505 0.976886
v -5.72733 -1.06547 -4.17439
vn 0.470996 0.271476 0.839324
v -4.41774 -1.1188 -2.39544
vn 0.306033 0.899601 0.311549
v -5.75503 -0.85057 -4.13147
vn 0.97613 -0.0839403 -0.200311
v -5.78131 -0.88726 -4.20145
vn 0.516615 0.47527 0.712199
v -5.97297 -0.73652 -4.61924
vn 0.717788 0.68415 -0.129298
v -6.03423 -0.70461 -4.75442
vn 0.414993 0.899024 0.139774
v -5.73745 -1.09841 -4.14618
vn 0.640088 0.593568 0.487816
v -5.72889 -1.12263 -4.10114
vn 0.698521 0.713094 0.0597178
v -5.71888 -1.12405 -4.04935
vn 0.851712 0.516599 -0.0878225
v -4.31826 -0.95707 -2.39048
vn -0.241205 0.0133425 0.970383
v -4.17908 -1.00986 -2.35001
vn -0.0905908 0.0503611 0.994614
v -5.74859 -0.81601 -4.0841
vn 0.946515 0.229147 -0.227158
v -5.91062 -0.75493 -4.46004
vn 0.866447 0.442297 -0.231607
v -6.04265 -0.67547 -4.76045
vn 0.143209 0.149798 0.97829
v -5.73087 -0.99184 -4.18997
vn 0.292599 0.178119 0.939499
v -4.30464 -1.07252 -2.37122
vn -0.405112 0.252669 0.87866
v -4.0466 -0.90372 -2.37121
vn 0.263015 -0.0327422 0.964236
v -4.26101 -1.0024 -2.3675
vn -0.294356 0.031572 0.955174
v -4.00858 -0.84124 -2.38395
vn 0.354145 0.000640436 0.93519
v -3.961 -0.82564 -2.40598
vn 0.466514 0.0423981 0.883497
v -4.39009 -1.12473 -2.36791
vn -0.0776097 0.990687 0.111875
v -5.71799 -0.86981 -4.0052
vn 0.930132 0.194691 -0.311369
v -5.77622 -0.85785 -4.13415
vn 0.886089 0.396396 -0.240244
v -6.01823 -0.67301 -4.68853
vn 0.891997 0.291865 -0.345191
v -4.22541 -1.0509 -2.35172
vn -0.184496 0.209966 0.960144
v -4.08047 -0.97164 -2.36331
vn 0.277504 0.0428127 0.95977
v -4.11885 -1.02898 -2.35116
vn 0.175333 0.0755321 0.981608
v -3.92119 -0.74381 -2.43669
vn 0.506631 0.366716 0.780285
v -4.4528 -1.12498 -2.23197
vn 0.0153612 0.999708 0.0186623
v -5.70966 -0.97664 -3.96894
vn 0.943541 -0.0444626 -0.328259
v -6.04422 -0.6917 -4.74996
vn 0.885026 0.392021 -0.251095
v -4.25563 -1.096 -2.33489
vn -0.235131 0.727459 0.644605
v -4.32421 -1.10308 -2.36513
vn -0.419798 0.683418 0.597251
v -5.68776 -0.92913 -3.9236
vn 0.979909 -0.0837129 -0.181026
v -5.75484 -1.00486 -4.16844
vn 0.621606 0.291717 0.726985
v -4.19639 -1.08996 -2.33553
vn -0.0204153 0.472472 0.881109
v -5.67844 -0.85403 -3.91759
vn 0.924374 -0.0138091 -0.381238
v -4.19655 -1.12251 -2.30499
vn 0.0873553 0.844043 0.529113
v -4.31574 -1.12474 -2.26863
vn -0.0234444 0.998416 0.0511399
v -4.32106 -1.11474 -2.33412
vn -0.182219 0.894279 0.408731
v -4.25099 -1.1202 -2.28775
vn 0.0299903 0.978032 0.206286
v -4.10373 -1.07146 -2.34209
vn 0.0796406 0.315695 0.945512
v -4.04675 -1.05362 -2.36698
vn 0.407664 0.281072 0.868797
v -4.36194 -1.12683 -2.15397
vn 0.00211277 0.99995 0.00977349
v -4.00278 -1.05199 -2.38678
vn 0.407851 0.103246 0.907192
v -4.16622 -1.13063 -2.25926
vn 0.0251211 0.998679 0.0448217
v -4.13631 -1.11895 -2.31127
vn -0.0533316 0.756114 0.652263
v -4.06864 -1.10148 -2.32858
vn 0.261457 0.720382 0.64241
v -4.00938 -1.08722 -2.38032
vn 0.413471 0.45718 0.787419
v -4.27942 -1.12744 -2.05606
vn 0.00525789 0.999984 0.00210979
v -4.20704 -1.12834 -2.18437
vn 0.0307126 0.999526 0.00226038
v -4.14516 -1.12709 -1.96065
vn 0.0027559 0.999971 -0.00712212
v -4.03563 -1.11356 -2.34306
vn 0.320682 0.78625 0.52818
v -4.09013 -1.12896 -2.20087
vn -0.00609185 0.999981 -0.00101301
v -4.04388 -1.12431 -2.28965
vn 0.0325293 0.99396 0.10481
v -3.94298 -1.12075 -2.36167
vn 0.135363 0.879887 0.455496
v -4.02228 -1.12605 -2.31811
vn 0.0964257 0.992095 0.0803074
v -3.8493 -1.12801 -2.16859
vn -0.00550933 0.999853 0.0162387
v -3.92649 -1.12674 -2.33567
vn 0.00460425 0.999111 0.0418942
v -3.86268 -1.12593 -2.31242
vn -0.00802044 0.999904 0.0113062
v 1.19352 0.029185 -3.664
vn -0.833488 0.48362 0.267226
v 1.18339 0.00548 -3.63776
vn -0.888115 0.284064 0.36133
v 1.22345 0.0193175 -3.59694
vn -0.807646 0.199625 0.554849
v 1.22808 0.09064 -3.63701
vn -0.954988 0.136822 0.263206
v 1.18864 -0.0312125 -3.62808
vn -0.829513 -0.0927245 0.550737
v 1.16594 0.02017 -3.72066
vn -0.910953 0.317105 0.263837
v 1.24443 0.08555 -3.57978
vn -0.809006 0.0192345 0.587485
v 1.15177 -0.03545 -3.71721
vn -0.882138 -0.209286 0.421939
v 1.22412 0.1892 -3.62653
vn -0.985728 -0.101983 0.133937
v 1.21112 -0.0837275 -3.6082
vn -0.866339 -0.137782 0.480075
v 1.23318 -0.07976 -3.57713
vn -0.685982 -0.0218097 0.727291
v 1.17904 -0.0533475 -3.66131
vn -0.906801 -0.272136 0.321953
v 1.25414 -0.02788 -3.56151
vn -0.525571 0.0363418 0.849973
v 1.22821 0.16075 -3.65576
vn -0.99686 -0.0468419 0.0638502
v 1.23259 0.18221 -3.57922
vn -0.824473 -0.0382369 0.564608
v 1.26923 0.05605 -3.56113
vn -0.451538 0.02943 0.891766
v 1.15312 -0.106318 -3.73554
vn -0.559515 -0.127657 0.81893
v 1.27311 -0.17908 -3.54834
vn -0.555726 0.0193895 0.83114
v 1.11706 -0.04739 -3.74392
vn -0.366425 -0.195034 0.909777
v 1.24407 0.31942 -3.56787
vn -0.755712 -0.0246319 0.65444
v 1.32029 -0.38487 -3.51453
vn -0.401854 0.0844624 0.9118
v 1.22376 0.242275 -3.61111
vn -0.952608 0.0194058 0.303581
v 1.1959 -0.143655 -3.69446
vn -0.941226 -0.126305 0.313274
v 1.23755 -0.225485 -3.58175
vn -0.760607 0.0310776 0.648469
v 1.17823 -0.11923 -3.71763
vn -0.754279 -0.181879 0.630859
v 1.29086 -0.35341 -3.52883
vn -0.567109 0.0646328 0.821103
v 1.21041 0.22133 -3.67765
vn -0.985101 -0.014035 0.171403
v 1.21619 -0.17719 -3.61679
vn -0.944856 -0.00789587 0.32739
v 1.12606 -0.09822 -3.74696
vn -0.227729 -0.0645413 0.971583
v 1.08565 -0.06905 -3.75089
vn -0.116282 -0.0413746 0.992354
v 1.2323 0.389185 -3.60525
vn -0.952718 0.123901 0.277447
v 1.30903 -0.47188 -3.51056
vn -0.537964 0.0283009 0.842493
v 1.23895 -0.35457 -3.56686
vn -0.632511 0.187614 0.751485
v 1.21195 -0.30489 -3.60913
vn -0.774508 0.184094 0.605183
v 1.24946 -0.42727 -3.54643
vn -0.552618 0.0666826 0.830763
v 1.21816 0.31974 -3.66171
vn -0.988135 0.0430841 0.147421
v 1.18578 -0.18693 -3.72669
vn -0.755326 0.170278 0.632841
v 1.1864 -0.29104 -3.65987
vn -0.906229 0.170395 0.38693
v 1.06898 -0.18997 -3.75647
vn -0.127097 -0.0138804 0.991793
v 1.26055 -0.55467 -3.54563
vn -0.692128 0.0925677 0.715815
v 1.09362 -0.20649 -3.75224
vn -0.253887 0.11433 0.960453
v 1.21331 0.37071 -3.69313
vn -0.984336 0.0199867 0.175164
v 1.24194 -0.47102 -3.56103
vn -0.687594 -0.184675 0.702218
v 1.32704 -0.70265 -3.48869
vn -0.483929 0.0628126 0.87285
v 1.1846 -0.37731 -3.61629
vn -0.84629 0.213434 0.488098
v 1.18073 -0.256365 -3.69354
vn -0.858854 0.256145 0.443576
v 1.21876 0.40459 -3.66802
vn -0.966004 0.0498877 0.253667
v 1.21198 -0.476698 -3.60843
vn -0.819018 -0.179588 0.544939
v 1.21289 -0.62882 -3.57171
vn -0.611986 0.0685934 0.787889
v 1.20021 -0.413841 -3.59037
vn -0.798464 -0.218272 0.561082
v 1.21715 0.43816 -3.67297
vn -0.836283 0.0110168 0.548187
v 1.36054 -0.78808 -3.47525
vn -0.133346 0.102785 0.985725
v 1.35346 -0.82673 -3.46269
vn -0.518339 0.0387352 0.854298
v 1.15251 -0.261025 -3.7209
vn -0.485793 0.270183 0.831268
v 1.07743 -0.30431 -3.73752
vn -0.29638 0.224135 0.928398
v 1.19943 0.44083 -3.70394
vn -0.873671 -0.197015 0.444841
v 1.2085 -0.57262 -3.59008
vn -0.760339 0.221674 0.610529
v 1.36333 -0.850155 -3.46193
vn -0.0958377 0.0417326 0.994522
v 1.19527 -0.86481 -3.57414
vn -0.576823 0.0676714 0.814062
v 1.1595 -0.32163 -3.68616
vn -0.714888 0.28755 0.637377
v 1.17302 -0.3991 -3.641
vn -0.852655 -0.0371068 0.521155
v 1.19393 -0.493005 -3.63592
vn -0.788277 -0.0281444 0.614677
v 1.15531 -0.71184 -3.61574
vn -0.61403 0.0819263 0.785019
v 1.29859 -0.94246 -3.5001
vn -0.474134 0.0819233 0.876633
v 1.34965 -0.888523 -3.47068
vn -0.242978 -0.33085 0.911866
v 1.17761 0.48561 -3.71686
vn -0.69987 0.032176 0.713545
v 1.16893 -0.6396 -3.61736
vn -0.747587 0.208579 0.630563
v 1.1169 -0.78775 -3.63824
vn -0.547379 0.0947289 0.831506
v 1.17649 -0.9742 -3.57146
vn -0.516319 0.22525 0.826243
v 1.14275 -0.40107 -3.68239
vn -0.707018 0.0754019 0.703165
v 1.11682 -0.34874 -3.7099
vn -0.549102 0.230376 0.803376
v 1.20967 0.51842 -3.69063
vn -0.791192 -0.151007 0.592631
v 1.16871 -0.56163 -3.67269
vn -0.844436 0.154258 0.512964
v 1.1617 -0.59577 -3.65218
vn -0.775606 0.345656 0.528165
v 1.13181 -0.633215 -3.65852
vn -0.534945 0.33672 0.77489
v 1.06819 -0.65608 -3.68344
vn -0.457048 0.172987 0.872458
v 1.0895 -0.86816 -3.64341
vn -0.496028 0.14242 0.856547
v 1.20201 -1.07567 -3.51641
vn -0.129719 0.476412 0.869601
v 1.24327 0.35515 -3.62151
vn -0.919635 0.000717312 0.392774
v 1.18499 0.5245 -3.71409
vn -0.552619 -0.143569 0.820975
v 1.16342 -0.489238 -3.67081
vn -0.65785 -0.0974788 0.746814
v 1.03759 -0.76691 -3.6865
vn -0.494674 0.112942 0.861709
v 1.13589 -0.93494 -3.60632
vn -0.458212 0.209898 0.863704
v 1.3577 -0.97824 -3.48339
vn -0.503397 0.1528 0.850437
v 1.07667 -0.95213 -3.61979
vn -0.138874 0.500501 0.854525
v 1.30265 -1.15765 -3.46582
vn -0.48871 0.252871 0.834996
v 1.35191 -0.89806 -3.48397
vn -0.00381804 0.0365908 0.999323
v 1.10934 -0.42373 -3.70445
vn -0.589275 0.032565 0.807276
v 1.1394 0.5541 -3.72469
vn -0.269071 -0.396013 0.877938
v 1.12594 -0.50741 -3.69456
vn -0.387313 -0.00046199 0.921948
v 1.1238 -0.58055 -3.68664
vn -0.251862 0.22598 0.941009
v 1.2456 -1.21658 -3.47299
vn -0.167595 0.305321 0.937385
v 1.04801 -1.03138 -3.54408
vn 0.24784 0.747334 0.616496
v 1.13124 0.57476 -3.71646
vn -0.111582 -0.277166 0.954321
v 1.11696 0.52019 -3.73494
vn -0.285858 -0.0989456 0.95315
v 1.15439 -0.5641 -3.68475
vn -0.384843 0.317367 0.866703
v 1.04926 -0.54462 -3.70739
vn -0.197741 0.149276 0.968822
v 1.17623 -1.19352 -3.47255
vn 0.334438 0.321034 0.886052
v 1.35833 -0.98561 -3.47044
vn -0.924933 0.144134 0.351746
v 1.35395 -0.66735 -3.50199
vn 0.149207 0.0681706 0.986453
v 1.11216 -1.155 -3.44908
vn 0.440036 0.670678 0.597126
v 0.9517 0.53977 -3.73554
vn -0.0549057 -0.245965 0.967722
v 1.17101 -1.22637 -3.45093
vn 0.58678 0.698778 0.409143
v 1.23982 -1.25197 -3.45193
vn 0.11226 0.75433 0.646826
v 1.28414 -1.24487 -3.43951
vn -0.601352 0.540548 0.588374
v 1.35617 -0.7257 -3.50046
vn -0.947008 -0.148874 -0.284626
v 1.35409 -1.15467 -3.42022
vn -0.807504 0.337495 0.483771
v 1.37367 -0.85756 -3.49006
vn 0.0275899 0.0600303 0.997815
v 0.95469 -1.09503 -3.3839
vn 0.39078 0.819097 0.419966
v 0.99179 0.60507 -3.72011
vn -0.0669985 -0.190302 0.979437
v 1.3482 -0.75575 -3.46081
vn -0.993161 -0.0641054 -0.0975743
v 1.36993 -1.12601 -3.41045
vn -0.998112 -0.00544455 -0.0611713
v 1.32973 -1.22025 -3.39952
vn -0.887075 0.366168 0.281104
v 0.84273 -0.9552 -3.56697
vn 0.261501 0.848547 0.459984
v 1.0894 -1.19782 -3.32759
vn 0.537903 0.815774 0.212538
v 1.21821 -1.26339 -3.41249
vn 0.349661 0.906863 0.235236
v 1.26234 -1.26749 -3.41756
vn -0.151663 0.939375 0.307527
v 1.22366 0.0393 -3.59129
vn -0.920485 -0.199349 -0.336106
v 1.3576 -1.14155 -3.31625
vn -0.99888 -0.000540994 -0.0473126
v 0.8384 -1.04129 -3.3951
vn 0.285243 0.870579 0.40091
v 0.96744 -1.14245 -3.24235
vn 0.398433 0.908258 0.12774
v 1.3208 -1.26909 -3.32784
vn -0.40867 0.892901 0.188987
v 0.74778 -1.01236 -3.42054
vn 0.169392 0.901227 0.398868
v 0.91655 -1.11222 -3.2975
vn 0.310548 0.899975 0.305948
v 1.10066 -1.21662 -3.18866
vn 0.494857 0.868974 0.000926313
v 1.16312 -1.25078 -3.33924
vn 0.561798 0.818204 0.122168
v 1.24981 -1.28013 -3.34595
vn -0.0245254 0.992451 0.120166
v 1.33664 -1.01694 -2.91317
vn -0.948245 0.280053 -0.14967
v 1.34372 -1.24184 -3.30281
vn -0.974634 0.222611 0.0231086
v 0.7566 -1.04329 -3.33299
vn 0.21123 0.925381 0.314724
v 0.821423 -1.07753 -3.28284
vn 0.307876 0.908557 0.282376
v 1.16423 -1.25401 -3.23884
vn 0.476524 0.879128 -0.00765893
v 1.00028 -1.15525 -3.10788
vn 0.493081 0.869392 -0.0320635
v 1.34676 -1.1945 -3.20745
vn -0.955364 0.244498 -0.165832
v 0.93797 -1.12935 -3.158
vn 0.364305 0.929043 -0.0645069
v 1.13037 -1.22695 -3.018
vn 0.407691 0.912769 0.0253168
v 1.21424 -1.28035 -3.31056
vn 0.326527 0.943959 0.0481848
v 1.31243 -1.23559 -3.19776
vn -0.789792 0.558538 -0.253502
v 1.3334 -1.26011 -3.28443
vn -0.652311 0.725569 -0.219179
v 0.872296 -1.10867 -3.15634
vn 0.247593 0.968259 -0.0342426
v 1.21264 -1.27165 -3.22057
vn 0.240471 0.969938 -0.0373283
v 1.18207 -1.25781 -3.14353
vn 0.397494 0.915062 -0.0682676
v 0.953 -1.12037 -3.08303
vn 0.426902 0.898016 -0.106409
v 0.99359 -1.15224 -3.00177
vn 0.499045 0.862436 0.0846082
v 1.26277 -1.27671 -3.27761
vn -0.169498 0.97479 -0.145106
v 1.30681 -1.21943 -3.10937
vn -0.915959 0.365579 -0.165443
v 0.80433 -1.08567 -3.2336
vn 0.276733 0.951703 0.132966
v 1.05835 -1.2058 -2.90209
vn 0.511857 0.847291 0.141775
v 1.21682 -1.25799 -3.07482
vn 0.107925 0.962484 -0.248951
v 1.28301 -1.26305 -3.17469
vn -0.517725 0.855345 -0.0185866
v 1.29355 -1.21642 -3.0611
vn -0.786021 0.504137 -0.357793
v 0.70931 -1.05406 -3.26623
vn 0.232586 0.941815 0.242669
v 1.22749 -1.27424 -3.13216
vn 0.208035 0.973498 -0.0949867
v 0.90107 -1.10655 -3.05426
vn 0.224235 0.974534 0.00142417
v 0.947155 -1.12252 -3.02201
vn 0.414464 0.901275 0.126188
v 1.14181 -1.2568 -2.85316
vn 0.246054 0.961659 0.121114
v 0.96251 -1.15296 -2.82208
vn 0.512302 0.856055 0.068675
v 1.20706 -1.2427 -3.00892
vn -0.0549493 0.989318 -0.135017
v 1.26365 -1.27121 -3.22384
vn -0.218489 0.975802 -0.0085506
v 1.28833 -1.25553 -3.1218
vn -0.632324 0.720337 -0.285097
v 1.25799 -1.21663 -2.99432
vn -0.756754 0.602946 -0.252548
v 0.756825 -1.08392 -3.15472
vn 0.229022 0.972164 0.0494654
v 1.19067 -1.25884 -2.87371
vn -0.0865296 0.988931 0.120534
v 1.08816 -1.2382 -2.84889
vn 0.535057 0.830908 0.152663
v 0.915745 -1.1194 -2.9299
vn 0.396211 0.915671 0.0675528
v 1.20773 -1.24091 -2.94597
vn -0.325812 0.944868 0.0327227
v 1.2529 -1.26514 -3.0965
vn -0.284491 0.890847 -0.354197
v 1.23849 -1.20912 -2.85711
vn -0.861801 0.474775 -0.178571
v 0.70806 -1.06728 -3.20166
vn 0.250371 0.956682 0.148571
v 1.20699 -1.16953 -2.65034
vn -0.781976 0.586409 -0.211277
v 1.20199 -1.25089 -2.86305
vn -0.582131 0.8106 -0.0636477
v 0.845935 -1.0977 -2.87077
vn 0.229874 0.97322 -0.000933195
v 1.03235 -1.20289 -2.76995
vn 0.545555 0.835933 -0.0598807
v 0.890608 -1.11298 -2.79965
vn 0.426249 0.904585 -0.00610153
v 1.24452 -1.01251 -2.38848
vn -0.901604 0.395216 -0.175827
v 1.19882 -1.2343 -2.77384
vn -0.653419 0.714995 -0.248646
v 0.66685 -1.0568 -3.17516
vn 0.324609 0.944608 0.048433
v 0.72851 -1.08009 -3.07701
vn 0.269855 0.962574 -0.0250784
v 1.14448 -1.24569 -2.7425
vn -0.0430402 0.974113 -0.221927
v 1.09523 -1.24828 -2.79289
vn 0.334447 0.927798 -0.165336
v 0.94046 -1.14025 -2.70364
vn 0.50191 0.864231 -0.0345108
v 1.37128 -0.62415 -2.3233
vn -0.935278 0.300518 -0.186933
v 1.1699 -1.13991 -2.40438
vn -0.652414 0.727451 -0.212534
v 1.16936 -1.23426 -2.72872
vn -0.357003 0.844414 -0.399392
v 0.73686 -1.07725 -3.01381
vn 0.176864 0.983955 0.0235023
v 1.02142 -1.17796 -2.64387
vn 0.366739 0.916187 -0.161568
v 0.85479 -1.09303 -2.64964
vn 0.329838 0.943845 -0.019079
v 1.55994 -0.06646 -2.40749
vn -0.930974 0.295095 -0.214956
v 1.09545 -1.16902 -2.50961
vn 0.0313617 0.981153 -0.190672
v 1.13692 -1.10783 -2.28132
vn -0.720912 0.527632 -0.449322
v 1.12365 -1.21931 -2.68249
vn -0.00742364 0.941728 -0.336295
v 0.78314 -1.08749 -2.89191
vn 0.120723 0.992683 -0.00245081
v 0.8976 -1.11467 -2.59101
vn 0.443021 0.896169 -0.0247531
v 1.48149 -0.04572 -2.17954
vn -0.899155 0.281551 -0.335035
v 1.54915 -0.19924 -2.5651
vn -0.93217 0.309002 -0.188618
v 1.11758 -1.15135 -2.36228
vn 0.023554 0.99331 -0.113046
v 1.14778 -1.14449 -2.32423
vn -0.603289 0.75361 -0.260987
v 0.66982 -1.0594 -3.09306
vn 0.395252 0.915729 -0.0722291
v 0.96684 -1.13464 -2.49594
vn 0.297322 0.946183 -0.127815
v 1.64179 0.37166 -2.2161
vn -0.898599 0.303179 -0.317178
v 1.66278 0.31097 -2.36488
vn -0.830512 -0.0685233 0.55277
v 1.02659 -1.13186 -2.36842
vn 0.245266 0.952419 -0.180951
v 1.12485 -1.14146 -2.30472
vn 0.0879541 0.958583 -0.270894
v 0.66559 -1.05277 -3.01183
vn 0.447137 0.892893 0.0530171
v 0.691272 -1.069 -2.97136
vn 0.301542 0.950571 0.0740722
v 0.705595 -1.07996 -2.85827
vn 0.127186 0.991855 0.00687355
v 0.818138 -1.08498 -2.54567
vn 0.263046 0.964537 -0.0218094
v 1.66632 0.34984 -2.32009
vn -0.930157 0.281303 -0.235958
v 0.60492 -1.02502 -3.06973
vn 0.448877 0.891514 -0.0609282
v 0.823205 -1.08736 -2.65883
vn 0.148666 0.988617 -0.023108
v 0.82905 -1.08524 -2.4437
vn 0.239625 0.967342 -0.0826336
v 1.68353 0.45077 -2.27806
vn -0.93711 0.257111 -0.236047
v 0.89013 -1.09256 -2.35122
vn 0.262181 0.952647 -0.15403
v 1.08345 -1.12884 -2.29282
vn 0.176083 0.897662 -0.403977
v 0.56609 -0.9982 -2.99346
vn 0.496069 0.868198 0.0121785
v 0.671733 -1.07132 -2.86105
vn 0.35727 0.929971 0.0866747
v 0.99673 -1.09002 -2.24184
vn 0.197267 0.921163 -0.335477
v 0.645492 -1.0504 -2.93489
vn 0.493063 0.868055 0.0580481
v 0.719928 -1.08031 -2.666
vn 0.115206 0.993329 0.00492946
v 0.69433 -1.0745 -2.71122
vn 0.337259 0.941305 0.0141783
v 0.60131 -1.02634 -2.87302
vn 0.558049 0.822766 0.10788
v 0.7655 -1.07676 -2.4951
vn 0.072823 0.99593 -0.0531058
v 0.57109 -1.00176 -2.93426
vn 0.550292 0.833967 0.0409682
v 0.78442 -1.06573 -2.35365
vn 0.219516 0.96883 -0.114812
v 0.63693 -1.05017 -2.73285
vn 0.492922 0.869817 -0.0211437
v 0.66854 -1.07598 -2.5531
vn 0.0772269 0.99649 -0.0323151
v 0.74427 -1.06599 -2.40589
vn 0.0948902 0.989948 -0.104874
v 0.53336 -0.97847 -2.76326
vn 0.596701 0.802458 -0.00319003
v 0.6585 -1.07169 -2.60326
vn 0.330589 0.936936 0.11341
v 0.65609 -1.07002 -2.4874
vn 0.0625607 0.993109 -0.0990975
v 0.60074 -1.03056 -2.67702
vn 0.512151 0.857257 0.0530355
v 1.02566 0.76399 9.6236
vn -0.400596 -0.124489 -0.907759
v 0.98756 0.77533 9.63705
vn -0.0540665 0.199086 -0.978489
v 1.03211 0.84354 9.59933
vn -0.748881 -0.216833 -0.626227
v 0.976645 0.81966 9.63204
vn -0.208714 -0.0779153 -0.974868
v 1.05673 0.72292 9.61659
vn -0.45726 0.00937871 -0.889284
v 1.06892 0.71909 9.59415
vn -0.946071 -0.0438697 -0.320975
v 1.02982 0.68735 9.61379
vn -0.094754 0.359094 -0.928479
v 0.93218 0.7683 9.63433
vn -0.0427653 0.171409 -0.984271
v 0.99117 0.90459 9.61359
vn -0.478283 -0.207681 -0.853296
v 1.05795 0.87896 9.5429
vn -0.893653 -0.201467 -0.400994
v 0.99166 0.659695 9.60251
vn -0.00232319 0.32744 -0.944869
v 1.09198 0.77749 9.49286
vn -0.967723 -0.0840388 -0.23759
v 0.90501 0.83278 9.64416
vn -0.0872501 0.0909669 -0.992024
v 0.92956 0.88767 9.64095
vn -0.341971 -0.134003 -0.930107
v 1.01954 0.93996 9.58058
vn -0.688601 -0.387099 -0.613174
v 0.964842 0.956388 9.6058
vn -0.363859 -0.354856 -0.861211
v 1.08211 0.87484 9.46981
vn -0.949588 -0.17509 -0.26005
v 1.07226 0.66257 9.56202
vn -0.869112 0.244299 -0.430073
v 1.04974 0.66535 9.59629
vn -0.447967 0.491633 -0.746741
v 0.868165 0.729875 9.6229
vn 0.153748 0.196787 -0.968316
v 1.05985 0.97092 9.46418
vn -0.907537 -0.304154 -0.289596
v 1.03571 0.96314 9.54134
vn -0.823041 -0.397224 -0.405976
v 0.91054 0.607015 9.587
vn -0.0348172 0.20772 -0.977568
v 0.87772 0.80482 9.64205
vn 0.169148 0.129619 -0.97703
v 0.90181 0.89877 9.65698
vn 0.0951231 0.0384561 -0.994722
v 0.87511 0.948085 9.63468
vn -0.146998 -0.290135 -0.945628
v 1.09878 0.934125 9.3666
vn -0.940833 -0.185448 -0.283623
v 1.11644 0.8602 9.33952
vn -0.963094 -0.119491 -0.241187
v 1.1009 0.60404 9.47174
vn -0.912933 -0.00363726 -0.408094
v 1.01369 0.58058 9.56665
vn -0.491307 0.17535 -0.853153
v 0.95876 0.59664 9.58504
vn -0.0553958 0.170392 -0.983818
v 0.8597 0.663755 9.60737
vn -0.0791809 0.200169 -0.976557
v 1.13317 0.7215 9.33318
vn -0.970895 -0.130438 -0.20087
v 1.13787 0.801135 9.25409
vn -0.986227 -0.0646719 -0.15223
v 1.13595 0.61598 9.38053
vn -0.947027 -0.127225 -0.294878
v 1.05253 0.61002 9.54704
vn -0.706051 0.338017 -0.622283
v 0.777945 0.809975 9.61821
vn 0.212512 0.203882 -0.955652
v 0.83884 1.03674 9.61327
vn -0.176104 -0.399757 -0.899545
v 0.95303 1.07299 9.55764
vn -0.498692 -0.441616 -0.745843
v 0.91357 1.0532 9.58443
vn -0.297138 -0.407781 -0.863379
v 1.08341 0.99464 9.36298
vn -0.908796 -0.263912 -0.323174
v 0.964345 1.08598 9.53858
vn -0.696133 -0.514533 -0.500654
v 1.13623 0.95666 9.2422
vn -0.99023 -0.0467332 -0.131376
v 1.06334 0.56593 9.51837
vn -0.776401 0.049106 -0.628323
v 0.967675 0.532065 9.58092
vn 0.00174884 -0.0338016 -0.999427
v 0.82766 0.6827 9.60857
vn 0.177317 0.0833667 -0.980616
v 0.830495 0.91922 9.63806
vn 0.133021 -0.0693434 -0.988684
v 1.04067 1.06549 9.41409
vn -0.859202 -0.346103 -0.376809
v 1.14981 0.703055 9.25043
vn -0.987988 -0.11751 -0.100359
v 1.16631 0.466585 9.37172
vn -0.913187 -0.126487 -0.387414
v 1.10451 0.51263 9.47522
vn -0.801155 -0.136114 -0.582772
v 0.99931 0.54441 9.57313
vn -0.347945 -0.136338 -0.927549
v 0.89248 0.51577 9.57962
vn -0.0249061 -0.0705062 -0.9972
v 0.82585 0.61543 9.60705
vn -0.171685 0.242482 -0.954844
v 0.76815 0.86417 9.62514
vn 0.165575 0.0757555 -0.983283
v 0.86963 1.07517 9.58448
vn -0.102167 -0.521727 -0.846973
v 1.1047 1.01567 9.2939
vn -0.895467 -0.210361 -0.392284
v 0.98611 1.10693 9.47772
vn -0.734276 -0.475844 -0.484161
v 1.16584 0.535435 9.31438
vn -0.976163 -0.158931 -0.147806
v 1.04602 0.5234 9.54717
vn -0.696944 -0.24778 -0.672959
v 0.869795 0.54355 9.57418
vn -0.132224 0.0166759 -0.99108
v 0.70502 0.68553 9.57318
vn 0.250967 0.0642226 -0.965863
v 0.8105 1.04891 9.60091
vn 0.131443 -0.605813 -0.784674
v 0.788562 0.996275 9.62966
vn 0.18695 -0.320658 -0.928562
v 0.91153 1.1043 9.55334
vn -0.314934 -0.66677 -0.675451
v 1.11212 1.0601 9.2572
vn -0.88272 -0.332225 -0.332313
v 1.15029 0.7514 9.14082
vn -0.996358 -0.0788709 0.0323981
v 1.11106 0.44466 9.48986
vn -0.866494 -0.156852 -0.473905
v 0.938805 0.423495 9.58312
vn -0.0845364 -0.0881091 -0.992517
v 0.79787 0.641395 9.60384
vn 0.227554 0.00273379 -0.973762
v 0.69999 0.84868 9.61426
vn 0.162441 0.198996 -0.966444
v 1.13952 0.99545 9.2281
vn -0.981725 -0.145233 -0.12298
v 1.13902 0.94174 9.12578
vn -0.993955 -0.0924309 0.0592518
v 1.02751 1.12603 9.39338
vn -0.837205 -0.409744 -0.362212
v 1.00499 1.15107 9.40641
vn -0.579927 -0.688587 -0.435353
v 0.93053 1.13809 9.49359
vn -0.325172 -0.805755 -0.494997
v 1.17893 0.490805 9.17775
vn -0.994276 -0.100138 0.0372499
v 1.18331 0.45416 9.25992
vn -0.99174 -0.121831 -0.0401023
v 1.19163 0.36953 9.29024
vn -0.989603 -0.100319 -0.103059
v 0.8191 0.56008 9.5912
vn -0.186916 0.0142966 -0.982272
v 1.01298 0.47972 9.58564
vn -0.0605261 -0.130656 -0.989578
v 0.653505 0.733795 9.57184
vn 0.184061 0.240763 -0.952971
v 0.676665 0.897305 9.61645
vn 0.137611 0.0375047 -0.989776
v 0.70957 0.94899 9.61852
vn 0.146921 -0.137368 -0.979563
v 0.873585 1.12657 9.54057
vn -0.0560874 -0.807088 -0.587761
v 0.81751 1.11902 9.54052
vn 0.081255 -0.76067 -0.644033
v 1.04871 1.17169 9.26356
vn -0.743038 -0.63372 -0.215161
v 1.10644 1.0933 9.23022
vn -0.886424 -0.450161 -0.107734
v 1.15312 0.592925 8.97857
vn -0.991789 -0.0784095 0.101025
v 1.13294 0.8459 8.97113
vn -0.991512 -0.0749715 0.106223
v 1.0495 0.45907 9.57929
vn -0.681764 -0.312639 -0.661403
v 0.810175 0.477875 9.60015
vn 0.0419535 -0.00682387 -0.999096
v 0.87861 0.34404 9.5976
vn 0.0240365 -0.0615043 -0.997817
v 0.592395 0.864585 9.59497
vn 0.145644 0.211485 -0.966469
v 1.12415 1.05152 9.18709
vn -0.950941 -0.307555 0.0334974
v 0.984735 1.18402 9.35868
vn -0.384284 -0.874996 -0.294462
v 0.93539 1.17283 9.4305
vn -0.202833 -0.889597 -0.409239
v 1.17966 0.40247 9.0829
vn -0.991387 -0.0823315 0.101853
v 1.1194 0.98754 8.96623
vn -0.982562 -0.141466 0.120659
v 1.17034 0.42434 9.36935
vn -0.949385 -0.0230717 -0.313268
v 1.13435 0.356043 9.45205
vn -0.910047 -0.0211508 -0.413964
v 0.78082 0.56781 9.59579
vn 0.106126 0.0672458 -0.992076
v 0.989644 0.390874 9.58851
vn 0.0856898 -0.109494 -0.990287
v 0.74535 1.12424 9.5239
vn 0.0923635 -0.679431 -0.727902
v 0.85661 1.17432 9.45085
vn -0.0821001 -0.906106 -0.415008
v 1.11528 1.0566 9.05107
vn -0.961957 -0.265269 0.0653565
v 1.0479 1.17428 9.21992
vn -0.697016 -0.71238 -0.0817515
v 1.15791 0.33846 8.87409
vn -0.986392 -0.0803766 0.143427
v 1.19333 0.32392 9.20392
vn -0.998347 -0.0538001 0.0202434
v 1.10335 0.93398 8.80781
vn -0.986337 -0.0965735 0.133465
v 1.13976 0.59188 8.87979
vn -0.986406 -0.0713236 0.14804
v 0.94278 0.360175 9.59423
vn -0.037039 -0.19956 -0.979185
v 0.6651 0.558795 9.57696
vn 0.0787761 -0.0422626 -0.995996
v 0.7016 1.0041 9.59582
vn 0.159863 -0.402373 -0.90141
v 0.552023 0.807165 9.57625
vn 0.0498822 0.230389 -0.971819
v 0.735805 1.16385 9.47938
vn -0.00485707 -0.848314 -0.529471
v 0.694433 1.04972 9.56988
vn 0.0403179 -0.50823 -0.860277
v 1.07937 1.14538 9.09567
vn -0.866947 -0.497943 -0.0213503
v 0.92701 1.20253 9.35205
vn -0.178918 -0.940246 -0.2897
v 1.19286 0.21528 9.06475
vn -0.991837 -0.081833 0.0977903
v 1.07597 1.13739 8.86032
vn -0.965633 -0.249847 0.0716149
v 1.19458 0.331185 9.28927
vn -0.97932 0.0397897 -0.198368
v 1.17325 0.29427 9.35388
vn -0.94015 0.0237232 -0.339934
v 1.07762 0.39005 9.56854
vn -0.839106 0.0405921 -0.542451
v 0.78765 0.421185 9.59186
vn 0.119764 0.0308121 -0.992324
v 0.619901 0.672634 9.55441
vn 0.219238 -0.0357005 -0.975018
v 0.6005 0.9478 9.60734
vn -0.0176205 -0.0264247 -0.999495
v 0.62091 1.00449 9.59818
vn -0.0785652 -0.288257 -0.954325
v 0.56163 0.7135 9.55101
vn 0.0946865 0.28976 -0.952404
v 0.68143 1.11647 9.52713
vn -0.0435174 -0.589074 -0.806906
v 0.98187 1.21123 9.24981
vn -0.382996 -0.906016 -0.180136
v 1.00504 1.22265 9.11751
vn -0.563604 -0.809911 -0.162467
v 0.83098 1.22049 9.33464
vn -0.0551221 -0.954831 -0.291991
v 1.18389 0.14943 8.94295
vn -0.988605 -0.0764432 0.129679
v 1.10625 0.54019 8.65004
vn -0.983752 -0.0758031 0.162746
v 1.07021 1.03998 8.61188
vn -0.992298 -0.0757673 0.0979975
v 1.08162 0.81273 8.60398
vn -0.987186 -0.0568122 0.149116
v 1.18744 0.2436 9.28808
vn -0.98441 -0.00461697 -0.175828
v 1.05266 0.39556 9.59348
vn -0.487379 -0.111083 -0.866096
v 0.49531 0.70547 9.55037
vn -0.131832 0.285855 -0.949161
v 0.75516 1.19842 9.40852
vn 0.00510379 -0.940007 -0.341117
v 1.03774 1.22932 8.97472
vn -0.843901 -0.526468 -0.103261
v 0.89851 1.23413 9.25517
vn -0.172757 -0.957654 -0.230335
v 1.20503 0.04037 9.05759
vn -0.993305 -0.0553425 0.101407
v 1.17249 0.03602 8.80379
vn -0.987448 -0.0794284 0.136522
v 1.20476 0.14328 9.19831
vn -0.9951 -0.0778282 -0.060977
v 1.12447 0.23664 8.60215
vn -0.984153 -0.0894762 0.15309
v 1.03013 1.24012 8.57783
vn -0.909898 -0.413558 0.0324839
v 1.0936 0.283825 9.53623
vn -0.842851 -0.0507301 -0.535751
v 1.03672 0.357307 9.59437
vn -0.175147 0.0524981 -0.983142
v 0.939685 0.292575 9.6104
vn 0.0691708 -0.0880675 -0.99371
v 0.81135 0.31803 9.59096
vn 0.0624698 -0.0301202 -0.997592
v 0.62284 0.589 9.56964
vn 0.119095 -0.231628 -0.965487
v 0.46521 0.78743 9.5794
vn -0.172265 0.17397 -0.969567
v 0.46265 0.99378 9.61038
vn -0.00845606 0.114943 -0.993336
v 0.742406 0.456284 9.58321
vn 0.108293 -0.00748509 -0.994091
v 0.63331 1.14586 9.50255
vn 0.0130681 -0.745303 -0.666598
v 0.64532 1.19808 9.39299
vn 0.0995696 -0.962929 -0.250707
v 1.03828 1.25271 8.86754
vn -0.906649 -0.421318 -0.021866
v 0.98392 1.26501 9.00321
vn -0.371017 -0.890293 -0.264055
v 0.9403 1.24082 9.17768
vn -0.289511 -0.942081 -0.169312
v 0.8177 1.24802 9.229
vn -0.00898499 -0.978481 -0.206144
v 0.72357 1.23156 9.28347
vn 0.0924441 -0.973001 -0.21148
v 1.21294 0.06562 9.14374
vn -0.997336 -0.057011 0.0454942
v 1.07418 0.602895 8.49152
vn -0.984269 -0.065607 0.164044
v 1.07099 0.45175 8.39943
vn -0.987136 -0.0879786 0.133499
v 1.05887 1.14966 8.49118
vn -0.991846 -0.123464 -0.0315808
v 1.02095 1.28025 8.75168
vn -0.866079 -0.499443 0.0215581
v 1.19187 0.15364 9.28744
vn -0.971122 -0.096795 -0.218067
v 1.15189 0.20135 9.41769
vn -0.939588 -0.0668546 -0.335714
v 1.05357 0.31914 9.58174
vn -0.550867 -0.0758335 -0.83114
v 1.09221 0.19081 9.54727
vn -0.876775 -0.0706657 -0.47568
v 1.00789 0.32294 9.59714
vn -0.174661 -0.184144 -0.967256
v 0.871 0.2782 9.60063
vn 0.0906318 -0.00311185 -0.99588
v 0.61254 1.07074 9.56694
vn -0.15925 -0.627883 -0.761842
v 0.51633 0.67787 9.53217
vn -0.188509 0.0900917 -0.97793
v 0.439935 0.860733 9.59148
vn -0.135979 0.0900545 -0.98661
v 0.64577 1.17595 9.46374
vn 0.0887674 -0.907376 -0.410839
v 1.01424 1.27247 8.93326
vn -0.640858 -0.733939 -0.22502
v 0.91562 1.26314 9.08379
vn -0.129399 -0.973985 -0.186036
v 1.21431 -0.17346 9.0262
vn -0.992233 -0.0748244 0.099374
v 1.13014 -0.05521 8.45156
vn -0.986339 -0.0918177 0.136766
v 1.05259 0.60027 8.35857
vn -0.990357 -0.0402248 0.132572
v 1.07006 0.30642 8.2905
vn -0.986813 -0.0993549 0.127784
v 1.04823 1.22582 8.44214
vn -0.921128 -0.387677 -0.0350613
v 1.05908 1.04507 8.47199
vn -0.996928 0.0157641 0.0767163
v 0.97661 1.336 8.62106
vn -0.756137 -0.648501 0.0877692
v 1.05311 0.89992 8.42218
vn -0.991532 -0.0190256 0.128461
v 0.562515 0.545451 9.5789
vn -0.0267219 -0.256941 -0.966058
v 0.52267 0.622533 9.54942
vn -0.0635049 -0.32157 -0.944754
v 0.54678 1.04468 9.59988
vn -0.183975 -0.396283 -0.899507
v 0.54023 0.66236 9.53433
vn 0.164891 -0.21047 -0.963594
v 0.4241 0.72097 9.57624
vn -0.239252 0.180718 -0.953991
v 0.39551 0.96543 9.60722
vn 0.00136504 0.13684 -0.990592
v 0.577597 1.12959 9.51332
vn 0.14044 -0.77728 -0.61328
v 0.53253 1.21662 9.22375
vn 0.173248 -0.959071 -0.223982
v 0.99704 1.30561 8.82777
vn -0.601357 -0.794918 -0.0804724
v 0.90287 1.30329 8.93639
vn -0.0861991 -0.958977 -0.27006
v 0.9755 1.30382 8.88764
vn -0.288961 -0.919527 -0.266405
v 0.75117 1.27345 9.07991
vn 0.059795 -0.972276 -0.226061
v 1.21564 -0.06377 9.18609
vn -0.998447 -0.0547823 0.0101723
v 1.18371 -0.24197 8.71755
vn -0.988447 -0.0827291 0.126998
v 1.2119 0.03252 9.19472
vn -0.998788 -0.0298905 -0.039114
v 1.00515 1.28493 8.36179
vn -0.668894 -0.742761 0.0297988
v 1.0571 1.17466 8.40299
vn -0.995473 -0.0823201 0.0475082
v 0.93864 1.35381 8.70838
vn -0.363062 -0.924977 -0.112262
v 0.90183 1.36583 8.41547
vn -0.498318 -0.863979 0.0722415
v 1.20375 -0.00334 9.30042
vn -0.989508 -0.083991 -0.117557
v 1.05946 0.25387 9.58592
vn -0.697243 -0.0332763 -0.716062
v 0.97819 0.26033 9.61745
vn 0.0298628 -0.0527382 -0.998162
v 0.77903 0.25476 9.59499
vn 0.0601783 -0.0259224 -0.997851
v 0.47683 1.03703 9.60452
vn 0.00358213 -0.325408 -0.945567
v 0.42405 0.65663 9.57194
vn -0.295321 0.00775832 -0.955367
v 0.37468 0.8095 9.60568
vn -0.179026 0.158414 -0.971007
v 0.623403 0.454348 9.58162
vn -0.0108377 -0.0176298 -0.999786
v 0.541935 1.17752 9.41054
vn 0.22559 -0.925928 -0.302929
v 1.22327 -0.18408 9.24374
vn -0.994778 -0.0975271 -0.0300949
v 1.22712 -0.41714 8.96617
vn -0.992488 -0.0707903 0.0997805
v 1.07654 0.12075 8.17525
vn -0.989509 -0.098295 0.105873
v 1.15238 -0.37377 8.40384
vn -0.988176 -0.0805867 0.130441
v 1.0429 0.73737 8.30059
vn -0.994978 -0.0336055 0.0942878
v 1.0452 1.22352 8.35253
vn -0.945924 -0.310785 0.0929576
v 1.0472 1.03993 8.36333
vn -0.989849 0.0293766 0.139055
v 0.91979 1.37793 8.57977
vn -0.372549 -0.927972 0.00873786
v 1.17241 0.06719 9.40179
vn -0.954478 -0.132355 -0.267309
v 1.11844 0.09534 9.53618
vn -0.893368 -0.167678 -0.416867
v 0.671247 0.310095 9.59119
vn 0.0757378 -0.0270971 -0.99676
v 0.91123 0.2133 9.60192
vn 0.0585033 -0.100934 -0.993172
v 0.51303 1.0699 9.58889
vn 0.00770179 -0.739159 -0.673487
v 0.48311 0.65254 9.55042
vn -0.323117 -0.178013 -0.929466
v 0.34673 0.86455 9.61174
vn -0.189665 -0.1672 -0.967508
v 0.350495 0.9067 9.60197
vn 0.0243581 -0.13806 -0.990124
v 0.54775 1.15324 9.46785
vn 0.233066 -0.859485 -0.454934
v 0.46327 1.29862 8.86051
vn 0.148134 -0.941316 -0.303283
v 0.488 1.1646 9.39706
vn 0.253704 -0.920643 -0.296734
v 0.91558 1.35757 8.75625
vn -0.190118 -0.95937 -0.208481
v 0.73838 1.33875 8.82558
vn 0.0604445 -0.960136 -0.272921
v 1.2329 -0.256535 9.17
vn -0.993568 -0.111384 0.0203829
v 1.23317 -0.29897 9.10635
vn -0.994579 -0.0649469 0.0812122
v 1.21285 -0.54091 8.754
vn -0.991067 -0.0624392 0.117848
v 1.12334 -0.2603 8.25695
vn -0.988898 -0.0893841 0.118706
v 1.02646 0.95401 8.2309
vn -0.993446 -0.0281032 0.110796
v 1.05745 0.38186 8.20844
vn -0.99599 -0.0667995 0.0595114
v 1.04673 0.58361 8.28901
vn -0.995349 -0.0650364 0.0710649
v 0.90176 1.3372 8.1644
vn -0.545643 -0.833509 0.0868117
v 1.03038 1.24933 8.30222
vn -0.879273 -0.442517 0.176232
v 1.0499 1.16797 8.33486
vn -0.987508 0.0116186 0.157137
v 0.80081 1.40546 8.50237
vn -0.145307 -0.986316 -0.0778904
v 1.07615 0.104245 9.60477
vn -0.725195 -0.266758 -0.63477
v 1.03256 0.18753 9.60601
vn -0.407922 -0.105758 -0.906871
v 0.857493 0.164043 9.60583
vn 0.139283 -0.0531286 -0.988826
v 0.431645 1.06023 9.58727
vn 0.107052 -0.748071 -0.654927
v 0.34707 0.663325 9.58191
vn 0.0441037 0.0568802 -0.997406
v 0.333965 0.8415 9.62299
vn -0.122724 0.0985189 -0.987539
v 0.36448 1.00339 9.61268
vn 0.0864337 -0.0233457 -0.995984
v 0.35671 1.20852 9.06294
vn 0.288811 -0.928585 -0.233061
v 0.31596 1.15012 9.28975
vn 0.224747 -0.946754 -0.230532
v 0.48372 1.11083 9.51653
vn 0.189826 -0.8774 -0.440608
v 0.86529 1.34018 8.82933
vn -0.0259458 -0.958954 -0.282371
v 1.20932 -0.148665 9.3483
vn -0.981657 -0.0776335 -0.174134
v 1.24261 -0.38661 9.1983
vn -0.997195 -0.0665379 0.0342632
v 1.10147 -0.22234 8.08211
vn -0.992431 -0.0982787 0.0736307
v 1.1766 -0.66483 8.43812
vn -0.990598 -0.0516857 0.126666
v 1.02825 0.814985 8.16504
vn -0.996268 -0.0683892 0.0526559
v 1.05294 0.26189 8.05598
vn -0.99732 -0.0366583 0.0633122
v 0.59913 1.46815 8.00001
vn -0.316125 -0.947484 -0.0483611
v 1.00035 1.26403 8.23048
vn -0.768507 -0.601358 0.218554
v 1.03088 1.18997 8.25172
vn -0.967683 -0.134496 0.21331
v 0.83333 1.37017 8.71565
vn -0.0398659 -0.979079 -0.199535
v 1.15222 0.010095 9.48393
vn -0.926036 -0.119934 -0.357872
v 1.05683 0.152345 9.60543
vn -0.633608 -0.305531 -0.710768
v 0.970075 0.19166 9.61239
vn 0.026287 -0.18896 -0.981633
v 0.613865 0.344573 9.58103
vn 0.185918 0.014198 -0.982463
v 0.72301 0.14004 9.59248
vn 0.0883944 -0.0107256 -0.996028
v 0.47987 0.5683 9.57636
vn -0.138078 -0.261401 -0.955303
v 0.509175 0.511722 9.58628
vn -0.0369875 -0.0594116 -0.997548
v 0.383217 0.602682 9.58568
vn -0.0402852 -0.0929551 -0.994855
v 0.316754 0.758187 9.59736
vn 0.093333 0.269562 -0.958449
v 0.32745 0.9531 9.59631
vn 0.273524 -0.0654386 -0.959637
v 0.53781 1.41853 8.5064
vn -0.0339019 -0.973114 -0.227813
v 0.28016 1.23028 8.88426
vn 0.341854 -0.876257 -0.339573
v 0.36728 1.12149 9.42479
vn 0.220065 -0.908375 -0.355564
v 1.2337 -0.29298 9.2814
vn -0.993174 -0.0858981 -0.0789081
v 1.19532 -0.07586 9.38425
vn -0.964877 -0.0860452 -0.248212
v 1.25284 -0.53902 9.19298
vn -0.99776 -0.0433237 0.0509708
v 1.24511 -0.66243 9.00537
vn -0.996191 -0.0381788 0.0784016
v 1.22147 -0.71515 8.75849
vn -0.992614 -0.0298673 0.117582
v 1.06619 -0.01719 7.8761
vn -0.992696 -0.103873 0.0613599
v 1.13585 -0.52379 8.16376
vn -0.993309 -0.0849871 0.078197
v 1.04086 0.60684 8.18143
vn -0.997786 -0.0589695 0.0307379
v 1.04987 0.4324 8.0039
vn -0.998523 0.0357109 -0.0409373
v 1.05506 0.175265 8.02196
vn -0.993687 -0.0854121 0.0727339
v 0.87472 1.34392 7.88175
vn -0.509314 -0.859239 -0.0480435
v 0.98549 1.21053 8.0602
vn -0.898682 -0.432453 0.0731807
v 1.02033 1.07502 8.1775
vn -0.988116 -0.0438911 0.147307
v 1.09621 0.03984 9.5976
vn -0.833992 -0.0620101 -0.548281
v 0.58626 0.21555 9.57346
vn 0.161243 0.00735458 -0.986887
v 0.35617 1.05062 9.57852
vn 0.299863 -0.83419 -0.462828
v 0.432415 0.552727 9.5878
vn -0.1496 -0.147696 -0.977653
v 0.29842 0.672265 9.57502
vn 0.232045 0.0990907 -0.967645
v 0.29815 0.83919 9.62125
vn 0.342436 -0.0689546 -0.937007
v 0.36257 1.02599 9.61279
vn 0.444895 -0.398754 -0.801913
v 0.513998 0.413007 9.58072
vn -0.00321728 0.0961413 -0.995362
v 0.21859 1.381 8.57648
vn 0.0543724 -0.915093 -0.399561
v 0.275485 1.16891 9.13776
vn 0.230831 -0.959554 -0.161162
v 0.248945 1.19069 8.96298
vn 0.341189 -0.911167 -0.231008
v 0.23445 1.28537 8.74663
vn 0.248479 -0.822841 -0.511068
v 1.22436 -0.31286 9.36781
vn -0.979791 -0.0908127 -0.178222
v 1.25558 -0.4774 9.24376
vn -0.995867 -0.0578686 -0.069996
v 1.08997 -0.21724 7.83115
vn -0.991277 -0.131181 0.0127115
v 1.21072 -0.85824 8.64802
vn -0.992515 -0.00516863 0.122016
v 1.15004 -0.70649 8.2003
vn -0.993806 -0.0493469 0.0995738
v 1.03195 0.76427 8.07266
vn -0.997585 -0.0679789 -0.0142523
v 1.04738 0.27793 7.91665
vn -0.999971 -0.00499362 0.00573166
v 0.68412 1.46377 7.59445
vn -0.440883 -0.895997 -0.0530211
v 0.32823 1.50235 8.23495
vn -0.182179 -0.969229 -0.165549
v 1.01053 0.93782 8.05893
vn -0.997119 -0.053488 0.0537891
v 1.14352 -0.078865 9.52228
vn -0.891062 -0.0639097 -0.449359
v 1.02623 0.11782 9.63874
vn -0.144223 -0.179707 -0.973091
v 0.55317 0.35455 9.57056
vn 0.0595265 0.145482 -0.987568
v 0.63649 0.092335 9.58428
vn 0.120662 -0.0372548 -0.991994
v 0.89467 0.10483 9.61237
vn 0.199842 0.0432428 -0.978874
v 0.28356 0.89746 9.59468
vn 0.312235 -0.250171 -0.916474
v 0.24077 1.48602 8.32806
vn 0.00154586 -0.93772 -0.347388
v 0.18349 1.24091 8.76742
vn 0.340722 -0.823298 -0.45397
v 0.20101 1.1071 9.38569
vn 0.0731038 -0.940778 -0.331047
v 1.23901 -0.404735 9.30548
vn -0.986129 -0.0749917 -0.148076
v 1.19192 -0.20217 9.43619
vn -0.930653 -0.101547 -0.35153
v 1.2613 -0.78343 9.25599
vn -0.999176 -0.0362976 0.0181842
v 1.25525 -0.90591 9.0435
vn -0.995779 -0.00685048 0.0915273
v 1.11744 -0.41906 8.00348
vn -0.993648 -0.110119 0.0231902
v 1.04951 0.16845 7.7975
vn -0.999382 -0.0317128 0.0151475
v 1.16958 -0.82836 8.32556
vn -0.992994 -0.0178372 0.116811
v 1.13547 -0.65771 8.02652
vn -0.998218 -0.039676 0.044578
v 1.01991 0.878565 8.02443
vn -0.990758 -0.119912 -0.0633937
v 1.04097 0.602447 8.0714
vn -0.997664 -0.0479717 -0.0486246
v 0.91395 1.34105 7.66766
vn -0.4832 -0.874095 -0.049745
v 0.48751 1.56407 7.42158
vn -0.392226 -0.916601 -0.0774665
v 0.97138 1.25825 7.90859
vn -0.749304 -0.64279 -0.159262
v 1.0088 1.05975 8.04394
vn -0.99666 -0.0803404 0.0146584
v 1.06748 0.04495 9.63028
vn -0.542034 -0.0828541 -0.836262
v 0.65718 -0.00441 9.59308
vn 0.10508 -0.0461959 -0.99339
v 0.82412 -0.0116 9.60096
vn 0.0677514 -0.0379127 -0.996982
v 0.28503 1.05107 9.51689
vn 0.29326 -0.780416 -0.552222
v 0.391385 0.50777 9.59726
vn 0.13836 -0.0402093 -0.989565
v 0.253865 0.7848 9.58767
vn 0.306482 0.253992 -0.917364
v 0.22504 0.68521 9.5493
vn 0.237351 0.0571935 -0.969739
v 0.273 0.97819 9.56745
vn 0.382534 -0.368055 -0.847469
v 0.0462 1.47016 8.34181
vn 0.051546 -0.931407 -0.360311
v 0.0818 1.28715 8.72969
vn -0.0757181 -0.875597 -0.477071
v 0.22885 1.14596 9.22789
vn 0.12371 -0.975825 -0.18017
v 0.17459 1.1628 8.99423
vn 0.149663 -0.975423 -0.161713
v 0.17141 1.20231 8.83821
vn 0.168886 -0.912662 -0.372191
v 0.16208 1.26 8.72517
vn 0.228512 -0.176091 -0.957483
v 1.20481 -0.302395 9.4423
vn -0.943674 -0.084012 -0.320035
v 1.25111 -0.575745 9.29583
vn -0.99584 -0.026544 -0.0871723
v 1.05607 0.0268975 7.77672
vn -0.994855 -0.0965761 0.030594
v 1.12281 -0.443385 7.9262
vn -0.9879 -0.147109 -0.0491256
v 1.13025 -0.54407 7.99131
vn -0.996148 -0.0803608 -0.0350913
v 1.18788 -0.94801 8.49269
vn -0.976342 0.16748 0.136775
v 1.23135 -0.98449 8.84801
vn -0.986027 0.11409 0.121384
v 1.14363 -0.79398 8.08416
vn -0.996541 -0.00851899 0.0826661
v 1.04006 0.74524 7.97679
vn -0.992155 -0.0884984 -0.0882973
v 1.0475 0.58362 7.99633
vn -0.99367 -0.0375319 -0.105881
v 1.06506 0.473078 7.89933
vn -0.990954 -0.00913604 -0.133894
v 1.05688 0.26188 7.70332
vn -0.994596 0.0879513 -0.0551601
v 0.87269 1.36631 7.46093
vn -0.485132 -0.87432 -0.0145507
v 0.961075 1.29155 7.81769
vn -0.672786 -0.726139 -0.141707
v 0.44711 1.59093 7.36673
vn -0.445653 -0.894857 -0.0249653
v 1.00303 1.1937 7.92255
vn -0.949696 -0.297008 -0.0993145
v 0.17338 1.53089 8.20175
vn -0.116479 -0.95387 -0.276704
v 1.10676 -0.067675 9.5775
vn -0.743801 0.00356572 -0.668392
v 1.07384 -0.00012 9.62426
vn -0.704189 0.142308 -0.695605
v 0.55801 0.31718 9.56092
vn 0.200165 0.0400877 -0.978942
v 0.50799 0.2288 9.56631
vn 0.0264427 0.0730476 -0.996978
v 0.91642 0.02877 9.61042
vn 0.167474 0.05126 -0.984543
v 0.4407 0.47532 9.59
vn -0.038353 0.136577 -0.989887
v 0.258282 0.599948 9.56343
vn 0.20804 -0.0175024 -0.977964
v 0.26085 0.83748 9.60041
vn 0.359998 -0.0198348 -0.932742
v 0.11375 1.52671 8.20597
vn 0.0502467 -0.930651 -0.362441
v -0.09962 1.35652 8.62162
vn -0.00117778 -0.92873 -0.370755
v 0.15851 1.15995 9.06257
vn 0.0137795 -0.993991 -0.108588
v 0.18549 1.05363 9.4773
vn 0.121738 -0.744794 -0.656095
v 0.13265 1.14086 9.24652
vn -0.0705256 -0.98002 -0.185974
v 1.20726 -0.39041 9.44554
vn -0.961967 -0.0659429 -0.265086
v 1.1542 -0.19146 9.51838
vn -0.880761 -0.117446 -0.458766
v 1.1821 -0.28012 9.49117
vn -0.90779 -0.124864 -0.400407
v 1.24446 -0.67841 9.37274
vn -0.981031 -0.0509239 -0.187044
v 1.2682 -0.94766 9.2826
vn -0.996448 -0.0464168 -0.0702672
v 1.05034 0.11633 7.68315
vn -0.997533 -0.00826966 -0.069711
v 1.072 -0.0619 7.68468
vn -0.992709 -0.113467 -0.040661
v 1.11248 -0.36643 7.78347
vn -0.991432 -0.129026 0.0203611
v 1.14991 -0.90013 8.15537
vn -0.988938 0.0931817 0.115405
v 1.24976 -1.06661 9.12295
vn -0.936621 0.314605 0.154159
v 1.13602 -0.60404 7.91647
vn -0.999455 0.0205347 -0.0258598
v 1.13394 -0.73065 7.89518
vn -0.998105 0.0429966 0.0440173
v 1.07115 0.44731 7.85079
vn -0.985254 0.134619 -0.105609
v 0.965945 1.31135 7.60532
vn -0.578759 -0.815479 0.00566941
v 0.62223 1.49749 7.31902
vn -0.452944 -0.891039 0.0298358
v 0.983875 1.2921 7.69575
vn -0.657694 -0.747407 -0.0939255
v 1.0159 1.12854 7.91279
vn -0.982106 -0.141264 -0.12455
v 1.00236 1.22725 7.82765
vn -0.898733 -0.411517 -0.151434
v 1.01409 0.988165 7.97689
vn -0.988808 -0.0523357 -0.139713
v 1.04322 0.0048625 9.63843
vn -0.022799 0.0181681 -0.999575
v 0.964205 0.093225 9.62857
vn 0.209739 0.042705 -0.976824
v 0.543865 0.2594 9.56206
vn 0.0523442 -0.0818809 -0.995267
v 0.50692 0.07547 9.56592
vn 0.155514 0.0405083 -0.987003
v 0.18115 0.97821 9.53454
vn 0.0727328 -0.384764 -0.920145
v 0.522765 0.30301 9.56622
vn -0.208507 0.05542 -0.976449
v 0.465745 0.28491 9.58146
vn -0.0547088 0.0457446 -0.997454
v -0.21196 1.42435 8.40639
vn 0.109675 -0.957965 -0.265093
v 0.14296 1.25419 8.73525
vn -0.273757 -0.857281 -0.436035
v -0.12209 1.28704 8.79399
vn -0.0879351 -0.939847 -0.330085
v 0.13017 1.2381 8.78552
vn -0.303547 -0.870219 -0.388045
v 0.088045 1.09718 9.42715
vn -0.0340293 -0.870299 -0.491347
v 0.0438 1.12309 9.36893
vn -0.137971 -0.952437 -0.271712
v 1.23946 -0.543585 9.36236
vn -0.979567 -0.0660814 -0.18995
v 1.25611 -0.833405 9.36952
vn -0.981587 -0.0814087 -0.172802
v 1.27504 -0.99572 9.22292
vn -0.994722 -0.0986093 0.0283587
v 1.26505 -0.84426 9.32104
vn -0.995449 -0.0625421 -0.0719074
v 1.0585 0.04305 7.69726
vn -0.990404 -0.10887 -0.0851284
v 1.14147 -0.54281 7.8954
vn -0.997399 -0.0720275 0.0026249
v 1.12479 -0.95222 8.11102
vn -0.59472 0.794003 0.125964
v 1.21946 -1.05547 8.92708
vn -0.890001 0.429492 0.153082
v 1.27457 -1.03326 9.19468
vn -0.98013 0.0958152 0.17368
v 1.12983 -0.86709 7.95765
vn -0.978273 0.17324 0.113885
v 1.04555 0.813625 7.87686
vn -0.991545 -0.0640722 -0.112846
v 1.05708 0.6515 7.87028
vn -0.994354 -0.0651997 -0.0837171
v 0.98608 1.2807 7.50465
vn -0.767713 -0.640315 -0.0247667
v 0.87124 1.37454 7.21894
vn -0.430638 -0.902329 0.0187735
v 1.00396 1.27097 7.70502
vn -0.841165 -0.526297 -0.12431
v 0.43951 1.59271 7.32815
vn -0.44444 -0.89389 0.0586006
v 1.11187 -0.179783 9.58148
vn -0.766649 -0.102427 -0.633844
v 1.06037 -0.05479 9.61409
vn -0.429611 0.105067 -0.896881
v 0.684968 -0.141462 9.59904
vn 0.0536806 -0.0624245 -0.996605
v 0.529166 -0.020435 9.57448
vn 0.156915 -0.0774573 -0.98457
v 0.415105 0.15245 9.56077
vn 0.104691 0.0875427 -0.990644
v 0.912175 -0.07349 9.61637
vn 0.112141 -0.0969048 -0.988956
v 0.3352 0.50825 9.57962
vn 0.35096 0.126256 -0.92784
v 0.24187 0.55806 9.55272
vn 0.286914 0.195868 -0.937719
v 0.15906 0.76933 9.55684
vn 0.201641 0.138466 -0.969623
v 0.16204 0.85836 9.56528
vn 0.0592351 -0.0950618 -0.993707
v 0.40766 0.384575 9.57498
vn 0.0842211 0.0377553 -0.995732
v -0.44256 1.29421 8.81949
vn 0.0955615 -0.974601 -0.202534
v 0.01276 1.51403 8.21524
vn 0.0795982 -0.935161 -0.345163
v -0.00854 1.25189 8.86265
vn -0.178676 -0.940205 -0.289982
v -0.24276 1.29638 8.78703
vn -0.0560513 -0.933761 -0.353482
v 0.1098 1.15914 9.12326
vn -0.169313 -0.976736 -0.131603
v 0.139975 1.17348 8.96837
vn -0.260653 -0.94706 -0.18745
v 0.14728 1.20894 8.83592
vn -0.305072 -0.902007 -0.305474
v 0.1077 1.04787 9.48125
vn -0.0396952 -0.679516 -0.732586
v 0.03216 1.17031 9.16531
vn -0.206579 -0.958446 -0.196739
v 1.22438 -0.54494 9.42461
vn -0.960749 -0.0514388 -0.27261
v 1.14247 -0.25668 9.55733
vn -0.808089 -0.144289 -0.571116
v 1.23708 -0.762298 9.42379
vn -0.948691 -0.0927348 -0.302301
v 1.26087 -0.956355 9.36569
vn -0.987282 0.0628646 -0.14602
v 1.09491 -0.23904 7.66454
vn -0.993319 -0.115366 0.00276838
v 1.13446 -0.54279 7.81716
vn -0.995939 -0.0801313 0.0410388
v 1.13724 -0.92007 8.05694
vn -0.974603 0.207855 0.0833451
v 1.2614 -1.09893 9.2056
vn -0.936436 0.34844 0.0409498
v 1.17698 -1.15768 9.24492
vn -0.669115 0.728883 0.144964
v 1.11768 -0.79614 7.71786
vn -0.968217 0.238876 0.0741166
v 1.13682 -0.61602 7.77164
vn -0.999865 0.00157674 0.0163708
v 1.03324 0.901155 7.91927
vn -0.982621 -0.0853961 -0.164812
v 0.996007 1.28275 7.61308
vn -0.81175 -0.582638 0.0399324
v 0.9633 1.30976 7.44126
vn -0.57878 -0.810079 -0.0937289
v 0.58341 1.49017 7.03886
vn -0.425194 -0.900406 0.0920857
v 0.97934 1.30181 7.36382
vn -0.57478 -0.813801 -0.0857712
v 0.47441 1.56626 7.20845
vn -0.474113 -0.877137 0.076467
v 1.0285 1.04401 7.87328
vn -0.984655 -0.0848541 -0.152495
v 1.02164 1.21019 7.76773
vn -0.956886 -0.244616 -0.15663
v 0.794875 -0.18825 9.60912
vn 0.112199 -0.0317408 -0.993179
v 1.01981 -0.06908 9.62494
vn 0.00582545 -0.083175 -0.996518
v 0.379237 0.461948 9.58545
vn 0.192719 0.243223 -0.950632
v -0.70142 1.30651 8.52003
vn 0.185378 -0.970589 -0.153599
v -0.14915 1.2508 8.95226
vn -0.131254 -0.973958 -0.184872
v -0.248595 1.27624 8.83471
vn -0.108425 -0.957501 -0.267276
v 0.09202 1.18118 9.01232
vn -0.277689 -0.942751 -0.184688
v 0.07527 0.97789 9.52909
vn -0.020563 -0.462767 -0.886242
v -0.11782 1.1721 9.2985
vn -0.186998 -0.946911 -0.261518
v 1.19165 -0.466545 9.51063
vn -0.928691 -0.0500549 -0.36746
v 1.16005 -0.290405 9.54526
vn -0.870198 -0.102204 -0.481986
v 1.21593 -0.64733 9.4566
vn -0.926753 -0.0160253 -0.375328
v 1.26055 -1.03015 9.33571
vn -0.957586 0.167311 -0.234596
v 1.2772 -1.05326 9.25086
vn -0.988215 0.141557 -0.0582469
v 1.2526 -0.909325 9.41147
vn -0.973933 -0.0212112 -0.225841
v 1.05904 0.21073 7.63786
vn -0.994507 -0.0130333 -0.103853
v 1.06276 0.34197 7.62547
vn -0.999373 -0.0102737 0.0338795
v 1.08356 -0.13236 7.51953
vn -0.996846 -0.0789359 0.00818785
v 1.1095 -0.40531 7.54575
vn -0.994638 -0.0963142 0.0376615
v 1.07081 0.03908 7.5646
vn -0.997802 -0.0519434 -0.0411348
v 1.13061 -0.684285 7.67184
vn -0.996598 0.0759972 0.0318759
v 1.0818 -0.90214 7.76087
vn -0.783995 0.600002 0.159214
v 1.06745 0.564195 7.82011
vn -0.997141 -0.0674754 -0.0340106
v 1.02513 1.22232 7.55532
vn -0.911213 -0.411455 0.0199068
v 0.85117 1.3714 7.01802
vn -0.405079 -0.909699 0.0914256
v 1.02194 1.30051 7.241
vn -0.596426 -0.78084 -0.185915
v 1.01756 1.24444 7.67735
vn -0.928529 -0.369435 -0.0367621
v 1.07152 -0.163055 9.6157
vn -0.524111 -0.116579 -0.843634
v 1.02361 -0.036155 9.62635
vn 0.130281 0.176113 -0.975711
v 0.35549 0.01159 9.53682
vn 0.219845 -0.0500882 -0.974248
v 0.3306 0.398315 9.56416
vn 0.257976 -0.00962687 -0.966103
v 0.28499 0.48673 9.55352
vn 0.358863 0.163117 -0.919027
v 0.19019 0.60987 9.55162
vn 0.0503577 0.00926966 -0.998688
v 0.183183 0.693275 9.54767
vn 0.0434326 0.100761 -0.993962
v 0.0318 0.86529 9.57547
vn -0.159282 -0.238941 -0.957881
v -0.82057 1.23688 8.87723
vn 0.161835 -0.977163 -0.137701
v -0.28063 1.27185 8.88971
vn -0.0725759 -0.981493 -0.17721
v -0.02179 1.21645 9.00624
vn -0.230537 -0.949692 -0.211984
v 0.07195 1.21465 8.90779
vn -0.299699 -0.915036 -0.269982
v 0.02776 1.05014 9.4863
vn -0.111744 -0.584137 -0.803926
v 0.05879 1.08328 9.4489
vn -0.0894017 -0.809673 -0.580032
v -0.17001 1.21098 9.18962
vn -0.197124 -0.956993 -0.212852
v -0.07092 1.12686 9.41883
vn -0.164634 -0.925097 -0.342187
v 1.18786 -0.562115 9.52033
vn -0.879581 0.0289399 -0.474869
v 1.17315 -0.418997 9.54576
vn -0.900424 -0.0625192 -0.430496
v 1.13044 -0.59102 7.66319
vn -0.998063 -0.0469834 0.0407704
v 1.23804 -1.12271 9.2466
vn -0.776306 0.604994 -0.177007
v 1.06433 -0.87663 7.52835
vn -0.742327 0.665371 0.0789485
v 1.05781 0.781125 7.6992
vn -0.999741 -0.0227719 -0.000357805
v 1.07208 0.45115 7.79137
vn -0.999849 0.0059193 0.01636
v 1.02064 1.23646 7.42805
vn -0.91895 -0.388104 -0.0700448
v 0.45634 1.55837 6.99199
vn -0.551177 -0.829469 0.0904673
v 0.99737 1.31406 7.10909
vn -0.437845 -0.895848 0.0758236
v 0.62543 1.45308 6.89227
vn -0.378193 -0.923056 0.0702766
v 1.03019 1.25809 7.32548
vn -0.845703 -0.49296 -0.204394
v 1.01363 1.31175 7.19199
vn -0.460078 -0.887827 -0.00953265
v 1.0467 0.957235 7.79841
vn -0.992166 -0.0574611 -0.110926
v 1.05108 1.12258 7.69273
vn -0.98408 -0.147348 -0.0993721
v 0.42558 -0.039565 9.56001
vn 0.170709 -0.185945 -0.967617
v 0.37118 0.0922225 9.54658
vn 0.209251 0.134786 -0.968528
v 0.388754 0.256797 9.57078
vn 0.042148 0.132078 -0.990343
v 0.908144 -0.167716 9.62613
vn 0.122268 -0.0412427 -0.99164
v 0.17199 0.56901 9.53992
vn 0.0806243 0.322281 -0.943204
v 0.112463 0.780665 9.56022
vn -0.163694 0.0679021 -0.984172
v 0.34034 0.334895 9.58062
vn 0.165717 -0.100055 -0.981085
v 0.377862 0.313225 9.57732
vn 0.0100097 0.0361879 -0.999295
v -1.01776 1.20714 8.74562
vn 0.23531 -0.962925 -0.13193
v -0.72174 1.21132 9.1389
vn 0.107215 -0.978658 -0.175309
v -0.28803 1.24399 9.06879
vn -0.0424111 -0.984432 -0.170569
v -0.02532 0.99449 9.52915
vn -0.125183 -0.438066 -0.890184
v -0.16703 1.1328 9.43839
vn -0.157452 -0.902574 -0.400711
v -0.01478 1.09237 9.4557
vn -0.204783 -0.762257 -0.614026
v 1.17173 -0.49693 9.55026
vn -0.827212 0.0606928 -0.558602
v 1.15413 -0.378338 9.56727
vn -0.779013 -0.150615 -0.608649
v 1.08804 -0.259112 9.61275
vn -0.50887 0.0218414 -0.860566
v 1.12789 -0.335458 9.58383
vn -0.586488 -0.0914016 -0.804784
v 1.20152 -0.72409 9.50003
vn -0.883528 -0.104582 -0.456553
v 1.20875 -0.818945 9.51861
vn -0.892583 -0.152615 -0.424269
v 1.242 -1.08945 9.33895
vn -0.864497 0.461024 -0.200254
v 1.21548 -0.96744 9.53666
vn -0.948608 0.111739 -0.296071
v 1.06412 0.22166 7.51196
vn -0.998169 -0.05743 0.0189855
v 1.08457 -0.22492 7.34874
vn -0.996629 -0.0699173 0.0429129
v 1.07184 0.04746 7.39916
vn -0.998549 -0.0531186 0.00888061
v 1.11201 -0.51545 7.34053
vn -0.99533 -0.0925708 0.0273536
v 1.11311 -0.79059 7.53379
vn -0.955616 0.294167 0.0162357
v 0.92806 -0.98003 7.51279
vn -0.464943 0.880385 0.0935431
v 1.05509 0.85041 7.75304
vn -0.998028 -0.0324739 -0.0537205
v 1.06767 0.51102 7.7137
vn -0.99863 -0.0297106 0.0430673
v 1.04209 1.1657 7.46599
vn -0.979624 -0.200565 0.0105287
v 0.47577 1.53139 6.93036
vn -0.689654 -0.709266 0.146012
v 0.44314 1.57423 7.04916
vn -0.506192 -0.861104 0.0476392
v 0.98431 1.29737 6.95211
vn -0.487591 -0.863334 0.130038
v 0.85244 1.35431 6.88776
vn -0.418832 -0.903644 0.0894817
v 0.52434 1.48972 6.93301
vn -0.316448 -0.93646 0.151336
v 1.04392 1.24857 7.2725
vn -0.959553 -0.226944 -0.166599
v 1.04887 -0.200575 9.62817
vn -0.171471 -0.0256316 -0.984856
v 0.547925 -0.1499 9.5907
vn 0.0805317 -0.14932 -0.985504
v 0.708662 -0.25677 9.60745
vn -0.0439693 -0.0725079 -0.996398
v 0.284295 0.44147 9.5468
vn 0.31767 0.0014089 -0.9482
v 0.17891 0.52688 9.51943
vn -0.0418922 0.171975 -0.98421
v 0.23076 0.46581 9.53224
vn 0.18187 0.020762 -0.983103
v 0.12783 0.61566 9.55301
vn -0.0924635 0.0302693 -0.995256
v 0.12089 0.70835 9.55377
vn -0.314741 0.0521016 -0.947746
v 0.03648 0.71758 9.5837
vn -0.281278 0.0169102 -0.959477
v -0.95834 1.19993 8.91704
vn 0.291005 -0.944519 -0.152317
v -1.18596 1.20031 8.48612
vn 0.228323 -0.965839 -0.122571
v -0.4543 1.22966 9.15848
vn 0.0618793 -0.978128 -0.198588
v -0.88618 1.1998 9.04221
vn 0.202412 -0.965976 -0.160994
v -0.06307 1.09446 9.47613
vn -0.20487 -0.593457 -0.778356
v -0.22965 1.20413 9.25953
vn -0.128712 -0.959302 -0.251342
v -0.08206 1.10984 9.46249
vn -0.171814 -0.85074 -0.49671
v -0.28088 1.17495 9.38673
vn -0.136211 -0.947227 -0.290184
v 1.17566 -0.66544 9.53374
vn -0.823077 -0.0185933 -0.567625
v 1.21951 -0.91285 9.52731
vn -0.940724 -0.0732603 -0.331167
v 1.07546 -0.05707 7.29777
vn -0.999366 -0.0349062 0.00696906
v 1.08184 -0.2728 7.25693
vn -0.995086 -0.0923912 0.0356135
v 1.06762 0.159285 7.43078
vn -0.998386 -0.0551545 0.0135661
v 1.19474 -1.14941 9.32222
vn -0.634282 0.749598 -0.18918
v 1.1215 -0.721545 7.40398
vn -0.995779 0.0903477 0.0161439
v 1.09392 -0.83572 7.45417
vn -0.845624 0.529864 0.0645343
v 0.9821 -0.93246 7.35972
vn -0.585662 0.804694 0.0973047
v 0.42361 -1.18882 7.26907
vn -0.414986 0.906058 0.0827346
v 1.05617 0.49149 7.51287
vn -0.997907 -0.0345205 0.0546795
v 0.46258 1.54439 6.83302
vn -0.830778 -0.547077 -0.102545
v 0.43883 1.56697 6.90027
vn -0.761474 -0.647053 -0.0384712
v 1.05401 1.2729 7.08351
vn -0.674082 -0.730969 0.10629
v 1.04908 1.28197 7.17394
vn -0.810312 -0.585582 -0.0220954
v 0.74831 1.39646 6.80928
vn -0.422005 -0.906573 0.00603783
v 0.48772 1.50094 6.86218
vn -0.408186 -0.907279 -0.101139
v 0.48969 1.5028 6.92649
vn -0.611984 -0.780312 0.128798
v 1.05567 0.999265 7.65882
vn -0.999209 -0.0215406 -0.0334186
v 0.28364 0.22388 9.54156
vn 0.286114 0.177224 -0.941664
v 0.342205 0.22908 9.56612
vn 0.225943 0.22791 -0.947105
v 0.61061 -0.26062 9.61459
vn 0.000301265 -0.157091 -0.987584
v 0.09579 0.54773 9.54148
vn -0.248886 0.154311 -0.956161
v 0.13275 0.67157 9.54226
vn -0.159923 -0.0374693 -0.986418
v -0.0703 0.93122 9.56535
vn -0.0971734 -0.39661 -0.912829
v -0.02594 0.7877 9.60603
vn -0.233503 0.0544677 -0.970829
v -1.04864 1.17246 8.84715
vn 0.60263 -0.757606 -0.250737
v -1.18911 1.16021 8.76439
vn 0.238914 -0.950804 -0.197211
v -0.61472 1.16463 9.3743
vn 0.0862628 -0.954123 -0.286719
v -0.81742 1.17586 9.25117
vn 0.236616 -0.95076 -0.200169
v -0.11104 1.0645 9.50867
vn -0.109238 -0.477047 -0.872062
v -0.2388 1.22507 9.16914
vn -0.086927 -0.979775 -0.180236
v -0.19595 1.09137 9.49919
vn -0.133688 -0.683198 -0.717892
v -0.2497 1.12985 9.47794
vn -0.265267 -0.816865 -0.512215
v 1.13422 -0.49853 9.58885
vn -0.487005 0.175808 -0.855522
v 1.12529 -0.411438 9.60089
vn -0.488263 -0.227503 -0.842521
v 1.16819 -0.75143 9.55812
vn -0.77937 -0.177658 -0.60085
v 1.21483 -1.03587 9.49835
vn -0.923373 0.210349 -0.321148
v 1.2241 -1.08874 9.41945
vn -0.86896 0.429569 -0.245723
v 1.06694 0.09735 7.289
vn -0.997376 -0.0706049 0.0160139
v 1.12314 -0.63403 7.44633
vn -0.999404 -0.0208923 0.0274638
v 1.10182 -0.44668 7.19997
vn -0.988436 -0.14911 -0.0275874
v 1.19946 -1.16033 9.27488
vn -0.609179 0.757282 -0.235424
v 1.10821 -0.79068 7.39763
vn -0.931132 0.361489 0.0481605
v 1.04689 -0.87004 7.31841
vn -0.667311 0.741822 0.0663035
v 0.82675 -0.99228 7.0548
vn -0.478055 0.875813 0.0664457
v 1.05721 0.667105 7.62301
vn -0.997806 -0.029646 0.0591922
v 1.05277 1.1188 7.6441
vn -0.99655 -0.0827092 0.00690526
v 1.04128 1.1879 7.3669
vn -0.989029 -0.133494 -0.0632518
v 1.05807 1.24726 6.99731
vn -0.735898 -0.67019 0.0964337
v 0.55411 1.48745 6.76862
vn -0.410244 -0.909593 -0.0658808
v 0.92109 1.31157 6.77351
vn -0.500618 -0.865554 -0.0140335
v 0.97266 1.2931 6.87396
vn -0.496092 -0.859713 0.121602
v 0.513775 -0.23442 9.6054
vn 0.0338596 -0.177825 -0.983479
v 0.956335 -0.189401 9.62973
vn 0.0496712 0.106261 -0.993097
v 0.783565 -0.308453 9.60596
vn 0.0486174 0.0260211 -0.998478
v 0.16271 0.47412 9.5261
vn -0.0140408 -0.0211812 -0.999677
v 0.060735 0.61348 9.5665
vn -0.212912 0.166039 -0.96286
v -0.0661 0.84539 9.60034
vn -0.0209072 -0.301692 -0.953176
v -0.08971 0.70562 9.5989
vn -0.0167911 0.13882 -0.990175
v -0.01427 0.83068 9.60503
vn -0.19542 -0.230062 -0.953353
v 0.062795 0.68513 9.58084
vn -0.331639 -0.0234809 -0.943114
v -1.00026 1.17089 8.94609
vn 0.552572 -0.786508 -0.275807
v -1.08319 1.16089 8.80102
vn 0.505357 -0.764805 -0.39961
v -1.13168 1.16204 8.7676
vn 0.181482 -0.600423 -0.778818
v -0.41129 1.1883 9.35916
vn 0.0689231 -0.960613 -0.269208
v -0.77017 1.19369 9.2346
vn 0.123668 -0.969154 -0.213182
v -0.930195 1.18119 9.06184
vn 0.423288 -0.880322 -0.214151
v -0.40278 1.21695 9.25419
vn -0.00268069 -0.978426 -0.206582
v -0.29752 1.15027 9.47191
vn -0.209663 -0.897065 -0.388992
v 1.14129 -0.62907 9.57506
vn -0.680423 0.077993 -0.728658
v 1.15156 -0.56695 9.57307
vn -0.741526 0.0341125 -0.670056
v 1.14152 -0.45823 9.5978
vn -0.771548 0.0247023 -0.635691
v 1.05032 -0.25349 9.62312
vn -0.177556 0.066882 -0.981835
v 1.13126 -0.6933 9.57866
vn -0.5414 -0.0690723 -0.837923
v 1.18739 -0.88924 9.57817
vn -0.746495 -0.173679 -0.642325
v 1.20718 -1.11955 9.40562
vn -0.730416 0.664045 -0.159802
v 1.05038 0.3192 7.32787
vn -0.998852 -0.041671 0.023636
v 1.04787 0.4658 7.34181
vn -0.999079 -0.0286486 0.0319364
v 1.08373 -0.09058 7.16811
vn -0.991225 -0.0487809 -0.122853
v 1.07291 -0.00858 7.21203
vn -0.996935 -0.0679894 -0.0387003
v 1.12063 -0.63158 7.27341
vn -0.999093 -0.0409848 -0.0115748
v 1.09552 -0.40839 7.16104
vn -0.974701 -0.199172 -0.101435
v 1.12745 -1.191 9.29053
vn -0.401542 0.915577 -0.0219842
v 1.0491 0.72752 7.52181
vn -0.99885 0.0319192 0.0357839
v 1.05599 0.92337 7.53903
vn -0.999943 -0.0070938 0.00799349
v 1.05217 1.0561 7.40882
vn -0.998584 -0.0531967 -0.0001478
v 0.5254 1.52097 6.69122
vn -0.778464 -0.561584 -0.280388
v 0.51787 1.51062 6.74071
vn -0.515261 -0.845177 -0.142061
v 1.04145 1.25691 6.92456
vn -0.617661 -0.778068 0.11448
v 1.07152 1.24045 7.06975
vn -0.95158 -0.306471 0.0238902
v 1.06221 1.24936 7.15276
vn -0.974009 -0.185207 -0.130404
v 0.75528 1.3972 6.72216
vn -0.429444 -0.899103 -0.0847981
v 1.05208 1.12302 7.28051
vn -0.995217 -0.0630122 -0.0746462
v 0.378788 -0.106445 9.57089
vn 0.0701184 -0.281541 -0.956984
v 0.410715 -0.18111 9.58936
vn -0.00938388 -0.245057 -0.969463
v 0.88418 -0.27032 9.61715
vn 0.0119814 0.0686894 -0.997566
v -0.17851 0.9307 9.5708
vn -0.0578596 -0.304625 -0.950713
v -0.025955 0.59334 9.58132
vn -0.130334 0.077031 -0.988473
v -0.0803 0.78142 9.61267
vn 0.023214 0.00637868 -0.99971
v 0.315645 0.299465 9.56855
vn 0.366552 0.0758726 -0.927299
v -0.47603 1.12386 9.52606
vn 0.147067 -0.906173 -0.396512
v -0.80102 1.13773 9.39626
vn 0.116361 -0.950338 -0.288648
v -0.89114 1.14157 9.2936
vn 0.34069 -0.925885 -0.163304
v -0.25241 1.08149 9.5279
vn -0.384439 -0.530854 -0.755249
v -0.35732 1.15316 9.48219
vn 0.00167701 -0.941709 -0.336423
v -0.3006 1.1218 9.51993
vn -0.356244 -0.773221 -0.524614
v 1.12646 -0.595865 9.59169
vn -0.354872 0.0393311 -0.934087
v 1.0826 -0.36644 9.60617
vn -0.156679 0.0756711 -0.984746
v 1.14742 -0.813203 9.59561
vn -0.542828 -0.167216 -0.823029
v 1.17004 -1.14981 9.41309
vn -0.516566 0.842794 -0.151185
v 1.18943 -1.00391 9.57067
vn -0.702009 0.219017 -0.677654
v 1.08044 -0.20367 7.19363
vn -0.995539 -0.00528099 -0.0941991
v 1.09258 -0.37054 7.13752
vn -0.983127 -0.0993608 -0.153587
v 1.07296 0.06629 7.14708
vn -0.995569 -0.0405398 -0.0848509
v 1.1191 -0.55993 7.19782
vn -0.993168 -0.0550986 -0.102867
v 1.11196 -0.43018 7.12174
vn -0.95522 -0.173049 -0.24002
v 1.14636 -1.18542 9.30258
vn -0.442453 0.845189 -0.299818
v 1.10906 -0.78228 7.23254
vn -0.910362 0.4101 -0.0553097
v 1.05469 -0.8656 7.15196
vn -0.584032 0.806713 -0.0901156
v 1.0432 0.68778 7.46123
vn -0.999788 0.0171859 0.0113472
v 1.07476 1.22392 6.94988
vn -0.848803 -0.519883 0.0962035
v 1.0803 1.19839 7.04328
vn -0.97604 -0.189047 -0.107737
v 0.62303 1.46992 6.65478
vn -0.413676 -0.902436 -0.120339
v 0.92541 1.32813 6.61938
vn -0.477783 -0.864085 -0.158365
v 1.03277 1.24263 6.84285
vn -0.658665 -0.737996 0.146703
v 0.44479 -0.314195 9.61674
vn 0.0189447 -0.196752 -0.98027
v 0.23875 -0.03997 9.50896
vn 0.292064 -0.261695 -0.919899
v 0.2629 0.0795 9.50581
vn 0.289824 0.0611115 -0.955127
v 0.274635 -0.09961 9.54936
vn 0.204803 -0.417115 -0.885478
v 0.67345 -0.340635 9.61985
vn -0.131937 -0.0129811 -0.991173
v 0.12409 0.432 9.524
vn 0.042684 0.0691407 -0.996693
v 0.110715 0.469215 9.53504
vn -0.213342 0.103302 -0.971501
v 0.08043 0.48401 9.54354
vn -0.253695 0.211077 -0.943973
v -0.15541 0.80286 9.60312
vn 0.0275702 -0.08169 -0.996276
v -0.20117 1.02734 9.53497
vn -0.165272 -0.387614 -0.906885
v -0.08665 0.60966 9.58506
vn 0.0579908 0.112579 -0.991949
v -1.04868 1.13762 8.91142
vn 0.706837 -0.653598 -0.270538
v -1.14202 1.13304 8.78317
vn 0.379833 -0.480669 -0.79037
v -1.10907 1.08009 8.84637
vn 0.812632 -0.509169 -0.283506
v -1.00321 1.14484 9.02316
vn 0.478026 -0.85717 -0.191703
v -0.58341 1.1125 9.51559
vn 0.100584 -0.86138 -0.497903
v -0.68363 1.08552 9.55045
vn -0.0458724 -0.903065 -0.427047
v -0.35102 1.17831 9.41434
vn -0.0446861 -0.965592 -0.256192
v 1.08669 -0.641315 9.59565
vn -0.190351 -0.0116925 -0.981646
v 1.11367 -0.445165 9.62018
vn -0.121977 0.211864 -0.969657
v 1.08548 -0.51899 9.59713
vn -0.0348702 0.117789 -0.992426
v 1.01884 -0.30617 9.61832
vn 0.0231251 0.171149 -0.984974
v 1.11902 -0.790265 9.60704
vn -0.359573 -0.154685 -0.920206
v 1.19853 -0.934075 9.57908
vn -0.824647 -0.088963 -0.558608
v 1.09694 -1.19174 9.3299
vn -0.295436 0.933441 -0.203484
v 1.18878 -1.10474 9.50289
vn -0.766704 0.531477 -0.360134
v 1.19201 -0.97986 9.58628
vn -0.608018 0.239946 -0.756795
v 1.17391 -1.07962 9.55864
vn -0.717385 0.385013 -0.580623
v 1.05741 0.22174 7.2416
vn -0.996146 -0.0838605 -0.0257107
v 1.05152 0.4535 7.24461
vn -0.995068 0.0175305 -0.0976308
v 1.08416 -0.05198 7.1354
vn -0.968754 -0.100332 -0.226824
v 1.09082 -0.17796 7.1428
vn -0.960086 0.0202976 -0.278966
v 1.06897 0.13145 7.19253
vn -0.991577 -0.00042971 -0.129517
v 1.12809 -0.64958 7.15942
vn -0.993033 -0.0276017 -0.114556
v 1.12326 -0.69879 7.22052
vn -0.996583 0.0575476 -0.0592553
v 1.01782 -0.89998 7.09496
vn -0.439946 0.896344 -0.0549031
v 1.05767 0.92714 7.32374
vn -0.998241 -0.00860351 -0.0586508
v 0.70604 1.43658 6.44624
vn -0.433383 -0.900897 0.023747
v 0.6883 1.4481 6.51781
vn -0.277077 -0.953793 0.116217
v 1.03274 1.24139 6.6666
vn -0.68576 -0.711787 -0.151961
v 1.03298 1.23319 6.76354
vn -0.664389 -0.747342 0.00817996
v 0.39758 -0.30319 9.62318
vn -0.0214115 -0.214831 -0.976417
v 0.18472 0.00315 9.48899
vn 0.234406 -0.0303865 -0.971664
v 0.17327 0.1973 9.50767
vn 0.132872 0.141033 -0.981048
v 0.97919 -0.27394 9.61615
vn 0.0539502 0.0974356 -0.993778
v 0.877615 -0.341795 9.6154
vn 0.0569846 0.0832073 -0.994902
v 0.59921 -0.34745 9.62569
vn 0.0350059 -0.0611344 -0.997515
v 0.146145 0.386712 9.52264
vn 0.122011 0.0903117 -0.988411
v -0.28844 0.84645 9.60235
vn -0.109997 -0.0289774 -0.993509
v -0.219635 0.99769 9.54666
vn -0.293805 -0.324075 -0.899252
v -0.16871 0.6252 9.57995
vn 0.0640401 0.185331 -0.980587
v -0.23799 0.71976 9.59544
vn 0.0131897 0.091257 -0.99574
v 0.22566 0.30579 9.5306
vn 0.263678 0.0621266 -0.962608
v -1.11029 1.10723 8.81135
vn 0.677386 -0.426563 -0.599326
v -0.39369 1.12666 9.56449
vn 0.052133 -0.937942 -0.34285
v -0.54675 1.05162 9.58354
vn 0.0648624 -0.417533 -0.906344
v -0.87627 1.08072 9.58976
vn 0.0402344 -0.957492 -0.285639
v -0.26458 1.02532 9.56049
vn -0.454205 -0.288574 -0.842866
v -0.30797 1.07653 9.56809
vn -0.52256 -0.41871 -0.742706
v 1.08542 -0.42269 9.61219
vn 0.104863 -0.0167912 -0.994345
v 1.0852 -0.739258 9.60475
vn -0.175037 -0.161675 -0.971197
v 1.17203 -0.92868 9.60414
vn -0.353289 -0.108411 -0.929211
v 1.15801 -1.1453 9.46891
vn -0.254832 0.92139 -0.293431
v 1.05073 0.330135 7.21514
vn -0.998327 -0.0236225 -0.0527777
v 1.04661 0.50971 7.26337
vn -0.993899 -0.00254612 -0.110268
v 1.10944 -0.12457 7.08982
vn -0.925141 -0.157165 -0.345564
v 1.08766 -0.29533 7.12549
vn -0.947587 -0.0659487 -0.312616
v 1.14835 -0.515951 7.07313
vn -0.966118 -0.0644542 -0.249923
v 1.13046 -0.55259 7.12879
vn -0.96881 -0.0306612 -0.245899
v 1.12856 -0.77384 7.13473
vn -0.982202 0.111685 -0.151017
v 1.1152 -0.80808 7.14215
vn -0.773044 0.593831 -0.223086
v 1.0726 -0.86857 7.10445
vn -0.678273 0.7346 -0.0175896
v 1.04848 -0.8741 7.06295
vn -0.530084 0.81248 0.242668
v 1.092 1.17686 6.94567
vn -0.951364 -0.307281 0.022
v 1.08357 1.15443 7.06787
vn -0.961148 -0.180529 -0.208817
v 0.92756 1.35276 6.50239
vn -0.441021 -0.882856 -0.161448
v 1.01555 1.28032 6.60673
vn -0.531455 -0.804246 -0.265977
v 1.07508 1.18336 6.76754
vn -0.851178 -0.524207 0.0265265
v 1.08934 1.16803 6.85295
vn -0.90274 -0.42019 0.0922032
v 1.0624 1.04134 7.23904
vn -0.987866 -0.0728217 -0.137175
v 0.337145 -0.20661 9.59914
vn 0.0771292 -0.196319 -0.977502
v 0.45501 -0.36116 9.63218
vn -0.109444 -0.217799 -0.969838
v 0.749715 -0.436225 9.61352
vn -0.0950029 0.0488113 -0.99428
v 0.0780875 0.411697 9.50847
vn 0.0137772 0.353695 -0.935259
v -0.013035 0.506815 9.57565
vn -0.132838 0.296103 -0.945874
v -0.26131 0.93208 9.58485
vn -0.35737 -0.192427 -0.913925
v -0.16764 0.58802 9.56952
vn 0.0956274 0.115611 -0.988681
v -1.07831 1.10476 8.92976
vn 0.627251 -0.768807 -0.124468
v -1.13296 1.08567 8.8064
vn 0.585325 -0.470806 -0.660103
v -0.41516 1.10457 9.59963
vn 0.309652 -0.723083 -0.617467
v -0.46997 1.07986 9.59092
vn 0.333943 -0.564027 -0.755219
v -0.96674 1.10854 9.37936
vn 0.253104 -0.957401 -0.139001
v -0.74678 1.03253 9.69548
vn -0.262076 -0.884908 -0.385038
v 1.03765 -0.56453 9.59018
vn 0.0171235 -0.0293232 -0.999423
v 0.99803 -1.21816 9.29672
vn -0.132481 0.958107 -0.253929
v 1.15174 -1.08642 9.5612
vn -0.0766361 0.776148 -0.625877
v 1.13921 -1.03692 9.5917
vn -0.184203 0.323559 -0.928105
v 1.05836 0.257163 7.18001
vn -0.981067 -0.0816391 -0.17562
v 1.05434 0.374185 7.17764
vn -0.990196 0.0380495 -0.134399
v 1.11882 -0.17218 7.091
vn -0.844986 -0.167201 -0.507979
v 1.08182 0.14555 7.12997
vn -0.94039 0.0217066 -0.339404
v 1.14189 -0.44885 7.06354
vn -0.947072 -0.0614885 -0.315077
v 1.12476 -0.388247 7.07737
vn -0.817326 -0.0515094 -0.573869
v 1.06146 -0.83486 6.95836
vn -0.619644 0.778327 0.101237
v 1.0504 0.74629 7.30605
vn -0.995692 0.0392758 -0.0839944
v 0.97258 1.29201 6.1194
vn -0.166577 -0.952652 0.254374
v 1.10463 1.11852 7.01046
vn -0.959871 -0.258348 -0.109105
v 1.05325 1.25316 6.59063
vn -0.736163 -0.634086 -0.236639
v 0.39992 -0.34832 9.62466
vn 0.0246981 -0.128661 -0.991381
v 0.29449 -0.16547 9.58394
vn 0.109173 -0.336152 -0.935459
v 0.095475 0.250005 9.49851
vn 0.136877 0.0668684 -0.988329
v 0.14626 0.0697 9.48324
vn -0.035094 0.0889074 -0.995421
v 0.810335 -0.40604 9.60311
vn -0.084764 0.0317227 -0.995896
v 0.55189 -0.40533 9.62383
vn -0.0606435 0.0588773 -0.996422
v 0.68585 -0.39511 9.61646
vn -0.0459441 0.0463771 -0.997867
v -0.38353 0.75047 9.60554
vn -0.122219 0.0430668 -0.991568
v -0.322365 0.941185 9.60989
vn -0.361782 -0.0798067 -0.928841
v -1.05751 1.10634 9.10942
vn 0.419136 -0.901971 -0.103794
v -0.382415 1.10074 9.61042
vn -0.140614 -0.592738 -0.793025
v -0.61225 0.98273 9.66261
vn -0.468404 -0.701176 -0.537541
v -0.46584 1.02863 9.60863
vn 0.255619 -0.17638 -0.950552
v -0.34145 1.01983 9.60661
vn -0.400695 -0.180739 -0.898208
v -0.35797 1.08189 9.60566
vn -0.49901 -0.279186 -0.820393
v 1.01523 -0.68895 9.60181
vn 0.103135 -0.0323732 -0.99414
v 1.00407 -0.37602 9.60016
vn -0.00283093 0.117752 -0.993039
v 1.09446 -0.89268 9.61237
vn 0.0239196 -0.0316883 -0.999212
v 1.12025 -0.936065 9.61388
vn -0.100895 -0.00101249 -0.994897
v 1.11132 -1.13864 9.49165
vn -0.0433759 0.856048 -0.515073
v 1.06635 -1.17376 9.42231
vn -0.0290914 0.916645 -0.398643
v 1.0581 0.55474 7.22211
vn -0.951917 0.0507219 -0.302128
v 1.06448 0.37773 7.12662
vn -0.953989 0.0488556 -0.295834
v 1.09917 -0.228443 7.10973
vn -0.637561 0.0758163 -0.766661
v 1.11322 -0.01956 7.02498
vn -0.959724 -0.0791238 -0.269572
v 1.10997 -0.30152 7.09304
vn -0.613381 0.0288693 -0.789259
v 1.12726 -0.795135 7.11669
vn -0.950318 0.310029 -0.0278777
v 1.11187 -0.81159 7.05565
vn -0.782843 0.590886 0.194962
v 0.96627 -0.89177 6.75798
vn -0.531653 0.846293 0.033652
v 1.07162 0.84381 7.1731
vn -0.986088 0.0716169 -0.150003
v 0.97328 1.33836 6.2534
vn -0.242302 -0.95912 0.146216
v 0.79459 1.41207 6.50773
vn -0.354561 -0.934911 -0.0150908
v 1.10893 1.1171 6.9019
vn -0.973042 -0.227554 0.0375398
v 1.03289 1.28472 6.52838
vn -0.568614 -0.805379 -0.167463
v 1.10162 1.14066 6.64953
vn -0.939684 -0.32266 -0.113512
v 1.09868 1.18127 6.5965
vn -0.849211 -0.467132 -0.246228
v 1.10815 1.10201 6.77887
vn -0.973997 -0.226517 0.00442212
v 1.07235 1.07474 7.17059
vn -0.957485 -0.12154 -0.261629
v 0.35311 -0.29302 9.61403
vn 0.290802 0.0365168 -0.956086
v 0.946214 -0.385019 9.60842
vn -0.0660229 0.115362 -0.991127
v 0.06253 0.41978 9.52169
vn -0.123167 0.42846 -0.895127
v -0.33074 0.70273 9.59702
vn -0.10152 0.0435308 -0.993881
v -0.39018 0.94824 9.6296
vn -0.146437 -0.0364779 -0.988547
v -0.165775 0.524235 9.56879
vn 0.0243674 0.12914 -0.991327
v -0.23401 0.58148 9.5705
vn -0.0458964 0.0691406 -0.996551
v -0.40315 1.0625 9.61853
vn 0.0192481 -0.137327 -0.990339
v -0.53466 0.95138 9.60888
vn -0.238321 -0.41992 -0.875711
v -0.69219 0.98752 9.75733
vn -0.439693 -0.827012 -0.350316
v 0.99098 -0.469135 9.59869
vn 0.0322449 0.0714336 -0.996924
v 0.93096 -1.20545 9.34728
vn -0.0563511 0.918083 -0.392361
v 1.12513 -0.975115 9.60954
vn -0.135046 0.176644 -0.974967
v 1.07124 0.257845 7.13138
vn -0.927741 -0.062916 -0.367885
v 1.07524 0.47777 7.14215
vn -0.88047 0.254715 -0.399867
v 1.11611 0.0706175 7.01015
vn -0.972713 0.0198544 -0.23116
v 1.11163 0.149403 7.05109
vn -0.958833 0.0565417 -0.278283
v 1.14668 -0.64565 7.05227
vn -0.988841 0.0414995 -0.14308
v 1.13037 -0.76282 7.01789
vn -0.879114 0.458147 0.131378
v 1.11503 -0.7686 6.81594
vn -0.755575 0.654898 -0.0146797
v 0.62499 -1.07378 6.47385
vn -0.470098 0.882582 -0.00748329
v 1.0598 0.74707 7.18229
vn -0.99385 0.0360905 -0.104689
v 1.0756 0.965255 7.17387
vn -0.985696 -0.00329128 -0.1685
v 1.05834 0.65785 7.22456
vn -0.981246 -0.033537 -0.189818
v 1.12681 1.05657 6.95048
vn -0.981364 -0.191697 0.0132847
v 1.12114 1.0366 7.05202
vn -0.947971 -0.0825812 -0.307458
v 0.9876 1.33914 6.37464
vn -0.394336 -0.918659 -0.0237721
v 1.04466 1.30535 6.40734
vn -0.532979 -0.831302 -0.157699
v 1.08405 1.24707 6.48822
vn -0.760142 -0.623535 -0.182723
v 0.39227 -0.34675 9.63544
vn 0.41304 -0.0262921 -0.910333
v 0.461675 -0.42323 9.63878
vn -0.0310494 0.149534 -0.988269
v 0.19757 -0.07858 9.51518
vn 0.0925543 -0.491829 -0.865759
v 0.19965 -0.043425 9.4907
vn 0.247246 -0.302828 -0.920415
v 0.2651 -0.16159 9.58578
vn 0.194792 -0.26106 -0.945465
v 0.08589 0.14569 9.5038
vn -0.0651084 0.0153393 -0.99776
v 0.56599 -0.482885 9.61678
vn -0.10535 0.0930398 -0.990073
v 0.08104 0.38493 9.51034
vn 0.24554 0.106092 -0.963563
v -0.42854 0.89727 9.62955
vn -0.144356 0.0584398 -0.987799
v -0.0965575 0.47032 9.55835
vn 0.0257833 0.325875 -0.945061
v -0.43365 0.96156 9.62481
vn 0.21364 -0.145853 -0.965963
v -0.75948 0.98894 9.82433
vn -0.373042 -0.832363 -0.409891
v -0.65254 0.9444 9.7781
vn -0.684313 -0.580116 -0.441792
v 0.90883 -1.22854 9.29665
vn -0.104695 0.924105 -0.367517
v 0.94548 -1.17199 9.41462
vn 0.00261329 0.855282 -0.518156
v 1.10996 -1.06681 9.57894
vn 0.0603444 0.646048 -0.760907
v 1.08252 0.59104 7.17245
vn -0.855556 0.136509 -0.499389
v 1.14367 -0.17325 7.03452
vn -0.951544 -0.243801 -0.187419
v 1.12947 -0.0881 6.99788
vn -0.957743 -0.213962 -0.192219
v 1.14549 -0.22442 7.08998
vn -0.782949 0.0020422 -0.622083
v 1.16462 -0.52773 6.96081
vn -0.990957 0.0466422 -0.125813
v 1.13928 -0.37045 7.06559
vn -0.758767 0.108966 -0.642183
v 1.15024 -0.68606 7.00136
vn -0.988769 0.139504 -0.053623
v 1.13667 -0.73572 6.94111
vn -0.887738 0.459135 0.0334065
v 1.07738 -0.81472 6.73724
vn -0.620553 0.784016 -0.0152294
v 0.92404 -0.9149 6.60573
vn -0.502947 0.863575 0.0358167
v 1.06902 0.7636 7.13411
vn -0.935647 0.0722667 -0.34546
v 1.08927 0.966765 7.12151
vn -0.936268 0.00109961 -0.351286
v 1.13578 0.95097 6.89383
vn -0.9947 -0.100894 -0.019821
v 1.12777 1.02785 7.00577
vn -0.99074 -0.0977844 -0.094196
v 1.09042 1.26267 6.40146
vn -0.800953 -0.57301 -0.173589
v 1.13349 0.96939 6.64608
vn -0.995373 -0.0959688 -0.00478847
v 1.10766 1.21125 6.46921
vn -0.908537 -0.4002 -0.120004
v 0.266003 -0.25293 9.5913
vn 0.252154 -0.00557384 -0.967671
v 0.410585 -0.357485 9.64562
vn 0.0442023 -0.360481 -0.931719
v 0.35122 -0.33908 9.61176
vn 0.364652 0.147559 -0.919378
v 0.41397 -0.39479 9.65134
vn 0.0110265 0.138224 -0.99034
v 0.19507 -0.14052 9.55088
vn 0.23383 -0.340598 -0.910668
v 0.17541 -0.03203 9.48709
vn -0.166694 -0.208005 -0.963819
v 0.059535 0.27806 9.49914
vn 0.0898907 0.0416181 -0.995082
v 0.056045 0.184505 9.50172
vn -0.069592 -0.0991432 -0.992637
v 0.68696 -0.48828 9.60119
vn -0.0544733 0.103157 -0.993172
v 0.88399 -0.49762 9.59528
vn -0.0522586 0.0713528 -0.996081
v -0.40018 0.70513 9.61426
vn -0.350524 -0.189231 -0.917237
v -0.433125 0.813715 9.62174
vn -0.313099 0.101931 -0.944234
v -0.53414 0.92756 9.63934
vn -0.508909 -0.592749 -0.624228
v -0.69955 0.96298 9.81804
vn -0.502581 -0.736117 -0.453369
v -0.57326 0.8597 9.7464
vn -0.699974 -0.466065 -0.541128
v 0.97822 -0.71347 9.59807
vn 0.0803448 -0.00243549 -0.996764
v 0.905275 -0.63726 9.58755
vn 0.00627175 -0.0580695 -0.998293
v 0.90321 -0.57665 9.58321
vn -0.085822 0.0404015 -0.995491
v 1.07015 -0.940438 9.61185
vn 0.256605 0.0106327 -0.966458
v 1.04563 -0.88516 9.60246
vn 0.280923 0.0450064 -0.958674
v 1.02295 -1.11643 9.51412
vn 0.0911208 0.791341 -0.604546
v 1.09928 0.43872 7.07216
vn -0.908046 0.1735 -0.381248
v 1.10402 0.24326 7.07608
vn -0.924905 -0.0574229 -0.375837
v 1.15894 -0.40139 7.02297
vn -0.972179 0.0444301 -0.229986
v 1.12403 -0.76625 6.71302
vn -0.776237 0.630234 0.0161586
v 1.15938 -0.66775 6.87417
vn -0.937818 0.327001 -0.116483
v 1.01678 -0.85299 6.53223
vn -0.533938 0.845368 -0.0162603
v 1.09127 0.82847 7.10822
vn -0.911318 0.0893302 -0.401896
v 1.07427 0.708242 7.13722
vn -0.885258 -0.216833 -0.411463
v 1.08802 1.29172 6.17169
vn -0.478042 -0.878291 0.00896918
v 1.08541 1.2858 6.34265
vn -0.665219 -0.738661 -0.10892
v 1.12292 1.10396 6.57864
vn -0.986894 -0.125653 -0.101248
v 1.11398 1.14427 6.60141
vn -0.960897 -0.232924 -0.149745
v 0.12519 0.03012 9.48668
vn -0.188916 -0.0927105 -0.977607
v 0.7557 -0.500565 9.60451
vn -0.0438904 0.0415875 -0.99817
v 0.02898 0.34011 9.49264
vn 0.0265274 0.10537 -0.994079
v -0.01821 0.39832 9.51946
vn -0.113347 0.419953 -0.90044
v -0.436365 0.754235 9.6181
vn -0.448446 -0.103886 -0.887752
v -0.172438 0.467475 9.55679
vn -0.0626275 0.185351 -0.980675
v -0.26408 0.52377 9.57431
vn -0.115616 0.081202 -0.989969
v -0.47858 0.92974 9.62277
vn -0.0435547 -0.361326 -0.931422
v -0.7041 0.90902 9.89799
vn -0.638881 -0.597527 -0.484554
v 0.975346 -0.778699 9.59255
vn 0.178277 0.110133 -0.977798
v 0.81227 -1.22795 9.32835
vn -0.118195 0.902302 -0.414586
v 1.0692 -1.00363 9.60669
vn 0.175217 0.165272 -0.970559
v 1.11536 0.552065 7.12148
vn -0.831648 0.278368 -0.480493
v 1.09215 0.35323 7.07674
vn -0.924595 -0.0224476 -0.380291
v 1.13091 -0.0116 6.94766
vn -0.988429 -0.0423204 -0.145661
v 1.15745 -0.19537 6.95194
vn -0.987318 -0.143986 -0.0668675
v 1.16815 -0.32384 6.96321
vn -0.996261 -0.0121448 -0.0855344
v 1.162 -0.27515 7.04462
vn -0.976536 0.0321624 -0.21294
v 1.16522 -0.69988 6.7482
vn -0.921715 0.387869 -0.000363148
v 1.06527 -0.83516 6.37938
vn -0.514046 0.852482 -0.0950337
v 1.08356 0.65982 7.15005
vn -0.871923 -0.227327 -0.433674
v 1.10855 0.76546 7.06698
vn -0.937153 -0.00076887 -0.348919
v 1.12747 0.94671 7.02195
vn -0.990532 0.0158948 -0.13636
v 1.11121 1.25776 6.29115
vn -0.886606 -0.448597 -0.112654
v 1.1464 0.81255 6.78643
vn -0.999257 -0.0339508 0.0182233
v 1.13008 1.05587 6.49066
vn -0.998744 -0.0497907 0.00553555
v 1.12005 1.16275 6.48825
vn -0.984669 -0.16852 -0.0450344
v 0.35263 -0.39071 9.60636
vn 0.402698 0.067762 -0.912821
v 0.11434 -0.08023 9.52039
vn -0.0986125 -0.403488 -0.909656
v 0.10688 -0.123475 9.53488
vn 0.0478366 -0.123642 -0.991173
v 0.209023 -0.2165 9.57142
vn 0.325372 -0.0799291 -0.942202
v 0.048465 0.124755 9.51043
vn -0.285533 -0.0535186 -0.956874
v 0.0082575 0.246967 9.50613
vn -0.174452 -0.118723 -0.977482
v 0.50305 -0.49958 9.61915
vn 0.0230641 0.194341 -0.980663
v -0.46366 0.79351 9.63683
vn -0.716078 -0.131245 -0.685571
v -0.44273 0.6742 9.65147
vn -0.639096 -0.282561 -0.715343
v -0.48924 0.87094 9.65127
vn -0.543661 -0.293896 -0.786166
v -0.117918 0.401425 9.53797
vn -0.198851 0.206936 -0.957933
v 0.978 -0.91152 9.57364
vn 0.296802 0.0450754 -0.953875
v 0.6647 -1.24262 9.34366
vn -0.0796943 0.960937 -0.265047
v 0.848955 -1.18124 9.40892
vn -0.115339 0.84838 -0.51667
v 0.941175 -1.11727 9.50057
vn 0.0425322 0.821946 -0.567976
v 1.01056 -1.03548 9.58478
vn 0.116497 0.299236 -0.947041
v 1.12387 0.524035 7.08492
vn -0.927102 0.282236 -0.246628
v 1.12383 0.172906 6.97639
vn -0.996161 -0.0364923 -0.0795702
v 1.12871 -0.7574 6.61201
vn -0.74786 0.663276 -0.0277593
v 1.16097 -0.69483 6.69652
vn -0.945306 0.323684 0.0403223
v 1.1721 -0.631885 6.81902
vn -0.993948 0.0928735 -0.058672
v 1.0603 -0.8573 6.23425
vn -0.482974 0.87296 -0.0683886
v 1.12866 -0.78251 6.46381
vn -0.60507 0.790103 -0.0981188
v 1.11513 0.592845 7.13391
vn -0.815578 -0.082123 -0.57279
v 1.11765 1.26673 6.20169
vn -0.785081 -0.617027 -0.0540883
v 1.12291 0.85922 7.02725
vn -0.983701 0.00728637 -0.179666
v 1.11408 1.21749 6.35441
vn -0.980557 -0.19067 -0.0464084
v 1.14126 0.76511 6.65182
vn -0.999032 0.0111333 0.042567
v 1.14682 0.81428 6.87943
vn -0.998246 -0.00903546 -0.0585163
v 1.13498 0.88709 6.50219
vn -0.999345 -0.0113529 0.0343551
v 0.23489 -0.313955 9.57588
vn 0.322348 0.189855 -0.927387
v 0.40426 -0.40125 9.63475
vn 0.423576 0.191635 -0.885358
v 0.12477 -0.193285 9.5413
vn 0.174063 -0.0696419 -0.982269
v 0.019175 0.19156 9.50717
vn -0.312465 -0.179961 -0.932727
v 0.67174 -0.56564 9.60627
vn -0.0957562 -0.0601441 -0.993586
v 0.561355 -0.591177 9.6191
vn 0.0706246 0.0347905 -0.996896
v 0.833007 -0.578458 9.59668
vn -0.130706 -0.0173263 -0.99127
v -0.17891 0.42929 9.55289
vn -0.114955 0.101827 -0.988138
v -0.26181 0.47912 9.57081
vn -0.160923 0.105249 -0.981339
v 0.95484 -0.851455 9.57627
vn 0.235062 0.154405 -0.959638
v 1.11932 0.49106 7.05762
vn -0.966934 0.201837 -0.155887
v 1.11878 0.42305 6.99491
vn -0.980963 0.0943122 -0.169755
v 1.13462 0.02089 6.88493
vn -0.998423 -0.0480471 -0.0290349
v 0.91167 -0.94145 6.11551
vn -0.440899 0.896902 -0.0342825
v 1.15337 -0.79957 6.26972
vn -0.549465 0.8232 -0.142935
v 1.13733 -0.76286 6.53083
vn -0.659596 0.741281 -0.124242
v 1.16043 -0.75893 6.35983
vn -0.722305 0.686085 -0.0869682
v 1.12457 0.629735 7.10174
vn -0.91167 -0.217011 -0.348946
v 1.13043 1.24954 6.11281
vn -0.918709 -0.391134 -0.0546637
v 1.13618 0.79402 6.96374
vn -0.98554 -0.0354475 -0.165692
v 1.12214 1.22181 6.26255
vn -0.997048 -0.0279836 -0.0714931
v 1.14312 0.64602 6.82057
vn -0.999081 0.04142 0.0109806
v 1.12042 1.15602 6.33379
vn -0.997665 -0.0674993 0.010369
v 1.12585 1.04431 6.32386
vn -0.999476 -0.029122 0.0141012
v 0.277082 -0.4234 9.57107
vn 0.348413 0.0210225 -0.937105
v 0.35093 -0.44806 9.60075
vn 0.35887 0.0870442 -0.92932
v 0.06463 -0.05507 9.52227
vn -0.258171 -0.126839 -0.957737
v 0.14608 -0.24584 9.55027
vn 0.224828 0.0393158 -0.973605
v 0.44199 -0.6725 9.59239
vn 0.133386 0.115038 -0.984365
v -0.062115 0.35184 9.51012
vn -0.197984 0.235506 -0.951493
v -0.47529 0.756215 9.65648
vn -0.795356 -0.18918 -0.575865
v -0.47194 0.69166 9.67989
vn -0.796295 -0.233504 -0.558023
v 0.87648 -0.797115 9.5757
vn 0.0655335 0.231819 -0.970549
v 0.975424 -0.965985 9.58294
vn 0.215261 -0.0784268 -0.973402
v 0.976205 -1.06221 9.56569
vn 0.0800173 0.61018 -0.788212
v 0.75823 -1.23884 9.3197
vn -0.137736 0.904403 -0.403836
v 1.11083 0.32641 7.01705
vn -0.984622 -0.0414218 -0.169716
v 1.16352 -0.68615 6.61829
vn -0.961887 0.26837 -0.0524579
v 1.17723 -0.5307 6.82146
vn -0.997738 0.0297836 -0.0602685
v 1.11744 -0.82918 6.1211
vn -0.508996 0.860687 -0.0118613
v 0.40588 -1.17835 6.08959
vn -0.423283 0.905799 -0.0189705
v 1.16725 -0.77351 6.3071
vn -0.7013 0.64895 -0.295029
v 1.17077 -0.79215 6.19134
vn -0.598571 0.8009 -0.0164928
v 1.16225 -0.74969 6.45774
vn -0.808001 0.579092 -0.108567
v 1.15709 -0.738645 6.55457
vn -0.917891 0.377426 -0.122582
v 1.13067 1.23571 6.17866
vn -0.989711 -0.0985822 -0.1037
v 1.12919 0.73366 6.44161
vn -0.99871 0.0223394 0.0456004
v 1.13596 0.54902 6.71697
vn -0.998647 0.0368505 0.0367024
v 1.12596 0.88148 6.30547
vn -0.999464 0.0186194 0.0269179
v 0.411935 -0.50589 9.61074
vn 0.159619 0.176281 -0.971312
v -0.032125 0.138002 9.53388
vn -0.361724 -0.0314169 -0.931756
v -0.1525 0.365435 9.54354
vn -0.332941 0.0214584 -0.942704
v -0.53595 0.71934 9.76752
vn -0.795788 -0.253252 -0.550077
v 0.84553 -0.74755 9.59173
vn 0.00956439 0.161602 -0.98681
v 0.71728 -1.16875 9.46791
vn -0.134881 0.818079 -0.559065
v 1.13642 0.574235 7.07614
vn -0.989819 0.0119444 -0.141829
v 1.13738 0.5547 6.94543
vn -0.997799 0.0470368 -0.0467304
v 1.12092 0.320113 6.92737
vn -0.997804 0.0136404 -0.0648191
v 1.12802 0.13006 6.84442
vn -0.999414 -0.0329681 -0.00921973
v 1.17313 -0.61656 6.65259
vn -0.994132 0.106457 0.0191864
v 1.17363 -0.79514 6.03291
vn -0.567701 0.806439 -0.165442
v 0.82722 -0.99139 5.8955
vn -0.421715 0.905674 -0.043705
v 1.20571 -0.75481 6.24834
vn -0.894158 0.411613 -0.176229
v 1.1701 -0.70904 6.49948
vn -0.977525 0.184617 -0.101795
v 1.17573 -0.721618 6.42396
vn -0.963141 0.261979 -0.0610483
v 1.11422 0.691115 7.08525
vn -0.910305 -0.223161 -0.348632
v 1.13048 0.6804 7.0265
vn -0.989797 -0.0577323 -0.130264
v 1.12813 1.00643 6.19998
vn -0.998758 -0.0183509 -0.0463138
v 0.327125 -0.50125 9.59103
vn 0.244227 0.00485024 -0.969706
v 0.04397 0.01011 9.51973
vn -0.286619 -0.067761 -0.955645
v 0.62381 -0.60099 9.61771
vn -0.0721295 -0.0847932 -0.993784
v 0.721915 -0.640725 9.61298
vn -0.078389 -0.0548669 -0.995412
v -0.06128 0.31153 9.50869
vn -0.239548 -0.0895718 -0.966744
v 0.82358 -0.67335 9.59698
vn -0.113819 0.0891047 -0.989498
v 0.9007 -0.87387 9.5572
vn 0.00624953 -0.0212713 -0.999754
v 0.66528 -1.21418 9.40398
vn -0.119962 0.853013 -0.507915
v 0.88485 -1.09596 9.52814
vn -0.0370065 0.750992 -0.659273
v 1.13923 0.489585 6.88218
vn -0.995443 0.0759359 -0.0576756
v 1.17324 -0.63948 6.56291
vn -0.990061 0.12647 -0.0615149
v 1.1782 -0.52802 6.72815
vn -0.999483 0.0292559 0.0133514
v 1.20244 -0.7657 6.09128
vn -0.68716 0.725411 -0.0398724
v 1.08608 -0.86697 5.97881
vn -0.463098 0.875652 -0.137014
v 1.186 -0.721175 6.33053
vn -0.951192 0.239416 -0.194715
v 1.20939 -0.748265 6.16314
vn -0.880855 0.468536 -0.0675911
v 1.1544 1.19362 6.01883
vn -0.985766 -0.04455 -0.16211
v 1.1211 1.11741 6.23666
vn -0.997417 -0.0135112 -0.0705395
v 1.12541 0.413915 6.57487
vn -0.999526 0.0213267 0.0221987
v 1.12387 0.84843 6.2136
vn -0.998103 0.0460817 -0.0408224
v 1.1178 0.71632 6.22196
vn -0.998182 0.000923479 -0.0602675
v 0.16858 -0.30755 9.55039
vn 0.359494 0.194232 -0.912709
v 0.20582 -0.40712 9.54645
vn 0.317566 0.0210171 -0.948003
v 0.18454 -0.46061 9.54726
vn 0.226724 -0.148193 -0.962619
v 0.028345 -0.210745 9.53857
vn 0.000723782 -0.0396898 -0.999212
v -0.01007 -0.08663 9.53247
vn -0.0311877 -0.032985 -0.998969
v -0.088205 0.18146 9.56472
vn -0.336824 -0.227196 -0.913746
v 0.56314 -0.69483 9.61101
vn 0.171212 0.156214 -0.972771
v 0.794085 -0.716535 9.59321
vn -0.0132201 0.221529 -0.975064
v 0.87634 -0.953224 9.57226
vn -0.00900083 -0.0851968 -0.996323
v 0.69377 -1.13701 9.51544
vn -0.105099 0.75026 -0.652736
v 1.12742 0.37011 6.81157
vn -0.996954 0.0759151 -0.0178637
v 1.2257 -0.735595 6.06792
vn -0.864159 0.501044 -0.046732
v 1.19322 -0.82179 5.93266
vn -0.511312 0.804704 -0.301683
v 1.18256 -0.67212 6.38446
vn -0.997313 -0.0551188 -0.0482515
v 1.13819 1.15947 6.10288
vn -0.986912 0.0132954 -0.160712
v 1.14561 1.23595 6.03822
vn -0.975564 -0.152755 -0.157929
v 1.12166 0.63834 6.25999
vn -0.999934 -0.00173878 0.0113857
v 1.13668 0.86793 6.10907
vn -0.992504 0.0291941 -0.118672
v 1.13519 1.01159 6.12603
vn -0.991457 -0.00913847 -0.130117
v 0.320248 -0.549915 9.59016
vn 0.183705 0.107563 -0.977079
v 0.02052 -0.03105 9.53296
vn -0.157838 -0.0031391 -0.98746
v 0.10437 -0.29096 9.5344
vn 0.197725 0.137027 -0.970633
v -0.07193 0.23224 9.5346
vn -0.312769 -0.285184 -0.906005
v -0.06087 0.0674 9.54737
vn -0.2413 -0.00417024 -0.970442
v 0.463665 -0.72318 9.5853
vn 0.146182 0.262818 -0.953707
v 0.40712 -0.71986 9.58067
vn 0.153638 0.182247 -0.971175
v 0.857315 -0.844595 9.56158
vn -0.0116501 0.175428 -0.984423
v 0.918467 -1.04365 9.57512
vn 0.0757184 0.318715 -0.944822
v 0.42797 -1.23977 9.42248
vn -0.132769 0.751269 -0.646504
v 0.62778 -1.17761 9.46825
vn -0.020347 0.783024 -0.621659
v 0.82491 -1.07767 9.55014
vn -0.0531041 0.592212 -0.80403
v 1.126 0.282425 6.70416
vn -0.999279 -0.03645 -0.0106539
v 1.1268 0.12085 6.74419
vn -0.999582 -0.0034164 -0.0287063
v 1.17861 -0.64858 6.44668
vn -0.99767 0.017481 -0.0659496
v 1.23943 -0.71926 6.01221
vn -0.859978 0.443924 -0.251731
v 1.25276 -0.77158 5.95208
vn -0.697582 0.529092 -0.483158
v 1.19452 -0.693378 6.29157
vn -0.984107 -0.123417 -0.12768
v 1.21125 -0.70042 6.19989
vn -0.97294 -0.13731 -0.185831
v 1.23177 -0.701278 6.0973
vn -0.970047 0.161989 -0.181022
v 1.1228 0.47156 6.23242
vn -0.999975 0.00690693 0.00158662
v 0.2084 -0.52704 9.56743
vn 0.203116 -0.0677704 -0.976807
v -0.01143 -0.00997 9.5345
vn -0.104354 -0.0513667 -0.993213
v -0.10143 0.14913 9.55919
vn -0.156043 0.124878 -0.979824
v 0.62801 -0.67429 9.61898
vn 0.000917648 0.110599 -0.993865
v -0.1227 0.28281 9.53817
vn -0.317319 -0.166526 -0.933583
v 0.52249 -1.21458 9.42841
vn -0.0236483 0.677912 -0.734762
v 0.21277 -1.24146 9.46686
vn -0.150798 0.411408 -0.89889
v 0.75238 -1.09403 9.54438
vn -0.0965625 0.578623 -0.809859
v 1.13357 0.15129 6.65898
vn -0.998659 -0.0244111 -0.0456451
v 1.16343 1.14893 5.96307
vn -0.985431 0.0167591 -0.169251
v 1.12281 0.36292 6.4709
vn -0.999949 -0.00936601 0.00376464
v -0.03541 -0.14014 9.53211
vn 0.0518123 -0.0534555 -0.997225
v -0.1249 0.21317 9.55285
vn -0.0201953 -0.253346 -0.967165
v -0.11639 0.063355 9.55546
vn 0.0215913 0.0282415 -0.999368
v 0.57977 -0.74407 9.59892
vn 0.123371 0.308314 -0.943251
v 0.49468 -0.76222 9.57759
vn 0.148442 0.337447 -0.929567
v 0.33358 -0.72289 9.56684
vn 0.178798 0.199363 -0.963476
v 0.32487 -0.67511 9.57184
vn 0.203859 0.152275 -0.967085
v 0.693215 -0.692045 9.60964
vn -0.125214 0.251029 -0.959847
v 0.713805 -0.742415 9.5899
vn -0.105188 0.253892 -0.961496
v 0.62373 -1.13733 9.51381
vn 0.109058 0.666852 -0.737167
v 0.52788 -1.15823 9.47565
vn 0.205461 0.433311 -0.877512
v 1.2554 -0.707115 5.98347
vn -0.86344 0.264969 -0.429257
v 1.25802 -0.66658 6.00659
vn -0.93894 0.0961499 -0.330375
v 1.222 -0.66605 6.13498
vn -0.945883 -0.182422 -0.268378
v 1.1768 -0.58293 6.37591
vn -0.997359 -0.0698488 -0.0199258
v 1.16115 1.21331 5.97511
vn -0.987865 -0.00595944 -0.155202
v 1.13778 0.48576 6.13706
vn -0.979709 -0.0183918 -0.199582
v 1.12501 0.32688 6.37604
vn -0.998368 -0.0570491 -0.00256761
v 1.14287 0.75242 6.05546
vn -0.990221 0.00407789 -0.139451
v 1.16314 1.02114 5.95279
vn -0.990511 0.0321865 -0.133611
v 0.25652 -0.59136 9.57099
vn 0.196148 0.14604 -0.969638
v -0.13366 0.11753 9.5549
vn 0.0651851 0.0137029 -0.997779
v 0.38194 -0.76797 9.55949
vn 0.151458 0.346291 -0.92582
v 0.739317 -0.80262 9.57577
vn -0.0580687 0.147343 -0.987379
v 0.86045 -1.02044 9.57387
vn 0.0392602 0.119381 -0.992072
v 0.39562 -1.23029 9.42655
vn -0.00985848 -0.377312 -0.926034
v 0.675043 -1.09934 9.54965
vn 0.0543376 0.54613 -0.835936
v 0.42765 -1.19549 9.42941
vn 0.126118 0.371281 -0.919916
v 0.69376 -1.06669 9.56613
vn -0.0761872 0.353441 -0.932349
v 0.732247 -1.02101 9.5736
vn -0.0213397 0.18305 -0.982872
v 1.24641 -0.635085 6.04117
vn -0.954586 -0.075723 -0.288152
v 1.13241 0.59199 6.10064
vn -0.985398 -0.0518745 -0.162171
v 1.11966 0.37317 6.21927
vn -0.995665 -0.0929915 0.00195701
v 1.16529 0.891045 5.88134
vn -0.993457 0.0649372 -0.0939445
v 1.15673 0.808328 5.92814
vn -0.993307 -0.0334784 -0.110543
v 0.17623 -0.50368 9.5572
vn 0.142887 -0.240209 -0.960147
v 0.21776 -0.56129 9.56839
vn 0.180343 0.0806773 -0.980289
v 0.62945 -0.81378 9.57788
vn -0.0164326 0.282429 -0.959148
v 0.731085 -0.87255 9.57286
vn -0.0449993 -0.0371802 -0.998295
v 0.32471 -1.22299 9.41363
vn 0.0440664 -0.746685 -0.663717
v 0.602805 -1.10454 9.53006
vn 0.276816 0.414244 -0.867049
v 0.46204 -1.15834 9.458
vn 0.262413 0.427249 -0.865216
v 1.13601 0.13145 6.59821
vn -0.999203 -0.0397729 -0.00342167
v 1.13415 0.221865 6.34615
vn -0.998792 -0.0475124 -0.0125129
v 1.27907 -0.672385 5.97012
vn -0.895588 0.0530112 -0.441716
v 1.16953 -0.44826 6.2666
vn -0.998657 -0.0469995 -0.0217999
v 1.17738 1.16919 5.88141
vn -0.989265 0.0213247 -0.144566
v 1.13252 0.28258 6.25932
vn -0.994142 -0.0988887 -0.0436247
v 0.39555 -0.80502 9.54465
vn 0.122214 0.421523 -0.898545
v 0.47479 -1.12625 9.46997
vn 0.374007 0.277887 -0.884815
v 0.67157 -1.03811 9.5751
vn 0.0892177 0.0850897 -0.992371
v 1.18235 -0.48845 6.09696
vn -0.958336 -0.201804 -0.202156
v 1.17342 -0.48105 6.15925
vn -0.994378 -0.0855195 -0.0624338
v 1.17571 0.96765 5.81685
vn -0.994028 0.0616465 -0.0900393
v 1.17998 1.1095 5.84549
vn -0.99295 0.0479654 -0.108397
v 1.15153 0.62801 5.98568
vn -0.970807 -0.0419489 -0.236164
v 1.12669 0.44692 6.1564
vn -0.909939 0.297972 -0.288487
v 1.10886 0.40588 6.15702
vn -0.891232 -0.116844 -0.438239
v 1.16757 0.87701 5.79927
vn -0.990569 0.134557 -0.0258531
v 0.56546 -0.83712 9.56536
vn 0.110828 0.280901 -0.953316
v 0.56188 -1.06529 9.52865
vn 0.384346 0.287831 -0.877172
v 1.13521 0.10269 6.44378
vn -0.998168 -0.0604958 2.33346e-05
v 1.13931 0.14008 6.25297
vn -0.997449 -0.0679502 -0.021885
v 1.24886 -0.54581 5.99254
vn -0.918743 -0.151655 -0.36457
v 1.22066 -0.5785 6.07956
vn -0.902617 -0.256915 -0.345366
v 1.17079 0.44953 5.97796
vn -0.966533 -0.0638222 -0.248476
v 1.14042 0.239435 6.17778
vn -0.991099 -0.0388759 -0.127326
v 1.12303 0.37356 6.16833
vn -0.898303 -0.296544 -0.324212
v 1.16154 0.693712 5.95234
vn -0.969095 -0.0890584 -0.23005
v 1.16338 0.81622 5.82882
vn -0.998256 -0.0503276 -0.0308702
v 0.650105 -0.86492 9.56947
vn 0.0932528 0.110709 -0.989468
v 0.48696 -1.05679 9.48877
vn 0.449257 0.197 -0.871412
v 0.62192 -1.03632 9.56168
vn 0.267706 0.227388 -0.936284
v 1.29093 -0.66043 5.92278
vn -0.966341 -0.140866 -0.215272
v 1.17598 -0.42335 6.14265
vn -0.987114 0.0383082 -0.155363
v 1.18841 1.07132 5.72803
vn -0.999968 -0.00328948 -0.00733589
v 1.16416 0.597395 5.94759
vn -0.927487 -0.0134843 -0.373613
v 1.15607 0.40815 6.07233
vn -0.969089 -0.0529973 -0.240952
v 1.14814 0.312045 6.10728
vn -0.97367 -0.0706803 -0.216729
v 1.18649 0.9085 5.6262
vn -0.964322 0.247433 -0.0941294
v 1.16982 0.7462 5.86622
vn -0.973359 -0.194284 -0.121759
v 1.13962 0.06076 6.61257
vn -0.996894 -0.0787464 0.000961932
v 1.14757 0.066285 6.24369
vn -0.994391 -0.069422 -0.079799
v 1.19504 -0.52288 6.08904
vn -0.862801 -0.320141 -0.39126
v 1.17566 0.513 5.9297
vn -0.875242 -0.0820077 -0.476683
v 1.1403 0.41558 6.12139
vn -0.925895 -0.028187 -0.376729
v 1.13444 0.17081 6.1937
vn -0.984137 -0.0537771 -0.169063
v 1.16058 0.81302 5.71981
vn -0.999754 -0.00987951 0.0198554
v 1.17016 0.76905 5.7846
vn -0.970399 -0.240059 -0.0264107
v 0.6904 -0.92307 9.57197
vn 0.107638 -0.0251913 -0.993871
v 1.14652 -0.00864 6.36215
vn -0.997613 -0.0671648 -0.016062
v 1.27667 -0.483445 5.88647
vn -0.960854 -0.122231 -0.248636
v 1.29571 -0.60629 5.84875
vn -0.981895 -0.100248 -0.160723
v 1.1968 -0.39818 6.07048
vn -0.940298 0.0427794 -0.337653
v 1.19942 0.80815 5.4826
vn -0.955676 -0.121044 -0.268387
v 1.17168 0.3433 5.97978
vn -0.98129 -0.032005 -0.189855
v 1.1937 0.70593 5.77533
vn -0.905291 -0.412806 -0.100196
v 1.18604 0.68524 5.86589
vn -0.92578 -0.316851 -0.206243
v 1.19094 0.63492 5.89934
vn -0.848743 -0.258817 -0.461138
v 0.56893 -0.894 9.55506
vn 0.139384 0.0773902 -0.98721
v 0.59767 -0.98641 9.56374
vn 0.152332 -0.048867 -0.987121
v 1.15005 -0.05226 6.51525
vn -0.997277 -0.0736939 0.00282342
v 1.23216 -0.452995 6.00466
vn -0.884667 -0.113989 -0.452074
v 1.29311 -0.50808 5.81233
vn -0.983042 -0.123541 -0.135518
v 1.18835 -0.498075 6.07466
vn -0.869481 -0.110303 -0.481493
v 1.17468 1.05345 5.69178
vn -0.770125 -0.40613 0.4919
v 1.18402 0.587438 5.91266
vn -0.60538 -0.0847057 -0.791417
v 1.19001 0.50718 5.913
vn -0.665416 -0.106022 -0.738905
v 1.17584 0.20779 6.03138
vn -0.958737 -0.102125 -0.26532
v 1.16353 0.84516 5.64033
vn -0.98289 0.178032 -0.047239
v 1.16597 0.779545 5.70897
vn -0.958469 -0.285178 0.00331781
v 1.16123 -0.24798 6.21958
vn -0.998127 -0.0389762 -0.047154
v 1.25643 -0.47543 5.96045
vn -0.939771 -0.142734 -0.310577
v 1.17944 -0.37706 6.12846
vn -0.962636 -0.0218867 -0.269911
v 1.18904 1.19202 5.77599
vn -0.988288 -0.125014 0.0875091
v 1.19609 0.44003 5.92056
vn -0.696379 -0.0383903 -0.716647
v 1.1667 0.11533 6.0889
vn -0.972529 -0.0552647 -0.226128
v 1.17029 0.84239 5.54362
vn -0.956172 0.279952 -0.0857987
v 1.19275 0.71799 5.67529
vn -0.872862 -0.487801 -0.0127748
v 1.21651 0.64057 5.84157
vn -0.836059 -0.490011 -0.24677
v 1.15966 -0.23136 6.37279
vn -0.99849 -0.0543899 -0.00770482
v 1.16387 -0.14519 6.16259
vn -0.989846 -0.0423221 -0.1357
v 1.18841 -0.308275 6.08346
vn -0.952374 -0.0706079 -0.296644
v 1.18165 0.31827 5.95389
vn -0.896753 -0.136749 -0.420872
v 1.20614 0.209938 5.95114
vn -0.861166 -0.0982341 -0.498742
v 1.19999 0.130516 5.97441
vn -0.914524 -0.0323284 -0.403239
v 1.16407 0.808095 5.56001
vn -0.992105 -0.0970257 -0.0794537
v 1.17407 0.7641 5.57537
vn -0.924399 -0.37805 -0.050642
v 1.23121 0.654075 5.736
vn -0.918665 -0.38813 -0.0735505
v 1.16466 -0.01195 6.11864
vn -0.987171 -0.0372809 -0.15525
v 1.23307 -0.364283 5.97416
vn -0.939125 -0.122446 -0.321016
v 1.17289 -0.32454 6.15067
vn -0.969864 -0.0590334 -0.236387
v 1.24002 0.5338 5.88662
vn -0.75782 -0.0194831 -0.652172
v 1.17838 0.013545 6.03583
vn -0.974071 -0.0271192 -0.224611
v 1.21755 0.66784 5.63062
vn -0.94591 -0.323396 0.025865
v 1.24002 0.57861 5.87114
vn -0.834448 -0.381502 -0.397685
v 1.27843 -0.3852 5.77727
vn -0.988816 -0.108484 -0.10234
v 1.25757 -0.341013 5.87626
vn -0.964618 -0.119127 -0.235206
v 1.18595 1.17593 5.80838
vn -0.990971 0.0131104 -0.133432
v 1.23033 0.4609 5.89234
vn -0.757995 0.0770237 -0.647696
v 1.1993 0.33573 5.91908
vn -0.79045 -0.059054 -0.609673
v 1.192 -0.12382 5.99775
vn -0.972834 -0.0797236 -0.217343
v 1.17448 -0.1893 6.13903
vn -0.981302 -0.0568261 -0.183894
v 1.28861 -0.44602 5.73442
vn -0.992895 -0.105549 -0.0549386
v 1.17206 -0.26049 6.1377
vn -0.979339 -0.0333518 -0.199457
v 1.22912 0.42295 5.88254
vn -0.851239 0.0119063 -0.524643
v 1.2178 0.251872 5.91962
vn -0.67827 -0.247559 -0.691855
v 1.19288 0.0051675 5.9974
vn -0.912054 -0.0652476 -0.404845
v 1.17921 0.81828 5.48069
vn -0.902193 -0.169326 -0.396707
v 1.20217 0.71572 5.54216
vn -0.925103 -0.369877 -0.0858819
v 1.23974 0.613815 5.70554
vn -0.985317 -0.140895 0.0964313
v 1.25248 0.55822 5.85824
vn -0.997657 -0.0386604 -0.0564476
v 1.26694 -0.271898 5.79412
vn -0.988744 -0.0139058 -0.14897
v 1.1926 -0.202375 6.0356
vn -0.967349 -0.0871283 -0.238
v 1.25497 0.1845 5.90427
vn -0.824435 -0.0325866 -0.565017
v 1.20061 0.73975 5.48999
vn -0.937983 -0.31134 -0.152498
v 1.21311 0.69353 5.46086
vn -0.984635 -0.170891 -0.0359187
v 1.23669 0.55225 5.63404
vn -0.997917 -0.0323171 0.0558351
v 1.1925 -0.05196 6.00123
vn -0.911049 0.038866 -0.410461
v 1.28392 -0.33941 5.6543
vn -0.996845 -0.0697715 -0.0378347
v 1.18114 1.20843 5.84158
vn -0.991673 -0.0601968 -0.113845
v 1.24364 0.45616 5.81955
vn -0.998639 0.0496784 0.0158884
v 1.23294 0.31407 5.89196
vn -0.741738 -0.138401 -0.656255
v 1.2506 0.24257 5.90295
vn -0.767857 -0.213939 -0.603842
v 1.22466 0.0319575 5.93185
vn -0.844697 -0.0745338 -0.53003
v 1.25008 0.54344 5.77663
vn -0.9965 0.0391669 0.0738491
v 1.29052 -0.45377 5.63757
vn -0.998832 -0.0480171 0.00529483
v 1.20981 -0.18557 5.98128
vn -0.934925 -0.114106 -0.335998
v 1.16671 1.2373 5.90232
vn -0.357397 -0.906067 0.226517
v 1.23871 0.41354 5.86775
vn -0.962367 -0.0965306 -0.254031
v 1.22701 0.59894 5.49605
vn -0.993989 -0.103865 0.0346146
v 1.27701 -0.20309 5.50506
vn -0.995643 -0.0869933 -0.0335847
v 1.16644 1.22808 5.8556
vn -0.266278 -0.963371 0.0318231
v 1.25652 0.125555 5.89264
vn -0.872014 0.0773936 -0.483324
v 1.23295 0.49934 5.48032
vn -0.999633 -0.026324 0.00634422
v 1.20302 -0.102225 5.95596
vn -0.83587 -0.0860297 -0.542145
v 1.2739 -0.220678 5.63483
vn -0.995357 -0.0957214 -0.0100794
v 1.26887 -0.20259 5.80505
vn -0.993328 0.0654404 -0.09496
v 1.28606 -0.41084 5.53852
vn -0.998511 -0.0103796 0.0535567
v 1.2496 -0.230495 5.88528
vn -0.954585 0.0790587 -0.287258
v 1.24733 0.350605 5.81095
vn -0.996945 -0.0463651 0.0628535
v 1.26307 0.15894 5.87821
vn -0.996119 0.018381 -0.0860741
v 1.25247 0.275948 5.87123
vn -0.985502 -0.120902 -0.119034
v 1.24909 0.02198 5.8963
vn -0.918826 -0.0461895 -0.391951
v 1.23358 0.380255 5.70437
vn -0.999091 -0.00538014 0.0422821
v 1.24021 -0.05338 5.92095
vn -0.824286 0.0727951 -0.561474
v 1.23051 -0.191905 5.93657
vn -0.890692 -0.026183 -0.453853
v 1.27799 -0.42953 5.46816
vn -0.987645 0.0611023 0.144304
v 1.26406 0.14363 5.83528
vn -0.996731 -0.0562607 0.057982
v 1.26021 0.034185 5.84135
vn -0.998701 -0.0184632 -0.047483
v 1.25759 -0.04851 5.88856
vn -0.958077 -0.0914781 -0.271515
v 1.23398 0.40564 5.37831
vn -0.997743 -0.0535195 0.0405424
v 1.26405 -0.13502 5.64189
vn -0.993661 -0.101279 0.0487804
v 1.27239 -0.16803 5.79933
vn -0.999667 -0.0250348 0.00627242
v 1.27563 -0.34632 5.41946
vn -0.982353 0.0761863 0.170819
v 1.28005 -0.234925 5.44377
vn -0.999192 -0.027843 0.0289736
v 1.26096 -0.17876 5.88503
vn -0.903855 0.145301 -0.402411
v 1.24303 0.31198 5.47226
vn -0.999166 -0.0407728 0.002372
v 1.23655 0.336975 5.60944
vn -0.998427 -0.053151 -0.0178529
v 1.25484 -0.115293 5.90222
vn -0.810232 -0.0350937 -0.585058
v 1.26213 -0.144854 5.54219
vn -0.988678 -0.135508 -0.0644404
v 1.26178 -0.41584 5.40674
vn -0.957866 0.13135 0.255422
v 1.24346 0.253975 5.6582
vn -0.997254 -0.053374 0.0513327
v 1.25728 0.06525 5.74659
vn -0.997421 -0.0339129 0.0632482
v 1.2413 0.25758 5.37052
vn -0.998349 -0.0418425 0.0393488
v 1.2641 -0.05653 5.7463
vn -0.995999 -0.0726331 0.0520617
v 1.25499 -0.09223 5.57569
vn -0.997026 -0.0759843 -0.0128494
v 1.27093 -0.215675 5.37682
vn -0.987978 -0.0211498 0.153143
v 1.2537 -0.37888 5.34977
vn -0.961723 0.167164 0.217128
v 1.26935 -0.08283 5.87466
vn -0.984792 -0.0299729 -0.171134
v 1.24612 0.1602 5.42533
vn -0.999027 -0.0420938 0.0131235
v 1.24208 0.16867 5.61766
vn -0.999232 -0.0368894 0.0132482
v 1.25048 0.004335 5.62155
vn -0.996906 -0.054596 0.0565496
v 1.25978 -0.31157 5.31975
vn -0.969672 0.111813 0.217335
v 1.25768 -0.03292 5.47114
vn -0.993495 -0.105563 -0.0427165
v 1.24811 -0.23287 5.241
vn -0.980128 0.0163951 0.197688
v 1.21919 -0.38056 5.20055
vn -0.959205 0.144358 0.243078
v 1.27369 -0.14353 5.42495
vn -0.99194 -0.107933 0.0663741
v 1.24995 -0.04195 5.29649
vn -0.993368 -0.0711845 0.0902953
v -0.32964 0.30952 -3.31446
vn -0.0747284 -0.0765956 0.994258
v -0.264665 0.271555 -3.30837
vn -0.0389113 -0.210467 0.976826
v -0.364 0.374338 -3.30072
vn 0.115505 -0.123747 0.985569
v -0.403025 0.259637 -3.33008
vn -0.099318 -0.21432 0.971701
v -0.234655 0.290157 -3.30564
vn 0.119214 -0.121315 0.985429
v -0.417585 0.32943 -3.30426
vn 0.100621 -0.271901 0.95705
v -0.221735 0.32152 -3.31332
vn 0.279281 0.322575 0.904404
v -0.33052 0.20211 -3.33236
vn -0.0280153 -0.35386 0.934879
v -0.315037 0.377999 -3.31486
vn 0.320225 0.483963 0.814393
v -0.455625 0.26827 -3.32009
vn 0.178528 -0.248338 0.95208
v -0.41345 0.1601 -3.34735
vn -0.00574997 -0.206932 0.978338
v -0.18409 0.20359 -3.3333
vn 0.107418 -0.37829 0.919434
v -0.20626 0.16009 -3.35172
vn 0.0621611 -0.447977 0.891882
v -0.53181 0.39773 -3.27207
vn 0.252378 0.0468041 0.966496
v -0.50187 0.29918 -3.29875
vn 0.230677 -0.230702 0.945285
v -0.38953 0.090345 -3.37969
vn 0.0942167 -0.454571 0.885714
v -0.13859 0.28733 -3.3518
vn 0.615119 0.587441 0.525872
v -0.41084 0.40881 -3.29926
vn 0.0863841 0.687775 0.720766
v -0.31782 0.05564 -3.40504
vn 0.0264285 -0.491686 0.870371
v -0.13201 0.26538 -3.33489
vn 0.610712 0.0583799 0.789698
v -0.48093 0.4114 -3.32202
vn 0.255393 0.834358 0.488489
v -0.507632 0.158458 -3.33559
vn 0.186258 -0.284777 0.940325
v -0.14955 0.23549 -3.33241
vn 0.391208 -0.266149 0.880977
v -0.19594 0.0827 -3.3922
vn 0.052561 -0.42368 0.904286
v -0.436932 0.117582 -3.35846
vn 0.129518 -0.379807 0.915954
v -0.58618 0.21173 -3.30052
vn 0.249742 -0.25826 0.933237
v -0.6336 0.43147 -3.23992
vn 0.195972 -0.0174538 0.980454
v -0.60677 0.44523 -3.25903
vn 0.387153 0.59478 0.70452
v -0.14302 0.13445 -3.37686
vn 0.281414 -0.359171 0.889833
v -0.25062 0.00226 -3.43278
vn -0.0721552 -0.430374 0.899762
v -0.40134 -0.0158 -3.43749
vn 0.163251 -0.391709 0.905491
v -0.74838 0.26377 -3.24697
vn 0.198583 -0.138056 0.970312
v -0.21509 -0.06083 -3.45217
vn -0.0588233 -0.32251 0.944737
v -0.49699 0.057235 -3.37912
vn 0.207265 -0.416309 0.885284
v -0.7133 0.13188 -3.28503
vn 0.299563 -0.260865 0.917721
v -0.73192 0.36644 -3.23707
vn -0.23615 0.046613 0.970598
v -0.68987 0.42006 -3.24024
vn -0.244058 0.349495 0.904593
v -0.6149 0.08718 -3.33399
vn 0.268862 -0.370935 0.888887
v -0.02392 0.14594 -3.44207
vn 0.482406 0.0253754 0.87558
v -0.10925 0.08666 -3.40633
vn 0.362247 -0.237804 0.901236
v -0.13273 -0.07042 -3.45276
vn 0.126854 -0.27932 0.951782
v -0.29318 -0.06333 -3.47358
vn -0.135326 -0.201657 0.970063
v -0.47241 -0.0236 -3.42495
vn 0.278417 -0.279206 0.918982
v -0.10312 0.25384 -3.38647
vn 0.809243 0.359831 0.464378
v -0.83711 0.10874 -3.24704
vn 0.303063 -0.185557 0.934731
v -0.78385 0.32646 -3.26506
vn -0.205864 0.428419 0.879817
v -0.399965 -0.073405 -3.45405
vn 0.184642 -0.056378 0.981187
v -0.44252 -0.02592 -3.43949
vn 0.23538 -0.211352 0.948645
v -0.82556 0.06461 -3.26352
vn 0.33577 -0.368364 0.866929
v -0.90251 0.17697 -3.22111
vn 0.192109 -0.0689704 0.978947
v -0.70894 0.04443 -3.3209
vn 0.316575 -0.401396 0.859454
v -0.89607 0.24117 -3.22289
vn 0.0515509 0.266099 0.962566
v -0.54674 -0.01213 -3.39616
vn 0.23728 -0.31341 0.919496
v -0.03232 -0.00365 -3.45625
vn 0.310839 -0.174407 0.934324
v -0.25755 -0.12702 -3.46766
vn -0.00698557 -0.0977378 0.995188
v -0.33518 -0.098015 -3.46805
vn 0.141661 0.0293529 0.98948
v -0.899015 0.084645 -3.22791
vn 0.209933 -0.113784 0.971072
v -0.14938 -0.17232 -3.47387
vn 0.0552594 -0.158703 0.985779
v -0.03543 -0.15198 -3.48273
vn 0.193133 -0.11518 0.974389
v -0.882055 0.0551125 -3.24717
vn 0.279521 -0.456526 0.844661
v -0.95414 0.131065 -3.21901
vn 0.00964703 -0.113828 0.993454
v -0.97179 0.22691 -3.22992
vn -0.239643 0.698349 0.674448
v -0.71714 -0.04897 -3.36197
vn 0.287396 -0.346135 0.893081
v 0.12351 -0.08753 -3.52733
vn 0.457777 0.0593911 0.887081
v 0.10469 0.05956 -3.51691
vn 0.565237 0.0563838 0.823
v -0.22851 -0.21923 -3.47572
vn 0.10124 -0.118284 0.987805
v -1.00538 0.191095 -3.20713
vn -0.103557 0.216505 0.970774
v 0.22758 0.1318 -3.61134
vn 0.501986 0.100759 0.858986
v -0.31658 -0.19582 -3.46382
vn 0.109158 -0.0287871 0.993607
v -0.108763 -0.263947 -3.49018
vn 0.0638298 -0.165608 0.984124
v 0.06249 -0.21907 -3.49914
vn 0.0924176 0.104855 0.990184
v -0.50086 -0.21073 -3.4434
vn 0.162349 -0.129849 0.978152
v -0.58696 -0.122525 -3.41282
vn 0.222902 -0.153243 0.962721
v -0.815426 -0.0782488 -3.33846
vn 0.250962 -0.367975 0.895328
v -0.93131 0.066435 -3.22912
vn 0.0303372 -0.419929 0.90705
v -0.18463 0.29686 -3.40236
vn 0.533406 0.367556 0.761827
v -1.04984 0.14895 -3.21478
vn -0.122923 -0.190705 0.973921
v -1.03996 0.0677363 -3.24097
vn -0.0608384 -0.285084 0.95657
v -0.68987 -0.11384 -3.39103
vn 0.272237 -0.192117 0.942856
v 0.37227 -0.11991 -3.66875
vn 0.497874 0.0666003 0.864688
v -0.36726 -0.26085 -3.46395
vn 0.10061 -0.174776 0.979454
v -0.186387 -0.304955 -3.49607
vn 0.0888246 -0.241859 0.966237
v 0.12905 -0.20136 -3.50723
vn 0.353137 0.212935 0.911018
v -0.0175312 -0.309152 -3.50385
vn 0.00803207 -0.142955 0.989697
v -0.95996 -0.061925 -3.29762
vn 0.168221 -0.479968 0.861007
v -1.04926 0.16834 -3.22382
vn -0.544816 0.387526 0.743639
v 0.21036 -0.22729 -3.54901
vn 0.551765 0.115215 0.826003
v 0.47647 -0.00686 -3.72655
vn 0.426594 0.049795 0.903071
v 0.135255 -0.2528 -3.49849
vn 0.1147 -0.0956664 0.988783
v -0.60991 -0.252015 -3.42882
vn 0.226379 -0.157386 0.96124
v 0.38559 -0.30667 -3.67096
vn 0.567954 0.00115212 0.82306
v 0.55156 -0.11418 -3.75341
vn 0.322234 -0.0468106 0.945502
v 0.49429 0.08153 -3.73854
vn 0.41814 0.0179576 0.908205
v -0.37475 -0.38049 -3.4911
vn 0.109725 -0.221388 0.968993
v -0.23692 -0.35916 -3.50521
vn 0.14077 -0.200128 0.969604
v 0.147983 -0.233587 -3.50324
vn 0.425008 0.215617 0.879135
v -0.49359 -0.37394 -3.47353
vn 0.184089 -0.179922 0.966302
v -0.694493 -0.192068 -3.39337
vn 0.311972 -0.0931315 0.945516
v -0.78184 -0.15953 -3.36808
vn 0.134417 -0.126879 0.982768
v -0.903345 -0.12708 -3.34506
vn 0.14145 -0.446195 0.883687
v -1.09211 0.11535 -3.2313
vn -0.216922 -0.129064 0.967619
v 0.46725 -0.19977 -3.72558
vn 0.490014 0.0398767 0.870802
v 0.24232 -0.31207 -3.56474
vn 0.572595 0.0964067 0.814151
v 0.48613 -0.1532 -3.73442
vn 0.440103 -0.145404 0.886096
v 0.59242 -0.01326 -3.76651
vn 0.224424 0.0486936 0.973274
v 0.45691 0.14396 -3.72063
vn 0.423441 -0.0996315 0.900428
v 0.54115 0.00642 -3.75544
vn 0.336349 0.0685483 0.939239
v 0.089595 -0.35066 -3.51346
vn 0.0344905 -0.131932 0.990659
v -0.64896 -0.30465 -3.42863
vn 0.346931 -0.124505 0.92959
v -1.03418 -0.0587525 -3.28853
vn 0.0527547 -0.40657 0.912095
v 0.53341 -0.24263 -3.75416
vn 0.396238 0.0206233 0.917916
v 0.2865 -0.34943 -3.59058
vn 0.664439 0.0886301 0.742068
v 0.18481 -0.26902 -3.52413
vn 0.59499 -0.010712 0.803662
v 0.5274 -0.17799 -3.75533
vn 0.309532 -0.0471765 0.949718
v 0.67163 -0.12165 -3.77421
vn 0.165626 -0.0212952 0.985959
v 0.555505 0.155655 -3.76233
vn 0.340949 -0.070867 0.937407
v 0.54127 0.20953 -3.74647
vn 0.418329 -0.187246 0.888785
v 0.55908 0.060425 -3.76342
vn 0.198188 0.0486628 0.978955
v -0.16203 -0.41394 -3.52485
vn 0.00577703 -0.155523 0.987815
v -0.060515 -0.419255 -3.51867
vn -0.0242558 -0.110355 0.993596
v -0.63814 -0.37849 -3.43702
vn 0.316583 -0.111131 0.942033
v -0.403805 -0.43147 -3.50024
vn 0.130826 -0.198118 0.971408
v -0.741085 -0.25052 -3.379
vn 0.273681 -0.0669503 0.959488
v -0.824357 -0.161645 -3.36862
vn 0.058971 -0.29847 0.952596
v 0.52374 -0.33701 -3.7542
vn 0.40298 -0.103346 0.909355
v 0.23885 -0.375125 -3.5414
vn 0.490721 0.25991 0.831649
v 0.30675 -0.41017 -3.60751
vn 0.659353 -0.0583961 0.749562
v 0.17242 -0.305485 -3.5213
vn 0.424638 -0.102845 0.899503
v -0.258267 -0.48402 -3.5222
vn 0.0855387 -0.167683 0.982123
v -0.57132 -0.45141 -3.47091
vn 0.283197 -0.182568 0.941525
v -0.98805 -0.21629 -3.37797
vn 0.14988 -0.463944 0.873093
v -1.09072 -0.178018 -3.33441
vn 0.194434 -0.40073 0.895328
v -1.14465 -0.01274 -3.26669
vn 0.0445977 -0.269406 0.961994
v -1.10203 -0.06668 -3.28631
vn 0.0740807 -0.330554 0.940875
v 0.62029 -0.28766 -3.77789
vn 0.227654 -0.0620758 0.971761
v 0.47685 -0.420915 -3.74476
vn 0.501216 -0.0775505 0.86184
v 0.175145 -0.355565 -3.52747
vn 0.273726 0.0559377 0.96018
v 0.4134 -0.47865 -3.70503
vn 0.621686 -0.056134 0.781253
v 0.61961 -0.1648 -3.77576
vn 0.169793 -0.175179 0.969785
v 0.62379 0.04913 -3.77003
vn 0.0812649 0.048866 0.995494
v -0.352133 -0.497885 -3.51463
vn 0.0912455 -0.190619 0.977414
v 0.00203 -0.55599 -3.5322
vn 0.0119982 -0.097242 0.995188
v -0.64413 -0.50185 -3.44985
vn 0.417923 -0.107976 0.902043
v -0.55607 -0.510105 -3.48853
vn 0.23576 -0.174999 0.955925
v -0.8816 -0.22838 -3.38413
vn -0.0652093 -0.26473 0.962115
v -0.91906 -0.210555 -3.37657
vn 0.00225725 -0.309713 0.950827
v -1.12262 0.10461 -3.24967
vn -0.445603 0.199722 0.872668
v 0.60807 -0.21413 -3.77768
vn 0.262258 0.0256371 0.964657
v 0.53149 -0.41616 -3.76867
vn 0.327796 -0.100389 0.9394
v 0.242175 -0.414155 -3.54443
vn 0.62958 -0.173909 0.757222
v 0.29834 -0.51212 -3.61408
vn 0.592306 -0.0802181 0.80171
v 0.58892 0.2013 -3.76823
vn 0.217326 -0.0842718 0.972455
v -0.17014 -0.52723 -3.532
vn -0.00448399 -0.10229 0.994745
v 0.186405 -0.403005 -3.52272
vn 0.0904727 0.000670398 0.995899
v -0.721875 -0.407125 -3.40662
vn 0.338063 -0.0761351 0.938039
v -0.770718 -0.27162 -3.37648
vn 0.0500183 -0.160931 0.985697
v -1.04348 -0.25799 -3.38799
vn 0.38993 -0.402278 0.828328
v -1.1949 0.017985 -3.26194
vn -0.259771 0.0207314 0.965448
v 0.63099 -0.38586 -3.78257
vn 0.0652163 -0.0077341 0.997841
v 0.36553 -0.63095 -3.66479
vn 0.516421 0.20728 0.83087
v 0.11555 -0.50213 -3.53327
vn 0.133275 -0.151245 0.979471
v -0.67499 -0.57807 -3.43977
vn 0.503597 -0.0175405 0.86376
v -0.59569 -0.56655 -3.48255
vn 0.385058 -0.1202 0.915031
v -0.49547 -0.59112 -3.5114
vn 0.218395 -0.103972 0.970306
v -0.9305 -0.24097 -3.3893
vn -0.0445424 -0.397347 0.916587
v -1.01191 -0.29646 -3.4232
vn 0.0148099 -0.314532 0.949131
v -1.20425 -0.130355 -3.29264
vn 0.184416 -0.251555 0.950111
v -1.16626 -0.19788 -3.32436
vn 0.277822 -0.281392 0.918495
v -1.18727 0.06131 -3.27303
vn -0.501292 0.359747 0.786949
v 0.562855 -0.484985 -3.77785
vn 0.153337 -0.0113914 0.988108
v 0.51284 -0.48565 -3.76542
vn 0.37251 -0.0633121 0.925866
v 0.21476 -0.41997 -3.52541
vn 0.244382 -0.204394 0.947893
v 0.21032 -0.50713 -3.55726
vn 0.382386 -0.217091 0.898138
v 0.25344 -0.5873 -3.5937
vn 0.482821 -0.0632791 0.87343
v 0.43303 -0.61714 -3.73331
vn 0.654764 0.0399519 0.754776
v -0.337766 -0.58946 -3.53687
vn 0.112855 -0.165018 0.979813
v 0.05905 -0.61676 -3.54034
vn 0.106913 -0.0789106 0.991132
v -0.7573 -0.46031 -3.39967
vn 0.0230509 -0.0734101 0.997035
v -0.74038 -0.54932 -3.40684
vn 0.28253 0.0162816 0.95912
v -0.799695 -0.351833 -3.39438
vn -0.200179 -0.155475 0.967345
v -0.85021 -0.27663 -3.3897
vn -0.198571 -0.217803 0.955579
v -1.11649 -0.26126 -3.36065
vn 0.336566 -0.29952 0.892755
v 0.4701 -0.563805 -3.75623
vn 0.449476 -0.0732056 0.890288
v 0.24214 -0.67726 -3.58675
vn 0.376025 0.080961 0.923066
v -0.28776 -0.630105 -3.5477
vn 0.077247 -0.109127 0.991022
v -0.093385 -0.611385 -3.5401
vn -0.0426617 -0.108421 0.993189
v 0.1686 -0.59659 -3.55883
vn 0.26919 -0.101343 0.95774
v -0.70715 -0.62202 -3.41231
vn 0.511804 0.198549 0.835844
v -0.61702 -0.61798 -3.48344
vn 0.458504 0.131859 0.878856
v -0.44489 -0.73771 -3.53844
vn 0.181361 -0.104067 0.977895
v -0.88552 -0.39316 -3.43393
vn -0.207991 -0.259528 0.943072
v -0.97026 -0.29827 -3.4166
vn -0.0269876 -0.243019 0.969646
v -1.05969 -0.3474 -3.41124
vn 0.331265 -0.222729 0.916873
v -1.24536 -0.07529 -3.27589
vn -0.0298871 -0.12699 0.991454
v -1.26556 -0.02354 -3.28211
vn -0.401449 0.314185 0.860306
v 0.63905 -0.42669 -3.7795
vn -0.0891004 0.0676475 0.993723
v 0.44359 -0.65076 -3.72725
vn 0.558765 0.456313 0.692503
v 0.05577 -0.712415 -3.54154
vn 0.0367992 -0.0271367 0.998954
v 0.14255 -0.67872 -3.55814
vn 0.223738 -0.0241802 0.974349
v -0.64261 -0.67841 -3.44488
vn 0.612169 0.307283 0.728578
v -0.55565 -0.65392 -3.49728
vn 0.342398 -0.00326088 0.939549
v -1.18246 -0.32747 -3.35414
vn 0.352858 -0.229576 0.907076
v -1.29514 0.02938 -3.33473
vn -0.411777 0.458403 0.787596
v 0.38354 -0.71849 -3.6442
vn 0.49603 0.321555 0.806571
v 0.27895 -0.740365 -3.58472
vn 0.336413 0.150681 0.929582
v 0.47099 -0.62768 -3.75583
vn 0.393131 0.301874 0.868516
v 0.46555 -0.70349 -3.70346
vn 0.408926 0.487536 0.77142
v -0.222035 -0.680645 -3.55385
vn -0.0103815 -0.0851339 0.996315
v -0.169685 -0.77737 -3.56015
vn -0.0481774 -0.0459937 0.997779
v -0.79992 -0.46437 -3.40699
vn -0.329773 -0.0395684 0.943231
v -0.76112 -0.6177 -3.38919
vn 0.236897 0.278899 0.930642
v -0.79844 -0.54424 -3.40436
vn -0.158741 0.1469 0.976331
v -0.48354 -0.77069 -3.52998
vn 0.412273 0.00730016 0.911031
v -0.372535 -0.703455 -3.54139
vn 0.0811743 -0.0986095 0.99181
v -0.96358 -0.39768 -3.44074
vn 0.0298053 -0.240793 0.970119
v -1.18324 -0.41561 -3.37157
vn 0.347818 -0.112416 0.930798
v -1.27068 -0.21716 -3.29587
vn 0.106551 -0.248602 0.962727
v -1.3194 -0.143797 -3.28135
vn -0.0262295 -0.0537016 0.998212
v -1.34261 -0.08314 -3.29061
vn -0.309228 0.37178 0.875304
v 0.53526 -0.624155 -3.77314
vn 0.16626 0.0778951 0.983
v 0.58644 -0.57771 -3.77685
vn -0.00962427 0.000672555 0.999953
v 0.158305 -0.74211 -3.56259
vn 0.203451 0.0557101 0.977499
v -0.0719875 -0.775365 -3.55097
vn -0.0983008 0.0454349 0.994119
v -0.71845 -0.69476 -3.3762
vn 0.435485 0.417513 0.797518
v -0.591745 -0.676575 -3.47967
vn 0.479776 0.168667 0.861027
v -0.8767 -0.43638 -3.44046
vn -0.367918 -0.0103549 0.929801
v -1.25498 -0.27598 -3.31692
vn 0.206897 -0.255527 0.944404
v -1.09393 -0.43353 -3.41753
vn 0.392079 -0.146619 0.908172
v -1.50534 -0.15197 -3.31575
vn -0.232975 0.249366 0.939968
v 0.68182 -0.43122 -3.77513
vn -0.119039 0.106456 0.987166
v 0.66186 -0.57218 -3.76831
vn -0.145393 -0.0199152 0.989174
v 0.46015 -0.81147 -3.64222
vn 0.245232 0.407156 0.879821
v 0.52963 -0.679625 -3.7577
vn 0.273949 0.511985 0.814139
v -0.81112 -0.61961 -3.38471
vn -0.103391 0.379219 0.919513
v -0.77437 -0.686635 -3.35483
vn 0.309479 0.480206 0.820747
v -0.67774 -0.73569 -3.38
vn 0.616206 0.443075 0.651134
v -0.90849 -0.42271 -3.44757
vn -0.127408 -0.135642 0.982532
v -1.0041 -0.422583 -3.44329
vn 0.15629 -0.170925 0.972809
v -1.27898 -0.375955 -3.34421
vn 0.113994 -0.264537 0.957614
v -1.12011 -0.4944 -3.40666
vn 0.650621 0.0597575 0.757048
v -1.38522 -0.13391 -3.28676
vn -0.183096 0.0404952 0.982261
v 0.72824 -0.48942 -3.76198
vn -0.13483 0.0802851 0.987611
v 0.74195 -0.58955 -3.75405
vn -0.160608 0.0491579 0.985793
v 0.17839 -0.81553 -3.55611
vn 0.291231 0.38132 0.877371
v 0.28655 -0.79084 -3.58989
vn 0.27861 0.0991453 0.955273
v 0.56386 -0.69609 -3.75129
vn 0.15113 0.621614 0.768606
v -0.32458 -0.84396 -3.55383
vn 0.063669 0.0186747 0.997796
v 0.04353 -0.78491 -3.54019
vn 0.0416151 0.41265 0.909939
v -0.0654 -0.82527 -3.54035
vn -0.171524 0.405842 0.897704
v -0.858 -0.5736 -3.41672
vn -0.350366 0.22737 0.908596
v -0.426567 -0.788862 -3.55076
vn 0.0883755 -0.00625111 0.996068
v -0.53562 -0.78568 -3.49622
vn 0.61259 0.362791 0.702223
v -1.28823 -0.306665 -3.3215
vn 0.0446451 -0.271142 0.961503
v -1.26704 -0.43138 -3.34823
vn 0.245477 0.337044 0.908924
v -1.07793 -0.50699 -3.43142
vn 0.337917 -0.127535 0.932495
v -1.17556 -0.55714 -3.32117
vn 0.415739 0.751099 0.512847
v 0.62931 -0.65061 -3.77696
vn -0.0491829 0.264737 0.963065
v 0.58392 -0.75047 -3.71482
vn 0.202386 0.517197 0.831593
v 0.32594 -0.8878 -3.58604
vn 0.319843 0.382654 0.866762
v -0.86261 -0.632365 -3.39598
vn -0.291622 0.526133 0.798837
v -0.81764 -0.67003 -3.35443
vn 0.135923 0.606057 0.783722
v -0.66415 -0.78615 -3.34694
vn 0.502112 0.78197 0.369332
v -0.58693 -0.77774 -3.44869
vn 0.6313 0.539704 0.556937
v -0.932485 -0.495315 -3.45763
vn -0.227327 0.0830858 0.970268
v -0.46293 -0.81016 -3.538
vn 0.462429 0.228938 0.85659
v -1.3127 -0.40506 -3.34528
vn 0.292892 0.131631 0.947041
v -1.02805 -0.50603 -3.44443
vn 0.127908 -0.0363093 0.991121
v -1.11551 -0.55863 -3.41954
vn 0.815638 0.0684719 0.574497
v -1.35693 -0.230582 -3.30083
vn -0.0156693 -0.241071 0.970381
v -1.42456 -0.20977 -3.29803
vn -0.0598388 -0.0783296 0.99513
v 0.68454 -0.64427 -3.76095
vn -0.190611 0.108931 0.975603
v 0.73539 -0.6749 -3.75131
vn -0.114136 0.0859792 0.989738
v 0.09962 -0.90824 -3.45474
vn 0.0786725 0.940458 0.330681
v 0.66592 -0.81839 -3.6905
vn 0.191247 0.563744 0.803503
v 0.46317 -0.92023 -3.59841
vn 0.0195501 0.658336 0.75247
v 0.6463 -0.70047 -3.75102
vn 0.00745073 0.446957 0.894525
v -0.15993 -0.82485 -3.55562
vn -0.0628105 0.249273 0.966394
v -0.81099 -0.71881 -3.31088
vn 0.40178 0.768508 0.497964
v -0.93574 -0.60517 -3.44067
vn -0.182125 0.215016 0.959478
v -0.46561 -0.84477 -3.51965
vn 0.54366 0.610013 0.57647
v -1.33298 -0.45362 -3.31239
vn 0.33906 0.570747 0.747854
v -1.09538 -0.545905 -3.43536
vn 0.484493 -0.239568 0.841352
v 0.69597 -0.74939 -3.73264
vn 0.107216 0.447489 0.887839
v 0.62926 -0.89809 -3.61705
vn 0.0663158 0.665394 0.743541
v 0.39478 -0.93402 -3.60229
vn 0.199287 0.528541 0.825184
v -0.36594 -0.85616 -3.54674
vn 0.0896446 0.445217 0.890924
v -0.16919 -0.87274 -3.53756
vn -0.143616 0.567276 0.810908
v -0.853875 -0.67709 -3.3414
vn 0.0930294 0.839863 0.534767
v -0.81051 -0.75764 -3.22542
vn 0.418936 0.866775 0.270543
v -0.49418 -0.86012 -3.45127
vn 0.47446 0.826261 0.303612
v -0.40226 -0.86216 -3.54589
vn 0.216534 0.419765 0.881425
v -1.35749 -0.308215 -3.32273
vn 0.0621558 -0.186549 0.980477
v -1.33787 -0.55634 -3.20484
vn 0.281033 0.787005 0.549221
v -1.05696 -0.55822 -3.44829
vn 0.00469559 -0.249077 0.968472
v -1.1015 -0.597805 -3.42033
vn 0.672514 0.637886 0.375267
v -1.67326 -0.2847 -3.31619
vn 0.0516038 0.306163 0.950579
v 0.70761 -0.70401 -3.74771
vn -0.0440141 0.250943 0.967001
v 0.37428 -0.93989 -3.56435
vn 0.1714 0.938011 0.30126
v 0.5512 -0.96591 -3.49398
vn 0.0975807 0.972617 0.210937
v -0.25249 -0.89991 -3.53259
vn 0.00736494 0.610823 0.791733
v -0.2022 -0.91324 -3.49689
vn -0.0266357 0.972018 0.23339
v -0.908625 -0.642915 -3.39755
vn -0.060621 0.837924 0.54241
v -0.88191 -0.69958 -3.29496
vn 0.313108 0.875043 0.369137
v -0.55583 -0.89133 -3.18976
vn 0.323942 0.919614 0.222196
v -0.51981 -0.87989 -3.34938
vn 0.381833 0.902825 0.197764
v -0.41509 -0.87496 -3.52206
vn 0.337251 0.790625 0.511052
v -1.35709 -0.38044 -3.33014
vn 0.244292 0.174724 0.953831
v -1.44958 -0.49302 -3.23922
vn 0.192952 0.697291 0.69033
v -1.27585 -0.72374 -2.95091
vn 0.0467818 0.872613 0.486167
v -1.09899 -0.60608 -3.3948
vn 0.522237 0.852484 0.0232198
v -0.3348 -0.91532 -3.39315
vn 0.084521 0.993656 0.074189
v -0.94122 -0.69501 -3.24452
vn 0.322762 0.916478 0.236419
v -0.76606 -0.81038 -3.10076
vn 0.46103 0.868657 0.181347
v -0.99496 -0.58964 -3.447
vn -0.0592769 0.0494113 0.997018
v -0.39999 -0.9013 -3.47749
vn 0.281123 0.951771 0.122892
v -1.4529 -0.29415 -3.31346
vn 0.0981778 -0.01739 0.995017
v -1.44922 -0.41931 -3.29184
vn 0.243044 0.450459 0.859079
v -1.46936 -0.58344 -3.12164
vn 0.142222 0.802897 0.578904
v -1.06283 -0.67263 -3.161
vn 0.264229 0.921586 0.284363
v -1.07331 -0.590935 -3.45638
vn 0.37871 0.352853 0.855613
v -1.04143 -0.63687 -3.3456
vn 0.396983 0.898899 0.185431
v 0.51363 -0.99941 -3.29681
vn 0.14071 0.971287 0.191837
v -0.32828 -0.90139 -3.51115
vn 0.107888 0.932704 0.344127
v -0.23031 -0.93804 -3.15141
vn 0.0300489 0.990829 0.131742
v -0.977373 -0.62261 -3.43364
vn -0.0682175 0.681181 0.72893
v -0.94297 -0.66442 -3.34408
vn 0.22118 0.926596 0.304138
v -0.91206 -0.72741 -3.13955
vn 0.403473 0.902869 0.148449
v -0.64247 -0.90681 -2.97323
vn 0.494882 0.848674 0.186667
v -1.7143 -0.48528 -3.1856
vn 0.170968 0.66602 0.726077
v -1.07991 -0.69651 -3.02158
vn -0.00886332 0.985581 0.168971
v -1.63579 -0.69739 -2.92809
vn 0.125902 0.803768 0.581469
v -1.05963 -0.62225 -3.42781
vn 0.324828 0.903851 0.278461
v -1.49909 -0.36138 -3.29876
vn 0.164236 0.38377 0.908706
v -0.87525 -0.75887 -2.99327
vn 0.515441 0.851395 0.0972001
v -0.52766 -0.95371 -3.06289
vn 0.384456 0.884783 0.26335
v -1.06919 -0.71832 -2.91576
vn -0.0822009 0.921107 0.380532
v -0.98841 -0.70467 -3.06199
vn 0.298766 0.950536 0.0849686
v -0.98952 -0.63673 -3.40724
vn 0.132751 0.959306 0.249218
v -0.44455 -0.95517 -3.11253
vn 0.0881933 0.886999 0.453271
v -0.51597 -0.96467 -3.00761
vn 0.235128 0.970611 0.0512746
v -0.82986 -0.81386 -2.84522
vn 0.629096 0.750704 0.201695
v -0.99382 -0.7049 -2.98054
vn 0.194214 0.977418 0.0832813
v -1.06975 -0.83209 -2.71204
vn -0.128177 0.814224 0.566225
v -0.43609 -0.97186 -3.05547
vn -0.0316446 0.994849 0.096303
v -0.89842 -0.73327 -2.9089
vn 0.708246 0.705159 -0.0337548
v -1.2712 -1.01664 -2.49808
vn -0.0719396 0.806291 0.587129
v -0.42451 -0.96773 -2.95936
vn -0.10761 0.993748 -0.0297375
v -0.94346 -0.70658 -2.93866
vn 0.537071 0.828224 -0.16
v -0.91063 -0.72048 -2.85832
vn 0.681214 0.682023 0.266068
v -1.14011 -1.0469 -2.46091
vn -0.0241823 0.730752 0.682214
v -0.94627 -0.69218 -2.87155
vn 0.478621 0.875345 -0.0685081
v -0.90391 -0.77423 -2.78143
vn 0.547238 0.709412 0.444146
v -1.18944 -1.12503 -2.39423
vn 0.119439 0.712306 0.691631
v -0.9619 -0.693 -2.90373
vn 0.279207 0.941192 -0.190264
v -0.93548 -0.71714 -2.82641
vn 0.303904 0.722091 0.621472
v -0.8889 -0.87952 -2.61997
vn 0.249418 0.790298 0.55966
v -1.21884 -1.14874 -2.34797
vn 0.32936 0.781497 0.52989
v -0.9557 -0.77684 -2.75338
vn -0.00837313 0.774279 0.632789
v -1.27446 -1.11397 -2.36153
vn 0.303616 0.801587 0.515049
v -1.12625 -1.11205 -2.40281
vn -0.137968 0.648993 0.74818
v -0.95119 -0.69556 -2.84842
vn -0.00569844 0.79928 0.600931
v -1.22808 -1.15646 -2.31959
vn 0.262567 0.94399 0.199853
v -1.36901 -1.08341 -2.36896
vn 0.219307 0.836975 0.501375
v -1.17247 -1.15758 -2.36072
vn 0.109014 0.954351 0.278083
v -1.1128 -1.08219 -2.41995
vn -0.351968 0.580164 0.734526
v -1.34062 -1.12978 -2.28401
vn 0.263738 0.901611 0.342842
v -1.28971 -1.15028 -2.24618
vn 0.19342 0.973439 0.122496
v -1.20605 -1.15963 -2.26342
vn 0.0218758 0.999595 -0.0182229
v 0.11708 -0.61413 3.64887
vn -0.180756 0.983363 -0.0180237
v 0.06566 -0.62417 3.64725
vn -0.417745 0.87553 -0.242769
v 0.06253 -0.62243 3.68012
vn -0.189047 0.979481 -0.0698506
v 0.123195 -0.619165 3.57033
vn -0.29342 0.933876 -0.204403
v 0.055815 -0.645965 3.6279
vn -0.724371 0.365978 -0.584249
v 0.08791 -0.64522 3.55953
vn -0.739821 0.65856 -0.137709
v 0.072705 -0.65078 3.59838
vn -0.88369 0.304265 -0.35569
v 0.05986 -0.70561 3.60989
vn -0.811473 0.347344 0.469962
v 0.09984 -0.64365 3.51265
vn -0.491076 0.867071 0.0838528
v 0.04361 -0.69963 3.45806
vn -0.858929 0.494419 0.133384
v -0.05163 -0.87326 3.44858
vn -0.710097 0.650091 0.270451
v 0.130205 -0.63376 3.47819
vn -0.203268 0.978589 0.0323467
v 0.00567 -0.76281 3.37294
vn -0.924816 0.3804 -0.00331908
v 0.07308 -0.94243 3.73795
vn -0.602173 0.60612 0.519621
v 0.20454 -0.71337 3.68422
vn -0.396962 0.419332 0.816445
v -0.25133 -1.08392 3.70927
vn -0.612541 0.761003 0.213702
v 0.06149 -0.64943 3.39115
vn -0.620948 0.739426 0.26014
v 0.02026 -0.67999 3.3577
vn -0.882254 0.347364 0.317751
v -0.00817 -0.84377 3.34771
vn -0.898425 0.300994 -0.319742
v -0.24109 -1.07262 3.51109
vn -0.755092 0.613688 0.2307
v 0.00524 -0.72274 3.31722
vn -0.99525 -0.086154 0.0453422
v 0.01486 -0.79653 3.30122
vn -0.957433 0.0290203 -0.287192
v -0.03397 -0.87565 3.35855
vn -0.481456 0.860016 -0.169035
v -0.31116 -1.23491 3.61772
vn -0.925162 0.378191 -0.0323505
v -0.16583 -0.93587 3.40629
vn -0.0681848 0.829181 0.554807
v 0.10262 -0.63034 3.3718
vn -0.249693 0.959961 0.126998
v 0.02048 -0.646195 3.31919
vn -0.482285 0.796759 0.364112
v -0.01666 -0.660015 3.26996
vn -0.97853 -0.123136 0.165279
v -0.01412 -0.87754 3.32663
vn -0.67789 0.492515 -0.545797
v -0.30667 -1.23739 3.49776
vn -0.937934 0.338572 0.0751593
v -0.10527 -0.90625 3.34488
vn -0.422049 0.906198 -0.0260668
v -0.33343 -0.97791 3.55341
vn -0.726272 0.677932 0.11374
v 0.13537 -0.62455 3.37468
vn -0.00359896 0.995644 -0.0931689
v -0.00695 -0.70252 3.25757
vn -0.97995 -0.138345 0.143383
v -0.04004 -0.89062 3.32845
vn -0.342106 0.881255 -0.326118
v -0.29604 -1.15083 3.37368
vn -0.975832 0.206545 -0.0713512
v -0.17745 -0.92358 3.33807
vn -0.169784 0.974399 0.147377
v 0.11613 -0.62919 3.30061
vn 0.0728822 0.996203 -0.0476289
v 0.0622025 -0.63066 3.27102
vn -0.114458 0.992862 0.0335389
v -0.33011 -1.29706 3.42394
vn -0.949259 0.308774 -0.059724
v -0.13129 -0.91272 3.3256
vn -0.227203 0.957877 0.175642
v -0.24569 -0.93431 3.30209
vn -0.865417 0.450085 0.220175
v -0.01397 -0.6468 3.27698
vn -0.486249 0.870326 0.0780704
v -0.311905 -1.23697 3.3196
vn -0.971513 0.230137 -0.0565577
v -0.07904 -0.90042 3.32211
vn -0.314281 0.934122 -0.169243
v 0.19567 -0.64195 3.33344
vn 0.156622 0.987105 -0.0330736
v -0.00754 -0.65178 3.23698
vn -0.771323 0.634944 0.0436608
v -0.33886 -1.31205 3.32871
vn -0.888195 0.45889 0.0230109
v -0.1445 -0.90663 3.28358
vn -0.187007 0.926829 0.325601
v -0.28372 -1.06021 3.21431
vn -0.975616 0.0988582 0.195962
v -0.0253125 -0.656448 3.1885
vn -0.68826 0.690061 0.223861
v -0.351995 -1.35502 3.41808
vn -0.822438 0.568213 0.0270225
v -0.16368 -0.86967 3.20167
vn 0.280832 0.686179 0.671038
v -0.31691 -0.81417 3.17204
vn -0.87887 -0.00461429 0.477038
v -0.29588 -1.16436 3.2775
vn -0.991663 0.113177 -0.0616123
v 0.11938 -0.6343 3.083
vn 0.107366 0.993656 -0.0334707
v 0.071985 -0.629475 3.19673
vn -0.0251374 0.999376 -0.0248171
v 0.006015 -0.640075 3.19961
vn -0.319572 0.945938 0.0554543
v -0.314725 -1.27048 3.26309
vn -0.920415 0.272338 -0.280478
v -0.29112 -0.76831 3.2035
vn 0.0206907 0.514714 0.857112
v -0.2938 -1.20469 3.23869
vn -0.971799 0.115544 -0.205561
v 0.19544 -0.6472 3.01201
vn 0.145505 0.989008 -0.0263025
v -0.37751 -1.36605 3.33458
vn -0.451624 0.89155 0.0342744
v -0.35986 -1.35133 3.43962
vn -0.839044 0.324095 -0.436999
v 0.00103 -0.641815 3.13978
vn -0.218006 0.973052 -0.0751138
v 0.10437 -0.63714 3.04456
vn -0.0100552 0.996848 -0.0786927
v -0.029705 -0.659816 3.14658
vn -0.737919 0.606907 -0.295193
v -0.325665 -1.30825 3.24477
vn -0.797673 0.567587 -0.203869
v -0.36896 -1.34999 3.29486
vn -0.586148 0.81016 0.00842825
v -0.41188 -1.37101 3.40438
vn -0.247731 0.968465 -0.0265623
v -0.27911 -1.22688 3.21522
vn -0.855264 0.114045 -0.505488
v -0.26022 -1.23556 3.18215
vn -0.852707 0.362338 -0.376299
v 0.05137 -0.63906 3.0726
vn -0.154807 0.981476 -0.112872
v 0.01272 -0.64869 3.07164
vn -0.600459 0.735944 -0.312785
v -0.02044 -0.66919 3.12106
vn -0.870465 0.38618 -0.305214
v -0.31181 -1.31829 3.02568
vn -0.459281 0.888279 0.00467714
v -0.33168 -1.3257 3.19156
vn -0.635909 0.768451 -0.0714293
v -0.43691 -1.3802 3.28336
vn -0.356985 0.931243 0.0731333
v -0.25702 -1.26927 3.10088
vn -0.710907 0.684054 -0.163347
v -0.45218 -1.38561 3.33394
vn -0.182712 0.982477 -0.0368174
v -0.46313 -1.38067 3.16284
vn -0.33461 0.940218 0.0634475
v -0.23641 -1.22003 3.11778
vn -0.849147 0.435609 -0.298654
v -0.14665 -1.21005 2.90848
vn -0.690983 0.699851 -0.18097
v -0.417822 -1.0825 -2.47407
vn 0.536501 0.74935 0.388125
v -0.48149 -1.0663 -2.43716
vn 0.398956 0.666056 0.630241
v -0.45286 -1.05008 -2.49614
vn 0.398518 0.877628 0.266368
v -0.41532 -1.11026 -2.43691
vn 0.461103 0.746282 0.480049
v -0.47152 -1.10627 -2.41075
vn 0.271017 0.612427 0.742619
v -0.41932 -1.06492 -2.52448
vn 0.458441 0.861181 0.219541
v -0.48026 -1.03941 -2.51983
vn 0.201929 0.978888 0.031673
v -0.44346 -1.14927 -2.36571
vn 0.105084 0.88502 0.453538
v -0.34957 -1.11367 -2.50324
vn 0.407733 0.829082 0.382592
v -0.53654 -1.03759 -2.44262
vn 0.235012 0.928852 0.28636
v -0.38915 -1.14265 -2.39509
vn 0.316264 0.878633 0.357745
v -0.35094 -1.08488 -2.5695
vn 0.336506 0.876766 0.343577
v -0.54087 -1.04961 -2.41833
vn 0.213144 0.479714 0.851143
v -0.35016 -1.14343 -2.45289
vn 0.217145 0.946007 0.240664
v -0.495825 -1.14383 -2.37532
vn 0.036895 0.731374 0.680977
v -0.21027 -1.13094 -2.58543
vn 0.301471 0.867257 0.396209
v -0.42684 -1.05342 -2.59461
vn 0.214 0.966017 0.144965
v -0.57125 -1.02373 -2.51043
vn 0.146306 0.984102 0.100687
v -0.558239 -1.11686 -2.38651
vn 0.150495 0.500186 0.85274
v -0.28283 -1.06181 -2.67023
vn 0.0548406 0.901575 0.429133
v -0.281533 -1.15021 -2.46459
vn 0.199463 0.958672 0.202884
v -0.59112 -1.0311 -2.4561
vn 0.000600801 0.902512 0.430664
v -0.35954 -1.15225 -2.34685
vn 0.0318761 0.996551 0.076616
v -0.45989 -1.04125 -2.67789
vn 0.0852456 0.988082 0.128169
v -0.54203 -1.03243 -2.61909
vn 0.176441 0.984288 -0.00671397
v -0.46824 -1.15695 -2.34173
vn -0.0293919 0.995957 0.0848851
v -0.43774 -1.01422 -2.78489
vn -0.0722242 0.935852 0.344912
v -0.59122 -1.06032 -2.41188
vn 0.047286 0.693242 0.719152
v -0.68673 -0.99551 -2.52636
vn 0.349049 0.907698 0.232916
v -0.623134 -1.14467 -2.34897
vn 0.315347 0.7127 0.62659
v -0.183408 -1.15424 -2.54229
vn 0.148245 0.968137 0.201826
v -0.49993 -1.03086 -2.74485
vn 0.0227394 0.968764 0.24694
v -0.1233 -0.91607 -2.90838
vn -0.258251 0.920987 0.291702
v -0.65826 -1.04331 -2.42383
vn 0.140154 0.867136 0.477945
v -0.560106 -1.15325 -2.35436
vn 0.0929799 0.847589 0.522444
v -0.57139 -1.02657 -2.70525
vn 0.212575 0.976408 0.0379348
v -0.610186 -1.01346 -2.66497
vn 0.369938 0.927964 0.0450321
v -0.141095 -1.14353 -2.60326
vn 0.242864 0.850459 0.466622
v -0.42451 -0.96773 -2.95936
vn -0.0778395 0.982054 0.17179
v -0.11462 -1.04033 -2.71762
vn -0.17319 0.786985 0.592166
v -0.64324 -1.07221 -2.39429
vn 0.185043 0.635825 0.749323
v -0.75114 -1.0273 -2.40982
vn 0.322525 0.788235 0.524083
v -0.66298 -0.98699 -2.67477
vn 0.462535 0.870958 0.165813
v -0.23292 -1.15142 -2.42175
vn -0.0731287 0.994369 -0.0766943
v -0.35928 -1.15881 -2.21625
vn -0.0137455 0.999904 0.00187676
v -0.194125 -1.15605 -2.49322
vn -0.0486026 0.997463 -0.0520152
v -0.55712 -0.98315 -2.84488
vn 0.248324 0.904891 0.345697
v -0.23031 -0.93804 -3.15141
vn -0.166412 0.985929 -0.0158548
v -0.07327 -0.96884 -2.76428
vn -0.783923 0.47712 0.397267
v -0.86895 -0.94292 -2.4498
vn 0.433408 0.779839 0.451673
v -0.65576 -1.11323 -2.36085
vn 0.224221 0.651659 0.724614
v -0.8889 -0.87952 -2.61997
vn 0.480263 0.839931 0.252714
v -0.278484 -1.14701 -2.29817
vn -0.293695 0.946643 -0.132703
v -0.498265 -1.15646 -2.23092
vn -0.00944339 0.999955 9.49583e-05
v -0.15258 -1.11413 -2.63846
vn 0.181847 0.72748 0.661593
v -0.54183 -1.01556 -2.78524
vn 0.0691585 0.909589 0.409714
v -0.64247 -0.90681 -2.97323
vn 0.421024 0.851691 0.312027
v -0.05454 -0.89635 -2.79375
vn -0.868944 0.411698 0.274665
v -0.06363 -1.05742 -2.66572
vn -0.787396 0.330195 0.520556
v -0.7388 -1.08801 -2.3615
vn 0.126315 0.569441 0.812269
v -0.8163 -1.00995 -2.39486
vn 0.167024 0.674766 0.718884
v -0.57348 -1.01962 -2.76192
vn 0.282526 0.933944 0.218926
v -0.68461 -0.94385 -2.78453
vn 0.509513 0.805384 0.302908
v -0.615242 -1.15888 -2.3133
vn 0.0595494 0.998065 0.0179
v -0.132965 -1.15482 -2.54197
vn -0.237092 0.964029 -0.120149
v -0.0994975 -1.14393 -2.60927
vn -0.204017 0.969831 0.133433
v -0.60482 -1.00179 -2.76588
vn 0.472571 0.817425 0.329384
v -0.0507 -0.95307 -2.68149
vn -0.988293 0.14945 0.030671
v -0.80402 -1.03888 -2.37546
vn 0.171011 0.518554 0.837769
v -0.95981 -0.86787 -2.43638
vn 0.590076 0.753696 0.289401
v -0.82986 -0.81386 -2.84522
vn 0.551476 0.768123 0.325364
v -0.087045 -1.11937 -2.64524
vn -0.0446167 0.689351 0.723053
v -0.03243 -0.84006 -2.73581
vn -0.980395 0.191055 0.0482085
v -0.03066 -0.78998 -2.85735
vn -0.976046 0.210542 0.0548352
v -0.0434 -0.81817 -2.89164
vn -0.855086 0.509161 0.0978898
v -0.71853 -1.13582 -2.31918
vn 0.0654794 0.79491 0.603183
v -0.98532 -0.85147 -2.46499
vn 0.439099 0.891346 0.11267
v -0.93957 -0.98357 -2.40089
vn -0.0777611 0.335982 0.938653
v -0.65519 -1.14841 -2.3114
vn 0.203653 0.935137 0.289905
v -0.16082 -1.14215 -2.42865
vn -0.330808 0.883505 -0.33164
v -0.21329 -1.1436 -2.38932
vn -0.331273 0.885882 -0.324762
v -0.32594 -1.14692 -2.14005
vn -0.371559 0.915089 -0.156704
v -0.379174 -1.15447 -2.14314
vn -0.0559519 0.997534 -0.04238
v -0.0305413 -0.816346 -2.67436
vn -0.987008 0.125173 -0.100735
v -0.035595 -0.81532 -2.9546
vn -0.829098 0.526302 -0.188689
v -0.05649 -1.04404 -2.60368
vn -0.989441 -0.0356369 -0.14049
v -0.78871 -1.14702 -2.31604
vn -0.0201692 0.690593 0.722962
v -0.9728 -0.89095 -2.4176
vn 0.184975 0.19501 0.9632
v -0.87515 -1.04629 -2.37057
vn -0.0699407 0.370614 0.92615
v -0.60221 -1.15953 -2.13443
vn -0.0175088 0.999765 0.0127649
v -0.06118 -0.9079 -2.59804
vn -0.950175 0.105532 -0.29331
v -0.02058 -0.777395 -2.94082
vn -0.940456 0.302504 -0.155028
v -0.050875 -1.10185 -2.61822
vn -0.99037 -0.0600628 0.124738
v -0.058465 -1.1246 -2.63009
vn -0.725232 0.59769 0.341768
v -0.701701 -1.15638 -2.26373
vn -0.0265411 0.980212 0.196165
v -0.98012 -0.85869 -2.417
vn 0.402017 0.584272 0.704989
v -1.01661 -0.92676 -2.42956
vn -0.464574 0.206778 0.861054
v -0.198957 -1.11793 -2.35733
vn -0.676755 0.553766 -0.485124
v -0.26626 -1.13041 -2.26205
vn -0.664725 0.69155 -0.282663
v -0.115475 -1.13678 -2.4891
vn -0.494806 0.829572 -0.2588
v -0.02191 -0.75019 -2.74353
vn -0.972953 0.223318 -0.0590981
v -0.0229338 -0.74187 -2.82666
vn -0.920145 0.390772 0.0250978
v -0.00795 -0.81339 -3.02311
vn -0.832552 0.412825 -0.369369
v -0.076785 -0.988968 -2.5497
vn -0.927404 -0.0864666 -0.363931
v -0.87009 -1.13471 -2.33242
vn -0.215556 0.523753 0.824147
v -1.02266 -0.851605 -2.42153
vn 0.140408 0.504959 0.851647
v -1.0133 -1.02409 -2.40264
vn -0.278855 0.316997 0.906506
v -0.646985 -1.15801 -2.04187
vn -0.0203246 0.999677 -0.0152534
v -0.08625 -1.13523 -2.55578
vn -0.563728 0.811779 -0.152398
v -0.0682125 -0.812575 -2.55876
vn -0.87435 0.13388 -0.466464
v -0.02358 -0.73091 -2.69499
vn -0.820802 0.563071 -0.0960974
v -0.009335 -0.737175 -2.91588
vn -0.787386 0.604967 -0.118485
v 0.00229 -0.760605 -3.02134
vn -0.913661 0.289893 -0.284932
v -0.056115 -1.09988 -2.5785
vn -0.948182 0.0808996 -0.307257
v -0.77772 -1.15566 -2.30329
vn 2.63655e-05 0.901508 0.432762
v -1.00504 -1.1084 -2.37242
vn -0.217125 0.392253 0.893865
v -1.04828 -0.99577 -2.43477
vn -0.703113 0.43925 0.559188
v -0.10341 -1.11345 -2.46272
vn -0.787151 0.304619 -0.536284
v -0.143225 -1.11954 -2.41871
vn -0.672346 0.326492 -0.664344
v -0.710743 -1.16201 -2.15962
vn -0.0089238 0.999932 -0.0074478
v -0.35179 -1.14621 -1.99112
vn -0.141598 0.983462 -0.112929
v -0.466165 -1.14995 -1.9166
vn -0.107304 0.991497 -0.0736115
v -0.270305 -1.11213 -2.21741
vn -0.862562 0.392536 -0.319221
v -0.079185 -1.11969 -2.53002
vn -0.845374 0.433117 -0.312653
v -0.103753 -0.88306 -2.50728
vn -0.865714 -0.00276487 -0.500532
v -0.873625 -1.15538 -2.29172
vn -0.143541 0.967418 0.208561
v -1.10469 -1.10824 -2.40108
vn -0.346417 0.450236 0.822972
v -1.04234 -0.94073 -2.50654
vn -0.817193 0.488028 0.306632
v -0.178885 -1.09338 -2.36739
vn -0.794843 0.163552 -0.584358
v -0.22916 -1.09338 -2.29196
vn -0.825397 0.391941 -0.406327
v -0.338573 -1.14124 -2.05968
vn -0.324427 0.945249 0.0353818
v -0.306051 -1.12494 -2.13214
vn -0.721713 0.663601 -0.196884
v -0.001315 -0.723668 -2.76104
vn -0.454945 0.889716 -0.0378215
v -0.0443219 -0.752691 -2.58292
vn -0.849522 0.396596 -0.347884
v -0.0187925 -0.734333 -2.64246
vn -0.783707 0.620837 0.0191132
v 0.00646 -0.72167 -2.97865
vn -0.454375 0.865622 -0.210338
v -0.084725 -1.09366 -2.50234
vn -0.923708 -0.0268715 -0.382153
v -0.801558 -1.16127 -2.26743
vn 0.0141012 0.989008 0.147189
v -1.08588 -1.03993 -2.43405
vn -0.469034 0.536851 0.701284
v -0.754352 -1.16092 -2.05387
vn -0.0119026 0.999888 -0.0090475
v -0.29496 -1.1019 -2.13155
vn -0.939941 0.161318 -0.30081
v -0.127055 -0.950835 -2.46035
vn -0.860628 -0.094073 -0.500469
v -0.10411 -1.06224 -2.47023
vn -0.83333 -0.0847163 -0.546246
v -0.98687 -1.15243 -2.34484
vn -0.0788196 0.62102 0.779822
v -0.210315 -1.04638 -2.31244
vn -0.864436 0.0036264 -0.502729
v -0.693106 -1.15662 -1.91233
vn -0.0211517 0.999709 -0.0116074
v 0.03424 -0.71758 -2.75134
vn 0.0499671 0.996574 -0.0659065
v -0.15777 -0.794581 -2.41902
vn -0.821761 0.135266 -0.553545
v -0.128807 -0.757087 -2.44451
vn -0.767317 0.377907 -0.518085
v 0.01682 -0.73564 -3.02044
vn -0.542407 0.762032 -0.353697
v -0.930185 -1.16112 -2.32561
vn -0.0391923 0.932916 0.357954
v -0.266988 -1.05277 -2.20169
vn -0.910418 0.00362121 -0.413674
v -0.392837 -1.13189 -1.92947
vn -0.509378 0.714034 -0.480302
v -0.48832 -1.15021 -1.83216
vn -0.219621 0.964568 -0.146205
v -0.31214 -1.11872 -2.06488
vn -0.899665 0.435136 -0.0354922
v 0.0072725 -0.71526 -2.66332
vn -0.177347 0.984115 -0.00805197
v 0.0113775 -0.718967 -2.88235
vn -0.195157 0.980733 0.00872366
v -0.23596 -0.79037 -2.30157
vn -0.851818 0.00116899 -0.523837
v -0.88073 -1.1634 -2.19168
vn -0.00713594 0.99996 -0.005399
v -1.03356 -1.14389 -2.35579
vn -0.159827 0.725102 0.669837
v -0.20318 -0.983425 -2.33735
vn -0.858132 -0.0755909 -0.507834
v -0.32741 -1.13871 -1.99241
vn -0.698339 0.658248 -0.281126
v -0.56142 -1.15342 -1.84721
vn -0.0380036 0.999237 -0.0090289
v -0.73941 -1.15852 -1.85411
vn -0.0147561 0.999753 0.0165939
v -0.427865 -1.13535 -1.87721
vn -0.609627 0.762719 -0.215903
v -0.93809 -1.15841 -1.87968
vn 0.00539551 0.999733 -0.022487
v -0.29184 -1.06266 -2.12821
vn -0.984445 -0.0813237 -0.155738
v 0.07947 -0.72426 -2.83124
vn 0.12007 0.992544 0.020949
v -0.088615 -0.73959 -2.48624
vn -0.640571 0.641308 -0.422366
v -0.213313 -0.901555 -2.32429
vn -0.868292 -0.0524299 -0.493275
v 0.06852 -0.71592 -3.00311
vn -0.0782464 0.985967 -0.147465
v -1.14065 -1.12244 -2.39543
vn -0.116893 0.700405 0.704109
v -0.83328 -1.15486 -1.79923
vn -0.00193015 0.999595 -0.0283995
v -0.30073 -1.06375 -2.03987
vn -0.995682 0.0757459 -0.0536632
v 0.06843 -0.71575 -2.93137
vn 0.0760618 0.995891 0.0491577
v 0.13861 -0.7289 -2.7237
vn 0.120415 0.98971 -0.0772901
v -0.0368425 -0.728917 -2.55861
vn -0.548374 0.804 -0.229934
v -1.023 -1.15809 -2.31861
vn -0.00993421 0.986029 0.166277
v -0.31748 -1.10243 -1.97645
vn -0.724528 0.378031 -0.576326
v -0.500552 -1.14132 -1.80128
vn -0.262026 0.929634 -0.259082
v -0.44171 -1.13266 -1.84776
vn -0.666596 0.467726 -0.580415
v -0.29992 -0.97585 -2.15139
vn -0.91586 -0.0498598 -0.398391
v -0.06092 -0.72338 -2.48856
vn -0.269096 0.950572 -0.154924
v -1.14191 -1.14957 -2.36661
vn -0.0786163 0.854203 0.513962
v -0.306137 -1.08821 -2.00064
vn -0.968493 0.175278 -0.176915
v -0.37375 -1.0474 -1.87389
vn -0.684676 0.47567 -0.552228
v -0.40323 -1.10802 -1.88478
vn -0.755099 0.39342 -0.524449
v -0.58064 -1.15392 -1.77411
vn -0.25322 0.929582 -0.267874
v -1.04651 -1.15726 -1.99371
vn 0.013829 0.999482 -0.0290586
v -0.30636 -0.98572 -2.12577
vn -0.995221 -0.0776056 -0.0592714
v -0.30025 -0.98791 -2.0529
vn -0.998263 0.0161119 0.0566704
v 0.049405 -0.711345 -2.5886
vn -0.000695813 0.999813 -0.0193373
v 0.108 -0.71489 -2.66101
vn 0.0749176 0.99368 -0.0835868
v 0.14962 -0.73304 -2.91397
vn 0.190613 0.97869 0.0763731
v -0.22291 -0.76229 -2.30878
vn -0.79294 0.307398 -0.526072
v -0.2736 -0.78003 -2.23186
vn -0.895508 0.102311 -0.433126
v -1.04726 -1.16399 -2.17323
vn 0.0162483 0.999843 -0.00705085
v -0.318715 -1.02588 -1.93527
vn -0.843189 0.379285 -0.381018
v -0.529247 -1.13929 -1.76545
vn -0.231059 0.880815 -0.413252
v -0.48415 -1.12586 -1.79809
vn -0.581749 0.531384 -0.615791
v -0.15092 -0.727115 -2.37777
vn -0.5406 0.744761 -0.391257
v -0.11316 -0.70706 -2.37404
vn -0.309758 0.922016 -0.232244
v -0.28321 -0.863165 -2.19445
vn -0.920292 -0.0358343 -0.389588
v 0.11287 -0.72024 -2.98632
vn 0.143527 0.98827 0.0521825
v -1.17066 -1.15956 -2.35029
vn -0.0790714 0.955947 0.282691
v 0.1266 -0.71499 -2.61575
vn 0.0550078 0.998484 0.00172853
v -0.0672 -0.70605 -2.41238
vn -0.141953 0.973986 -0.176635
v 0.01948 -0.70697 -2.47464
vn -0.0150006 0.994092 -0.107501
v 0.12687 -0.71615 -2.53369
vn 0.0465426 0.997858 -0.0459733
v 0.11889 -0.72174 -3.0149
vn 0.106581 0.99397 -0.0257832
v -1.15279 -1.15992 -2.23208
vn 0.0254655 0.999675 -0.000737224
v -1.13046 -1.16002 -2.09595
vn 0.0223787 0.999438 -0.0249538
v -0.407518 -1.05437 -1.84831
vn -0.693143 0.331879 -0.639851
v -0.54057 -1.11812 -1.73293
vn -0.362003 0.580114 -0.729672
v -0.51297 -1.11932 -1.75354
vn -0.646401 0.488389 -0.586209
v -0.49852 -1.06566 -1.74304
vn -0.717817 0.359247 -0.596389
v -0.305637 -0.872897 -2.12301
vn -0.988974 0.00618795 -0.147962
v -0.242319 -0.72741 -2.25234
vn -0.616175 0.642394 -0.455695
v -1.17764 -1.16172 -2.30679
vn -0.000850034 0.999962 0.00862552
v -0.31314 -1.00533 -1.90744
vn -0.626818 0.733142 -0.263821
v -0.29574 -0.990373 -1.98565
vn -0.954895 0.295756 0.0265377
v -0.2991 -0.899599 -2.06447
vn -0.939352 0.00738743 0.342875
v -0.2907 -0.75891 -2.18227
vn -0.97272 0.0445237 -0.227672
v 0.1339 -0.68962 -2.26165
vn 0.0510842 0.995154 -0.0840228
v -1.20605 -1.15963 -2.26342
vn 0.0159213 0.999442 -0.0293763
v -0.377347 -1.02063 -1.8436
vn -0.3808 0.763291 -0.521898
v -0.27769 -0.96571 -1.95528
vn -0.727256 0.656075 0.201654
v -0.42405 -1.02086 -1.80413
vn -0.629695 0.588014 -0.507665
v -0.2837 -0.93829 -2.01375
vn -0.889874 0.263798 0.372202
v -0.0366 -0.68401 -2.27463
vn -0.0679167 0.993959 -0.0862145
v -0.337185 -1.00773 -1.8483
vn -0.135141 0.984448 -0.112249
v -0.29053 -1.00199 -1.87277
vn -0.2238 0.942331 0.248849
v 0.02396 -0.68669 -2.29763
vn 0.0279197 0.994343 -0.102484
v -0.28159 -0.703755 -2.17354
vn -0.503288 0.854723 -0.127078
v -0.30513 -0.784775 -2.10971
vn -0.983425 0.16659 -0.0715731
v -0.47669 -1.01957 -1.72874
vn -0.648107 0.606777 -0.460195
v -0.26543 -0.87366 -2.00848
vn -0.723237 0.101575 0.68309
v -0.206123 -0.709365 -2.24757
vn -0.260128 0.941268 -0.215286
v -0.306967 -0.825033 -2.07149
vn -0.987298 0.0520655 0.150106
v -0.394265 -1.00883 -1.81129
vn -0.142179 0.964673 -0.22179
v -0.24026 -0.9356 -1.94655
vn -0.642334 0.476523 0.600277
v 0.00363 -0.683595 -2.19999
vn 0.0157727 0.999872 0.00285196
v -0.245522 -0.992695 -1.88878
vn -0.320842 0.779833 0.537514
v -0.440367 -1.00665 -1.75952
vn -0.389853 0.873319 -0.292109
v -0.18655 -0.88352 -1.94006
vn -0.590836 0.275049 0.758459
v -0.29181 -0.77438 -2.02748
vn -0.901254 -0.0339528 0.431958
v 0.14357 -0.6917 -2.20406
vn 0.0748871 0.996479 0.0377063
v -0.13785 -0.69013 -2.19402
vn -0.0915789 0.993094 -0.0733383
v -0.251165 -1.00301 -1.81949
vn -0.0213378 0.998882 -0.0421752
v -0.48187 -1.00586 -1.70679
vn -0.300475 0.884636 -0.356558
v -0.211296 -0.948945 -1.91395
vn -0.364482 0.557535 0.74586
v -0.20866 -0.80371 -1.96034
vn -0.597522 -0.133245 0.790704
v -0.27193 -0.79241 -2.00149
vn -0.74777 -0.2271 0.623911
v 0.06441 -0.6888 -2.14531
vn 0.0505981 0.998009 0.0376674
v -0.282581 -0.724746 -2.10343
vn -0.817714 0.575525 -0.0107243
v -0.454885 -0.99285 -1.67501
vn -0.123397 0.983223 -0.134334
v -0.290307 -0.722007 -2.04229
vn -0.928543 0.344061 0.13939
v -0.40015 -0.98788 -1.64207
vn -0.00796144 0.995626 -0.0930916
v -0.18364 -0.960273 -1.89552
vn -0.239011 0.553533 0.797793
v -0.22702 -0.751115 -1.94551
vn -0.434903 -0.323855 0.840224
v -0.02728 -0.68509 -2.08686
vn 0.0184847 0.999736 0.0136543
v -0.202275 -0.689505 -2.1028
vn -0.121014 0.991539 -0.0469799
v -0.34571 -0.99028 -1.67118
vn -0.00196495 0.995582 -0.0938753
v -0.16265 -0.68524 -2.07648
vn -0.0495331 0.998748 0.0069723
v -0.258812 -0.702468 -2.10808
vn -0.459676 0.88687 -0.0464682
v -0.22574 -0.99835 -1.86317
vn -0.156314 0.947221 0.27989
v -0.24855 -0.72594 -1.94954
vn -0.693898 0.316443 0.646815
v -0.273055 -0.719065 -1.99714
vn -0.822248 0.467339 0.32481
v -0.220828 -0.691673 -2.00237
vn -0.0911572 0.991747 0.0901612
v -0.17404 -0.68966 -2.00984
vn -0.0507342 0.997821 0.0421916
v -0.274015 -0.69904 -2.06139
vn -0.41834 0.905681 -0.0687942
v -0.251125 -0.70254 -1.99108
vn -0.408278 0.868722 0.280412
v -0.21409 -0.69905 -1.97955
vn -0.147805 0.884451 0.442606
v 0.12881 -0.70203 -2.38141
vn 0.067804 0.98642 -0.149595
v 0.17852 -0.69464 -2.31015
vn 0.145584 0.983482 -0.107559
v 0.21721 -0.70538 -2.32781
vn 0.276993 0.941812 -0.190434
v 0.1339 -0.68962 -2.26165
vn 0.0677153 0.997463 -0.021955
v 0.28824 -0.72522 -2.2975
vn 0.339029 0.917559 -0.207715
v 0.28722 -0.71098 -2.24092
vn 0.331242 0.934967 -0.126946
v 0.2533 -0.7315 -2.37473
vn 0.352651 0.906223 -0.233234
v 0.257085 -0.70027 -2.1857
vn 0.181162 0.981821 0.0566298
v 0.14357 -0.6917 -2.20406
vn 0.076549 0.992858 0.0915032
v 0.35606 -0.73893 -2.23436
vn 0.381733 0.920474 -0.0837077
v 0.35412 -0.73735 -2.1682
vn 0.361984 0.922889 0.131312
v 0.27637 -0.725775 -2.11653
vn 0.316894 0.899925 0.29952
v 0.06441 -0.6888 -2.14531
vn 0.102258 0.992718 0.0636792
v 0.178098 -0.704732 -2.09923
vn 0.144365 0.967685 0.206745
v 0.35859 -0.7604 -2.1247
vn 0.549539 0.517248 0.656095
v 0.0665 -0.69392 -2.06648
vn 0.172803 0.935672 0.307665
v 0.192242 -0.724965 -2.05305
vn 0.344264 0.788025 0.510391
v 0.3191 -0.790065 -2.09247
vn 0.58342 0.23024 0.778852
v 0.39339 -0.75775 -2.18579
vn 0.858322 0.340729 0.38365
v -0.02728 -0.68509 -2.08686
vn 0.042875 0.995441 0.085196
v 0.120905 -0.716435 -2.05128
vn 0.0594118 0.861508 0.504256
v 0.257993 -0.7627 -2.06269
vn 0.533694 0.439881 0.722271
v 0.38376 -0.78055 -2.15261
vn 0.870724 0.00629924 0.491732
v 0.35932 -0.8141 -2.12424
vn 0.751774 0.0869358 0.653666
v 0.39398 -0.80503 -2.18019
vn 0.873763 0.0247844 0.485721
v -0.02578 -0.698995 -2.01801
vn 0.243539 0.832074 0.498339
v 0.32828 -0.8697 -2.0799
vn 0.682971 0.260761 0.682315
v 0.25078 -0.83734 -2.02567
vn 0.588842 0.220392 0.77762
v 0.060145 -0.719715 -2.05056
vn 0.275272 0.291548 0.916092
v 0.071665 -0.736247 -2.04334
vn -0.246728 0.501058 0.829497
v 0.17194 -0.74803 -1.98895
vn -0.0157713 0.701694 0.712304
v 0.20782 -0.763375 -2.02237
vn 0.621473 0.466312 0.629543
v 0.39573 -0.88845 -2.16244
vn 0.791328 0.229684 0.566608
v -0.16265 -0.68524 -2.07648
vn -0.0058634 0.998675 0.0511237
v -0.114625 -0.693429 -1.9959
vn 0.0668755 0.961306 0.267241
v 0.28301 -0.91433 -2.02635
vn 0.549406 0.288354 0.784222
v 0.37115 -0.95913 -2.07436
vn 0.594889 0.449798 0.666175
v 0.180112 -0.777443 -1.98369
vn 0.555054 0.141143 0.819752
v 0.0168988 -0.719397 -2.02875
vn 0.541231 0.412667 0.732649
v -0.17404 -0.68966 -2.00984
vn 0.00492415 0.992735 0.120223
v 0.21536 -0.89181 -1.9926
vn 0.438187 0.136264 0.888496
v 0.29299 -0.98576 -2.00205
vn 0.407807 0.376305 0.831918
v 0.17339 -0.86655 -1.9761
vn 0.20491 -0.018831 0.9786
v -0.020735 -0.733295 -1.98334
vn 0.647816 0.335351 0.684013
v 0.085015 -0.78191 -2.02354
vn -0.36611 0.185977 0.911798
v 0.15612 -0.818552 -1.97898
vn -0.324006 0.0770626 0.942911
v 0.40338 -1.00359 -2.04993
vn 0.381649 0.719098 0.580726
v 0.191065 -0.922485 -1.98407
vn 0.0891032 0.102024 0.990783
v -0.053005 -0.725745 -1.9653
vn 0.235084 0.520149 0.821085
v -0.13858 -0.71121 -1.9497
vn 0.00400848 0.681153 0.73213
v 0.0456625 -0.764845 -2.02868
vn 0.310397 0.241233 0.919489
v 0.286315 -1.01026 -1.98244
vn 0.317847 0.620657 0.716769
v -0.21367 -0.694995 -1.99104
vn -0.0789009 0.936014 0.343004
v 0.398275 -1.02854 -2.00261
vn 0.103369 0.930208 0.352175
v 0.42187 -1.00115 -2.07562
vn 0.498139 0.752941 0.430043
v 0.2943 -1.03025 -1.96095
vn 0.167357 0.936364 0.308568
v 0.15357 -0.960418 -1.98179
vn -0.206037 0.334025 0.91977
v 0.192887 -0.97416 -1.97033
vn 0.0265735 0.47048 0.882011
v 0.44237 -1.02071 -2.04904
vn 0.270947 0.911366 0.309838
v 0.13276 -0.94248 -1.99443
vn -0.23183 0.00610046 0.972737
v 0.06383 -0.878391 -2.00785
vn -0.0559027 0.134548 0.989329
v 0.105083 -0.866345 -2.00066
vn -0.292371 0.0651078 0.954086
v 0.206031 -1.0092 -1.95187
vn 0.204662 0.690858 0.693419
v 0.449175 -1.03022 -1.98356
vn -0.0365541 0.993729 0.105676
v -0.04605 -0.80573 -1.9421
vn 0.211238 0.239492 0.94764
v 0.36439 -1.03804 -1.93254
vn 0.0109132 0.999755 0.0192652
v -0.0271625 -0.813211 -1.95536
vn 0.605584 0.173101 0.776726
v -0.24283 -0.71766 -1.95677
vn -0.234265 0.453821 0.859748
v -0.185113 -0.731091 -1.94551
vn 0.0106843 0.0361316 0.99929
v 0.04062 -0.892055 -2.00128
vn 0.456232 0.138059 0.879086
v 0.0685875 -0.96367 -1.99738
vn 0.0920478 0.165266 0.981944
v 0.129361 -1.00602 -1.95359
vn -0.200466 0.829597 0.521136
v 0.012585 -0.876905 -1.981
vn 0.684839 0.131952 0.716648
v -0.0924325 -0.759778 -1.94874
vn 0.0290842 0.136584 0.990201
v 0.14853 -1.01583 -1.92107
vn 0.00871047 0.956655 0.291093
v 0.42185 -1.03156 -1.9009
vn -0.0894031 0.995877 -0.0153886
v 0.23037 -1.03094 -1.87924
vn 0.0708464 0.996398 0.0466121
v 0.30086 -1.02989 -1.86787
vn 0.0349246 0.997581 -0.0601037
v 0.08335 -0.99402 -1.99059
vn -0.188274 0.602485 0.775606
v -0.0252175 -0.915145 -1.93518
vn 0.636616 0.123493 0.761229
v 0.13084 -1.02288 -1.8739
vn 0.0147149 0.994243 0.106129
v 0.024485 -0.998103 -1.97624
vn 0.55651 0.21837 0.80163
v -0.21711 -0.751337 -1.94162
vn -0.0709367 -0.274684 0.958914
v -0.143927 -0.81982 -1.94351
vn -0.165415 0.162596 0.972728
v -0.111545 -0.874922 -1.92151
vn -0.125442 0.355201 0.926335
v -0.20866 -0.80371 -1.96034
vn -0.16067 -0.00946112 0.986963
v 0.03704 -1.01788 -1.96408
vn 0.316465 0.822247 0.473032
v -0.03987 -0.98261 -1.9171
vn 0.675979 0.178704 0.714925
v -0.073035 -0.901177 -1.91026
vn 0.111875 0.260898 0.958862
v 0.06508 -1.0238 -1.86234
vn 0.0557939 0.997891 -0.0331738
v -0.0033225 -1.01887 -1.88351
vn 0.0737833 0.99721 -0.0113148
v -0.18655 -0.88352 -1.94006
vn -0.250958 0.301466 0.919858
v -0.081295 -0.98272 -1.89263
vn 0.348803 0.261984 0.899834
v -0.1727 -0.94274 -1.90383
vn -0.235043 0.426744 0.873295
v -0.0448547 -1.00937 -1.89074
vn 0.33532 0.849054 0.40825
v -0.19458 -0.977805 -1.88721
vn -0.0246022 0.531227 0.846872
v -0.04504 -1.00726 -1.76646
vn 0.0405459 0.995801 -0.082076
v -0.09184 -1.01322 -1.84025
vn 0.0658125 0.997034 0.0398884
v -0.123748 -0.99555 -1.87468
vn 0.149171 0.669574 0.727612
v -0.17781 -1.00059 -1.86866
vn 0.0172325 0.899784 0.435995
v -0.17621 -0.99499 -1.67283
vn 0.0392225 0.997566 -0.0576597
v -0.22574 -0.99835 -1.86317
vn 0.0512948 0.957459 0.283973
v -0.04525 -1.00073 -1.66892
vn 0.042355 0.998973 -0.0160987
v -0.251165 -1.00301 -1.81949
vn 0.0215343 0.999352 -0.0288585
v 0.04104 -1.00295 -1.56157
vn 0.0037867 0.999837 -0.0176507
v -0.0570225 -1.0023 -1.52161
vn 0.00602921 0.998765 0.049317
v -0.15238 -0.99403 -1.55279
vn 0.0508069 0.998653 0.0105239
v -0.34571 -0.99028 -1.67118
vn 0.0324166 0.998481 -0.0445616
v -0.214035 -0.996293 -1.61557
vn 0.018744 0.999824 0.000863109
v 0.05903 -1.00323 -1.47457
vn -0.0284432 0.999563 0.0081071
v -0.40015 -0.98788 -1.64207
vn 0.0121831 0.999758 0.0183061
v -0.246523 -0.992887 -1.5691
vn 0.0237537 0.999654 0.0113102
v 0.20759 -1.00263 -1.52074
vn 0.00531117 0.998804 -0.0485965
v -0.09053 -1.00528 -1.48852
vn 0.0224323 0.964911 0.261617
v -0.013895 -1.00889 -1.43032
vn -0.116682 0.987574 0.105273
v 0.22056 -0.99179 -1.36109
vn -0.0348566 0.997324 -0.0642603
v 0.126675 -0.99427 -1.29798
vn -0.109344 0.990396 0.0846109
v 0.27187 -0.99887 -1.44442
vn -0.000589876 0.997799 -0.0663037
v -0.252659 -0.996151 -1.50162
vn 0.0299953 0.981067 0.19133
v -0.48046 -0.99026 -1.61987
vn -0.0143205 0.999615 -0.023769
v -0.14519 -1.03238 -1.4064
vn -0.166345 0.915477 0.366377
v -0.04248 -1.02394 -1.35594
vn -0.242232 0.946112 0.214934
v -0.38789 -0.99749 -1.47699
vn 0.049923 0.974442 0.219024
v 0.06159 -0.997565 -1.30264
vn -0.242565 0.959634 0.142357
v -0.44543 -0.99041 -1.6642
vn -0.0343897 0.998973 -0.0294852
v -0.20788 -1.02289 -1.4398
vn -0.0723869 0.857163 0.509933
v -0.19775 -1.08308 -1.32679
vn -0.26974 0.836414 0.477128
v -0.50013 -0.98736 -1.56283
vn -0.0073132 0.999662 -0.0249349
v -0.2956 -1.09249 -1.35908
vn -0.137726 0.749771 0.647205
v -0.0797 -1.05657 -1.30014
vn -0.224077 0.677359 0.700695
v -0.27512 -1.02442 -1.43371
vn 0.0871995 0.786945 0.61083
v -0.29228 -1.0064 -1.45956
vn 0.0686893 0.900155 0.43012
v -0.4319 -1.21602 -1.25695
vn -0.306759 0.739901 0.598703
v 0.28285 -0.97849 -1.33336
vn -0.18496 0.941557 -0.281532
v -0.354045 -1.01949 -1.43624
vn -0.0583443 0.781552 0.621106
v -0.443821 -1.00103 -1.45684
vn 0.00826122 0.814664 0.579875
v -0.385805 -1.17597 -1.31207
vn -0.48282 0.751988 0.448774
v 0.03949 -1.01198 -1.29598
vn -0.04247 0.000558033 0.999098
v 0.16186 -0.99233 -1.30987
vn -0.026605 0.246766 0.96871
v -0.52371 -0.9868 -1.52642
vn -0.0198478 0.995081 0.0970556
v -0.51982 -1.27601 -1.27185
vn -0.487562 0.843138 0.226721
v -0.363445 -1.06082 -1.39991
vn -0.407897 0.557148 0.72333
v -0.41176 -1.04278 -1.42799
vn -0.180392 0.368953 0.911775
v -0.445643 -1.00962 -1.44032
vn -0.262576 0.368554 0.891752
v -0.497337 -1.00609 -1.46433
vn -0.367741 0.447722 0.815053
v -0.406435 -1.19408 -1.31041
vn -0.323812 0.68494 0.652689
v -0.5621 -1.29399 -1.27812
vn -0.252979 0.632762 0.731856
v -0.43574 -1.10268 -1.41442
vn -0.291532 0.32952 0.898012
v -0.406132 -1.14225 -1.35526
vn -0.366312 0.701038 0.611851
v -0.52459 -1.21768 -1.31669
vn -0.137614 0.510655 0.848701
v -0.4285 -1.13907 -1.3929
vn -0.404739 0.674651 0.617278
v -0.47389 -1.10138 -1.43313
vn -0.444442 0.211327 0.870524
v -0.49858 -1.17831 -1.33645
vn -0.0859551 0.633916 0.768611
v -0.62813 -1.2654 -1.31236
vn -0.182922 0.469932 0.863541
v -0.66056 -1.30665 -1.29668
vn -0.213569 0.552876 0.805429
v -0.63334 -1.32399 -1.27491
vn -0.282203 0.719632 0.634422
v -0.477995 -1.15521 -1.36555
vn -0.0929168 0.877071 0.471288
v -0.60083 -1.20919 -1.33359
vn -0.161159 0.430266 0.8882
v -0.483835 -1.14012 -1.40295
vn -0.189413 0.836862 0.513601
v -0.47389 -1.10138 -1.43313
vn -0.81359 0.0829138 0.575496
v -0.49572 -1.04555 -1.45772
vn -0.734374 -0.056543 0.676386
v -0.518965 -1.02824 -1.4775
vn -0.750445 -0.0627648 0.657946
v -0.504528 -1.14071 -1.46458
vn -0.653323 0.687104 0.317894
v -0.515937 -1.12869 -1.49164
vn -0.67798 0.141414 0.721349
v -0.47822 -1.13423 -1.41188
vn -0.647334 0.687108 0.329912
v -0.54396 -1.09148 -1.52328
vn -0.891142 -0.0054887 0.453692
v -0.501322 -1.0018 -1.47124
vn -0.512865 0.523522 0.680363
v -0.533073 -1.01044 -1.49952
vn -0.83081 0.186102 0.524519
v -0.516745 -1.14645 -1.43416
vn -0.16909 0.981905 0.0852691
v -0.55831 -1.01115 -1.55946
vn -0.981819 0.179168 -0.0626985
v -0.480295 -1.14825 -1.38477
vn -0.11195 0.947261 0.300274
v -0.545035 -0.993833 -1.53664
vn -0.479538 0.869298 0.119856
v -0.55251 -1.13848 -1.5026
vn -0.428563 0.720991 0.544524
v -0.55047 -1.05611 -1.55812
vn -0.998787 -0.0370468 -0.0324393
v -0.558715 -1.12529 -1.5483
vn -0.890621 0.454742 0.00211006
v -0.592382 -1.14886 -1.50381
vn -0.0593527 0.998219 -0.00607783
v -0.56719 -1.14992 -1.39918
vn -0.0588561 0.975722 0.210955
v -0.52371 -0.9868 -1.52642
vn -0.211047 0.977281 -0.0195021
v -0.579675 -1.14415 -1.53032
vn -0.425622 0.902811 -0.0614647
v -0.534827 -1.11033 -1.60239
vn -0.969334 0.218236 -0.112977
v -0.54041 -1.05903 -1.59419
vn -0.994659 0.0866764 -0.0560344
v -0.491715 -1.16912 -1.34601
vn -0.113283 0.741339 0.6615
v -0.56449 -1.17648 -1.34709
vn -0.137946 0.720559 0.679533
v -0.56128 -1.14559 -1.60189
vn -0.551221 0.834359 -0.000864723
v -0.638958 -1.15824 -1.39154
vn -0.0659805 0.938458 0.339032
v -0.77416 -1.15274 -1.50885
vn -0.00189543 0.999954 0.00943529
v -0.518405 -1.00167 -1.59797
vn -0.677467 0.673492 -0.295715
v -0.54427 -1.10165 -1.62182
vn -0.96689 0.0313377 0.253262
v -0.60083 -1.20919 -1.33359
vn -0.143932 0.498046 0.855122
v -0.528415 -1.0081 -1.62854
vn -0.734457 0.621582 0.272413
v -0.55304 -1.03997 -1.64346
vn -0.901048 0.0347738 0.432323
v -0.66343 -1.17518 -1.3743
vn -0.12434 0.78252 0.610083
v -0.52459 -1.21768 -1.31669
vn -0.12285 0.486875 0.864789
v -0.883284 -1.15637 -1.42627
vn -0.0015532 0.980631 0.195858
v -0.560675 -1.13269 -1.65526
vn -0.872972 0.430566 0.229199
v -0.830945 -1.15918 -1.40841
vn -0.0489572 0.922293 0.383379
v -0.48046 -0.99026 -1.61987
vn -0.174815 0.984197 -0.0282046
v -0.629565 -1.15579 -1.72407
vn -0.0541945 0.998165 -0.027021
v -0.55603 -1.09134 -1.67902
vn -0.982313 0.0649828 -0.175607
v -0.59332 -1.1491 -1.69465
vn -0.357691 0.933662 0.018223
v -0.54947 -1.00381 -1.65569
vn -0.0255502 0.595914 0.802642
v -0.584315 -1.01144 -1.66307
vn -0.98312 -0.181858 0.0200883
v -0.67102 -1.21994 -1.34206
vn -0.117815 0.492338 0.862394
v -0.707852 -1.15261 -1.68102
vn 0.0101648 0.999814 -0.0163635
v -0.511468 -0.993712 -1.66873
vn -0.0630769 0.994025 -0.0890837
v -0.53714 -1.04356 -1.70424
vn -0.683805 0.188035 -0.70502
v -0.62813 -1.2654 -1.31236
vn -0.16943 0.431757 0.885934
v -0.869096 -1.1566 -1.7308
vn -0.0123975 0.999663 -0.0228189
v -0.939542 -1.15218 -1.45943
vn -0.00364808 0.997279 0.0736326
v -0.551175 -0.995375 -1.67492
vn -0.242033 0.747763 -0.61828
v -0.54057 -1.11812 -1.73293
vn -0.684367 0.628897 -0.368958
v -0.583003 -0.996381 -1.67185
vn -0.459419 0.268488 -0.846669
v -0.56888 -1.13428 -1.69884
vn -0.760439 0.617781 -0.200198
v -0.75876 -1.18207 -1.37545
vn -0.0653666 0.636507 0.768496
v -0.73801 -1.31348 -1.30703
vn -0.0570136 0.43584 0.898217
v -0.83328 -1.15486 -1.79923
vn -0.018455 0.999777 -0.0102176
v -0.8865 -1.1507 -1.62771
vn -0.00425567 0.999916 -0.0122614
v -0.49852 -1.06566 -1.74304
vn -0.532413 0.362025 -0.765163
v -0.78948 -1.22043 -1.35278
vn -0.0446804 0.490616 0.87023
v -0.68352 -1.33084 -1.28268
vn -0.183748 0.701049 0.689033
v -0.44543 -0.99041 -1.6642
vn -0.068328 0.985487 -0.15539
v -0.66956 -1.15732 -1.85635
vn -0.00225976 0.999947 -0.0100602
v -1.04362 -1.15301 -1.49773
vn -0.0139638 0.999882 -0.00634585
v -0.88343 -1.17346 -1.39594
vn -0.0239948 0.672762 0.73947
v -1.05008 -1.15852 -1.43105
vn -0.0561684 0.97506 0.214718
v -0.47928 -1.01271 -1.71776
vn -0.300456 0.688929 -0.659623
v -0.58064 -1.15392 -1.77411
vn -0.108859 0.993613 -0.0297222
v -0.73941 -1.15852 -1.85411
vn 0.00259803 0.999247 -0.0387014
v -1.06834 -1.15853 -1.73817
vn 0.00648422 0.999759 -0.0209526
v -0.9534 -1.16932 -1.39287
vn -0.0214862 0.76976 0.637971
v -1.14009 -1.15359 -1.54406
vn 0.00100009 0.999998 -0.00178829
v -0.90732 -1.25399 -1.33962
vn -0.0217792 0.515003 0.856912
v -0.56142 -1.15342 -1.84721
vn -0.04618 0.998896 0.00863315
v -1.21514 -1.15297 -1.62103
vn 0.01921 0.99958 -0.0216982
v -1.19451 -1.15626 -1.49872
vn -0.0389894 0.995509 0.0862663
v -0.84132 -1.31532 -1.30275
vn 0.0198016 0.534938 0.844659
v -0.748215 -1.33472 -1.29299
vn -0.0422013 0.842575 0.536923
v -1.16876 -1.17596 -1.41443
vn -0.152658 0.844115 0.51397
v -1.09781 -1.22419 -1.35987
vn -0.0802072 0.489854 0.868107
v -0.68954 -1.33683 -1.2632
vn -0.176669 0.97884 -0.103246
v -0.93809 -1.15841 -1.87968
vn 0.00542118 0.999983 0.00202352
v -1.29126 -1.1538 -1.76118
vn 0.0249059 0.999626 -0.011272
v -0.844205 -1.34736 -1.26532
vn 0.0797468 0.928242 0.363329
v -1.01514 -1.25411 -1.34635
vn -0.0342221 0.402779 0.914657
v -1.27966 -1.15346 -1.80705
vn 0.0220448 0.999749 -0.00399173
v -1.10024 -1.18948 -1.38368
vn -0.103682 0.704584 0.702005
v -1.20462 -1.16788 -1.44759
vn -0.144219 0.934848 0.324438
v -1.08562 -1.15628 -1.85918
vn 0.00551269 0.999983 -0.00199395
v -0.67242 -1.32124 -1.2344
vn -0.207647 0.914133 -0.3482
v -1.04651 -1.15726 -1.99371
vn -0.0070412 0.999934 -0.00903801
v -1.18272 -1.19522 -1.40177
vn -0.276091 0.590258 0.758531
v -0.77149 -1.34788 -1.23981
vn -0.131487 0.990183 -0.0474278
v -0.61364 -1.31671 -1.25362
vn -0.192797 0.906336 -0.376012
v -1.13046 -1.16002 -2.09595
vn 0.0123077 0.999896 -0.0074973
v -1.11617 -1.24401 -1.35685
vn -0.299522 0.384815 0.873043
v -1.32995 -1.15498 -2.0779
vn 0.0220789 0.999733 -0.00676147
v -1.33745 -1.15508 -2.15648
vn 0.0497251 0.996317 0.0698547
v -1.15279 -1.15992 -2.23208
vn 0.0207737 0.99976 -0.00696335
v -1.20605 -1.15963 -2.26342
vn 0.0428776 0.998964 -0.0152461
v -1.48671 -1.15567 -2.08498
vn 0.0159717 0.997681 0.0661627
v -1.28971 -1.15028 -2.24618
vn 0.16046 0.981529 0.104177
v -1.33947 -1.14379 -2.23153
vn 0.104055 0.9823 0.155757
v -1.49707 -1.14899 -2.12788
vn 0.0471973 0.989606 0.135838
v -1.34062 -1.12978 -2.28401
vn 0.196947 0.948309 0.248843
v 0.98476 -0.613923 4.2187
vn -0.677768 0.734963 -0.0214427
v 0.97906 -0.59878 4.34263
vn -0.547845 0.817569 -0.177331
v 1.01107 -0.58558 4.2992
vn -0.505317 0.861699 -0.046145
v 1.00117 -0.59279 4.0163
vn -0.54743 0.836617 0.0198242
v 0.949607 -0.62463 4.33073
vn -0.440572 0.88815 -0.130711
v 0.937613 -0.61535 4.37864
vn -0.786615 0.50628 -0.353435
v 1.00507 -0.57828 4.42105
vn -0.327388 0.944834 0.010266
v 1.04164 -0.57445 4.21523
vn -0.47172 0.88171 -0.0082648
v 0.94679 -0.62273 3.91388
vn -0.40466 0.912414 0.0612407
v 0.965175 -0.630475 4.1624
vn -0.418392 0.907635 0.0338566
v 0.9358 -0.59896 4.40543
vn -0.684869 0.703065 0.191451
v 1.05718 -0.55961 4.35921
vn -0.459307 0.887191 -0.0439263
v 1.05087 -0.56607 4.10896
vn -0.420538 0.907252 -0.0065293
v 0.947995 -0.63487 4.24069
vn -0.275362 0.96024 -0.0459838
v 0.91578 -0.64369 4.09314
vn -0.228679 0.972838 0.0359511
v 1.04486 -0.56158 4.4977
vn -0.528147 0.848812 0.0240708
v 1.09667 -0.5431 4.35178
vn -0.31225 0.947296 -0.0716326
v 0.8359 -0.64423 3.74516
vn -0.226689 0.972656 0.0505277
v 0.97748 -0.59529 4.4736
vn -0.539737 0.819286 0.193531
v 1.10589 -0.52072 4.46979
vn -0.740283 0.660006 -0.127959
v 1.12114 -0.538505 4.29563
vn -0.655278 0.753544 0.0527534
v 0.74713 -0.67366 3.99852
vn -0.189199 0.980892 0.0453396
v 0.87854 -0.65248 4.24496
vn -0.257526 0.966207 0.0111201
v 1.08332 -0.53473 4.59569
vn -0.801246 0.595832 0.0546643
v 1.0217 -0.58821 4.57828
vn -0.607561 0.777728 0.161272
v 1.07602 -0.55497 4.0829
vn -0.529096 0.847042 0.0507625
v 1.13161 -0.523583 4.41237
vn -0.915978 0.376557 -0.138523
v 0.91817 -0.63415 4.42699
vn -0.40505 0.911301 0.0739205
v 1.12638 -0.43033 4.54448
vn -0.966917 0.244875 0.0714731
v 0.75454 -0.69103 4.32452
vn -0.284679 0.956312 0.0665311
v 1.12843 -0.5005 4.40265
vn -0.962701 -0.26386 0.0598677
v 1.10894 -0.51895 4.70716
vn -0.855878 0.503331 0.118872
v 1.05246 -0.59172 4.71503
vn -0.668746 0.724215 0.168203
v 0.96853 -0.63293 4.60795
vn -0.479518 0.864019 0.153406
v 0.59743 -0.7045 4.22164
vn -0.121354 0.991053 0.055564
v 0.82466 -0.69027 4.57688
vn -0.327774 0.93983 0.0963488
v 1.0865 -0.5187 4.14065
vn -0.881641 -0.437044 0.178047
v 1.14034 -0.4825 4.85046
vn -0.938602 0.3349 0.0828735
v 1.07822 -0.54564 4.05047
vn -0.980451 -0.0212421 0.195613
v 1.12848 -0.52283 4.3158
vn -0.913973 -0.371274 0.163735
v 0.4903 -0.79986 4.45821
vn -0.339316 0.936216 0.0914617
v 1.19844 -0.3318 4.9874
vn -0.946479 0.305901 0.102962
v 0.96906 -0.6716 4.79163
vn -0.365298 0.91175 0.1878
v 1.15756 -0.4579 5.01578
vn -0.869392 0.493005 0.0332072
v 1.11877 -0.532435 4.8866
vn -0.882515 0.469836 -0.020531
v 1.06241 -0.62642 4.8718
vn -0.728444 0.653558 0.205502
v 0.77778 -0.70833 4.83296
vn -0.102767 0.994094 0.034883
v 1.21919 -0.38056 5.20055
vn -0.917006 0.369022 0.151404
v 1.03872 -0.67353 4.90479
vn -0.740884 0.633175 0.224007
v 0.94452 -0.70647 4.87535
vn -0.126857 0.936587 0.326668
v 1.16751 -0.4741 5.1469
vn -0.82625 0.548001 0.130406
v 1.10464 -0.531442 4.93874
vn -0.80422 0.578625 -0.135736
v 1.06677 -0.619573 4.91486
vn -0.837836 0.414552 -0.355214
v 1.0018 -0.70122 4.89873
vn -0.348615 0.887889 0.300202
v 0.9769 -0.71144 4.91317
vn -0.0501447 0.998613 -0.0160455
v 1.06872 -0.57246 5.05359
vn -0.769591 0.638127 0.0228756
v 1.09148 -0.56061 4.9233
vn -0.85104 0.389008 -0.35271
v 1.02827 -0.68143 4.93508
vn -0.635908 0.388598 -0.666792
v 1.01223 -0.69897 4.92951
vn -0.391602 0.88519 -0.251171
v 0.97393 -0.67672 4.97445
vn -0.0628599 0.852957 -0.518182
v 1.05203 -0.598035 4.96077
vn -0.755217 0.642425 -0.130147
v 1.04337 -0.61696 4.94185
vn -0.723286 0.486841 -0.489738
v -2.10299 0.93176 9.32095
vn 0.15927 -0.381088 -0.910717
v -2.03206 0.860325 9.3434
vn 0.213662 -0.0464117 -0.975805
v -2.16411 0.85124 9.32933
vn 0.0963895 0.0134781 -0.995252
v -2.00745 0.92566 9.33898
vn 0.177918 -0.358904 -0.91626
v -2.08676 0.73332 9.32886
vn 0.247827 0.0726773 -0.966074
v -2.19723 0.89309 9.32904
vn 0.134625 -0.202578 -0.969968
v -2.04985 0.96628 9.3171
vn 0.10709 -0.57692 -0.80975
v -2.21117 0.9702 9.27104
vn 0.192986 -0.857753 -0.476462
v -1.99305 0.99746 9.28868
vn 0.155225 -0.816401 -0.556233
v -2.08865 0.98579 9.2854
vn 0.165284 -0.83476 -0.52522
v -1.93588 0.893947 9.36685
vn 0.273572 -0.172464 -0.946263
v -2.22078 0.817535 9.30573
vn 0.27053 0.16184 -0.949011
v -1.92801 0.80223 9.37301
vn 0.237981 0.0152609 -0.97115
v -2.23709 0.91611 9.31452
vn 0.168759 -0.384373 -0.907622
v -1.91331 0.95565 9.34714
vn 0.215241 -0.583059 -0.783399
v -2.21814 0.695375 9.29284
vn 0.176552 0.0808893 -0.980962
v -1.904 0.5828 9.37177
vn 0.288244 0.0429702 -0.956592
v -2.06427 1.03234 9.18005
vn 0.172746 -0.941784 -0.288448
v -1.86785 1.02756 9.28175
vn 0.181859 -0.835468 -0.518576
v -2.25872 0.86436 9.30463
vn 0.276904 0.187597 -0.942407
v -1.79342 0.78051 9.39886
vn 0.187969 -0.0429817 -0.981234
v -2.13454 0.50294 9.29177
vn 0.268636 0.106615 -0.957323
v -2.20031 1.02062 9.09789
vn 0.256867 -0.957536 -0.130933
v -1.94269 1.04598 9.20555
vn 0.185116 -0.948122 -0.258452
v -1.81522 0.98409 9.35181
vn 0.181964 -0.686191 -0.704294
v -2.30571 0.67742 9.28534
vn 0.039421 0.0240423 -0.998933
v -2.32383 0.8649 9.29168
vn 0.120975 0.128585 -0.984292
v -1.85926 0.8613 9.3905
vn 0.176187 -0.0380794 -0.98362
v -1.76489 0.6199 9.41558
vn 0.256542 0.0279425 -0.966129
v -2.00905 0.37469 9.31564
vn 0.304333 0.115894 -0.945489
v -2.06732 1.05585 9.0813
vn 0.190997 -0.976003 -0.104587
v -1.9045 1.07848 9.04446
vn 0.125549 -0.989709 -0.0686557
v -1.85139 0.926 9.37926
vn 0.169422 -0.362717 -0.916369
v -1.74798 1.03883 9.30235
vn 0.181008 -0.836409 -0.517355
v -2.27591 0.5147 9.27286
vn 0.0407194 0.157606 -0.986662
v -1.79722 0.88851 9.38917
vn -0.0256528 -0.15902 -0.986942
v -1.70721 0.6946 9.42821
vn 0.277987 -0.114726 -0.953709
v -1.88847 0.40405 9.36844
vn 0.375512 0.0822974 -0.923157
v -2.05626 1.06409 8.95763
vn 0.184353 -0.982672 -0.0192386
v -2.0246 1.06018 9.10587
vn 0.0819071 -0.968969 -0.233218
v -1.79431 1.06581 9.22918
vn 0.145751 -0.926989 -0.345612
v -1.78485 0.97545 9.3689
vn 0.0742357 -0.397245 -0.914705
v -1.74171 0.98178 9.36351
vn 0.159228 -0.502794 -0.849615
v -2.20605 0.40665 9.25949
vn 0.224951 0.194573 -0.954745
v -2.40926 0.62838 9.29255
vn -0.0598955 0.0609541 -0.996342
v -2.36532 0.82393 9.28546
vn -0.0311093 0.00361496 -0.999509
v -1.82969 0.46474 9.39034
vn 0.233837 0.0352906 -0.971635
v -1.66584 0.73574 9.43037
vn 0.221177 -0.247127 -0.943403
v -2.14949 0.33886 9.26681
vn 0.311516 0.105837 -0.944329
v -1.90957 0.32029 9.33964
vn 0.374591 0.294396 -0.879212
v -2.08339 1.05431 8.82803
vn 0.249664 -0.968109 0.0207931
v -1.78142 1.08301 9.16764
vn 0.113265 -0.978626 -0.171643
v -1.67038 1.04121 9.33595
vn 0.212033 -0.815843 -0.537998
v -1.7029 1.07032 9.24571
vn 0.105514 -0.953076 -0.283747
v -2.26692 0.28876 9.21693
vn 0.247316 0.224465 -0.942576
v -2.4058 0.48196 9.27151
vn -0.0404859 0.200963 -0.978762
v -1.6635 0.87532 9.39094
vn 0.0983233 -0.210516 -0.972633
v -1.75816 0.516135 9.40548
vn 0.0820903 0.155398 -0.984435
v -1.66496 0.8261 9.40015
vn 0.130583 -0.241843 -0.961488
v -1.71386 0.614997 9.43093
vn 0.260424 0.0889045 -0.961392
v -2.10021 0.23039 9.2746
vn 0.333925 0.0925837 -0.938042
v -1.84218 0.35903 9.3888
vn 0.258593 0.0898286 -0.961801
v -1.94913 0.23219 9.30208
vn 0.14245 0.209931 -0.967283
v -1.88946 1.09277 8.72474
vn 0.139455 -0.989921 -0.0246657
v -1.7558 1.09328 9.10774
vn 0.0936625 -0.992205 -0.0821982
v -1.65267 1.00223 9.37697
vn 0.41873 -0.225888 -0.879568
v -1.76795 0.40135 9.3936
vn -0.0166064 -0.0109551 -0.999802
v -2.02222 0.23979 9.29588
vn 0.177203 0.0895464 -0.980092
v -1.87767 0.22554 9.31561
vn 0.401489 0.271349 -0.874743
v -1.7012 1.11547 8.75269
vn 0.104845 -0.993731 -0.0388176
v -1.65075 1.11094 8.99068
vn 0.0954525 -0.994286 -0.0477976
v -1.68272 0.94399 9.37815
vn 0.120061 -0.120534 -0.985422
v -1.65467 1.0931 9.15654
vn 0.0740429 -0.985612 -0.151941
v -1.7021 0.517875 9.40252
vn -0.0939944 0.31808 -0.943393
v -1.68271 0.571505 9.42564
vn 0.0531756 0.519791 -0.852637
v -1.71191 0.45217 9.38759
vn -0.158003 0.133154 -0.97842
v -1.63289 0.82111 9.41185
vn 0.383996 -0.263002 -0.885086
v -1.6291 0.68082 9.46034
vn 0.47034 -0.116055 -0.874821
v -2.02827 0.12738 9.28957
vn 0.137766 -0.0236707 -0.990182
v -2.17813 0.17899 9.23751
vn 0.499272 0.212968 -0.839864
v -1.80707 0.33876 9.38989
vn 0.170608 0.164616 -0.971491
v -1.60563 1.06996 9.28838
vn 0.148991 -0.959483 -0.239154
v -1.60847 1.03698 9.36544
vn 0.316906 -0.794371 -0.518213
v -1.62789 0.96718 9.39166
vn 0.416518 0.0805226 -0.905555
v -1.70431 0.38846 9.38433
vn -0.156907 -0.15012 -0.976137
v -1.595 0.7945 9.44043
vn 0.506607 -0.278268 -0.816037
v -1.65367 0.61804 9.45006
vn 0.319521 0.0858594 -0.943681
v -2.1216 0.11037 9.25911
vn 0.547726 0.0473807 -0.835315
v -1.69627 0.30787 9.40121
vn 0.188617 -0.0175972 -0.981893
v -1.94745 0.15001 9.28266
vn -0.0600259 0.0820023 -0.994823
v -1.91835 0.18239 9.28683
vn 0.231261 0.157792 -0.96001
v -1.42201 1.13036 8.89283
vn -0.00859303 -0.995792 -0.0912417
v -1.54241 1.12343 8.96619
vn 0.0619489 -0.995719 -0.068594
v -1.58699 1.00295 9.41609
vn 0.595427 -0.470462 -0.651255
v -1.61867 0.928595 9.38116
vn 0.38913 -0.204739 -0.898143
v -1.51594 1.10418 9.15763
vn 0.0616053 -0.991383 -0.115603
v -2.19128 0.00726 9.16616
vn 0.649414 0.198753 -0.734002
v -1.687 0.41548 9.37534
vn -0.0789129 0.0856476 -0.993195
v -2.0779 -0.00268 9.30403
vn 0.391228 -0.2193 -0.893783
v -1.79232 0.25961 9.37268
vn 0.324497 0.199971 -0.924507
v -1.93731 0.06492 9.2856
vn -0.0577443 -0.095555 -0.993748
v -1.53892 1.05654 9.38416
vn 0.356291 -0.869081 -0.343154
v -1.51967 1.08614 9.29287
vn 0.185324 -0.966749 -0.176212
v -1.5908 0.86263 9.42607
vn 0.590402 -0.201147 -0.781642
v -1.64714 0.51702 9.391
vn 0.0249957 0.287878 -0.957341
v -1.67239 0.39991 9.37581
vn 0.152095 -0.264686 -0.952265
v -1.56724 0.69733 9.49299
vn 0.581523 -0.14121 -0.801181
v -1.60052 0.63816 9.46717
vn 0.237706 0.31455 -0.918996
v -2.04833 0.06175 9.30168
vn -0.0300857 -0.130291 -0.991019
v -1.7182 0.18137 9.38799
vn 0.334067 0.0786694 -0.93926
v -1.82279 0.1558 9.33126
vn 0.471137 0.164879 -0.866513
v -1.50094 1.02798 9.49284
vn 0.660341 -0.556903 -0.503794
v -1.57143 0.93224 9.43713
vn 0.728293 -0.0103501 -0.685188
v -1.46036 1.09835 9.26537
vn 0.0268501 -0.992551 -0.118832
v -1.59416 0.54561 9.41304
vn 0.173817 0.559852 -0.810156
v -1.58025 0.33502 9.42473
vn 0.323522 -0.160545 -0.932501
v -1.55089 0.80969 9.47299
vn 0.697826 -0.176525 -0.694174
v -1.6439 0.602215 9.45163
vn 0.111692 0.428963 -0.89639
v -1.60899 0.25952 9.42396
vn 0.245436 -0.016115 -0.969279
v -1.99577 0.00024 9.30682
vn -0.111265 -0.296818 -0.94843
v -1.39687 1.10644 9.1685
vn -0.0544118 -0.995814 -0.0734456
v -1.45949 1.06677 9.44877
vn 0.180437 -0.964161 -0.194513
v -1.53457 0.96648 9.47904
vn 0.738875 -0.0729309 -0.669884
v -1.60731 0.447 9.38728
vn 0.330435 -0.123341 -0.935735
v -1.61989 0.12001 9.41698
vn 0.323914 0.0279944 -0.945672
v -1.8564 0.04297 9.29415
vn 0.384784 0.108974 -0.916551
v -1.93471 -0.02664 9.30576
vn -0.114556 -0.317792 -0.941215
v -1.32852 1.10456 9.07544
vn -0.146752 -0.987875 -0.0506569
v -1.47723 1.05351 9.49387
vn 0.469613 -0.841358 -0.267547
v -1.45818 0.98208 9.55768
vn 0.657758 -0.168709 -0.734092
v -1.54089 0.422315 9.425
vn 0.421978 -0.107337 -0.90023
v -1.4943 0.84301 9.52792
vn 0.752337 -0.109505 -0.649614
v -1.50918 0.72726 9.53717
vn 0.604418 0.108228 -0.789281
v -1.56623 0.57472 9.44333
vn 0.356433 0.404621 -0.842162
v -1.53543 0.667125 9.50528
vn 0.484154 0.321591 -0.813741
v -1.99686 -0.07269 9.33411
vn -0.144456 -0.319175 -0.936622
v -1.70839 0.11252 9.38519
vn 0.393268 0.117564 -0.911877
v -1.5426 0.19388 9.43976
vn 0.329356 0.0174969 -0.944044
v -1.89391 0.02779 9.28164
vn 0.0476745 -0.0570239 -0.997234
v -1.30717 1.10659 8.97081
vn -0.254583 -0.961792 -0.100716
v -1.48257 1.01491 9.53805
vn 0.746093 -0.250321 -0.616997
v -1.5607 0.49822 9.40922
vn 0.458818 0.144668 -0.876674
v -1.5231 0.26408 9.45137
vn 0.386701 -0.0129783 -0.922114
v -1.46664 0.787012 9.57536
vn 0.729869 -0.115233 -0.673804
v -1.53717 0.60989 9.46604
vn 0.372449 0.424548 -0.825252
v -2.07325 -0.0845 9.35933
vn -0.0914134 -0.449353 -0.888665
v -1.51378 0.078415 9.45366
vn 0.409707 -0.0186741 -0.912026
v -1.65099 -0.01781 9.39986
vn 0.441877 0.0400268 -0.896182
v -1.85313 -0.04162 9.30872
vn 0.173189 -0.327884 -0.928707
v -1.25507 1.09075 9.18987
vn -0.0500305 -0.998663 -0.0130339
v -1.28089 1.11605 8.89118
vn -0.29812 -0.856996 -0.420336
v -1.2517 1.08886 9.04777
vn -0.173109 -0.98489 0.00502718
v -1.40488 1.06732 9.48189
vn 0.0395177 -0.975618 -0.215888
v -1.44688 0.886 9.58123
vn 0.68845 -0.106114 -0.717479
v -1.25295 1.08152 9.38629
vn 0.0283815 -0.99307 -0.114049
v -1.49896 0.3436 9.45554
vn 0.413747 -0.126071 -0.901621
v -1.46134 0.743035 9.58337
vn 0.674883 0.0112904 -0.737838
v -2.10729 -0.09958 9.35449
vn 0.724264 -0.432011 -0.537409
v -2.09648 -0.12528 9.37654
vn -0.0553921 -0.0713483 -0.995912
v -1.48499 0.192185 9.46714
vn 0.514563 0.0105222 -0.857388
v -1.85025 0.00178 9.29215
vn 0.395648 -0.124993 -0.909857
v -1.87213 -0.13314 9.33845
vn 0.0440711 -0.201556 -0.978485
v -1.18911 1.16021 8.76439
vn -0.144701 -0.893504 -0.425103
v -1.44867 1.03506 9.54704
vn 0.295942 -0.623855 -0.723342
v -1.41516 1.04993 9.53493
vn 0.062958 -0.902422 -0.426228
v -1.37327 0.92394 9.63962
vn 0.597285 -0.217755 -0.771902
v -1.52942 0.49209 9.43438
vn 0.501764 0.219851 -0.836599
v -1.46042 0.304445 9.48062
vn 0.547409 -0.08419 -0.83262
v -1.43071 0.712675 9.60432
vn 0.670373 0.138394 -0.729004
v -1.48773 0.63777 9.52551
vn 0.653968 0.296309 -0.69608
v -1.96237 -0.18198 9.35046
vn -0.131976 -0.0610485 -0.989371
v -1.45651 0.1107 9.48699
vn 0.592435 0.0616254 -0.803258
v -1.76949 -0.10142 9.35541
vn 0.352604 -0.156209 -0.922642
v -1.16834 1.0844 9.1051
vn 0.0554134 -0.997266 0.0488875
v -1.1149 1.09363 9.26554
vn 0.0938884 -0.995303 -0.0235967
v -1.20633 1.09311 8.86424
vn -0.456966 -0.811808 -0.363523
v -1.19188 1.07506 8.99203
vn -0.0876758 -0.994294 0.0607708
v -1.30949 1.04177 9.56996
vn 0.0940992 -0.952405 -0.28995
v -1.40509 1.02275 9.57057
vn 0.270415 -0.651336 -0.70897
v -1.37208 0.99733 9.61017
vn 0.486701 -0.526923 -0.69676
v -1.50219 0.5753 9.4855
vn 0.626387 0.320805 -0.710439
v -1.46101 0.44049 9.45519
vn 0.592961 -0.0106348 -0.805161
v -2.11451 -0.13939 9.36301
vn 0.942244 0.208365 -0.26222
v -2.0217 -0.22351 9.35781
vn 0.0308246 0.186199 -0.982028
v -2.08801 -0.1788 9.36082
vn 0.403282 0.37207 -0.836019
v -1.50938 -0.02126 9.45617
vn 0.360759 0.0136558 -0.932559
v -1.42793 0.2128 9.50951
vn 0.653225 -0.0134135 -0.757045
v -1.86582 -0.268305 9.34277
vn 0.0403898 0.0350505 -0.998569
v -1.75491 -0.19822 9.37136
vn 0.269316 -0.0238936 -0.962755
v -1.09619 1.08921 9.4244
vn 0.0966561 -0.99134 -0.0888982
v -1.18717 1.07148 8.90145
vn -0.280769 -0.955725 -0.0880781
v -1.14298 1.06758 9.54593
vn 0.125837 -0.969279 -0.211336
v -1.32169 0.98334 9.6583
vn 0.507877 -0.365302 -0.780138
v -1.32908 0.79951 9.70445
vn 0.68569 -0.103372 -0.720516
v -1.44773 0.47308 9.47283
vn 0.583483 0.347966 -0.733803
v -1.4238 0.37286 9.49413
vn 0.640825 -0.13106 -0.756417
v -1.4031 0.32631 9.52548
vn 0.750446 -0.0889198 -0.654923
v -1.39286 0.66201 9.62846
vn 0.746076 0.130484 -0.652951
v -2.11032 -0.17184 9.28981
vn 0.899476 0.418224 -0.126615
v -1.93974 -0.29184 9.34285
vn 0.0501518 0.153448 -0.986883
v -1.42802 -0.00665 9.49008
vn 0.472714 0.136846 -0.870526
v -1.56012 -0.09949 9.44205
vn 0.341114 -0.0472895 -0.938832
v -1.38744 0.15667 9.54796
vn 0.693199 0.0660671 -0.717712
v -1.65615 -0.16708 9.40597
vn 0.373331 -0.03554 -0.927017
v -1.83178 -0.23801 9.34681
vn 0.198127 0.0242379 -0.979877
v -1.12955 1.08173 9.01178
vn 0.251082 -0.966909 0.0452248
v -1.05751 1.10634 9.10942
vn 0.21683 -0.976203 0.00341344
v -0.96674 1.10854 9.37936
vn 0.0983046 -0.990765 -0.0933888
v -1.19173 1.12625 8.80742
vn -0.425545 -0.659357 -0.619807
v -1.15049 1.07019 8.91918
vn 0.15059 -0.987748 0.0409506
v -1.17331 1.01751 9.68477
vn 0.251228 -0.864038 -0.43626
v -1.30692 1.01453 9.64014
vn 0.301216 -0.821929 -0.483427
v -1.26832 0.93486 9.70543
vn 0.488723 -0.425447 -0.761672
v -1.30974 0.87068 9.70172
vn 0.595077 -0.257113 -0.76143
v -1.4006 0.576415 9.58764
vn 0.700198 0.313007 -0.641677
v -2.00546 -0.28366 9.34392
vn 0.236163 0.397198 -0.886826
v -2.05299 -0.26485 9.32478
vn 0.739336 0.54574 -0.394397
v -1.45922 -0.05164 9.46722
vn 0.226933 0.0205428 -0.973694
v -1.36759 0.2308 9.57659
vn 0.808309 0.0524286 -0.58642
v -1.01039 1.10962 9.24258
vn 0.142554 -0.988983 -0.039875
v -1.01638 1.08549 9.52417
vn 0.0778154 -0.98533 -0.151888
v -1.1535 1.08806 8.80685
vn -0.458353 -0.684553 -0.566833
v -1.1289 1.07033 8.82757
vn -0.0625343 -0.967467 -0.245149
v -1.14202 1.13304 8.78317
vn -0.29823 -0.542352 -0.785439
v -1.0208 1.06117 9.65552
vn 0.132193 -0.966632 -0.219425
v -1.2665 0.99322 9.68037
vn 0.262467 -0.50082 -0.824797
v -1.35526 0.73018 9.68208
vn 0.784784 0.0101791 -0.619686
v -2.09722 -0.20192 9.34126
vn 0.864822 0.447395 -0.227861
v -1.9772 -0.35745 9.30967
vn 0.579581 0.544706 -0.606119
v -1.35775 0.070815 9.56344
vn 0.708207 0.126863 -0.694514
v -1.65845 -0.328032 9.40206
vn 0.345049 0.0576996 -0.936809
v -1.55139 -0.23168 9.45006
vn 0.28799 0.0782056 -0.954435
v -1.77893 -0.27717 9.35988
vn 0.341223 0.0891207 -0.935748
v -1.07831 1.10476 8.92976
vn 0.516902 -0.855649 -0.0260352
v -0.87627 1.08072 9.58976
vn -0.028104 -0.981131 -0.191289
v -1.05276 1.03473 9.73491
vn 0.233135 -0.903738 -0.359034
v -1.26232 0.84528 9.75297
vn 0.651416 -0.333874 -0.681311
v -1.38944 0.392465 9.53054
vn 0.804824 -0.0121487 -0.593389
v -1.34812 0.29539 9.61451
vn 0.888969 0.00485416 -0.457942
v -1.35271 0.60965 9.66076
vn 0.828063 0.212916 -0.518631
v -1.90429 -0.40126 9.32428
vn 0.308133 0.323256 -0.89474
v -1.41492 -0.07303 9.47432
vn 0.376664 0.0268047 -0.925962
v -1.43631 -0.16978 9.4807
vn 0.329513 -0.0364113 -0.943449
v -1.33068 0.14322 9.60807
vn 0.781079 0.177972 -0.598532
v -1.51015 -0.21458 9.45792
vn 0.239065 0.0788701 -0.967795
v -1.84183 -0.39307 9.33181
vn 0.105722 0.196384 -0.974811
v -1.14145 1.10149 8.79114
vn -0.1685 -0.469525 -0.866692
v -1.1226 1.0705 8.87042
vn 0.295346 -0.954923 0.0298791
v -0.97409 1.0383 9.7618
vn 0.113694 -0.926714 -0.358154
v -1.04956 0.99118 9.81302
vn 0.38462 -0.764532 -0.51726
v -1.1975 0.90117 9.77796
vn 0.572338 -0.4617 -0.677689
v -1.15984 0.95775 9.76385
vn 0.482053 -0.617831 -0.621217
v -1.27515 0.72531 9.79712
vn 0.842638 -0.248017 -0.477963
v -1.40407 0.4665 9.52504
vn 0.776532 0.239372 -0.582838
v -1.35481 0.37463 9.58909
vn 0.887474 -0.0694997 -0.455588
v -1.34158 0.66629 9.69225
vn 0.82407 0.080154 -0.560789
v -1.98248 -0.4538 9.16508
vn 0.676417 0.588822 -0.442434
v -1.90574 -0.46522 9.28574
vn 0.642421 0.616834 -0.454765
v -1.38916 -0.041395 9.504
vn 0.677261 0.227844 -0.699575
v -1.31649 0.20942 9.65737
vn 0.878432 0.180248 -0.44257
v -1.56066 -0.33004 9.43145
vn 0.181413 0.0285094 -0.982994
v -1.78874 -0.38004 9.34249
vn 0.261034 0.185517 -0.947336
v -0.93156 1.05996 9.70107
vn 0.00327334 -0.971347 -0.237644
v -1.18478 0.83593 9.83709
vn 0.658665 -0.472204 -0.58582
v -1.36572 0.43785 9.57038
vn 0.840051 0.124331 -0.528069
v -1.33379 0.42917 9.62939
vn 0.94105 0.00865952 -0.338157
v -1.30847 0.58129 9.73628
vn 0.927477 0.0518609 -0.370265
v -1.85786 -0.49081 9.30516
vn 0.248308 0.376972 -0.89232
v -1.33592 -0.08913 9.5612
vn 0.802796 0.0595391 -0.593274
v -1.2991 0.079245 9.63417
vn 0.814204 0.082973 -0.574619
v -1.30657 0.29825 9.7147
vn 0.932238 0.0748236 -0.354026
v -1.73712 -0.38165 9.36175
vn 0.409929 0.164832 -0.8971
v -0.86518 1.03456 9.76643
vn -0.132952 -0.943944 -0.302148
v -0.93376 1.00371 9.85644
vn 0.0807375 -0.908277 -0.410504
v -1.11525 0.9167 9.83832
vn 0.556359 -0.56325 -0.610912
v -1.17349 0.75496 9.93553
vn 0.543763 -0.723419 -0.425426
v -1.33044 0.505515 9.65364
vn 0.897484 0.135522 -0.41971
v -1.7283 -0.64272 9.27048
vn 0.596584 0.55462 -0.580072
v -1.38645 -0.08107 9.49777
vn 0.718625 -0.0510331 -0.693523
v -1.43344 -0.25898 9.47285
vn 0.431588 0.189294 -0.881986
v -1.28447 0.22163 9.73721
vn 0.897401 0.225033 -0.379514
v -1.29822 0.115695 9.64294
vn 0.84516 0.192489 -0.498651
v -1.49956 -0.30205 9.44265
vn 0.128053 0.230603 -0.964585
v -0.74678 1.03253 9.69548
vn -0.182751 -0.943039 -0.277991
v -0.97226 0.9696 9.9108
vn 0.293008 -0.811904 -0.504933
v -1.02344 0.92938 9.91403
vn 0.542051 -0.569759 -0.617702
v -1.08606 0.85487 9.91938
vn 0.539791 -0.515582 -0.665433
v -1.24238 0.69101 9.94157
vn 0.866668 -0.4565 -0.201233
v -1.28391 0.38019 9.7914
vn 0.95084 0.00344498 -0.309665
v -1.25904 0.61474 9.8947
vn 0.983096 0.035921 -0.179532
v -1.75961 -0.93641 8.89188
vn 0.640133 0.580495 -0.503244
v -1.27652 -0.01418 9.65815
vn 0.843529 0.0575017 -0.533996
v -1.38115 -0.20012 9.51717
vn 0.683259 0.0187297 -0.729936
v -1.26691 0.308295 9.83155
vn 0.931211 0.138359 -0.337199
v -1.25734 0.14038 9.7417
vn 0.860463 0.290553 -0.418548
v -1.54141 -0.54213 9.43088
vn 0.507695 0.0836695 -0.857464
v -1.51125 -0.3552 9.43325
vn -0.0403927 0.0644781 -0.997101
v -1.72519 -0.48485 9.34168
vn 0.448207 0.296382 -0.843367
v -1.7895 -0.48937 9.31363
vn 0.256296 0.32079 -0.911815
v -0.75948 0.98894 9.82433
vn -0.294408 -0.891927 -0.343205
v -0.84195 0.98782 9.88522
vn -0.128165 -0.900912 -0.414647
v -0.90181 0.95179 9.95037
vn -0.042714 -0.78117 -0.622855
v -1.05659 0.79044 9.97753
vn 0.386284 -0.356277 -0.850794
v -1.2636 0.49395 9.84114
vn 0.918813 -0.00977918 -0.394571
v -1.23994 -0.08315 9.71279
vn 0.827342 0.0282669 -0.560987
v -1.38226 -0.29529 9.50636
vn 0.757363 0.0660609 -0.649644
v -1.44859 -0.320035 9.43774
vn 0.458504 0.233216 -0.857545
v -1.25766 0.04394 9.70082
vn 0.867176 0.12519 -0.482009
v -1.49533 -0.4209 9.43694
vn 0.244623 -0.154194 -0.95728
v -0.95615 0.9311 9.97196
vn 0.409431 -0.649621 -0.640592
v -0.97032 0.8723 9.98963
vn 0.443414 -0.358956 -0.821301
v -1.24651 0.67446 10.0196
vn 0.853251 -0.502034 -0.141156
v -1.19361 0.69985 10.0052
vn -0.130808 -0.665396 -0.734941
v -1.12206 0.70443 9.98823
vn 0.0652971 -0.241717 -0.968147
v -1.19486 0.55189 9.9583
vn 0.622121 0.204437 -0.755759
v -1.31885 -0.14194 9.59087
vn 0.81881 -0.0172357 -0.573805
v -1.22302 0.21421 9.87921
vn 0.865394 0.327396 -0.379348
v -1.17067 0.08498 9.8609
vn 0.689146 0.34033 -0.639729
v -1.442 -0.46989 9.48062
vn 0.622651 -0.245587 -0.742962
v -1.45057 -0.38035 9.42565
vn 0.408152 0.00314521 -0.912908
v -0.77054 0.94728 9.92563
vn -0.426059 -0.758649 -0.492875
v -0.81906 0.94094 9.95314
vn -0.105255 -0.702211 -0.704146
v -0.938545 0.9116 9.99728
vn 0.181602 -0.410599 -0.893549
v -1.23612 0.67371 10.0384
vn -0.15035 -0.496374 -0.85499
v -1.23966 0.61315 9.9815
vn 0.746038 0.602749 -0.283058
v -1.00166 0.72358 10.0013
vn 0.164855 0.0142924 -0.986214
v -0.99063 0.80471 10.0018
vn 0.305168 -0.138495 -0.942174
v -1.24902 0.386965 9.88902
vn 0.883569 -0.00372227 -0.468286
v -1.24154 0.293485 9.88598
vn 0.871109 0.164285 -0.462795
v -1.21749 0.44824 9.93384
vn 0.827646 -0.0309642 -0.560396
v -1.39486 -0.56025 9.54481
vn 0.697546 -0.0344708 -0.71571
v -1.4475 -0.418095 9.44351
vn 0.329085 -0.460809 -0.824232
v -0.7041 0.90902 9.89799
vn -0.71892 -0.533647 -0.445394
v -0.86778 0.86771 10.0045
vn 0.00824514 -0.367585 -0.929953
v -1.18967 0.66233 10.0149
vn -0.536009 0.234385 -0.811022
v -1.24201 0.642555 10.0374
vn 0.448843 0.617755 -0.645693
v -1.09706 0.61918 9.98138
vn 0.0764544 0.107168 -0.991297
v -0.9317 0.836055 10.0106
vn 0.13299 -0.200005 -0.970727
v -1.21533 0.62279 10.0103
vn -0.166063 0.603795 -0.77965
v -1.18014 0.464725 9.98639
vn 0.237736 0.0387311 -0.970557
v -1.27897 -0.24855 9.66198
vn 0.833901 -0.0695576 -0.547513
v -1.36318 -0.35083 9.53207
vn 0.854587 -0.0718535 -0.514313
v -1.18131 0.19213 9.95659
vn 0.875799 0.176042 -0.449427
v -1.21101 0.26592 9.92614
vn 0.770975 0.131279 -0.623188
v -1.12954 -0.09561 9.83523
vn 0.60831 0.136617 -0.781853
v -1.35552 -0.44058 9.57225
vn 0.828475 -0.116993 -0.54767
v -1.32369 -0.76693 9.59799
vn 0.737287 0.0680772 -0.672141
v -1.41874 -0.412145 9.46171
vn 0.778145 -0.244598 -0.578499
v -0.77194 0.90289 9.97481
vn -0.220178 -0.650006 -0.727333
v -1.15487 0.62994 9.98805
vn -0.19619 0.274204 -0.941446
v -1.0172 0.59612 9.98737
vn 0.0934465 0.119381 -0.988441
v -1.22088 0.37384 9.9307
vn 0.760589 0.0175191 -0.648997
v -1.16155 0.5073 9.98056
vn 0.0802455 -0.269373 -0.959687
v -1.1839 -0.20568 9.78393
vn 0.71586 -0.0558449 -0.696007
v -1.16265 0.16258 10.0176
vn 0.570401 0.537837 -0.620785
v -1.02022 -0.03894 9.89575
vn 0.294521 0.227296 -0.928221
v -1.30714 -0.58436 9.65266
vn 0.817769 0.0619935 -0.572198
v -0.76324 0.85068 10.0165
vn -0.0291124 -0.480178 -0.876688
v -0.89168 0.75656 10.0213
vn 0.131606 -0.0309977 -0.990817
v -0.83855 0.69532 10.0246
vn 0.0756734 0.141841 -0.986993
v -1.19627 0.339175 9.95714
vn 0.685539 0.0422499 -0.726809
v -1.16873 0.40124 9.96995
vn 0.271786 0.0713641 -0.959708
v -1.10185 0.51798 9.97736
vn 0.0138944 0.0113 -0.99984
v -1.21892 -0.30428 9.76526
vn 0.758588 -0.149624 -0.634158
v -1.15461 0.27915 9.97092
vn 0.222283 -0.0413525 -0.974105
v -1.11195 0.15008 9.96688
vn -0.0838882 0.555387 -0.82735
v -1.08523 -0.20371 9.85552
vn 0.367201 0.0555169 -0.928483
v -1.03131 0.08745 9.93334
vn 0.261707 0.393162 -0.881438
v -1.25091 -0.43993 9.75746
vn 0.837787 -0.0264204 -0.545358
v -1.21504 -0.69327 9.76599
vn 0.772885 0.119305 -0.623229
v -0.73205 0.88 9.98257
vn -0.464153 -0.680634 -0.566833
v -0.78675 0.77608 10.0334
vn 0.0961496 -0.0435703 -0.994413
v -0.90372 0.54615 9.988
vn 0.0481042 0.226458 -0.972832
v -1.13644 -0.30688 9.83746
vn 0.46298 -0.129642 -0.876836
v -1.2755 -0.37623 9.70001
vn 0.847648 -0.12088 -0.516605
v -1.14868 0.18953 9.99805
vn -0.0707022 -0.218375 -0.9733
v -0.9794 -0.17156 9.88206
vn 0.0585764 0.0947011 -0.993781
v -0.96239 0.03575 9.9326
vn 0.167988 0.297407 -0.939856
v -1.26007 -0.56794 9.7316
vn 0.822719 0.0964077 -0.560214
v -0.70634 0.83586 10.0016
vn -0.737321 -0.518786 -0.432688
v -0.73409 0.81423 10.0397
vn 0.0324215 -0.417492 -0.908102
v -0.9996 0.49669 9.97404
vn -0.00635697 0.150846 -0.988537
v -0.85165 0.5577 9.9966
vn -0.0515042 0.270598 -0.961314
v -1.17729 0.3124 9.97228
vn 0.369256 0.0981134 -0.924134
v -1.06405 0.41544 9.96931
vn -0.0837052 0.0565566 -0.994884
v -1.20194 -0.40269 9.80835
vn 0.67904 -0.135245 -0.721535
v -1.08468 0.23055 9.96838
vn -0.262728 -0.0445902 -0.963839
v -1.02326 0.17361 9.95559
vn -0.0916908 0.0908087 -0.991638
v -0.90027 -0.10791 9.89667
vn 0.0280588 0.234292 -0.971761
v -0.946035 0.105185 9.95314
vn 0.0897796 0.207406 -0.974127
v -0.8917 -0.01269 9.92673
vn 0.0847029 0.309301 -0.947184
v -0.9835 -0.32728 9.88069
vn 0.06155 -0.090449 -0.993997
v -1.21865 -0.52204 9.79334
vn 0.733966 0.0900435 -0.67319
v -0.64371 0.77021 9.92895
vn -0.829128 -0.288867 -0.478647
v -0.72364 0.761945 10.0362
vn -0.131813 0.212108 -0.968316
v -0.86453 0.47907 9.96826
vn -0.0184883 0.228536 -0.97336
v -1.10047 -0.4241 9.87648
vn 0.274409 -0.169766 -0.946509
v -1.07034 0.31315 9.96163
vn -0.168034 0.0607248 -0.983909
v -0.77921 -0.2326 9.86407
vn -0.212887 -0.00674195 -0.977053
v -1.11354 -0.60741 9.87221
vn 0.539258 0.151507 -0.8284
v -0.57326 0.8597 9.7464
vn -0.792504 -0.368066 -0.486277
v -0.70889 0.80881 10.0399
vn -0.724536 -0.294321 -0.623236
v -0.75909 0.68559 10.0154
vn -0.131147 0.259287 -0.956854
v -0.98049 0.42077 9.96034
vn -0.0624353 0.122092 -0.990553
v -0.81369 0.52815 9.97946
vn -0.178001 0.263124 -0.948199
v -1.15678 -0.48826 9.86116
vn 0.604658 -0.00871312 -0.796437
v -0.89495 0.1185 9.95652
vn -0.0362867 -0.0234288 -0.999067
v -1.01463 0.29606 9.94536
vn -0.1704 -0.0139215 -0.985277
v -0.79212 -0.08353 9.89918
vn -0.201567 0.30948 -0.929297
v -0.83742 0.08578 9.95377
vn -0.0935728 0.0442083 -0.99463
v -0.96319 -0.54304 9.90941
vn 0.0391299 -0.119727 -0.992035
v -0.53595 0.71934 9.76752
vn -0.835101 -0.182163 -0.51906
v -0.699315 0.738232 10.0173
vn -0.616092 0.192698 -0.76374
v -0.7441 0.60435 9.98411
vn -0.304923 0.317866 -0.897766
v -0.88275 0.42656 9.96009
vn 0.00168534 0.0609105 -0.998142
v -0.98912 0.34438 9.95136
vn 0.0957535 0.147372 -0.984435
v -1.09483 -0.51129 9.89254
vn 0.243237 0.00525396 -0.969953
v -0.99506 0.31809 9.9419
vn 0.0133738 0.00982472 -0.999862
v -0.80157 -0.01209 9.93475
vn -0.0252693 0.33917 -0.940386
v -0.61837 -0.09247 9.82447
vn -0.462664 0.119994 -0.878376
v -0.77942 -0.43051 9.88832
vn -0.082063 -0.16555 -0.982781
v -0.53801 0.59 9.7967
vn -0.813721 -0.0540411 -0.578738
v -0.65469 0.68269 9.95858
vn -0.745841 0.107353 -0.657416
v -0.77119 0.45011 9.95416
vn -0.160702 0.105666 -0.981331
v -0.705125 0.49825 9.93968
vn -0.387966 0.164673 -0.906843
v -0.73027 -0.03547 9.90932
vn -0.353025 0.403864 -0.843959
v -0.5297 -0.26623 9.76746
vn -0.453178 -0.104131 -0.885317
v -0.60449 -0.38669 9.84366
vn -0.28305 -0.270201 -0.920257
v -0.75465 0.01432 9.93676
vn -0.292266 0.166881 -0.941664
v -0.70202 -0.62278 9.92288
vn -0.0941082 -0.2001 -0.975245
v -0.67777 0.59013 9.95004
vn -0.512151 0.274891 -0.813718
v -0.92501 0.37255 9.95995
vn 0.0959156 0.0393086 -0.994613
v -0.926073 0.241718 9.95116
vn 0.0336154 -0.00562305 -0.999419
v -0.68414 0.00846 9.89498
vn -0.593613 0.0865778 -0.80008
v -0.47275 -0.1635 9.73709
vn -0.527073 0.0857362 -0.845484
v -0.604165 -0.46309 9.86856
vn -0.187675 -0.2676 -0.945076
v -0.81476 0.11554 9.94811
vn -0.259775 -0.0920218 -0.961275
v -0.74009 0.05399 9.93114
vn -0.426924 -0.0803356 -0.900712
v -0.4697 0.64687 9.69396
vn -0.7923 -0.148232 -0.591851
v -0.61282 0.57123 9.88976
vn -0.735932 0.107847 -0.668411
v -0.885235 0.34553 9.97155
vn 0.0081824 -0.0471795 -0.998853
v -0.6468 0.50184 9.90497
vn -0.580649 0.150606 -0.800103
v -0.60041 0.03763 9.82294
vn -0.645074 0.0122531 -0.764022
v -0.46888 -0.08297 9.7384
vn -0.495992 -0.117849 -0.860293
v -0.42142 -0.2188 9.68164
vn -0.573701 0.205956 -0.792748
v -0.49933 -0.37001 9.79361
vn -0.457668 -0.412425 -0.787684
v -0.76725 0.10102 9.93392
vn -0.404997 -0.163627 -0.899558
v -0.54212 -0.56013 9.87958
vn -0.224043 -0.212922 -0.951036
v -0.46594 0.58839 9.70183
vn -0.771961 -0.108295 -0.626377
v -0.47194 0.69166 9.67989
vn -0.799401 -0.203971 -0.565113
v -0.83375 0.34492 9.95918
vn -0.191012 0.0925496 -0.977215
v -0.6945 0.41346 9.92717
vn -0.385983 0.0343049 -0.921868
v -0.84977 0.25005 9.94631
vn -0.179639 0.105451 -0.978064
v -0.68397 0.08485 9.88888
vn -0.579168 -0.11219 -0.807452
v -0.50595 -0.00075 9.74235
vn -0.614714 -0.0851746 -0.784138
v -0.41929 -0.09743 9.71649
vn -0.559687 -0.0204597 -0.828452
v -0.434115 -0.268155 9.68985
vn -0.604402 -0.0785735 -0.792795
v -0.4154 -0.363205 9.7187
vn -0.610638 -0.398683 -0.684231
v -0.51063 -0.41447 9.82801
vn -0.293673 -0.43744 -0.849943
v -0.48858 -0.44989 9.83407
vn -0.349824 -0.256282 -0.901079
v -0.81635 0.20551 9.93649
vn -0.301566 0.0075584 -0.953415
v -0.55597 -0.64112 9.89815
vn -0.328217 -0.131582 -0.935393
v -0.4483 0.63741 9.66774
vn -0.738203 -0.157008 -0.656052
v -0.57214 0.50417 9.83815
vn -0.718968 -0.0229009 -0.694666
v -0.75465 0.40109 9.94813
vn -0.282667 0.103857 -0.953579
v -0.60476 0.14503 9.82096
vn -0.593166 -0.0304788 -0.804503
v -0.52278 0.08906 9.75473
vn -0.665018 0.0345907 -0.746025
v -0.43164 -0.03017 9.69469
vn -0.550442 -0.327289 -0.768046
v -0.36163 -0.162455 9.66272
vn -0.585756 0.175562 -0.791245
v -0.409895 -0.304325 9.68166
vn -0.585535 -0.314001 -0.747363
v -0.47437 -0.418235 9.81091
vn -0.596874 -0.406328 -0.691837
v -0.72453 0.16956 9.8982
vn -0.483446 -0.0680562 -0.872725
v -0.48813 -0.59063 9.86511
vn -0.337299 0.0620032 -0.939354
v -0.47545 -0.53989 9.84769
vn -0.443472 -0.287045 -0.849081
v -0.41505 0.6429 9.63472
vn -0.649234 -0.110617 -0.752502
v -0.40597 0.57502 9.64007
vn -0.655192 -0.218427 -0.723196
v -0.49667 0.50131 9.75239
vn -0.751758 -0.0836208 -0.654116
v -0.44273 0.6742 9.65147
vn -0.682305 -0.193111 -0.705102
v -0.87646 0.30492 9.9587
vn -0.0795314 0.180845 -0.980291
v -0.62267 0.44353 9.88623
vn -0.612705 -0.0912892 -0.785022
v -0.43337 0.021 9.66936
vn -0.639765 -0.252648 -0.725858
v -0.75516 0.25741 9.92124
vn -0.369866 0.156787 -0.91576
v -0.48382 -0.6559 9.86109
vn -0.574278 -0.00520028 -0.818644
v -0.52836 0.44054 9.80104
vn -0.694226 -0.162397 -0.701197
v -0.60556 0.37665 9.89599
vn -0.508027 0.0201466 -0.861105
v -0.67351 0.34306 9.91155
vn -0.367665 0.2282 -0.901525
v -0.62378 0.24359 9.83373
vn -0.488392 0.149201 -0.859775
v -0.492288 0.134567 9.7357
vn -0.571389 0.172184 -0.802414
v -0.37228 -0.003 9.64275
vn -0.505214 -0.111679 -0.855738
v -0.37185 -0.2521 9.64621
vn -0.504461 -0.0332314 -0.862795
v -0.3736 -0.45335 9.73193
vn -0.611677 -0.317931 -0.724411
v -0.68686 0.23587 9.87737
vn -0.535702 0.16202 -0.828718
v -0.52334 -0.72838 9.89253
vn -0.601953 -0.0451829 -0.797252
v -0.4667 -0.57073 9.85549
vn -0.631131 -0.0482386 -0.774175
v -0.44061 -0.47442 9.803
vn -0.650187 -0.23726 -0.721779
v -0.34796 0.60239 9.57585
vn -0.613383 -0.0167439 -0.789608
v -0.40018 0.70513 9.61426
vn -0.467828 -0.0181971 -0.883632
v -0.46016 0.47023 9.71831
vn -0.67023 -0.210164 -0.711774
v -0.734185 0.2948 9.92476
vn -0.41261 0.289034 -0.863836
v -0.57638 0.37949 9.86163
vn -0.6559 -0.0635298 -0.75217
v -0.41192 0.02975 9.6429
vn -0.577633 0.0470995 -0.814936
v -0.29999 -0.07861 9.60886
vn -0.599983 -0.138985 -0.787848
v -0.35007 -0.3621 9.66112
vn -0.548881 -0.39505 -0.736658
v -0.42322 -0.69915 9.8082
vn -0.65838 0.00311796 -0.75268
v -0.37762 -0.547 9.76682
vn -0.643076 -0.135496 -0.75372
v -0.35646 0.64832 9.59329
vn -0.403982 0.132093 -0.905179
v -0.32962 0.57408 9.56922
vn -0.451137 -0.294447 -0.842482
v -0.32639 0.509 9.59879
vn -0.419125 -0.306726 -0.854549
v -0.58597 0.22351 9.81405
vn -0.478984 0.238413 -0.844828
v -0.457415 0.18468 9.72778
vn -0.501906 0.242245 -0.830306
v -0.37177 0.15736 9.67149
vn -0.483303 0.241499 -0.841485
v -0.37896 0.05876 9.64583
vn -0.173653 0.224474 -0.958883
v -0.3088 -0.13143 9.62233
vn -0.629436 -0.0296155 -0.776488
v -0.30467 -0.43352 9.67088
vn -0.476858 -0.375319 -0.794822
v -0.63801 0.26669 9.85666
vn -0.446294 0.371026 -0.814347
v -0.4398 -0.79843 9.82808
vn -0.662674 -0.0696583 -0.745661
v -0.354193 -0.66248 9.74778
vn -0.651344 0.00832884 -0.758736
v -0.33074 0.70273 9.59702
vn -0.155767 0.203797 -0.966542
v -0.38601 0.42272 9.67842
vn -0.624085 -0.27003 -0.733213
v -0.452585 0.357185 9.75626
vn -0.641697 -0.126726 -0.756417
v -0.60301 0.31848 9.86389
vn -0.49241 0.333325 -0.804007
v -0.30998 -0.337003 9.62746
vn -0.395734 -0.290708 -0.871139
v -0.25344 -0.499605 9.66174
vn -0.577513 -0.182997 -0.795607
v -0.39779 -0.79581 9.7877
vn -0.629743 -0.0916145 -0.771382
v -0.324475 0.604055 9.56911
vn -0.0838687 0.201199 -0.975953
v -0.31475 0.42221 9.61409
vn -0.630707 -0.200209 -0.74975
v -0.50143 0.31666 9.79676
vn -0.577117 0.105822 -0.809776
v -0.47291 0.23524 9.75576
vn -0.489895 0.290178 -0.82207
v -0.3392 0.09688 9.63875
vn -0.4481 0.117779 -0.886191
v -0.28615 0.026115 9.59961
vn -0.548831 0.0822607 -0.831876
v -0.240805 -0.034145 9.56448
vn -0.508341 0.00140678 -0.861155
v -0.24433 -0.17868 9.5742
vn -0.517194 -0.00671121 -0.855842
v -0.26378 -0.261415 9.59138
vn -0.387907 -0.192371 -0.9014
v -0.239955 -0.42437 9.63123
vn -0.488127 -0.261159 -0.832783
v -0.26483 -0.559905 9.67651
vn -0.630388 -0.0225251 -0.775953
v -0.29923 0.62642 9.57539
vn 0.00463882 0.220674 -0.975337
v -0.23799 0.71976 9.59544
vn -0.0225428 0.214059 -0.976561
v -0.256283 0.427205 9.57083
vn -0.452705 -0.135267 -0.881341
v -0.372555 0.37194 9.68355
vn -0.675727 -0.164719 -0.718513
v -0.38619 0.23317 9.6975
vn -0.613094 0.13599 -0.778218
v -0.259115 -0.362739 9.62092
vn -0.382098 -0.289005 -0.877769
v -0.3364 -0.75871 9.73728
vn -0.653126 -0.12085 -0.747544
v -0.40107 -0.8968 9.81456
vn -0.639553 -0.13785 -0.756286
v -0.26181 0.47912 9.57081
vn -0.362577 0.0639745 -0.929756
v -0.29686 0.34433 9.61416
vn -0.657778 -0.0941184 -0.747308
v -0.28353 0.132392 9.60296
vn -0.617546 0.0653708 -0.783813
v -0.20327 -0.18235 9.55208
vn -0.397056 -0.0684684 -0.915237
v -0.23422 -0.63291 9.65058
vn -0.608842 0.00593888 -0.79327
v -0.26565 -0.73385 9.6663
vn -0.706442 0.0824068 -0.702957
v -0.23401 0.58148 9.5705
vn 0.042904 0.0876582 -0.995226
v -0.26408 0.52377 9.57431
vn -0.199103 -0.101227 -0.974736
v -0.36462 0.31534 9.68363
vn -0.692089 -0.0277899 -0.721277
v -0.423255 0.27834 9.73751
vn -0.604871 0.120643 -0.787132
v -0.263995 0.27179 9.59197
vn -0.626918 -0.0139899 -0.77896
v -0.185654 -0.0821562 9.54364
vn -0.273473 -0.000824856 -0.961879
v -0.3357 -0.94066 9.76401
vn -0.708304 -0.0988884 -0.698947
v -0.29417 -0.81223 9.70442
vn -0.801693 -0.0675404 -0.593908
v -0.16871 0.6252 9.57995
vn 0.0344454 0.178347 -0.983365
v -0.21959 0.4478 9.55968
vn -0.237648 -0.0640303 -0.969239
v -0.240782 0.331913 9.57591
vn -0.430464 -0.0406312 -0.901693
v -0.236458 0.1934 9.57304
vn -0.475343 0.0549233 -0.878085
v -0.16346 -0.148995 9.53896
vn -0.160805 -0.103062 -0.98159
v -0.176195 -0.475792 9.59851
vn -0.542199 -0.0996566 -0.834319
v -0.18724 -0.28225 9.56428
vn -0.337334 -0.184092 -0.92321
v -0.3708 -1.0044 9.81159
vn -0.732026 -0.120613 -0.670515
v -0.3059 -0.877515 9.72959
vn -0.744737 -0.0539828 -0.665171
v -0.24814 -0.8557 9.62492
vn -0.896822 0.0019876 -0.442386
v -0.21246 0.06782 9.54386
vn -0.400464 -0.0422643 -0.915337
v -0.13982 -0.62931 9.58301
vn -0.450637 0.160363 -0.878185
v -0.30353 -1.01293 9.73302
vn -0.813255 -0.0456744 -0.580112
v -0.20301 -0.69805 9.61166
vn -0.628141 0.237779 -0.740878
v -0.28271 -0.86866 9.69756
vn -0.869799 -0.0459077 -0.491267
v -0.21174 -0.78344 9.58168
vn -0.717944 0.324127 -0.616034
v -0.1556 0.006145 9.54028
vn -0.100802 0.039582 -0.994119
v -0.143395 -0.52656 9.58291
vn -0.455104 -0.0508015 -0.888988
v -0.13729 -0.40905 9.5692
vn -0.351228 -0.119764 -0.928599
v -0.22899 -0.82487 9.58183
vn -0.888764 0.204421 -0.410257
v -0.17891 0.42929 9.55289
vn -0.209134 -0.00792611 -0.977855
v -0.16425 0.3856 9.54801
vn -0.31596 -0.0382445 -0.948001
v -0.20153 0.19214 9.55982
vn -0.216777 0.115228 -0.969397
v -0.15015 -0.220435 9.54996
vn -0.0603016 -0.14533 -0.987544
v -0.12507 -0.741 9.53802
vn -0.41767 0.42163 -0.804848
v -0.11196 -0.558165 9.57196
vn -0.273355 -0.0540168 -0.960395
v -0.117232 -0.309787 9.55369
vn -0.180572 -0.0250046 -0.983244
v -0.270805 -1.07882 9.68912
vn -0.826063 -0.0720021 -0.558959
v -0.357 -1.10239 9.81487
vn -0.80499 -0.0518657 -0.591017
v -0.23782 -1.0059 9.62175
vn -0.8685 -0.12584 -0.47945
v -0.162457 0.259362 9.55265
vn -0.24444 -0.0957596 -0.964924
v -0.08726 -0.11631 9.53106
vn -0.0344633 0.019942 -0.999207
v -0.087975 -0.1528 9.53461
vn -0.0384327 -0.162404 -0.985976
v -0.05768 -0.68789 9.54671
vn -0.128743 0.323462 -0.937442
v -0.08297 -0.3733 9.55128
vn -0.2244 -0.0850807 -0.970776
v -0.304 -1.13055 9.7388
vn -0.805932 0.0349704 -0.590974
v -0.17732 -0.82778 9.50167
vn -0.607364 0.473079 -0.638205
v -0.21302 -0.91784 9.54096
vn -0.916772 -0.0556217 -0.395518
v -0.17815 0.069425 9.543
vn 0.0980373 0.0295235 -0.994745
v -0.129527 0.0412688 9.54772
vn 0.136266 0.166289 -0.976616
v -0.04732 -0.74554 9.51958
vn -0.0655353 0.526496 -0.847648
v -0.0547675 -0.598155 9.56486
vn -0.0990717 0.0435758 -0.994126
v -0.35637 -1.16512 9.81103
vn -0.815166 0.109084 -0.568863
v -0.14429 -0.85807 9.46231
vn -0.261069 0.501328 -0.824932
v -0.17932 -0.93542 9.47941
vn -0.819714 -0.218624 -0.529407
v -0.16537 -0.90403 9.44403
vn -0.684742 0.1232 -0.718297
v -0.12424 0.3062 9.53503
vn -0.295822 -0.106423 -0.949296
v -0.159036 0.162665 9.55371
vn 0.0372343 0.0491165 -0.998099
v -0.01143 -0.00997 9.5345
vn -0.0441641 0.080254 -0.995796
v -0.0658525 -0.255588 9.55138
vn -0.107402 0.0198361 -0.994018
v 0.03043 -0.73444 9.53235
vn 0.101856 0.35533 -0.929175
v 0.007505 -0.65836 9.55665
vn 0.0333137 0.252904 -0.966918
v -0.0666 -0.46645 9.55334
vn -0.0688148 -0.0888737 -0.993663
v -0.041 -0.32238 9.53904
vn -0.216176 -0.0168233 -0.97621
v -0.21312 -1.11489 9.61671
vn -0.745276 -0.171485 -0.644327
v -0.34444 -1.20366 9.75748
vn -0.619217 0.645168 -0.44758
v -0.1854 -1.01851 9.52737
vn -0.798202 -0.353575 -0.487707
v -0.01007 -0.08663 9.53247
vn 0.0357616 0.0370852 -0.998672
v 0.02113 -0.415452 9.54647
vn -0.0631047 -0.134875 -0.988851
v -0.15775 -1.07424 9.53298
vn -0.692171 -0.342708 -0.635177
v -0.24169 -1.18706 9.65255
vn -0.679098 0.215771 -0.701619
v -0.3856 -1.14501 9.849
vn -0.653975 0.0396723 -0.755475
v -0.06917 -0.84429 9.46041
vn 0.0885466 0.473182 -0.876504
v -0.15373 -1.02893 9.49602
vn -0.535865 -0.381146 -0.753377
v -0.13366 0.11753 9.5549
vn 0.151571 0.0660521 -0.986237
v -0.11793 0.19765 9.55746
vn 0.094447 -0.0775997 -0.992501
v -0.10767 0.0580475 9.5563
vn -0.0885563 0.176182 -0.980366
v -0.03541 -0.14014 9.53211
vn 0.000818111 -0.14294 -0.989731
v 0.008585 -0.810225 9.49213
vn 0.18167 0.418671 -0.889781
v 0.04202 -0.58719 9.56678
vn -0.0391689 -0.0280375 -0.998839
v 0.03372 -0.32473 9.52381
vn -0.088462 -0.0737015 -0.993349
v -0.11628 -1.14553 9.53635
vn -0.574658 -0.334692 -0.746826
v -0.086935 -0.89236 9.43438
vn -0.102915 0.361594 -0.926638
v -0.13324 -0.92374 9.44313
vn -0.367297 -0.178696 -0.912776
v 0.04972 -0.23851 9.53862
vn -0.0735827 0.0578217 -0.995611
v -0.006715 -0.286787 9.53378
vn -0.178982 0.196474 -0.964035
v -0.113075 -1.10631 9.51025
vn -0.489343 -0.356228 -0.796018
v -0.46475 -1.26029 9.75742
vn -0.470971 -0.330013 -0.818094
v -0.09422 -1.01623 9.46441
vn -0.293383 -0.394742 -0.870692
v -0.06087 0.0674 9.54737
vn -0.211571 0.102181 -0.972007
v 0.06775 -0.81641 9.50445
vn 0.265825 0.465107 -0.844401
v 0.11002 -0.68426 9.55167
vn 0.0520396 0.0887161 -0.994697
v -0.02623 -1.21204 9.50642
vn -0.380635 -0.649134 -0.658591
v -0.01414 -0.91382 9.44162
vn 0.300155 0.232892 -0.925024
v -0.04297 -0.93923 9.41138
vn -0.0903654 -0.154968 -0.983778
v -0.10143 0.14913 9.55919
vn 0.0735956 0.078038 -0.99423
v 0.09407 -0.76305 9.53577
vn 0.348856 0.257247 -0.901179
v 0.080485 -0.548335 9.55566
vn -0.079943 -0.0605322 -0.99496
v 0.01612 -1.18028 9.45441
vn -0.541232 -0.116074 -0.832824
v -0.01046 -1.12271 9.47218
vn -0.377792 -0.0953371 -0.920969
v 0.21277 -1.24146 9.46686
vn -0.180243 -0.883872 -0.431606
v 0.06927 -0.90296 9.46459
vn 0.0384363 0.293601 -0.955155
v -0.03654 -0.96219 9.426
vn 0.158833 -0.36528 -0.917247
v -0.04735 -1.07007 9.47239
vn -0.202604 -0.228858 -0.952143
v 0.132215 -0.461785 9.54441
vn -0.0322176 -0.180933 -0.982968
v 0.127628 -0.341565 9.52933
vn 0.163237 0.0835101 -0.983046
v 0.21674 -1.22137 9.39312
vn -0.178429 -0.939622 -0.292016
v 0.02283 -1.01773 9.45407
vn -0.0660867 -0.0774263 -0.994805
v 0.12641 -0.8556 9.49164
vn 0.036978 0.61511 -0.787574
v 0.14709 -0.77056 9.56087
vn 0.465183 0.193693 -0.863764
v 0.131728 -0.59445 9.55067
vn 0.00245668 0.0673214 -0.997728
v 0.163 -0.41825 9.53529
vn 0.0521985 -0.125468 -0.990724
v 0.17623 -0.50368 9.5572
vn 0.103445 -0.138792 -0.984904
v 0.04147 -1.20563 9.43869
vn -0.386235 -0.671046 -0.632866
v 0.11713 -0.9632 9.44093
vn -0.268853 0.158873 -0.949988
v 0.10437 -0.29096 9.5344
vn 0.172126 0.209512 -0.962537
v 0.155 -0.90939 9.44384
vn -0.254717 0.506671 -0.823653
v 0.1582 -0.82464 9.52966
vn 0.236768 0.704288 -0.669267
v 0.173745 -0.62778 9.55104
vn 0.15787 -0.00712376 -0.987434
v 0.18454 -0.46061 9.54726
vn 0.114241 -0.205923 -0.971877
v 0.0697 -1.18932 9.41814
vn -0.416921 0.145121 -0.897283
v 0.045405 -1.08481 9.45681
vn -0.295 0.00892249 -0.955456
v 0.19861 -1.20174 9.36628
vn -0.343856 -0.0710939 -0.936327
v 0.14742 -1.02819 9.42739
vn -0.235826 0.0454382 -0.970733
v 0.1999 -0.86397 9.48089
vn -0.0388713 0.817323 -0.574868
v 0.18127 -0.78559 9.58709
vn 0.458008 0.565024 -0.686277
v 0.18121 -0.71736 9.57128
vn 0.188506 -0.194588 -0.962601
v 0.21308 -0.544165 9.56791
vn 0.16158 0.0162675 -0.986725
v 0.23197 -1.2157 9.35032
vn 0.138157 -0.324373 -0.935786
v 0.13156 -1.17191 9.39605
vn -0.311768 0.245256 -0.91796
v 0.1884 -0.9539 9.41253
vn -0.350343 -0.00239322 -0.936618
v 0.205985 -0.921475 9.40388
vn -0.359033 0.578876 -0.732119
v 0.19671 -0.777755 9.59478
vn 0.138255 -0.160403 -0.977321
v 0.20582 -0.40712 9.54645
vn 0.298947 -0.0297119 -0.953807
v 0.16858 -0.30755 9.55039
vn 0.29451 0.187337 -0.937107
v 0.22277 -1.14885 9.38302
vn -0.0781466 0.352915 -0.932386
v 0.24142 -0.99252 9.40545
vn -0.104778 -0.104545 -0.988985
v 0.14449 -1.11049 9.41437
vn -0.259355 0.252159 -0.932283
v 0.24839 -0.89957 9.41959
vn 0.0663783 0.830268 -0.553398
v 0.24071 -0.81874 9.53492
vn -0.200256 0.691916 -0.693649
v 0.214605 -0.79443 9.57343
vn -0.34036 0.597719 -0.725869
v 0.22932 -0.71858 9.57047
vn -0.0716246 -0.166876 -0.983373
v 0.25005 -1.19296 9.35955
vn 0.157012 0.382021 -0.910718
v 0.24519 -0.9196 9.38416
vn 0.198652 0.278817 -0.939573
v 0.24529 -1.06612 9.40709
vn -0.042484 0.131037 -0.990467
v 0.27918 -0.86401 9.4778
vn 0.0682988 0.77108 -0.633064
v 0.248705 -0.671085 9.56402
vn 0.0275038 0.00618738 -0.999603
v 0.25652 -0.59136 9.57099
vn 0.177794 0.121368 -0.976555
v 0.30865 -0.9583 9.40545
vn 0.195023 -0.0347101 -0.980184
v 0.32292 -0.91363 9.43161
vn 0.31316 0.655311 -0.687386
v 0.30373 -0.82027 9.52342
vn 0.0770064 0.584604 -0.807656
v 0.27197 -0.75314 9.56074
vn -0.159527 0.262882 -0.951548
v 0.31078 -1.19319 9.38604
vn 0.413044 0.151294 -0.898056
v 0.32537 -1.12221 9.40742
vn 0.206899 0.217313 -0.953922
v 0.32906 -1.05342 9.41577
vn 0.23228 0.0303211 -0.972176
v 0.35169 -0.86415 9.4936
vn 0.221761 0.650118 -0.726752
v 0.32487 -0.67511 9.57184
vn 0.13158 0.0998878 -0.98626
v 0.40421 -1.06851 9.44342
vn 0.408653 0.038549 -0.911875
v 0.40172 -0.91674 9.4735
vn 0.335773 0.481368 -0.809655
v 0.39555 -0.80502 9.54465
vn 0.0805627 0.42356 -0.902278
v 0.33358 -0.72289 9.56684
vn 0.0649376 0.118658 -0.99081
v 0.35051 -0.94596 9.42193
vn 0.420393 0.322435 -0.848119
v 0.43223 -0.9916 9.46624
vn 0.50322 0.166603 -0.847946
v 0.481848 -0.87082 9.52924
vn 0.32093 0.337627 -0.88488
v 0.48696 -1.05679 9.48877
vn 0.500327 0.15346 -0.852128
v 0.506925 -0.920775 9.5279
vn 0.451306 0.153724 -0.879029
v 0.46059 -0.827165 9.54311
vn 0.20099 0.418972 -0.885475
v 0.38194 -0.76797 9.55949
vn 0.081616 0.329988 -0.94045
v 0.56888 -0.98636 9.55914
vn 0.446387 0.150351 -0.882118
v 0.49468 -0.76222 9.57759
vn 0.155174 0.396477 -0.904836
v 0.56188 -1.06529 9.52865
vn 0.445127 0.2718 -0.853221
v 0.572225 -0.918075 9.55544
vn 0.30562 0.0605724 -0.950225
v 0.56546 -0.83712 9.56536
vn 0.225991 0.300574 -0.926598
v 0.62192 -1.03632 9.56168
vn 0.262004 0.192836 -0.945605
v 0.108 -0.71489 -2.66101
vn 0.190659 0.976132 -0.103997
v 0.1266 -0.71499 -2.61575
vn 0.194154 0.980943 -0.00748036
v 0.22773 -0.74059 -2.60722
vn 0.335911 0.94169 0.0195828
v 0.12687 -0.71615 -2.53369
vn 0.266463 0.962176 -0.0566975
v 0.20989 -0.73861 -2.65699
vn 0.352945 0.925306 -0.138702
v 0.13861 -0.7289 -2.7237
vn 0.275298 0.943989 -0.181921
v 0.25551 -0.75786 -2.54245
vn 0.481013 0.874853 -0.0570792
v 0.21177 -0.72884 -2.45743
vn 0.302523 0.945243 -0.12246
v 0.29156 -0.779345 -2.63312
vn 0.584384 0.810989 -0.0281595
v 0.24036 -0.76306 -2.71687
vn 0.359495 0.913579 -0.190099
v 0.12881 -0.70203 -2.38141
vn 0.230698 0.968861 -0.0899293
v 0.29353 -0.76373 -2.4383
vn 0.505652 0.848477 -0.156216
v 0.27349 -0.77071 -2.66956
vn 0.494182 0.860033 -0.126997
v 0.36547 -0.83773 -2.58763
vn 0.621826 0.782377 -0.0349241
v 0.2533 -0.7315 -2.37473
vn 0.309786 0.94252 -0.125252
v 0.37358 -0.83405 -2.46891
vn 0.587751 0.801 -0.113783
v 0.3548 -0.83763 -2.70471
vn 0.638565 0.769166 -0.0248754
v 0.51359 -0.9679 -2.61757
vn 0.636912 0.770574 0.023629
v 0.53336 -0.97847 -2.76326
vn 0.615162 0.787962 0.0263091
v 0.60074 -1.03056 -2.67702
vn 0.596396 0.797765 0.0887873
v 0.649845 -1.06617 -2.61643
vn 0.403236 0.909166 0.10401
v 0.56611 -1.03157 -2.4562
vn 0.640958 0.765812 0.0520095
v 0.61636 -1.0608 -2.51998
vn 0.426025 0.903513 0.0465552
v 0.4861 -0.94833 -2.50136
vn 0.71239 0.69915 0.060743
v 0.46438 -0.92687 -2.39504
vn 0.773002 0.628791 0.0842003
v 0.65609 -1.07002 -2.4874
vn 0.164319 0.984187 -0.0661405
v 0.607195 -1.0549 -2.44787
vn 0.337888 0.938107 -0.0760666
v 0.53304 -1.01223 -2.3721
vn 0.680712 0.719696 0.136636
v 0.50119 -0.993937 -2.30642
vn 0.74166 0.646505 0.178803
v 0.62831 -1.05324 -2.38939
vn 0.175285 0.980476 -0.0891195
v 0.568045 -1.0359 -2.37533
vn 0.425922 0.900799 0.0845622
v 0.43967 -0.91446 -2.27061
vn 0.847821 0.49632 0.186726
v 0.459275 -0.967095 -2.23235
vn 0.814696 0.510959 0.274211
v 0.3696 -0.79736 -2.32541
vn 0.829354 0.547775 0.110066
v 0.725545 -1.0667 -2.42452
vn 0.0837363 0.989916 -0.11426
v 0.54627 -1.03671 -2.31551
vn 0.367488 0.926321 0.0829525
v 0.78442 -1.06573 -2.35365
vn 0.144866 0.987564 -0.06108
v 0.39573 -0.88845 -2.16244
vn 0.86081 0.3672 0.352378
v 0.468435 -1.00373 -2.19388
vn 0.741964 0.597778 0.303564
v 0.572505 -1.04234 -2.27159
vn 0.114011 0.993184 0.0242162
v 0.526381 -1.03537 -2.23585
vn 0.386564 0.909185 0.154761
v 0.4039 -0.83559 -2.23761
vn 0.909628 0.286795 0.300541
v 0.41635 -0.95887 -2.14049
vn 0.777185 0.461839 0.427421
v 0.47409 -1.01966 -2.16271
vn 0.599105 0.780074 0.180435
v 0.37115 -0.95913 -2.07436
vn 0.711245 0.532483 0.458903
v 0.42187 -1.00115 -2.07562
vn 0.605622 0.742462 0.286308
v 0.658633 -1.04844 -2.19745
vn 0.0696628 0.997223 -0.0263163
v 0.80406 -1.06405 -2.24167
vn 0.126645 0.985727 -0.110918
v 0.47869 -1.02651 -2.1193
vn 0.390241 0.917283 0.0794026
v 0.54196 -1.04326 -2.17275
vn 0.107294 0.994222 0.0033474
v 0.89013 -1.09256 -2.35122
vn 0.1739 0.977691 -0.117813
v 0.7886 -1.05545 -2.12622
vn 0.040233 0.997289 -0.0616054
v 0.44237 -1.02071 -2.04904
vn 0.348563 0.923961 0.157478
v 0.99673 -1.09002 -2.24184
vn 0.131594 0.977375 -0.165594
v 0.8845 -1.04841 -2.09511
vn 0.0381788 0.989528 -0.139201
v 0.48758 -1.03268 -2.05447
vn 0.208242 0.977139 0.042832
v 0.71157 -1.04137 -1.97529
vn 0.0158974 0.996269 -0.0848286
v 0.535533 -1.03787 -2.05022
vn 0.051874 0.997741 -0.0426857
v 0.78747 -1.04847 -2.02355
vn -0.0405156 0.991675 -0.122224
v 0.449175 -1.03022 -1.98356
vn 0.0264253 0.999622 0.00757715
v 0.80402 -1.03795 -1.9785
vn -0.0972239 0.980562 -0.170426
v 0.71278 -1.03477 -1.90139
vn -0.00533653 0.995897 -0.090339
v 0.53706 -1.02873 -1.8163
vn 0.00846723 0.999103 -0.0414869
v 0.42185 -1.03156 -1.9009
vn -0.0455053 0.998336 -0.0354292
v 0.58739 -1.02251 -1.74182
vn -0.0340259 0.996096 -0.0814566
v 0.4066 -1.03039 -1.83774
vn 0.0128972 0.997999 -0.0618989
v 0.4744 -1.022 -1.69172
vn 0.013722 0.997456 -0.0699533
v 0.36439 -1.03804 -1.93254
vn -0.0084384 0.996205 -0.0866288
v 0.32623 -1.01865 -1.7179
vn -0.00275726 0.996725 -0.080818
v 0.53672 -1.01732 -1.65559
vn -0.0271342 0.995503 -0.0907598
v 0.58344 -1.01769 -1.69003
vn -0.0813891 0.990872 -0.107464
v 0.30086 -1.02989 -1.86787
vn -0.0211892 0.997253 -0.0709814
v 0.49421 -1.01343 -1.58886
vn -0.0141389 0.996956 -0.0766792
v 0.39001 -1.00683 -1.49215
vn 0.0269775 0.997481 -0.0656064
v 0.20759 -1.00263 -1.52074
vn 0.0244894 0.997075 -0.0724053
v 0.176945 -1.03018 -1.81227
vn 0.0402168 0.997306 -0.0613484
v 0.18156 -1.01211 -1.64963
vn 0.0112704 0.996434 -0.0836163
v 0.27187 -0.99887 -1.44442
vn 0.0352882 0.996265 -0.0788032
v 0.24707 -1.02691 -1.76087
vn -0.00915548 0.993279 -0.11538
v 0.210835 -1.02968 -1.87644
vn 0.0564106 0.997277 0.047499
v 0.107918 -1.01678 -1.76018
vn 0.0731532 0.994576 -0.0739385
v 0.094135 -1.0107 -1.60641
vn 0.0407648 0.995737 -0.0827394
v 0.04104 -1.00295 -1.56157
vn 0.051746 0.996432 -0.0666743
v 0.13084 -1.02288 -1.8739
vn 0.0749386 0.996754 0.0294147
v -0.04525 -1.00073 -1.66892
vn 0.0753256 0.995909 -0.0499161
v 0.06508 -1.0238 -1.86234
vn 0.0420085 0.997114 -0.063243
v -0.04504 -1.00726 -1.76646
vn 0.065927 0.99453 -0.0810157
v -1.33822 1.15746 7.68053
vn -0.178551 0.640541 -0.746878
v -1.1641 1.2049 7.71188
vn 0.300518 -0.95208 -0.0568593
v -1.33366 1.1493 7.66088
vn 0.229215 -0.971174 -0.06544
v -1.13789 1.22213 7.70858
vn 0.336768 -0.904211 -0.262659
v -1.42727 1.12995 7.74117
vn 0.0822574 -0.996392 -0.0208934
v -0.82307 1.30204 7.85395
vn 0.245191 -0.968735 -0.0378724
v -1.37776 1.14155 7.79328
vn 0.241145 -0.969375 0.0464934
v -0.81052 1.31695 7.7836
vn 0.305762 -0.941019 -0.144893
v -0.86323 1.28924 8.07131
vn 0.240515 -0.970621 -0.00694467
v -1.25201 1.17576 7.75656
vn 0.268027 -0.963009 0.0278382
v -1.45656 1.13202 7.90522
vn 0.158908 -0.985886 0.0526939
v -0.13049 1.4466 8.11604
vn 0.211821 -0.975341 0.061983
v -1.31316 1.17283 8.05912
vn 0.228678 -0.973258 0.0217978
v -1.31412 1.15191 7.6377
vn 0.275004 -0.960195 0.048966
v -1.47067 1.13789 7.87412
vn 0.0167606 -0.999839 -0.00637867
v -0.35997 1.41668 8.24721
vn 0.227944 -0.973347 -0.025248
v -1.28822 1.16128 7.6406
vn 0.325837 -0.945285 0.0162917
v -1.54529 1.13366 8.19454
vn 0.141194 -0.98973 0.0223386
v -0.70142 1.30651 8.52003
vn 0.232638 -0.970302 -0.0662873
v 0.0672 1.50907 8.17808
vn 0.208842 -0.977813 -0.0163317
v -1.18596 1.20031 8.48612
vn 0.191506 -0.980738 -0.038455
v -1.53979 1.14012 8.53148
vn 0.154762 -0.987915 -0.00848722
v -1.68277 1.12136 8.28091
vn 0.240184 -0.967704 0.0765534
v -0.21196 1.42435 8.40639
vn 0.195794 -0.971273 -0.135253
v -1.68917 1.12183 8.54955
vn 0.127272 -0.991841 -0.00732038
v -1.88946 1.09277 8.72474
vn 0.168714 -0.985591 0.0120767
v -1.42201 1.13036 8.89283
vn 0.109612 -0.990314 -0.0852229
v -1.7012 1.11547 8.75269
vn 0.101003 -0.994127 -0.0388544
v -2.08339 1.05431 8.82803
vn 0.320433 -0.942571 0.0942493
v -1.18911 1.16021 8.76439
vn 0.0484474 -0.988691 -0.141927
v -2.38506 0.96514 9.07831
vn 0.325815 -0.945152 0.0230635
v -2.20031 1.02062 9.09789
vn 0.240112 -0.967964 -0.0734331
v -2.361 0.96784 9.2341
vn 0.224443 -0.966957 -0.120915
v -2.21117 0.9702 9.27104
vn 0.0367566 -0.939883 -0.339514
v -2.48333 0.92273 9.24555
vn 0.358366 -0.9154 -0.183351
v -2.32127 0.96291 9.29221
vn 0.0593676 -0.940327 -0.335053
v -2.40364 0.94613 9.28631
vn 0.315042 -0.85756 -0.406619
v -2.54296 0.90232 9.23026
vn 0.389449 -0.911309 -0.133584
v -2.28653 0.94775 9.30522
vn -0.06475 -0.45322 -0.889044
v -2.45848 0.90657 9.28471
vn 0.291547 -0.251374 -0.922936
v -2.55752 0.87967 9.27037
vn 0.335323 -0.733652 -0.591027
v -2.23709 0.91611 9.31452
vn -0.00280925 -0.199225 -0.97995
v -2.33705 0.94635 9.30607
vn 0.106221 0.012637 -0.994262
v -2.52235 0.863 9.28367
vn 0.101798 -0.235528 -0.966521
v -2.57957 0.85458 9.27102
vn 0.910492 -0.248364 -0.330636
v -2.39736 0.88673 9.29218
vn 0.0616274 0.0788905 -0.994977
v -2.56343 0.85668 9.28334
vn 0.201482 -0.282389 -0.937903
v -2.58054 0.87051 9.24476
vn -0.160397 -0.581932 -0.797263
v -2.25872 0.86436 9.30463
vn 0.152846 0.174907 -0.972649
v -2.45534 0.82831 9.28923
vn 0.00474672 -0.0266972 -0.999632
v -2.5514 0.76125 9.2948
vn -0.00346236 -0.051796 -0.998652
v -2.32383 0.8649 9.29168
vn 0.0905577 0.194458 -0.976722
v -2.36532 0.82393 9.28546
vn -0.035343 -0.00173189 -0.999374
v -2.63277 0.83846 9.28249
vn -0.26003 -0.465733 -0.845859
v -2.58163 0.91234 9.21014
vn -0.173815 -0.639209 -0.749133
v -2.6373 0.79875 9.29967
vn -0.135954 -0.185018 -0.973286
v -2.40926 0.62838 9.29255
vn -0.0639467 -0.00088591 -0.997953
v -2.61202 0.73878 9.29854
vn 0.334154 0.253539 -0.907777
v -2.48337 0.59743 9.29852
vn 0.051954 0.109856 -0.992589
v -2.51668 0.54943 9.27819
vn 0.323837 0.345277 -0.880859
v -2.4058 0.48196 9.27151
vn 0.162767 0.37262 -0.913598
v -2.49631 0.42282 9.20649
vn 0.679645 0.578431 -0.45111
v -2.42156 0.35734 9.20366
vn 0.364524 0.582456 -0.726545
v -2.31803 0.07823 8.98277
vn 0.787327 0.532308 -0.311069
v -2.26692 0.28876 9.21693
vn 0.593337 0.488051 -0.640123
v -2.34614 0.04196 8.83975
vn 0.614767 0.711109 -0.341154
v -2.19128 0.00726 9.16616
vn 0.880112 0.314636 -0.355538
v -2.12543 -0.38578 8.30838
vn 0.671387 0.725117 -0.153116
v -2.1886 -0.21242 8.86928
vn 0.895183 0.431537 -0.111462
v -2.19411 -0.58083 7.80273
vn -0.087519 0.884934 -0.45742
v -2.12805 -0.26624 9.06891
vn 0.876281 0.43655 -0.20385
v -2.02539 -0.55513 8.74228
vn 0.866481 0.49441 -0.0690547
v -2.07331 -0.55048 7.65796
vn -0.430643 0.861935 -0.26761
v -2.11032 -0.17184 9.28981
vn 0.910303 0.277771 -0.306907
v -1.91392 -0.71818 8.25709
vn 0.844585 0.535233 0.0141721
v -1.9512 -0.50326 7.71848
vn 0.170319 0.977791 -0.122134
v -2.12102 -0.62649 7.57546
vn -0.703634 0.585568 -0.402504
v -1.98248 -0.4538 9.16508
vn 0.822532 0.51791 -0.234968
v -2.0779 -0.00268 9.30403
vn 0.876396 -0.128959 -0.464005
v -1.89481 -0.56166 7.95351
vn 0.641074 0.766603 0.0366737
v -1.96696 -0.54324 7.47624
vn -0.384421 0.903608 -0.188978
v -2.05403 -0.65075 7.45613
vn -0.713174 0.505318 -0.485836
v -2.12336 -0.71669 7.50365
vn -0.764028 0.393778 -0.511077
v -2.10729 -0.09958 9.35449
vn 0.96359 -0.199629 0.177883
v -2.02156 -0.58636 7.46426
vn -0.710645 0.632982 -0.30711
v -2.17763 -0.83826 7.47142
vn -0.612407 0.531276 -0.585409
v -2.04778 -0.76253 7.40871
vn -0.61639 0.241627 -0.749453
v -2.10158 -0.82941 7.42664
vn -0.350667 0.233494 -0.906925
v -2.27252 -0.99843 7.40246
vn -0.571057 0.598003 -0.562393
v -2.10882 -0.91605 7.40145
vn -0.143887 0.25531 -0.956093
v -2.21116 -0.99603 7.37595
vn -0.0551544 0.402201 -0.913889
v -2.29143 -1.07377 7.33672
vn -0.240848 0.614838 -0.750977
v -2.00386 -0.82617 7.38228
vn -0.344283 0.0446594 -0.937803
v -2.0366 -0.88663 7.39134
vn -0.23578 0.0101103 -0.971754
v -2.112 -1.03167 7.38839
vn 0.180557 -0.0421347 -0.982662
v -2.2647 -1.07207 7.33504
vn 0.329063 0.171075 -0.928682
v -2.00504 -0.97632 7.39131
vn 0.0721433 -0.176403 -0.981671
v -2.19454 -1.09864 7.36427
vn 0.349828 -0.0168052 -0.936663
v -2.30654 -1.11788 7.31661
vn 0.36875 0.0164292 -0.929384
v -1.93555 -0.88505 7.36677
vn -0.0891481 -0.334227 -0.938267
v -2.00685 -1.19793 7.44213
vn 0.430094 -0.295806 -0.852947
v -1.93853 -0.94549 7.38211
vn 0.180563 -0.381256 -0.906665
v -1.85932 -0.96733 7.41655
vn 0.346042 -0.644249 -0.682055
v -2.24165 -1.21293 7.35254
vn 0.388166 -0.0590276 -0.919697
v -2.3436 -1.22524 7.30233
vn 0.431208 -0.046233 -0.901067
v -1.6795 -0.96923 7.6149
vn 0.503617 -0.729033 -0.463552
v -1.78061 -0.85393 7.32727
vn 0.0601579 -0.642916 -0.76357
v -1.63051 -0.92867 7.42753
vn 0.17082 -0.892355 -0.417759
v 1.19322 -0.82179 5.93266
vn -0.47684 0.872924 -0.103085
v 1.25276 -0.77158 5.95208
vn -0.750092 0.469675 -0.465583
v 1.26424 -0.77035 5.9204
vn -0.809047 0.586901 -0.031456
v 1.21821 -0.81061 5.88672
vn -0.529695 0.836504 0.140303
v 1.25727 -0.76851 5.8674
vn -0.747769 0.626257 0.220555
v 1.26769 -0.74985 5.95157
vn -0.868166 0.268478 -0.41738
v 1.1038 -0.86919 5.87506
vn -0.424077 0.898597 0.112617
v 1.28313 -0.71461 5.91421
vn -0.957345 0.288326 -0.0189282
v 1.07892 -0.88188 5.92331
vn -0.411241 0.907108 -0.0896483
v 1.16447 -0.8221 5.80901
vn -0.487232 0.822801 0.292581
v 1.27481 -0.72006 5.80706
vn -0.835163 0.524536 0.165422
v 1.08608 -0.86697 5.97881
vn -0.396827 0.898002 -0.190053
v 0.82722 -0.99139 5.8955
vn -0.41866 0.903204 0.0945841
v 0.97647 -0.91013 5.77138
vn -0.438963 0.87162 0.218152
v 1.22099 -0.757615 5.75223
vn -0.58429 0.722765 0.369074
v 1.29344 -0.678375 5.8262
vn -0.981769 0.187215 0.0328782
v 1.28444 -0.6722 5.96066
vn -0.93004 0.238454 -0.279581
v 1.06414 -0.80818 5.64029
vn -0.507884 0.784205 0.356479
v 1.29093 -0.66043 5.92278
vn -0.995012 0.0798267 -0.0598315
v 1.26546 -0.682415 5.98259
vn -0.744713 0.305518 -0.593347
v 0.61076 -1.05836 5.6159
vn -0.483896 0.847563 0.217903
v 1.27303 -0.697315 5.74696
vn -0.819787 0.475593 0.319
v 1.29571 -0.60629 5.84875
vn -0.998577 0.0124766 -0.0518504
v 0.31462 -1.22616 5.78816
vn -0.45151 0.887851 0.088653
v 0.7711 -0.81624 5.22826
vn -0.547089 0.794254 0.2643
v 1.23374 -0.69325 5.66973
vn -0.626194 0.650261 0.430165
v 0.29077 -1.23905 5.64365
vn -0.490099 0.871378 0.0224347
v 0.31117 -1.19185 5.40257
vn -0.547018 0.806085 0.225828
v 1.17285 -0.63869 5.4992
vn -0.599845 0.678456 0.424126
v 1.29977 -0.588675 5.77228
vn -0.998817 0.0478556 0.00863504
v 1.28642 -0.60907 5.66817
vn -0.898557 0.361465 0.248874
v 0.31113 -1.222 5.55034
vn -0.490561 0.860778 0.135685
v 0.24278 -1.17559 5.17211
vn -0.636091 0.72856 0.25414
v 1.18538 -0.50812 5.32361
vn -0.688402 0.673305 0.269748
v 1.25855 -0.62648 5.61415
vn -0.741958 0.549615 0.383956
v 0.164865 -1.26541 5.25926
vn -0.593715 0.782447 0.187829
v 0.19514 -1.27475 5.50528
vn -0.479808 0.863576 0.154983
v 1.24513 -0.51595 5.42897
vn -0.759455 0.503581 0.411866
v 1.06872 -0.57246 5.05359
vn -0.652863 0.756827 0.031343
v 1.26664 -0.57652 5.56591
vn -0.779122 0.515071 0.357309
v 1.29311 -0.50808 5.81233
vn -0.994417 -0.0943179 -0.0473137
v 1.29867 -0.5543 5.65378
vn -0.990848 0.0620779 0.119863
v 0.18512 -1.27309 5.37099
vn -0.546776 0.835969 0.046812
v 0.17546 -1.27886 5.44715
vn -0.52185 0.85011 0.0706102
v 1.16751 -0.4741 5.1469
vn -0.836959 0.515452 0.183873
v 0.97393 -0.67672 4.97445
vn -0.479931 0.872056 0.0958388
v 1.29889 -0.53218 5.69553
vn -0.996415 -0.0843989 -0.00575555
v 0.14028 -1.29693 5.34044
vn -0.532748 0.830415 0.163067
v 1.2729 -0.49196 5.4761
vn -0.938303 0.245568 0.243484
v 1.26178 -0.41584 5.40674
vn -0.874807 0.222829 0.430185
v 1.21919 -0.38056 5.20055
vn -0.891371 0.414096 0.18434
v 0.77778 -0.70833 4.83296
vn -0.323411 0.914231 0.244104
v 1.28861 -0.44602 5.73442
vn -0.993763 -0.109813 -0.0193983
v 0.11642 -1.29333 5.24686
vn -0.526325 0.835806 0.156238
v 0.11115 -1.28106 5.14095
vn -0.619069 0.780624 0.0859049
v 1.2537 -0.37888 5.34977
vn -0.87578 0.412074 0.251406
v 1.29052 -0.45377 5.63757
vn -0.996968 -0.0740593 0.0238767
v 0.13117 -1.2648 5.07638
vn -0.710353 0.690295 0.137449
v 0.088155 -1.29968 5.17453
vn -0.476842 0.865527 0.153247
v 0.08924 -1.30304 5.21537
vn -0.509746 0.854255 0.102017
v 1.27799 -0.42953 5.46816
vn -0.97534 0.0818067 0.204988
v 0.145495 -1.23426 5.03643
vn -0.794286 0.525549 0.304807
v 0.17638 -1.14012 4.97829
vn -0.812176 0.470809 0.344541
v 1.28606 -0.41084 5.53852
vn -0.997326 -0.00753139 0.0726871
v 0.09444 -1.29651 5.01317
vn -0.754281 0.614309 0.231699
v 0.39023 -0.88906 5.00989
vn -0.732795 0.579246 0.35705
v 0.09149 -1.23917 4.89501
vn -0.805899 0.537657 0.247896
v 0.0132 -1.30595 4.86309
vn -0.657538 0.722276 0.214387
v 0.059805 -1.31227 5.00721
vn -0.269991 0.961981 0.0411941
v 0.13134 -1.13876 4.85446
vn -0.936667 0.285283 0.203146
v 0.18502 -0.89719 4.85572
vn -0.917342 0.173481 0.358314
v 0.08649 -1.24963 4.81021
vn -0.838568 0.539835 -0.073355
v 0.02628 -1.31598 4.92576
vn -0.527427 0.827738 0.191497
v 0.13578 -1.07783 4.80247
vn -0.961203 0.0919832 0.260054
v 0.12628 -1.18178 4.78366
vn -0.963592 0.251359 -0.0911579
v 0.1209 -0.98251 4.77512
vn -0.879964 -0.00106297 0.47504
v 0.13176 -1.07652 4.75666
vn -0.998303 -0.00659557 0.0578605
v -0.589725 -1.37536 3.72505
vn 0.745796 0.426787 -0.511509
v -0.55996 -1.37723 3.70295
vn -0.0759801 0.997004 0.0144875
v -0.59986 -1.37774 3.68449
vn 0.773189 0.634058 0.0121939
v -0.569455 -1.36863 3.72945
vn -0.028418 0.664346 -0.746885
v -0.577225 -1.37154 3.6322
vn 0.239994 0.969834 0.0427199
v -0.60935 -1.35558 3.63754
vn 0.61326 0.785723 -0.0809431
v -0.58347 -1.3462 3.72815
vn 0.788711 -0.0444495 -0.613156
v -0.4891 -1.37079 3.68859
vn -0.0798359 0.996757 -0.0100378
v -0.528225 -1.37906 3.56655
vn 0.0262121 0.995539 -0.0906314
v -0.58696 -1.27156 3.7303
vn 0.908381 -0.015542 -0.417855
v -0.47663 -1.37157 3.60395
vn -0.0737031 0.994479 -0.0746942
v -0.597896 -1.37346 3.56373
vn 0.165775 0.928089 -0.333421
v -0.62923 -1.28114 3.63448
vn 0.817294 -0.048712 -0.574158
v -0.41788 -1.36558 3.72337
vn -0.215927 0.976375 -0.00815075
v -0.643354 -1.31872 3.61985
vn 0.720123 0.274858 -0.637084
v -0.646232 -1.347 3.59174
vn 0.426736 0.777399 -0.462111
v -0.38848 -1.35858 3.67529
vn -0.299109 0.954203 0.00550989
v -0.446999 -1.37309 3.56156
vn -0.18792 0.980134 -0.0634298
v -0.6208 -1.14941 3.636
vn 0.859785 0.0739007 -0.505281
v -0.38476 -1.35591 3.55293
vn -0.41829 0.906857 -0.0514128
v -0.372 -1.34655 3.62266
vn -0.645065 0.763892 0.0189805
v -0.56815 -1.38605 3.50395
vn -0.0653903 0.992273 -0.105447
v -0.50355 -1.38634 3.48772
vn -0.119837 0.992719 0.0121896
v -0.60597 -1.17455 3.67746
vn 0.939607 0.00762822 -0.342169
v -0.41188 -1.37101 3.40438
vn -0.170594 0.98421 -0.0472027
v -0.66075 -1.26147 3.61128
vn 0.36164 0.152241 -0.919804
v -0.369865 -1.34199 3.69771
vn -0.775921 0.626847 -0.0707803
v -0.533102 -1.38625 3.40816
vn -0.0951386 0.994127 -0.0515689
v -0.68949 -1.34251 3.57822
vn 0.151412 0.517771 -0.842014
v -0.66123 -1.38076 3.53793
vn -0.0384065 0.800713 -0.597816
v -0.61591 -1.39311 3.51758
vn -0.0360599 0.995 -0.0931364
v -0.641206 -1.20338 3.62677
vn 0.216252 0.160857 -0.962995
v -0.40874 -1.36185 3.81592
vn -0.491634 0.86406 -0.108148
v -0.614803 -1.11529 3.66842
vn 0.794216 0.131315 -0.593277
v -0.343595 -1.31436 3.59184
vn -0.889464 0.454344 -0.0492541
v -0.356405 -1.34188 3.50134
vn -0.744644 0.664663 -0.0610565
v -0.361497 -1.32372 3.76281
vn -0.85017 0.526251 0.0164625
v -0.37885 -1.34309 3.82464
vn -0.677399 0.732887 0.0633047
v -0.707409 -1.39392 3.51372
vn -0.085169 0.990489 -0.108067
v -0.31116 -1.23491 3.61772
vn -0.892249 0.404358 -0.200965
v -0.35626 -1.35343 3.43175
vn -0.494423 0.856376 -0.148886
v -0.3425 -1.28277 3.69295
vn -0.971643 0.13212 -0.196097
v -0.64661 -1.13586 3.64063
vn -0.420929 0.366226 -0.829878
v -0.58779 -1.12338 3.71606
vn 0.867499 -0.0552964 -0.494356
v -0.33626 -1.31374 3.49942
vn -0.901039 0.432163 -0.036939
v -0.45218 -1.38561 3.33394
vn -0.124567 0.983464 -0.131458
v -0.34883 -1.28984 3.75096
vn -0.944016 0.329303 0.0198346
v -0.58591 -1.39217 3.38267
vn -0.0629488 0.991319 -0.115431
v -0.701005 -1.31072 3.59688
vn -0.555116 0.507051 -0.659353
v -0.71169 -1.34987 3.58047
vn -0.568124 0.560502 -0.602555
v -0.732069 -1.38474 3.56266
vn -0.375194 0.831397 -0.409889
v -0.66382 -1.20498 3.6357
vn -0.687898 0.336208 -0.643242
v -0.30667 -1.23739 3.49776
vn -0.922728 0.382635 -0.0465208
v -0.33011 -1.29706 3.42394
vn -0.901609 0.432401 0.0114685
v -0.33059 -1.20461 3.69705
vn -0.719017 0.290062 -0.631568
v -0.42141 -1.35822 3.84903
vn -0.306634 0.951537 -0.0235138
v -0.31321 -1.27062 3.83018
vn -0.739269 0.612006 0.280944
v -0.72387 -1.39891 3.43898
vn -0.071082 0.997249 -0.0210411
v -0.6539 -1.39376 3.38616
vn -0.0442292 0.998828 0.0196725
v -0.58545 -1.08443 3.69958
vn 0.642636 -0.274544 -0.715293
v -0.619925 -1.0813 3.67422
vn 0.1084 0.144676 -0.983523
v -0.25133 -1.08392 3.70927
vn -0.325895 0.258295 -0.909437
v -0.54721 -1.39685 3.34184
vn -0.106029 0.981595 -0.158837
v -0.30675 -1.32391 3.9225
vn -0.469268 0.851153 0.235217
v -0.70382 -1.29232 3.62624
vn -0.872621 0.424753 -0.241078
v -0.34892 -1.22297 3.72192
vn -0.802732 -0.291625 -0.520169
v -0.3377 -1.13414 3.70108
vn -0.0247512 -0.0873972 -0.995866
v -0.34976 -1.22559 3.758
vn -0.993987 -0.0447385 -0.0999396
v -0.41194 -1.35381 3.89356
vn -0.255411 0.961291 0.103367
v -0.67278 -1.19279 3.6734
vn -0.9447 0.324647 -0.046339
v -0.37508 -1.12275 3.71225
vn -0.569159 -0.179008 -0.802505
v -0.37578 -1.05028 3.68412
vn -0.225743 -0.222738 -0.948382
v -0.56085 -1.05049 3.69393
vn 0.280339 -0.538789 -0.794429
v -0.79772 -1.4084 3.44921
vn -0.120211 0.989782 -0.0766846
v -0.75735 -1.36981 3.63087
vn -0.66715 0.729947 -0.148622
v -0.853735 -1.40949 3.49806
vn -0.126112 0.990925 -0.0465142
v -0.58714 -1.01913 3.66402
vn -0.043737 -0.333105 -0.941875
v -0.64633 -1.08722 3.68679
vn -0.760099 0.170533 -0.627031
v -0.72194 -1.31081 3.67039
vn -0.872803 0.482879 -0.0710099
v -0.68474 -1.23668 3.75244
vn -0.929857 0.367916 -0.00175736
v -0.42354 -1.07351 3.74914
vn -0.723048 -0.227566 -0.652239
v -0.43922 -1.35935 3.9266
vn -0.147332 0.984 0.100189
v -0.29995 -1.34128 3.99859
vn -0.255646 0.954164 0.155617
v -0.824405 -1.40335 3.58812
vn -0.11873 0.990127 -0.0745038
v -0.48846 -1.01801 3.67807
vn 0.116184 -0.632771 -0.765573
v -0.66121 -1.13282 3.74515
vn -0.988632 0.10162 -0.110817
v -0.76883 -1.38563 3.69546
vn -0.65023 0.759735 0.00194291
v -0.828033 -1.39673 3.6463
vn -0.224373 0.968924 -0.10413
v -0.65878 -1.01881 3.7076
vn -0.916454 0.0178068 -0.399743
v -0.73631 -1.32612 3.77404
vn -0.852604 0.519421 -0.0571729
v -0.432165 -1.36181 3.96855
vn 0.00362047 0.995557 -0.0940867
v -0.370725 -1.35204 4.03057
vn -0.0308751 0.980359 -0.194791
v -0.94462 -1.42261 3.53258
vn -0.181677 0.98237 -0.044068
v -0.66857 -1.07489 3.79689
vn -0.994562 -0.054046 -0.0890212
v -0.428455 -1.3566 4.01089
vn 0.105318 0.969639 -0.220698
v -0.93289 -1.41255 3.70189
vn -0.184807 0.981747 -0.0449403
v -0.78243 -1.39089 3.71996
vn -0.469388 0.87716 -0.101319
v -0.66701 -1.11214 3.7944
vn -0.998258 -0.0388371 -0.0444082
v -0.89259 -1.40323 3.74808
vn -0.140293 0.990079 -0.00782862
v -0.814046 -1.39151 3.7953
vn -0.302287 0.953119 0.0136494
v -0.66553 -1.13131 3.84094
vn -0.967877 -0.0858815 -0.2363
v -0.77335 -1.3707 3.81592
vn -0.635427 0.772067 0.012024
v -0.4602 -1.35191 3.99243
vn 0.316676 0.885268 -0.340613
v -0.67725 -1.05954 3.89179
vn -0.956971 0.0126817 -0.289906
v -0.88516 -1.40475 3.82387
vn -0.140164 0.989408 0.0377525
v -0.68911 -1.14653 3.89536
vn -0.858257 -0.0300722 -0.512339
v -0.42299 -1.33883 4.04657
vn 0.298137 0.824195 -0.481473
v -0.66501 -1.1876 3.88771
vn -0.626261 -0.368445 -0.687056
v -0.7068 -1.13092 3.92482
vn -0.832411 0.0889462 -0.546974
v -0.78622 -1.38791 3.86195
vn -0.341072 0.933317 0.112206
v -0.84701 -1.40211 3.86292
vn -0.148513 0.98656 0.0681404
v -0.69391 -1.1909 3.91025
vn -0.586523 -0.258819 -0.767465
v -0.6246 -1.25483 3.9023
vn -0.419368 -0.426036 -0.801638
v -5.16722 0.51304 -4.36551
vn -0.40158 0.0834389 0.912015
v -5.08334 0.35785 -4.29815
vn -0.449234 0.223298 0.865059
v -4.90736 0.53512 -4.27194
vn -0.33796 0.354308 0.871923
v -5.33919 0.29855 -4.43736
vn -0.42186 0.00578783 0.906642
v -4.90163 0.34721 -4.18013
vn -0.400017 0.460532 0.792399
v -5.46579 0.50264 -4.48112
vn -0.382066 -0.0557071 0.922455
v -4.76347 0.43304 -4.18416
vn -0.188206 0.476051 0.859043
v -5.57335 0.35874 -4.54237
vn -0.377995 -0.0992894 0.920468
v -4.65264 0.57898 -4.23122
vn -0.105078 0.374863 0.921106
v -4.77478 0.32654 -4.10416
vn -0.122625 0.642833 0.756128
v -5.56068 0.52565 -4.51722
vn -0.319023 -0.109278 0.941426
v -4.59522 0.37773 -4.1361
vn -0.00647632 0.523519 0.851989
v -4.85362 0.2972 -4.10029
vn -0.508506 0.590482 0.6267
v -5.63788 0.42637 -4.54861
vn -0.198736 -0.197949 0.959854
v -4.48114 0.46841 -4.18622
vn -0.0660013 0.288852 0.955096
v -4.8102 0.280345 -4.06166
vn -0.145176 0.639218 0.755198
v -4.91164 0.23053 -4.12125
vn -0.708792 0.251242 0.659159
v -4.68254 0.25688 -4.04514
vn -0.0313259 0.564319 0.824962
v -5.57711 0.50984 -4.51986
vn -0.167187 -0.533732 0.828963
v -5.66354 0.348 -4.57451
vn -0.210473 -0.243951 0.946673
v -4.49221 0.3854 -4.16056
vn 0.148179 0.369086 0.917507
v -4.46771 0.69826 -4.2426
vn -0.157269 0.244535 0.956802
v -4.83501 0.24749 -4.04718
vn -0.522354 0.327288 0.787419
v -4.49132 0.25035 -4.03098
vn -0.0230277 0.612452 0.790172
v -5.70901 0.29223 -4.58967
vn 0.112047 -0.344702 0.932001
v -4.46119 0.35641 -4.14489
vn 0.0713791 0.703996 0.706608
v -4.42401 0.396245 -4.16313
vn -0.184806 0.329137 0.926021
v -4.36095 0.47083 -4.1624
vn -0.249359 0.296333 0.921958
v -4.85731 0.20226 -4.05918
vn -0.661322 0.0572303 0.747916
v -4.47376 0.31877 -4.09584
vn -0.011075 0.723609 0.690122
v -4.76531 0.22423 -4.02828
vn -0.0319332 0.317979 0.94756
v -4.20812 0.54936 -4.15215
vn -0.213512 0.391643 0.895002
v -4.91735 0.09712 -4.10991
vn -0.675498 0.0302633 0.73674
v -4.60279 0.22003 -4.01825
vn -0.0673217 0.359233 0.930816
v -4.4138 0.35397 -4.13316
vn -0.208313 0.687717 0.69545
v -4.29284 0.3587 -4.07656
vn -0.370457 0.485155 0.792077
v -4.8278 0.10153 -4.03908
vn -0.572179 -0.0325626 0.819482
v -4.59281 0.18114 -4.00802
vn -0.0612448 0.206079 0.976617
v -4.39269 0.260637 -4.02437
vn -0.136001 0.642246 0.754337
v -4.8101 0.156575 -4.02513
vn -0.450497 0.0401386 0.891875
v -4.79427 0.16349 -4.01896
vn -0.120483 0.113338 0.986224
v -4.2323 0.310995 -4.02248
vn -0.25113 0.508855 0.823408
v -4.4179 0.22789 -4.00773
vn -0.129691 0.378298 0.916554
v -4.37345 0.31456 -4.07433
vn -0.219193 0.690066 0.689756
v -4.16734 0.36715 -4.04286
vn -0.0329392 0.519092 0.854084
v -4.58677 0.124075 -4.00028
vn -0.0567454 0.0721432 0.995779
v -4.32737 0.25244 -4.00738
vn -0.1912 0.557765 0.807677
v -4.19758 0.26777 -3.98305
vn -0.255181 0.470292 0.844812
v -4.09917 0.29527 -4.00196
vn 0.0842502 0.51531 0.852853
v -4.16306 0.24167 -3.96291
vn 0.0095142 0.382272 0.924001
v -4.22214 0.21995 -3.97648
vn -0.264208 0.247468 0.932177
v -4.77148 0.05743 -4.01542
vn -0.295409 -0.0265912 0.955001
v -4.55378 0.03487 -3.99548
vn -0.0293336 0.0275574 0.99919
v -4.69512 -0.00591 -4.00139
vn -0.0888459 0.0458962 0.994987
v -4.31928 0.225594 -3.99471
vn -0.104168 0.15387 0.982585
v -4.39401 0.115995 -3.992
vn -0.0436771 0.0417261 0.998174
v -4.44062 0.01974 -3.99396
vn -0.036791 0.0213327 0.999095
v -4.1931 0.146055 -3.95937
vn -0.195377 -0.0492827 0.979489
v -4.1126 0.22535 -3.9662
vn 0.19054 0.316645 0.92921
v -4.27474 0.116645 -3.98906
vn -0.106673 0.0335564 0.993728
v -4.49334 -0.07184 -3.99305
vn -0.0322992 0.0212161 0.999253
v -4.14402 0.167485 -3.96035
vn 0.0674089 -0.0308434 0.997249
v -4.23394 0.12369 -3.97827
vn -0.298509 -0.0862609 0.950501
v -4.28664 -0.04962 -3.97887
vn -0.077736 0.0119582 0.996902
v -4.34517 -0.09834 -3.98577
vn -0.0651899 -0.00148189 0.997872
v -4.19495 0.08058 -3.97192
vn -0.112183 -0.124647 0.985839
v -4.19638 -0.04421 -3.97531
vn -0.0622426 -0.00907531 0.99802
v -4.30898 -0.12763 -3.9851
vn -0.0396672 -0.0833759 0.995728
v -1.36639 -0.52541 7.11127
vn -0.506051 0.4016 -0.763302
v -1.3775 -0.571683 7.09977
vn -0.512465 0.172545 -0.841194
v -1.41346 -0.60256 7.11976
vn -0.598224 0.208174 -0.773817
v -1.32402 -0.50399 7.09649
vn -0.232698 0.241065 -0.942199
v -1.3432 -0.55992 7.09069
vn 0.119629 -0.117278 -0.985868
v -1.38793 -0.624745 7.10332
vn -0.237847 0.134954 -0.961882
v -1.29898 -0.49835 7.09853
vn 0.435398 -0.0747005 -0.897133
v -1.31141 -0.628855 7.11601
vn 0.402517 -0.133764 -0.905587
v -1.39018 -0.668375 7.09123
vn 0.000711215 0.307261 -0.951625
v -1.44403 -0.62208 7.13934
vn -0.559424 0.510864 -0.652736
v -1.35654 -0.683855 7.10322
vn 0.379141 -0.044514 -0.924268
v -1.46376 -0.659998 7.12365
vn -0.42757 0.625884 -0.652267
v -1.27456 -0.487865 7.11189
vn 0.745608 0.114299 -0.656509
v -1.4321 -0.68204 7.09109
vn -0.231118 0.453167 -0.860944
v -1.48615 -0.63078 7.18187
vn -0.561015 0.698637 -0.444036
v -1.29597 -0.4704 7.12655
vn 0.234885 0.868861 -0.435787
v -1.25088 -0.53149 7.16596
vn 0.9782 0.0855714 -0.189214
v -1.26313 -0.604532 7.14189
vn 0.694451 -0.0804729 -0.715026
v -1.52684 -0.66199 7.16687
vn -0.349014 0.785795 -0.510604
v -1.52697 -0.71418 7.09991
vn -0.569135 0.0380561 -0.821363
v -1.2699 -0.478835 7.12909
vn 0.668404 0.713203 -0.211133
v -1.34226 -0.70833 7.11861
vn 0.332937 -0.405093 -0.8515
v -1.39785 -0.712965 7.07288
vn 0.231131 0.0363202 -0.972244
v -1.51874 -0.64612 7.20565
vn -0.338605 0.892662 -0.297493
v -1.2536 -0.511175 7.21673
vn 0.916158 0.397824 0.0488903
v -1.25335 -0.60324 7.15756
vn 0.960629 -0.0621894 -0.270784
v -1.27973 -0.70597 7.1367
vn 0.414723 -0.475279 -0.77596
v -1.40804 -0.7385 7.08424
vn 0.540678 -0.555793 -0.631475
v -1.43882 -0.73047 7.07352
vn -0.203788 0.0832824 -0.975466
v -1.55498 -0.70205 7.13666
vn -0.44789 0.233065 -0.863177
v -1.27722 -0.47061 7.16204
vn 0.671511 0.740016 0.0380836
v -1.36401 -0.75095 7.14228
vn 0.430671 -0.783847 -0.447332
v -1.56585 -0.654375 7.18833
vn -0.141761 0.808113 -0.571714
v -1.23982 -0.59905 7.28232
vn 0.996806 -0.026431 -0.0753609
v -1.28114 -0.49919 7.32515
vn 0.810446 0.568901 0.139748
v -1.26001 -0.70645 7.16145
vn 0.826683 -0.299703 -0.476207
v -1.43643 -0.753465 7.07764
vn 0.235979 -0.723981 -0.648202
v -1.46836 -0.75693 7.0892
vn -0.311896 -0.525432 -0.791607
v -1.3001 -0.74711 7.18018
vn 0.279859 -0.86892 -0.408236
v -1.23828 -0.5567 7.32014
vn 0.9792 0.195507 -0.0542688
v -1.2522 -0.681873 7.19312
vn 0.987128 -0.144158 -0.0692618
v -1.25632 -0.5522 7.39321
vn 0.799602 0.583563 0.141743
v -1.3223 -0.76634 7.23586
vn 0.508557 -0.808473 -0.29621
v -1.40926 -0.80057 7.1881
vn 0.42254 -0.812971 -0.400672
v -1.53447 -0.78205 7.14636
vn -0.289546 -0.652601 -0.700196
v -1.62327 -0.67893 7.17851
vn -0.324395 0.533072 -0.78141
v -1.26332 -0.6927 7.28601
vn 0.94841 -0.316415 -0.0200217
v -1.2742 -0.758115 7.22236
vn 0.403745 -0.811174 -0.423068
v -1.47331 -0.794265 7.13392
vn -0.0352464 -0.841589 -0.538968
v -1.63925 -0.707545 7.17089
vn -0.441089 0.236557 -0.865726
v -1.64833 -0.74642 7.17529
vn -0.412019 -0.214116 -0.885661
v -1.23264 -0.617168 7.35562
vn 0.983542 -0.164922 -0.0738029
v -1.25859 -0.72364 7.21921
vn 0.985107 -0.170223 0.0242631
v -1.38067 -0.83217 7.28352
vn 0.588225 -0.664287 -0.46121
v -1.47792 -0.84594 7.22518
vn 0.139226 -0.802669 -0.579947
v -1.62656 -0.79724 7.18782
vn -0.333709 -0.628861 -0.702263
v -1.3061 -0.77424 7.34949
vn 0.830473 -0.509064 -0.226202
v -1.67593 -0.68056 7.208
vn -0.591417 0.361812 -0.720637
v -1.60819 -0.82888 7.22555
vn -0.221846 -0.769585 -0.598768
v -1.23435 -0.59385 7.40057
vn 0.991741 0.0494736 0.118331
v -1.2555 -0.68549 7.37736
vn 0.911606 -0.404688 -0.0721312
v -1.35511 -0.89556 7.39153
vn 0.725654 -0.503646 -0.468793
v -1.42483 -0.89064 7.31376
vn 0.365156 -0.755173 -0.544403
v -1.69897 -0.72778 7.2142
vn -0.658366 -0.0521126 -0.750892
v -1.23713 -0.6355 7.40903
vn 0.96285 -0.270034 0.000919974
v -1.31951 -0.83986 7.40289
vn 0.845786 -0.397078 -0.356335
v -1.48098 -0.89056 7.27539
vn 0.161751 -0.8697 -0.466325
v -1.51903 -0.87801 7.25753
vn -0.171242 -0.808327 -0.563279
v -1.66651 -0.76306 7.19836
vn -0.562151 -0.492287 -0.66456
v -1.27865 -0.761455 7.429
vn 0.913779 -0.34675 -0.211594
v -1.25014 -0.68552 7.45338
vn 0.974676 -0.22325 -0.0128688
v -1.51825 -0.90699 7.32505
vn -0.112352 -0.911877 -0.394789
v -1.3284 -0.90751 7.44874
vn 0.81347 -0.443216 -0.376598
v -1.29945 -0.881315 7.49285
vn 0.872823 -0.4284 -0.233781
v -1.40806 -0.93988 7.38654
vn 0.188482 -0.819455 -0.541264
v -1.65253 -0.87636 7.31042
vn -0.180464 -0.873164 -0.452789
v -1.72032 -0.77921 7.24796
vn -0.435837 -0.494337 -0.752115
v -1.26527 -0.763575 7.49555
vn 0.968788 -0.201412 -0.144507
v -1.43966 -0.95245 7.43845
vn -0.127223 -0.939248 -0.31879
v -1.36277 -0.94466 7.42847
vn 0.621116 -0.627743 -0.469206
v -1.78061 -0.85393 7.32727
vn -0.289086 -0.741844 -0.605059
v -1.63051 -0.92867 7.42753
vn -0.153061 -0.925127 -0.347436
v -1.25911 -0.70613 7.55743
vn 0.996723 -0.0801396 0.0109696
v -1.26446 -0.84004 7.56827
vn 0.923479 -0.298857 -0.240566
v -1.40548 -0.96224 7.4117
vn 0.0966617 -0.789148 -0.606549
v -1.24653 -0.62292 7.46726
vn 0.99477 -0.0731655 0.0712653
v -1.33449 -0.93961 7.502
vn 0.764158 -0.621444 -0.172827
v -1.25572 -0.76974 7.56072
vn 0.994035 -0.0701632 -0.0834959
v -1.3741 -0.95866 7.45635
vn 0.540171 -0.819376 -0.191936
v -1.31212 -0.9175 7.55063
vn 0.854429 -0.508276 -0.107737
v -1.2614 -0.77784 7.60503
vn 0.993583 -0.0069934 0.112888
v -1.26228 -0.82306 7.59476
vn 0.995582 -0.0789834 0.0507702
f 2//2 1//1 3//3
f 4//4 3//3 1//1
f 2//2 3//3 6//6
f 5//5 7//7 2//2
f 8//8 3//3 4//4
f 9//9 2//2 6//6
f 5//5 2//2 9//9
f 4//4 10//10 8//8
f 11//11 2//2 7//7
f 2//2 11//11 1//1
f 10//10 13//13 8//8
f 8//8 14//14 12//12
f 13//13 14//14 8//8
f 13//13 16//16 14//14
f 13//13 10//10 17//17
f 15//15 17//17 10//10
f 18//18 16//16 13//13
f 19//19 13//13 17//17
f 18//18 13//13 19//19
f 20//20 17//17 15//15
f 21//21 18//18 19//19
f 17//17 20//20 22//22
f 20//20 15//15 23//23
f 22//22 19//19 17//17
f 21//21 19//19 24//24
f 15//15 25//25 23//23
f 19//19 22//22 26//26
f 24//24 19//19 26//26
f 20//20 27//27 22//22
f 23//23 27//27 20//20
f 23//23 28//28 27//27
f 29//29 26//26 22//22
f 29//29 22//22 27//27
f 31//31 23//23 25//25
f 32//32 30//30 28//28
f 23//23 33//33 28//28
f 33//33 23//23 31//31
f 25//25 34//34 31//31
f 28//28 33//33 32//32
f 28//28 35//35 27//27
f 35//35 29//29 27//27
f 35//35 28//28 30//30
f 36//36 30//30 32//32
f 36//36 32//32 37//37
f 38//38 32//32 33//33
f 34//34 39//39 31//31
f 32//32 38//38 37//37
f 33//33 31//31 39//39
f 39//39 34//34 40//40
f 38//38 33//33 39//39
f 41//41 40//40 34//34
f 37//37 38//38 42//42
f 43//43 40//40 41//41
f 44//44 39//39 40//40
f 42//42 38//38 45//45
f 39//39 44//44 38//38
f 46//46 40//40 43//43
f 46//46 44//44 40//40
f 47//47 42//42 45//45
f 38//38 48//48 45//45
f 44//44 48//48 38//38
f 49//49 46//46 43//43
f 47//47 45//45 51//51
f 50//50 48//48 44//44
f 49//49 43//43 52//52
f 44//44 46//46 50//50
f 48//48 51//51 45//45
f 51//51 53//53 47//47
f 52//52 43//43 54//54
f 52//52 55//55 49//49
f 56//56 46//46 49//49
f 56//56 50//50 46//46
f 57//57 53//53 51//51
f 54//54 58//58 52//52
f 49//49 55//55 56//56
f 48//48 50//50 51//51
f 50//50 56//56 59//59
f 58//58 54//54 60//60
f 58//58 61//61 52//52
f 56//56 55//55 62//62
f 52//52 61//61 55//55
f 59//59 51//51 50//50
f 51//51 59//59 57//57
f 65//65 53//53 57//57
f 63//63 59//59 56//56
f 58//58 60//60 61//61
f 61//61 66//66 55//55
f 67//67 57//57 64//64
f 64//64 57//57 59//59
f 65//65 57//57 68//68
f 61//61 60//60 69//69
f 55//55 66//66 62//62
f 57//57 67//67 68//68
f 68//68 70//70 65//65
f 59//59 63//63 71//71
f 69//69 72//72 61//61
f 63//63 56//56 62//62
f 66//66 73//73 62//62
f 74//74 66//66 61//61
f 68//68 67//67 76//76
f 71//71 64//64 59//59
f 76//76 70//70 68//68
f 65//65 70//70 77//77
f 71//71 63//63 75//75
f 72//72 69//69 78//78
f 73//73 63//63 62//62
f 73//73 66//66 74//74
f 72//72 74//74 61//61
f 63//63 79//79 75//75
f 76//76 67//67 80//80
f 67//67 64//64 81//81
f 76//76 82//82 70//70
f 83//83 77//77 70//70
f 84//84 71//71 75//75
f 78//78 69//69 85//85
f 78//78 86//86 72//72
f 63//63 73//73 79//79
f 74//74 72//72 88//88
f 89//89 67//67 81//81
f 71//71 84//84 64//64
f 83//83 90//90 77//77
f 75//75 79//79 84//84
f 91//91 78//78 85//85
f 86//86 87//87 72//72
f 72//72 87//87 88//88
f 64//64 84//84 81//81
f 93//93 82//82 76//76
f 94//94 83//83 70//70
f 90//90 83//83 95//95
f 85//85 96//96 91//91
f 86//86 97//97 87//87
f 79//79 73//73 92//92
f 92//92 73//73 74//74
f 88//88 92//92 74//74
f 80//80 93//93 76//76
f 99//99 80//80 67//67
f 81//81 100//100 89//89
f 99//99 67//67 89//89
f 82//82 102//102 70//70
f 94//94 103//103 83//83
f 102//102 94//94 70//70
f 95//95 83//83 104//104
f 105//105 90//90 95//95
f 84//84 79//79 106//106
f 107//107 78//78 91//91
f 86//86 108//108 97//97
f 98//98 88//88 87//87
f 97//97 98//98 87//87
f 79//79 92//92 106//106
f 89//89 100//100 101//101
f 89//89 101//101 110//110
f 89//89 110//110 99//99
f 84//84 100//100 81//81
f 102//102 82//82 111//111
f 83//83 103//103 104//104
f 112//112 94//94 102//102
f 113//113 90//90 105//105
f 105//105 95//95 114//114
f 106//106 100//100 84//84
f 78//78 107//107 86//86
f 98//98 116//116 88//88
f 92//92 88//88 109//109
f 109//109 106//106 92//92
f 93//93 80//80 99//99
f 101//101 100//100 118//118
f 119//119 110//110 101//101
f 110//110 121//121 99//99
f 93//93 111//111 82//82
f 103//103 94//94 122//122
f 103//103 122//122 104//104
f 104//104 123//123 95//95
f 114//114 95//95 123//123
f 124//124 105//105 114//114
f 125//125 107//107 91//91
f 115//115 86//86 107//107
f 97//97 108//108 127//127
f 108//108 86//86 115//115
f 128//128 116//116 98//98
f 109//109 88//88 116//116
f 109//109 129//129 106//106
f 93//93 130//130 111//111
f 117//117 130//130 99//99
f 99//99 131//131 117//117
f 106//106 118//118 100//100
f 120//120 101//101 118//118
f 119//119 121//121 110//110
f 119//119 101//101 120//120
f 121//121 131//131 99//99
f 111//111 112//112 102//102
f 133//133 114//114 123//123
f 124//124 114//114 133//133
f 107//107 134//134 115//115
f 135//135 108//108 126//126
f 135//135 127//127 108//108
f 98//98 97//97 128//128
f 136//136 97//97 127//127
f 129//129 109//109 116//116
f 129//129 118//118 106//106
f 130//130 137//137 111//111
f 130//130 93//93 99//99
f 138//138 117//117 131//131
f 118//118 139//139 120//120
f 140//140 119//119 120//120
f 132//132 112//112 111//111
f 141//141 122//122 94//94
f 143//143 134//134 107//107
f 135//135 144//144 127//127
f 126//126 108//108 115//115
f 136//136 128//128 97//97
f 128//128 146//146 116//116
f 136//136 127//127 147//147
f 129//129 116//116 146//146
f 148//148 137//137 130//130
f 149//149 117//117 138//138
f 118//118 150//150 139//139
f 120//120 139//139 140//140
f 137//137 132//132 111//111
f 132//132 152//152 112//112
f 153//153 94//94 112//112
f 104//104 122//122 142//142
f 104//104 142//142 123//123
f 115//115 134//134 126//126
f 147//147 127//127 144//144
f 145//145 135//135 126//126
f 145//145 126//126 134//134
f 128//128 136//136 156//156
f 146//146 128//128 156//156
f 147//147 156//156 136//136
f 146//146 150//150 129//129
f 150//150 118//118 129//129
f 157//157 137//137 148//148
f 148//148 130//130 117//117
f 149//149 148//148 117//117
f 139//139 150//150 158//158
f 140//140 139//139 159//159
f 140//140 121//121 119//119
f 160//160 131//131 121//121
f 151//151 132//132 137//137
f 151//151 152//152 132//132
f 153//153 141//141 94//94
f 154//154 153//153 112//112
f 122//122 141//141 142//142
f 123//123 142//142 155//155
f 123//123 162//162 133//133
f 124//124 133//133 163//163
f 165//165 144//144 135//135
f 144//144 166//166 147//147
f 156//156 167//167 146//146
f 167//167 156//156 147//147
f 146//146 167//167 150//150
f 149//149 168//168 148//148
f 169//169 138//138 131//131
f 149//149 138//138 170//170
f 158//158 150//150 171//171
f 172//172 139//139 158//158
f 159//159 139//139 172//172
f 140//140 160//160 121//121
f 160//160 169//169 131//131
f 152//152 154//154 112//112
f 141//141 153//153 161//161
f 162//162 164//164 133//133
f 163//163 133//133 164//164
f 124//124 163//163 174//174
f 175//175 144//144 165//165
f 135//135 145//145 165//165
f 144//144 176//176 166//166
f 166//166 177//177 147//147
f 165//165 145//145 134//134
f 147//147 177//177 167//167
f 167//167 171//171 150//150
f 178//178 137//137 157//157
f 179//179 151//151 137//137
f 180//180 138//138 169//169
f 138//138 181//181 170//170
f 171//171 182//182 158//158
f 183//183 172//172 158//158
f 184//184 140//140 159//159
f 151//151 173//173 152//152
f 173//173 153//153 154//154
f 161//161 142//142 141//141
f 154//154 152//152 173//173
f 162//162 123//123 155//155
f 185//185 155//155 142//142
f 162//162 186//186 164//164
f 124//124 174//174 187//187
f 134//134 188//188 175//175
f 144//144 175//175 176//176
f 176//176 189//189 166//166
f 166//166 190//190 177//177
f 134//134 175//175 165//165
f 191//191 167//167 177//177
f 191//191 171//171 167//167
f 137//137 178//178 179//179
f 138//138 180//180 181//181
f 170//170 181//181 192//192
f 149//149 170//170 168//168
f 182//182 171//171 191//191
f 158//158 182//182 183//183
f 184//184 159//159 172//172
f 193//193 151//151 179//179
f 173//173 151//151 193//193
f 142//142 161//161 185//185
f 162//162 155//155 196//196
f 155//155 185//185 195//195
f 186//186 162//162 196//196
f 188//188 134//134 197//197
f 198//198 175//175 188//188
f 175//175 198//198 176//176
f 198//198 189//189 176//176
f 166//166 199//199 190//190
f 190//190 200//200 177//177
f 201//201 157//157 148//148
f 202//202 181//181 180//180
f 203//203 192//192 181//181
f 168//168 170//170 192//192
f 204//204 183//183 182//182
f 184//184 160//160 140//140
f 161//161 153//153 194//194
f 194//194 153//153 173//173
f 198//198 188//188 205//205
f 189//189 198//198 206//206
f 166//166 207//207 199//199
f 200//200 190//190 199//199
f 200//200 191//191 177//177
f 168//168 201//201 148//148
f 209//209 181//181 202//202
f 169//169 160//160 180//180
f 211//211 192//192 203//203
f 168//168 192//192 201//201
f 191//191 212//212 182//182
f 213//213 204//204 182//182
f 184//184 172//172 214//214
f 183//183 215//215 172//172
f 179//179 208//208 193//193
f 216//216 185//185 161//161
f 186//186 217//217 164//164
f 196//196 218//218 186//186
f 217//217 163//163 164//164
f 174//174 163//163 219//219
f 187//187 174//174 220//220
f 198//198 205//205 221//221
f 206//206 198//198 221//221
f 166//166 222//222 207//207
f 199//199 207//207 223//223
f 199//199 212//212 200//200
f 191//191 200//200 212//212
f 178//178 208//208 179//179
f 181//181 209//209 203//203
f 225//225 202//202 180//180
f 180//180 184//184 210//210
f 180//180 210//210 225//225
f 192//192 211//211 201//201
f 226//226 182//182 212//212
f 226//226 213//213 182//182
f 215//215 183//183 204//204
f 214//214 172//172 215//215
f 214//214 210//210 184//184
f 184//184 180//180 160//160
f 227//227 173//173 193//193
f 194//194 216//216 161//161
f 216//216 228//228 185//185
f 229//229 155//155 195//195
f 229//229 196//196 155//155
f 195//195 185//185 228//228
f 230//230 186//186 218//218
f 231//231 163//163 217//217
f 220//220 174//174 219//219
f 232//232 187//187 220//220
f 166//166 233//233 222//222
f 207//207 222//222 234//234
f 207//207 235//235 223//223
f 236//236 199//199 223//223
f 237//237 201//201 211//211
f 237//237 157//157 201//201
f 209//209 202//202 224//224
f 203//203 209//209 239//239
f 240//240 224//224 202//202
f 226//226 212//212 223//223
f 214//214 215//215 241//241
f 225//225 210//210 214//214
f 208//208 227//227 193//193
f 216//216 194//194 242//242
f 194//194 173//173 243//243
f 195//195 244//244 229//229
f 245//245 218//218 196//196
f 245//245 196//196 229//229
f 186//186 246//246 217//217
f 246//246 186//186 230//230
f 163//163 231//231 219//219
f 234//234 222//222 247//247
f 234//234 235//235 207//207
f 223//223 235//235 226//226
f 223//223 212//212 236//236
f 248//248 178//178 157//157
f 249//249 209//209 224//224
f 209//209 250//250 238//238
f 209//209 238//238 239//239
f 251//251 224//224 240//240
f 211//211 203//203 239//239
f 241//241 225//225 214//214
f 173//173 227//227 243//243
f 228//228 216//216 254//254
f 219//219 255//255 220//220
f 256//256 234//234 247//247
f 222//222 257//257 247//247
f 235//235 234//234 258//258
f 235//235 252//252 226//226
f 211//211 259//259 237//237
f 237//237 248//248 157//157
f 209//209 249//249 250//250
f 260//260 249//249 224//224
f 239//239 238//238 259//259
f 202//202 225//225 261//261
f 262//262 215//215 204//204
f 252//252 213//213 226//226
f 262//262 241//241 215//215
f 208//208 178//178 263//263
f 264//264 227//227 208//208
f 253//253 243//243 227//227
f 254//254 216//216 242//242
f 244//244 195//195 228//228
f 229//229 265//265 245//245
f 219//219 231//231 255//255
f 266//266 220//220 255//255
f 247//247 267//267 256//256
f 268//268 257//257 222//222
f 247//247 257//257 269//269
f 258//258 252//252 235//235
f 249//249 270//270 250//250
f 260//260 270//270 249//249
f 238//238 250//250 272//272
f 259//259 211//211 239//239
f 259//259 238//238 272//272
f 224//224 251//251 260//260
f 240//240 273//273 251//251
f 225//225 241//241 261//261
f 202//202 261//261 240//240
f 262//262 204//204 274//274
f 213//213 274//274 204//204
f 252//252 275//275 213//213
f 276//276 241//241 262//262
f 248//248 263//263 178//178
f 263//263 264//264 208//208
f 227//227 264//264 253//253
f 243//243 242//242 194//194
f 244//244 265//265 229//229
f 278//278 244//244 228//228
f 279//279 257//257 268//268
f 222//222 280//280 268//268
f 257//257 279//279 269//269
f 275//275 252//252 258//258
f 281//281 237//237 259//259
f 237//237 281//281 248//248
f 271//271 250//250 270//270
f 250//250 271//271 272//272
f 251//251 283//283 260//260
f 241//241 276//276 261//261
f 240//240 261//261 273//273
f 213//213 275//275 284//284
f 285//285 276//276 262//262
f 286//286 253//253 264//264
f 277//277 242//242 287//287
f 254//254 242//242 277//277
f 228//228 254//254 288//288
f 244//244 278//278 289//289
f 244//244 290//290 265//265
f 267//267 275//275 256//256
f 280//280 291//291 268//268
f 292//292 269//269 279//279
f 267//267 247//247 269//269
f 294//294 281//281 259//259
f 295//295 248//248 281//281
f 271//271 270//270 296//296
f 297//297 282//282 260//260
f 260//260 282//282 270//270
f 272//272 271//271 298//298
f 273//273 283//283 251//251
f 276//276 300//300 261//261
f 261//261 299//299 273//273
f 262//262 274//274 301//301
f 274//274 213//213 284//284
f 286//286 287//287 253//253
f 287//287 242//242 243//243
f 277//277 287//287 302//302
f 277//277 288//288 254//254
f 253//253 287//287 243//243
f 288//288 278//278 228//228
f 290//290 244//244 289//289
f 267//267 284//284 275//275
f 291//291 279//279 268//268
f 280//280 303//303 291//291
f 292//292 293//293 269//269
f 304//304 267//267 269//269
f 293//293 304//304 269//269
f 259//259 272//272 294//294
f 248//248 295//295 305//305
f 305//305 263//263 248//248
f 306//306 271//271 296//296
f 297//297 260//260 283//283
f 307//307 282//282 297//297
f 282//282 296//296 270//270
f 294//294 272//272 298//298
f 308//308 283//283 273//273
f 308//308 273//273 299//299
f 300//300 299//299 261//261
f 276//276 309//309 300//300
f 304//304 274//274 284//284
f 262//262 301//301 285//285
f 309//309 276//276 285//285
f 264//264 263//263 310//310
f 286//286 311//311 287//287
f 312//312 277//277 302//302
f 277//277 312//312 288//288
f 304//304 284//284 267//267
f 279//279 291//291 313//313
f 303//303 313//313 291//291
f 281//281 294//294 316//316
f 295//295 281//281 317//317
f 271//271 306//306 298//298
f 294//294 298//298 318//318
f 308//308 299//299 300//300
f 309//309 285//285 300//300
f 274//274 314//314 301//301
f 319//319 285//285 301//301
f 305//305 310//310 263//263
f 264//264 310//310 286//286
f 279//279 313//313 292//292
f 303//303 320//320 313//313
f 280//280 321//321 303//303
f 293//293 292//292 314//314
f 314//314 304//304 293//293
f 315//315 294//294 322//322
f 323//323 294//294 315//315
f 281//281 316//316 317//317
f 325//325 296//296 282//282
f 296//296 325//325 306//306
f 306//306 326//326 298//298
f 326//326 318//318 298//298
f 294//294 318//318 322//322
f 285//285 327//327 300//300
f 328//328 301//301 314//314
f 327//327 285//285 319//319
f 328//328 319//319 301//301
f 305//305 317//317 310//310
f 310//310 329//329 286//286
f 287//287 330//330 302//302
f 278//278 288//288 332//332
f 312//312 332//332 288//288
f 278//278 333//333 289//289
f 290//290 289//289 333//333
f 334//334 292//292 313//313
f 313//313 320//320 334//334
f 280//280 335//335 321//321
f 336//336 303//303 321//321
f 303//303 336//336 320//320
f 334//334 314//314 292//292
f 304//304 314//314 274//274
f 316//316 294//294 323//323
f 324//324 326//326 306//306
f 324//324 306//306 325//325
f 337//337 318//318 326//326
f 322//322 318//318 338//338
f 300//300 327//327 339//339
f 336//336 327//327 319//319
f 328//328 340//340 319//319
f 317//317 305//305 295//295
f 317//317 329//329 310//310
f 330//330 287//287 311//311
f 332//332 312//312 331//331
f 320//320 340//340 334//334
f 321//321 335//335 327//327
f 336//336 321//321 327//327
f 336//336 340//340 320//320
f 317//317 316//316 341//341
f 339//339 327//327 342//342
f 336//336 319//319 340//340
f 317//317 341//341 329//329
f 311//311 286//286 329//329
f 340//340 328//328 334//334
f 314//314 334//334 328//328
f 343//343 339//339 342//342
f 344//344 341//341 316//316
f 345//345 326//326 324//324
f 343//343 346//346 339//339
f 347//347 343//343 342//342
f 329//329 341//341 344//344
f 345//345 324//324 307//307
f 345//345 337//337 326//326
f 348//348 343//343 347//347
f 343//343 348//348 349//349
f 350//350 348//348 347//347
f 343//343 349//349 351//351
f 348//348 352//352 349//349
f 353//353 348//348 350//350
f 349//349 354//354 351//351
f 352//352 348//348 353//353
f 349//349 352//352 355//355
f 350//350 356//356 353//353
f 351//351 354//354 357//357
f 352//352 353//353 356//356
f 352//352 358//358 355//355
f 359//359 356//356 350//350
f 349//349 355//355 354//354
f 360//360 351//351 357//357
f 358//358 352//352 356//356
f 358//358 361//361 355//355
f 363//363 356//356 359//359
f 354//354 355//355 357//357
f 364//364 360//360 357//357
f 351//351 360//360 365//365
f 361//361 358//358 356//356
f 355//355 361//361 362//362
f 363//363 366//366 356//356
f 355//355 362//362 357//357
f 357//357 362//362 364//364
f 364//364 367//367 360//360
f 367//367 365//365 360//360
f 365//365 368//368 351//351
f 356//356 366//366 361//361
f 369//369 362//362 361//361
f 366//366 363//363 371//371
f 364//364 362//362 372//372
f 373//373 367//367 364//364
f 365//365 367//367 373//373
f 374//374 368//368 365//365
f 375//375 369//369 361//361
f 363//363 370//370 371//371
f 372//372 362//362 369//369
f 372//372 376//376 364//364
f 376//376 373//373 364//364
f 365//365 373//373 377//377
f 378//378 368//368 374//374
f 365//365 379//379 374//374
f 361//361 366//366 375//375
f 375//375 380//380 369//369
f 381//381 371//371 370//370
f 382//382 372//372 369//369
f 376//376 372//372 382//382
f 373//373 376//376 383//383
f 383//383 377//377 373//373
f 374//374 384//384 378//378
f 379//379 365//365 385//385
f 371//371 375//375 366//366
f 369//369 380//380 382//382
f 371//371 381//381 386//386
f 382//382 387//387 376//376
f 385//385 365//365 377//377
f 374//374 388//388 384//384
f 379//379 389//389 374//374
f 390//390 382//382 380//380
f 386//386 381//381 391//391
f 387//387 383//383 376//376
f 382//382 390//390 387//387
f 377//377 383//383 393//393
f 377//377 394//394 385//385
f 384//384 388//388 395//395
f 389//389 388//388 374//374
f 389//389 379//379 385//385
f 375//375 371//371 380//380
f 390//390 380//380 396//396
f 391//391 397//397 386//386
f 380//380 371//371 386//386
f 398//398 383//383 387//387
f 390//390 399//399 387//387
f 383//383 398//398 392//392
f 383//383 392//392 393//393
f 377//377 393//393 394//394
f 400//400 384//384 395//395
f 395//395 388//388 401//401
f 386//386 397//397 380//380
f 387//387 402//402 398//398
f 396//396 399//399 390//390
f 402//402 387//387 399//399
f 393//393 392//392 403//403
f 394//394 404//404 385//385
f 395//395 405//405 400//400
f 406//406 401//401 388//388
f 401//401 405//405 395//395
f 389//389 407//407 388//388
f 385//385 404//404 389//389
f 408//408 396//396 380//380
f 408//408 397//397 391//391
f 410//410 398//398 402//402
f 399//399 396//396 411//411
f 402//402 399//399 412//412
f 394//394 393//393 413//413
f 413//413 404//404 394//394
f 405//405 378//378 400//400
f 388//388 407//407 406//406
f 414//414 401//401 406//406
f 405//405 401//401 415//415
f 407//407 389//389 404//404
f 408//408 409//409 396//396
f 380//380 397//397 408//408
f 396//396 409//409 411//411
f 408//408 391//391 416//416
f 398//398 410//410 392//392
f 411//411 412//412 399//399
f 417//417 393//393 403//403
f 392//392 410//410 403//403
f 404//404 413//413 407//407
f 405//405 418//418 378//378
f 406//406 407//407 419//419
f 401//401 414//414 415//415
f 420//420 409//409 408//408
f 409//409 420//420 411//411
f 391//391 421//421 416//416
f 410//410 402//402 422//422
f 423//423 412//412 411//411
f 412//412 424//424 402//402
f 413//413 393//393 417//417
f 410//410 417//417 403//403
f 415//415 418//418 405//405
f 378//378 418//418 425//425
f 419//419 407//407 413//413
f 419//419 426//426 406//406
f 406//406 427//427 414//414
f 411//411 420//420 423//423
f 424//424 422//422 402//402
f 412//412 423//423 424//424
f 417//417 428//428 413//413
f 410//410 429//429 417//417
f 418//418 415//415 430//430
f 425//425 418//418 430//430
f 413//413 428//428 419//419
f 431//431 406//406 426//426
f 428//428 426//426 419//419
f 427//427 406//406 432//432
f 433//433 423//423 420//420
f 422//422 424//424 434//434
f 410//410 422//422 435//435
f 434//434 424//424 423//423
f 429//429 436//436 417//417
f 435//435 429//429 410//410
f 415//415 414//414 430//430
f 437//437 425//425 430//430
f 406//406 431//431 438//438
f 426//426 438//438 431//431
f 426//426 428//428 439//439
f 427//427 440//440 414//414
f 406//406 438//438 432//432
f 423//423 433//433 441//441
f 422//422 434//434 435//435
f 423//423 441//441 434//434
f 439//439 428//428 417//417
f 435//435 436//436 429//429
f 417//417 436//436 439//439
f 414//414 440//440 430//430
f 442//442 437//437 430//430
f 443//443 438//438 426//426
f 439//439 443//443 426//426
f 444//444 432//432 438//438
f 433//433 445//445 441//441
f 446//446 435//435 434//434
f 434//434 441//441 446//446
f 443//443 436//436 435//435
f 443//443 439//439 436//436
f 430//430 440//440 442//442
f 443//443 444//444 438//438
f 440//440 427//427 447//447
f 432//432 444//444 448//448
f 432//432 449//449 427//427
f 445//445 446//446 441//441
f 435//435 446//446 450//450
f 451//451 443//443 435//435
f 440//440 447//447 442//442
f 452//452 444//444 443//443
f 427//427 449//449 447//447
f 448//448 449//449 432//432
f 446//446 445//445 453//453
f 446//446 453//453 450//450
f 450//450 451//451 435//435
f 443//443 451//451 452//452
f 452//452 454//454 444//444
f 449//449 455//455 447//447
f 448//448 444//444 454//454
f 453//453 457//457 450//450
f 451//451 450//450 452//452
f 456//456 449//449 448//448
f 453//453 459//459 457//457
f 452//452 450//450 457//457
f 455//455 449//449 458//458
f 449//449 460//460 458//458
f 456//456 460//460 449//449
f 453//453 461//461 459//459
f 457//457 459//459 462//462
f 457//457 454//454 452//452
f 459//459 461//461 463//463
f 459//459 463//463 462//462
f 454//454 457//457 462//462
f 463//463 448//448 454//454
f 448//448 463//463 456//456
f 463//463 454//454 462//462
f 464//464 467//467 465//465
f 464//464 465//465 468//468
f 467//467 464//464 466//466
f 469//469 466//466 464//464
f 465//465 467//467 470//470
f 471//471 468//468 465//465
f 467//467 466//466 472//472
f 469//469 473//473 466//466
f 464//464 474//474 469//469
f 475//475 470//470 467//467
f 465//465 470//470 471//471
f 476//476 472//472 466//466
f 467//467 472//472 477//477
f 478//478 466//466 473//473
f 473//473 469//469 479//479
f 474//474 464//464 468//468
f 470//470 475//475 480//480
f 477//477 475//475 467//467
f 470//470 480//480 471//471
f 482//482 468//468 471//471
f 478//478 476//476 466//466
f 472//472 476//476 483//483
f 477//477 472//472 483//483
f 473//473 484//484 478//478
f 473//473 479//479 485//485
f 469//469 486//486 479//479
f 487//487 474//474 468//468
f 474//474 486//486 469//469
f 475//475 488//488 480//480
f 475//475 477//477 489//489
f 490//490 468//468 482//482
f 491//491 482//482 471//471
f 483//483 489//489 477//477
f 473//473 485//485 484//484
f 479//479 492//492 485//485
f 479//479 486//486 492//492
f 487//487 468//468 481//481
f 486//486 474//474 493//493
f 488//488 475//475 494//494
f 480//480 488//488 495//495
f 471//471 480//480 495//495
f 468//468 490//490 481//481
f 483//483 476//476 478//478
f 484//484 485//485 497//497
f 485//485 492//492 497//497
f 492//492 486//486 493//493
f 498//498 487//487 481//481
f 487//487 499//499 474//474
f 474//474 499//499 493//493
f 475//475 500//500 494//494
f 494//494 501//501 488//488
f 495//495 502//502 471//471
f 502//502 496//496 471//471
f 471//471 496//496 491//491
f 491//491 503//503 482//482
f 484//484 497//497 504//504
f 505//505 497//497 492//492
f 492//492 493//493 506//506
f 500//500 507//507 494//494
f 475//475 508//508 500//500
f 501//501 494//494 509//509
f 495//495 488//488 501//501
f 490//490 511//511 481//481
f 482//482 510//510 490//490
f 484//484 504//504 512//512
f 492//492 506//506 505//505
f 505//505 513//513 497//497
f 493//493 514//514 506//506
f 499//499 487//487 498//498
f 515//515 507//507 500//500
f 507//507 516//516 494//494
f 500//500 508//508 517//517
f 509//509 518//518 501//501
f 495//495 501//501 502//502
f 511//511 490//490 510//510
f 491//491 496//496 503//503
f 519//519 510//510 482//482
f 513//513 504//504 497//497
f 512//512 504//504 521//521
f 484//484 512//512 522//522
f 506//506 523//523 505//505
f 524//524 513//513 505//505
f 498//498 525//525 499//499
f 526//526 515//515 500//500
f 527//527 507//507 515//515
f 516//516 509//509 494//494
f 508//508 528//528 517//517
f 500//500 517//517 526//526
f 502//502 529//529 496//496
f 503//503 519//519 482//482
f 521//521 504//504 513//513
f 522//522 530//530 484//484
f 505//505 523//523 531//531
f 521//521 513//513 524//524
f 505//505 532//532 524//524
f 493//493 533//533 514//514
f 534//534 506//506 514//514
f 498//498 481//481 511//511
f 511//511 525//525 498//498
f 499//499 525//525 493//493
f 535//535 515//515 526//526
f 536//536 527//527 515//515
f 527//527 516//516 507//507
f 518//518 509//509 516//516
f 508//508 538//538 528//528
f 517//517 539//539 526//526
f 540//540 502//502 501//501
f 540//540 529//529 502//502
f 520//520 496//496 529//529
f 496//496 520//520 503//503
f 520//520 541//541 503//503
f 512//512 521//521 542//542
f 543//543 505//505 531//531
f 544//544 523//523 506//506
f 524//524 545//545 521//521
f 524//524 532//532 546//546
f 547//547 532//532 505//505
f 548//548 514//514 533//533
f 534//534 514//514 548//548
f 549//549 533//533 493//493
f 549//549 493//493 525//525
f 539//539 535//535 526//526
f 535//535 536//536 515//515
f 527//527 537//537 516//516
f 516//516 537//537 518//518
f 508//508 550//550 538//538
f 528//528 538//538 551//551
f 517//517 528//528 553//553
f 539//539 517//517 553//553
f 540//540 555//555 529//529
f 556//556 511//511 510//510
f 520//520 529//529 557//557
f 519//519 503//503 541//541
f 510//510 519//519 558//558
f 530//530 522//522 559//559
f 522//522 512//512 559//559
f 523//523 560//560 531//531
f 543//543 531//531 560//560
f 561//561 505//505 543//543
f 534//534 544//544 506//506
f 523//523 544//544 562//562
f 521//521 545//545 542//542
f 563//563 545//545 524//524
f 546//546 532//532 547//547
f 547//547 505//505 564//564
f 533//533 565//565 548//548
f 536//536 535//535 566//566
f 567//567 527//527 536//536
f 537//537 527//527 569//569
f 554//554 518//518 537//537
f 508//508 570//570 550//550
f 538//538 550//550 551//551
f 552//552 528//528 551//551
f 554//554 540//540 518//518
f 518//518 540//540 501//501
f 529//529 555//555 557//557
f 558//558 519//519 541//541
f 557//557 571//571 520//520
f 520//520 572//572 541//541
f 512//512 542//542 559//559
f 560//560 523//523 562//562
f 561//561 543//543 573//573
f 574//574 505//505 561//561
f 575//575 542//542 545//545
f 524//524 546//546 563//563
f 576//576 546//546 547//547
f 505//505 574//574 564//564
f 565//565 578//578 548//548
f 511//511 556//556 525//525
f 549//549 565//565 533//533
f 539//539 566//566 535//535
f 527//527 567//567 579//579
f 567//567 536//536 568//568
f 580//580 569//569 527//527
f 581//581 537//537 569//569
f 554//554 537//537 581//581
f 550//550 570//570 582//582
f 551//551 550//550 583//583
f 553//553 528//528 552//552
f 539//539 553//553 566//566
f 541//541 585//585 558//558
f 586//586 571//571 557//557
f 572//572 520//520 571//571
f 560//560 587//587 543//543
f 543//543 587//587 573//573
f 561//561 573//573 588//588
f 574//574 561//561 589//589
f 546//546 577//577 563//563
f 577//577 546//546 576//576
f 576//576 547//547 590//590
f 574//574 591//591 564//564
f 547//547 564//564 590//590
f 593//593 578//578 565//565
f 565//565 549//549 594//594
f 556//556 549//549 525//525
f 536//536 566//566 568//568
f 579//579 567//567 595//595
f 527//527 579//579 580//580
f 580//580 596//596 569//569
f 569//569 586//586 581//581
f 583//583 550//550 582//582
f 570//570 508//508 597//597
f 583//583 598//598 551//551
f 566//566 553//553 599//599
f 581//581 540//540 554//554
f 555//555 540//540 600//600
f 510//510 558//558 556//556
f 557//557 555//555 586//586
f 541//541 601//601 585//585
f 572//572 601//601 541//541
f 587//587 602//602 573//573
f 561//561 588//588 603//603
f 588//588 573//573 602//602
f 603//603 589//589 561//561
f 589//589 604//604 574//574
f 605//605 577//577 576//576
f 605//605 576//576 590//590
f 604//604 591//591 574//574
f 590//590 564//564 592//592
f 599//599 568//568 566//566
f 595//595 607//607 579//579
f 579//579 608//608 580//580
f 568//568 609//609 567//567
f 586//586 569//569 596//596
f 608//608 596//596 580//580
f 600//600 581//581 586//586
f 582//582 610//610 583//583
f 508//508 611//611 597//597
f 597//597 582//582 570//570
f 583//583 612//612 598//598
f 584//584 552//552 551//551
f 552//552 599//599 553//553
f 540//540 581//581 600//600
f 556//556 558//558 606//606
f 586//586 555//555 600//600
f 585//585 601//601 613//613
f 558//558 585//585 614//614
f 586//586 615//615 571//571
f 572//572 571//571 616//616
f 617//617 601//601 572//572
f 602//602 618//618 588//588
f 592//592 564//564 591//591
f 593//593 565//565 619//619
f 620//620 594//594 549//549
f 620//620 549//549 606//606
f 606//606 549//549 556//556
f 565//565 594//594 621//621
f 608//608 579//579 622//622
f 567//567 609//609 623//623
f 599//599 624//624 568//568
f 615//615 586//586 596//596
f 610//610 612//612 583//583
f 582//582 597//597 610//610
f 551//551 598//598 625//625
f 599//599 552//552 584//584
f 558//558 614//614 606//606
f 613//613 601//601 626//626
f 585//585 613//613 614//614
f 571//571 615//615 627//627
f 616//616 628//628 572//572
f 617//617 626//626 601//601
f 618//618 603//603 588//588
f 589//589 630//630 604//604
f 604//604 630//630 591//591
f 632//632 592//592 591//591
f 578//578 593//593 634//634
f 621//621 619//619 565//565
f 621//621 594//594 620//620
f 567//567 623//623 595//595
f 595//595 623//623 607//607
f 624//624 609//609 568//568
f 611//611 636//636 597//597
f 610//610 597//597 635//635
f 551//551 625//625 584//584
f 598//598 637//637 625//625
f 584//584 625//625 599//599
f 614//614 620//620 606//606
f 626//626 638//638 613//613
f 614//614 613//613 639//639
f 628//628 640//640 572//572
f 640//640 617//617 572//572
f 626//626 617//617 640//640
f 602//602 641//641 618//618
f 603//603 642//642 589//589
f 642//642 629//629 589//589
f 630//630 589//589 629//629
f 633//633 592//592 632//632
f 630//630 632//632 591//591
f 590//590 592//592 643//643
f 634//634 593//593 644//644
f 634//634 602//602 578//578
f 593//593 619//619 644//644
f 607//607 622//622 579//579
f 625//625 624//624 599//599
f 596//596 645//645 615//615
f 635//635 597//597 636//636
f 636//636 611//611 647//647
f 612//612 648//648 598//598
f 613//613 638//638 650//650
f 640//640 628//628 652//652
f 653//653 603//603 618//618
f 602//602 654//654 641//641
f 603//603 653//653 642//642
f 655//655 629//629 642//642
f 605//605 590//590 643//643
f 643//643 631//631 605//605
f 633//633 643//643 592//592
f 656//656 619//619 621//621
f 623//623 657//657 607//607
f 609//609 624//624 658//658
f 659//659 615//615 645//645
f 660//660 645//645 596//596
f 612//612 610//610 646//646
f 635//635 646//646 610//610
f 611//611 661//661 647//647
f 662//662 636//636 647//647
f 648//648 649//649 598//598
f 637//637 598//598 649//649
f 650//650 639//639 613//613
f 627//627 616//616 571//571
f 615//615 659//659 627//627
f 663//663 628//628 616//616
f 651//651 628//628 663//663
f 651//651 652//652 628//628
f 634//634 654//654 602//602
f 641//641 654//654 664//664
f 655//655 665//665 629//629
f 614//614 639//639 620//620
f 666//666 619//619 656//656
f 656//656 621//621 620//620
f 623//623 667//667 657//657
f 658//658 623//623 609//609
f 624//624 625//625 658//658
f 668//668 645//645 660//660
f 612//612 669//669 648//648
f 636//636 662//662 635//635
f 611//611 670//670 661//661
f 637//637 671//671 625//625
f 616//616 627//627 663//663
f 663//663 672//672 651//651
f 634//634 664//664 654//654
f 664//664 618//618 641//641
f 655//655 642//642 673//673
f 629//629 665//665 630//630
f 632//632 674//674 633//633
f 620//620 639//639 656//656
f 675//675 667//667 623//623
f 658//658 675//675 623//623
f 659//659 645//645 668//668
f 668//668 660//660 672//672
f 669//669 612//612 646//646
f 646//646 635//635 662//662
f 676//676 661//661 670//670
f 661//661 676//676 647//647
f 647//647 677//677 662//662
f 625//625 671//671 675//675
f 653//653 618//618 678//678
f 664//664 634//634 644//644
f 679//679 618//618 664//664
f 632//632 630//630 665//665
f 665//665 674//674 632//632
f 644//644 619//619 680//680
f 625//625 675//675 658//658
f 669//669 681//681 648//648
f 676//676 677//677 647//647
f 648//648 682//682 649//649
f 649//649 671//671 637//637
f 627//627 668//668 663//663
f 668//668 627//627 659//659
f 679//679 678//678 618//618
f 683//683 679//679 664//664
f 653//653 684//684 642//642
f 655//655 685//685 665//665
f 619//619 666//666 680//680
f 675//675 686//686 667//667
f 663//663 668//668 672//672
f 677//677 669//669 662//662
f 649//649 682//682 671//671
f 671//671 688//688 675//675
f 684//684 653//653 678//678
f 679//679 683//683 689//689
f 642//642 684//684 673//673
f 685//685 655//655 673//673
f 685//685 674//674 665//665
f 681//681 687//687 648//648
f 691//691 677//677 676//676
f 662//662 669//669 646//646
f 677//677 690//690 669//669
f 648//648 687//687 692//692
f 693//693 688//688 671//671
f 688//688 686//686 675//675
f 664//664 644//644 680//680
f 680//680 683//683 664//664
f 669//669 690//690 681//681
f 677//677 691//691 690//690
f 682//682 648//648 692//692
f 694//694 693//693 671//671
f 671//671 682//682 694//694
f 689//689 678//678 679//679
f 687//687 681//681 690//690
f 691//691 696//696 690//690
f 687//687 697//697 692//692
f 698//698 682//682 692//692
f 698//698 694//694 682//682
f 695//695 678//678 689//689
f 693//693 700//700 699//699
f 693//693 694//694 700//700
f 690//690 701//701 687//687
f 692//692 702//702 698//698
f 698//698 702//702 694//694
f 702//702 700//700 694//694
f 673//673 684//684 685//685
f 697//697 687//687 701//701
f 690//690 696//696 703//703
f 705//705 699//699 700//700
f 703//703 701//701 690//690
f 697//697 706//706 692//692
f 704//704 700//700 702//702
f 704//704 705//705 700//700
f 706//706 697//697 703//703
f 704//704 692//692 706//706
f 702//702 692//692 704//704
f 705//705 704//704 707//707
f 703//703 697//697 701//701
f 709//709 707//707 704//704
f 706//706 708//708 704//704
f 704//704 708//708 709//709
f 710//710 711//711 712//712
f 713//713 711//711 710//710
f 712//712 711//711 714//714
f 712//712 715//715 710//710
f 711//711 713//713 716//716
f 713//713 710//710 717//717
f 710//710 715//715 718//718
f 716//716 713//713 719//719
f 714//714 711//711 716//716
f 710//710 718//718 717//717
f 720//720 713//713 717//717
f 714//714 721//721 712//712
f 719//719 722//722 716//716
f 716//716 722//722 714//714
f 723//723 713//713 720//720
f 715//715 712//712 725//725
f 721//721 725//725 712//712
f 715//715 725//725 718//718
f 722//722 719//719 727//727
f 722//722 728//728 714//714
f 723//723 720//720 729//729
f 726//726 718//718 725//725
f 731//731 719//719 713//713
f 713//713 723//723 731//731
f 727//727 732//732 722//722
f 724//724 714//714 728//728
f 731//731 723//723 729//729
f 733//733 714//714 724//724
f 714//714 733//733 721//721
f 725//725 721//721 730//730
f 725//725 736//736 726//726
f 731//731 727//727 719//719
f 732//732 727//727 738//738
f 718//718 739//739 717//717
f 726//726 739//739 718//718
f 733//733 724//724 740//740
f 733//733 741//741 721//721
f 735//735 725//725 730//730
f 734//734 730//730 721//721
f 736//736 725//725 735//735
f 726//726 736//736 737//737
f 737//737 742//742 726//726
f 738//738 727//727 743//743
f 732//732 738//738 744//744
f 739//739 726//726 742//742
f 740//740 741//741 733//733
f 741//741 734//734 721//721
f 735//735 745//745 736//736
f 746//746 742//742 737//737
f 743//743 747//747 738//738
f 743//743 727//727 748//748
f 741//741 740//740 749//749
f 734//734 741//741 750//750
f 735//735 730//730 751//751
f 736//736 745//745 753//753
f 747//747 743//743 754//754
f 748//748 755//755 743//743
f 742//742 756//756 739//739
f 741//741 749//749 752//752
f 749//749 740//740 757//757
f 751//751 730//730 734//734
f 751//751 734//734 752//752
f 753//753 758//758 736//736
f 737//737 736//736 758//758
f 759//759 742//742 746//746
f 743//743 755//755 754//754
f 738//738 747//747 760//760
f 755//755 748//748 761//761
f 732//732 744//744 762//762
f 752//752 750//750 741//741
f 763//763 752//752 749//749
f 735//735 751//751 745//745
f 750//750 752//752 734//734
f 764//764 751//751 752//752
f 753//753 764//764 758//758
f 737//737 758//758 746//746
f 742//742 759//759 765//765
f 766//766 755//755 761//761
f 744//744 738//738 760//760
f 762//762 768//768 732//732
f 744//744 769//769 762//762
f 770//770 752//752 763//763
f 763//763 749//749 771//771
f 757//757 771//771 749//749
f 764//764 770//770 758//758
f 759//759 746//746 758//758
f 765//765 756//756 742//742
f 754//754 755//755 772//772
f 755//755 766//766 772//772
f 760//760 767//767 744//744
f 744//744 767//767 769//769
f 770//770 763//763 773//773
f 764//764 745//745 751//751
f 752//752 770//770 764//764
f 758//758 770//770 774//774
f 774//774 759//759 758//758
f 775//775 756//756 765//765
f 772//772 766//766 776//776
f 778//778 732//732 768//768
f 773//773 774//774 770//770
f 774//774 780//780 759//759
f 759//759 781//781 765//765
f 782//782 754//754 772//772
f 783//783 747//747 754//754
f 776//776 782//782 772//772
f 784//784 760//760 747//747
f 767//767 785//785 769//769
f 768//768 762//762 777//777
f 778//778 786//786 732//732
f 768//768 777//777 778//778
f 762//762 769//769 779//779
f 780//780 781//781 759//759
f 765//765 781//781 775//775
f 754//754 782//782 783//783
f 747//747 783//783 787//787
f 782//782 776//776 788//788
f 767//767 760//760 784//784
f 779//779 769//769 785//785
f 777//777 762//762 789//789
f 786//786 790//790 732//732
f 778//778 791//791 786//786
f 777//777 792//792 778//778
f 780//780 793//793 781//781
f 787//787 784//784 747//747
f 776//776 794//794 788//788
f 785//785 795//795 779//779
f 790//790 786//786 791//791
f 791//791 778//778 792//792
f 793//793 780//780 796//796
f 784//784 785//785 767//767
f 777//777 789//789 792//792
f 791//791 799//799 790//790
f 789//789 762//762 779//779
f 796//796 800//800 793//793
f 781//781 797//797 775//775
f 797//797 801//801 775//775
f 787//787 798//798 784//784
f 784//784 802//802 785//785
f 791//791 804//804 799//799
f 791//791 792//792 805//805
f 795//795 807//807 779//779
f 809//809 781//781 793//793
f 809//809 797//797 781//781
f 794//794 776//776 811//811
f 782//782 788//788 783//783
f 785//785 802//802 795//795
f 779//779 803//803 789//789
f 790//790 799//799 812//812
f 804//804 791//791 805//805
f 806//806 805//805 792//792
f 807//807 803//803 779//779
f 808//808 793//793 800//800
f 800//800 796//796 813//813
f 809//809 793//793 808//808
f 810//810 794//794 811//811
f 811//811 776//776 814//814
f 816//816 795//795 802//802
f 789//789 803//803 806//806
f 812//812 799//799 804//804
f 789//789 806//806 792//792
f 807//807 795//795 816//816
f 808//808 800//800 818//818
f 809//809 808//808 820//820
f 821//821 801//801 797//797
f 788//788 798//798 787//787
f 788//788 787//787 783//783
f 794//794 810//810 788//788
f 815//815 784//784 798//798
f 784//784 815//815 802//802
f 812//812 804//804 823//823
f 807//807 825//825 803//803
f 819//819 808//808 818//818
f 819//819 827//827 808//808
f 820//820 808//808 828//828
f 776//776 829//829 814//814
f 830//830 811//811 814//814
f 802//802 815//815 816//816
f 805//805 806//806 803//803
f 825//825 817//817 803//803
f 805//805 803//803 817//817
f 823//823 824//824 812//812
f 833//833 804//804 805//805
f 825//825 807//807 826//826
f 831//831 807//807 816//816
f 834//834 826//826 807//807
f 819//819 818//818 835//835
f 810//810 798//798 788//788
f 810//810 811//811 822//822
f 836//836 829//829 776//776
f 830//830 814//814 829//829
f 837//837 811//811 830//830
f 815//815 832//832 816//816
f 817//817 833//833 805//805
f 838//838 804//804 833//833
f 804//804 838//838 823//823
f 834//834 807//807 831//831
f 820//820 839//839 809//809
f 809//809 839//839 797//797
f 821//821 797//797 839//839
f 798//798 810//810 822//822
f 798//798 822//822 815//815
f 829//829 836//836 840//840
f 776//776 841//841 836//836
f 830//830 829//829 842//842
f 822//822 811//811 837//837
f 843//843 821//821 839//839
f 832//832 815//815 822//822
f 844//844 829//829 840//840
f 836//836 845//845 840//840
f 776//776 846//846 841//841
f 841//841 847//847 836//836
f 848//848 842//842 829//829
f 850//850 816//816 832//832
f 822//822 837//837 832//832
f 851//851 829//829 844//844
f 852//852 844//844 840//840
f 836//836 853//853 845//845
f 845//845 854//854 840//840
f 847//847 841//841 855//855
f 836//836 847//847 856//856
f 829//829 851//851 848//848
f 816//816 849//849 831//831
f 858//858 850//850 832//832
f 849//849 816//816 850//850
f 859//859 852//852 840//840
f 836//836 860//860 853//853
f 853//853 861//861 845//845
f 854//854 862//862 840//840
f 854//854 845//845 863//863
f 847//847 855//855 864//864
f 856//856 847//847 864//864
f 836//836 856//856 865//865
f 848//848 851//851 866//866
f 848//848 867//867 842//842
f 830//830 842//842 857//857
f 857//857 837//837 830//830
f 832//832 857//857 858//858
f 851//851 844//844 866//866
f 868//868 860//860 836//836
f 860//860 868//868 853//853
f 863//863 845//845 861//861
f 861//861 853//853 869//869
f 840//840 862//862 859//859
f 870//870 864//864 855//855
f 864//864 871//871 856//856
f 856//856 872//872 865//865
f 865//865 873//873 836//836
f 842//842 867//867 857//857
f 837//837 857//857 832//832
f 866//866 844//844 852//852
f 836//836 874//874 868//868
f 853//853 868//868 875//875
f 861//861 876//876 863//863
f 853//853 875//875 869//869
f 861//861 869//869 876//876
f 877//877 854//854 863//863
f 870//870 871//871 864//864
f 871//871 878//878 856//856
f 872//872 879//879 865//865
f 880//880 872//872 856//856
f 865//865 881//881 873//873
f 873//873 874//874 836//836
f 882//882 848//848 866//866
f 882//882 867//867 848//848
f 867//867 858//858 857//857
f 850//850 883//883 849//849
f 850//850 858//858 867//867
f 874//874 875//875 868//868
f 876//876 885//885 863//863
f 854//854 877//877 862//862
f 886//886 877//877 863//863
f 871//871 870//870 887//887
f 878//878 880//880 856//856
f 871//871 887//887 878//878
f 881//881 865//865 879//879
f 888//888 879//879 872//872
f 880//880 889//889 872//872
f 881//881 890//890 873//873
f 873//873 891//891 874//874
f 849//849 883//883 893//893
f 893//893 884//884 849//849
f 874//874 894//894 875//875
f 895//895 885//885 876//876
f 863//863 885//885 886//886
f 896//896 881//881 879//879
f 888//888 896//896 879//879
f 889//889 888//888 872//872
f 891//891 873//873 890//890
f 882//882 866//866 892//892
f 892//892 866//866 852//852
f 897//897 884//884 893//893
f 898//898 850//850 867//867
f 874//874 891//891 894//894
f 899//899 885//885 895//895
f 900//900 881//881 896//896
f 889//889 901//901 888//888
f 890//890 902//902 891//891
f 883//883 850//850 898//898
f 903//903 894//894 891//891
f 885//885 899//899 904//904
f 905//905 899//899 895//895
f 904//904 886//886 885//885
f 859//859 862//862 906//906
f 877//877 906//906 862//862
f 907//907 877//877 886//886
f 890//890 881//881 900//900
f 888//888 901//901 896//896
f 908//908 901//901 889//889
f 902//902 890//890 909//909
f 893//893 883//883 898//898
f 910//910 897//897 893//893
f 892//892 852//852 859//859
f 891//891 902//902 903//903
f 899//899 905//905 904//904
f 907//907 886//886 904//904
f 877//877 911//911 906//906
f 877//877 907//907 911//911
f 912//912 893//893 898//898
f 912//912 910//910 893//893
f 898//898 867//867 882//882
f 902//902 913//913 903//903
f 914//914 904//904 905//905
f 895//895 915//915 905//905
f 900//900 917//917 890//890
f 918//918 908//908 889//889
f 892//892 859//859 906//906
f 904//904 914//914 907//907
f 919//919 915//915 895//895
f 905//905 915//915 920//920
f 890//890 917//917 909//909
f 896//896 917//917 900//900
f 921//921 896//896 901//901
f 922//922 901//901 908//908
f 892//892 906//906 882//882
f 910//910 912//912 907//907
f 907//907 914//914 924//924
f 905//905 920//920 916//916
f 916//916 914//914 905//905
f 912//912 906//906 911//911
f 907//907 912//912 911//911
f 909//909 917//917 925//925
f 926//926 917//917 896//896
f 926//926 896//896 921//921
f 901//901 922//922 921//921
f 882//882 906//906 898//898
f 912//912 898//898 906//906
f 927//927 910//910 907//907
f 929//929 919//919 895//895
f 925//925 923//923 909//909
f 921//921 930//930 926//926
f 931//931 907//907 924//924
f 919//919 929//929 928//928
f 932//932 929//929 895//895
f 914//914 916//916 933//933
f 923//923 925//925 934//934
f 917//917 935//935 925//925
f 926//926 936//936 917//917
f 908//908 938//938 922//922
f 918//918 939//939 908//908
f 907//907 940//940 927//927
f 907//907 931//931 940//940
f 931//931 924//924 941//941
f 929//929 932//932 942//942
f 916//916 920//920 943//943
f 934//934 925//925 935//935
f 926//926 937//937 936//936
f 937//937 926//926 930//930
f 939//939 944//944 908//908
f 908//908 944//944 938//938
f 945//945 921//921 922//922
f 924//924 914//914 933//933
f 946//946 941//941 924//924
f 947//947 929//929 942//942
f 916//916 943//943 933//933
f 935//935 917//917 936//936
f 930//930 948//948 937//937
f 938//938 945//945 922//922
f 930//930 921//921 945//945
f 924//924 933//933 946//946
f 932//932 949//949 942//942
f 950//950 935//935 936//936
f 948//948 936//936 937//937
f 951//951 944//944 939//939
f 930//930 945//945 952//952
f 952//952 948//948 930//930
f 947//947 942//942 953//953
f 950//950 936//936 954//954
f 958//958 944//944 951//951
f 938//938 944//944 958//958
f 952//952 957//957 948//948
f 953//953 942//942 949//949
f 955//955 936//936 948//948
f 936//936 955//955 956//956
f 956//956 954//954 936//936
f 951//951 959//959 958//958
f 958//958 945//945 938//938
f 953//953 961//961 947//947
f 954//954 962//962 950//950
f 955//955 963//963 956//956
f 964//964 945//945 958//958
f 949//949 965//965 953//953
f 947//947 961//961 960//960
f 953//953 966//966 961//961
f 948//948 957//957 967//967
f 955//955 948//948 968//968
f 956//956 963//963 969//969
f 958//958 959//959 964//964
f 952//952 945//945 970//970
f 952//952 970//970 957//957
f 953//953 965//965 971//971
f 971//971 966//966 953//953
f 972//972 961//961 966//966
f 967//967 968//968 948//948
f 955//955 973//973 963//963
f 970//970 945//945 964//964
f 959//959 974//974 964//964
f 957//957 970//970 967//967
f 966//966 975//975 972//972
f 968//968 976//976 955//955
f 955//955 976//976 973//973
f 965//965 977//977 971//971
f 971//971 978//978 966//966
f 978//978 975//975 966//966
f 970//970 964//964 979//979
f 980//980 964//964 974//974
f 949//949 977//977 965//965
f 968//968 967//967 981//981
f 983//983 964//964 980//980
f 979//979 964//964 983//983
f 979//979 967//967 970//970
f 981//981 967//967 982//982
f 981//981 984//984 968//968
f 982//982 967//967 979//979
f 984//984 976//976 968//968
f 971//971 986//986 978//978
f 975//975 978//978 987//987
f 984//984 981//981 988//988
f 976//976 984//984 989//989
f 989//989 985//985 976//976
f 990//990 979//979 983//983
f 986//986 971//971 977//977
f 991//991 981//981 982//982
f 988//988 989//989 984//984
f 981//981 991//991 988//988
f 990//990 982//982 979//979
f 987//987 978//978 992//992
f 994//994 989//989 988//988
f 993//993 982//982 990//990
f 996//996 987//987 992//992
f 993//993 991//991 982//982
f 978//978 986//986 995//995
f 995//995 992//992 978//978
f 997//997 988//988 991//991
f 994//994 988//988 998//998
f 993//993 1000//1000 991//991
f 1000//1000 997//997 991//991
f 998//998 988//988 997//997
f 1001//1001 994//994 998//998
f 992//992 995//995 1002//1002
f 997//997 1003//1003 998//998
f 998//998 1003//1003 1001//1001
f 1004//1004 990//990 999//999
f 990//990 1005//1005 993//993
f 997//997 1006//1006 1003//1003
f 990//990 1004//1004 1005//1005
f 993//993 1005//1005 1000//1000
f 1000//1000 1007//1007 997//997
f 997//997 1007//1007 1006//1006
f 1006//1006 1008//1008 1003//1003
f 1009//1009 1005//1005 1004//1004
f 1005//1005 1010//1010 1000//1000
f 1006//1006 1007//1007 1011//1011
f 1000//1000 1010//1010 1007//1007
f 1006//1006 1011//1011 1008//1008
f 1005//1005 1009//1009 1012//1012
f 1005//1005 1013//1013 1010//1010
f 1007//1007 1010//1010 1011//1011
f 1014//1014 1012//1012 1009//1009
f 1005//1005 1012//1012 1013//1013
f 1015//1015 1012//1012 1014//1014
f 1016//1016 1013//1013 1012//1012
f 1013//1013 1011//1011 1010//1010
f 1008//1008 1011//1011 1013//1013
f 1012//1012 1015//1015 1016//1016
f 1013//1013 1016//1016 1017//1017
f 1008//1008 1013//1013 1017//1017
f 1018//1018 1016//1016 1015//1015
f 1018//1018 1017//1017 1016//1016
f 1017//1017 1018//1018 1019//1019
f 1017//1017 1019//1019 1020//1020
f 1020//1020 1019//1019 1021//1021
f 1020//1020 1022//1022 1017//1017
f 1022//1022 1020//1020 1021//1021
f 1023//1023 1019//1019 1018//1018
f 1021//1021 1019//1019 1023//1023
f 1021//1021 1024//1024 1022//1022
f 1023//1023 1018//1018 1025//1025
f 1023//1023 1026//1026 1021//1021
f 1024//1024 1021//1021 1026//1026
f 1022//1022 1024//1024 1027//1027
f 1028//1028 1023//1023 1025//1025
f 1026//1026 1023//1023 1028//1028
f 1029//1029 1024//1024 1026//1026
f 1030//1030 1022//1022 1027//1027
f 1024//1024 1031//1031 1027//1027
f 1032//1032 1029//1029 1026//1026
f 1024//1024 1029//1029 1031//1031
f 1033//1033 1030//1030 1027//1027
f 1030//1030 1034//1034 1022//1022
f 1031//1031 1035//1035 1027//1027
f 1032//1032 1036//1036 1029//1029
f 1035//1035 1031//1031 1029//1029
f 1033//1033 1037//1037 1030//1030
f 1030//1030 1037//1037 1034//1034
f 1038//1038 1022//1022 1034//1034
f 1036//1036 1032//1032 1039//1039
f 1036//1036 1035//1035 1029//1029
f 1035//1035 1033//1033 1027//1027
f 1040//1040 1034//1034 1037//1037
f 1041//1041 1038//1038 1034//1034
f 1039//1039 1042//1042 1036//1036
f 1033//1033 1043//1043 1037//1037
f 1033//1033 1035//1035 1043//1043
f 1038//1038 1041//1041 1044//1044
f 1034//1034 1040//1040 1041//1041
f 1035//1035 1036//1036 1043//1043
f 1043//1043 1040//1040 1037//1037
f 1046//1046 1044//1044 1041//1041
f 1040//1040 1047//1047 1041//1041
f 1042//1042 1043//1043 1036//1036
f 1042//1042 1039//1039 1048//1048
f 1040//1040 1043//1043 1045//1045
f 1046//1046 1041//1041 1047//1047
f 1049//1049 1044//1044 1046//1046
f 1040//1040 1045//1045 1047//1047
f 1045//1045 1043//1043 1042//1042
f 1047//1047 1049//1049 1046//1046
f 1045//1045 1050//1050 1047//1047
f 1042//1042 1050//1050 1045//1045
f 1044//1044 1049//1049 1052//1052
f 1048//1048 1053//1053 1042//1042
f 1050//1050 1042//1042 1053//1053
f 1051//1051 1049//1049 1054//1054
f 1049//1049 1051//1051 1055//1055
f 1049//1049 1055//1055 1052//1052
f 1047//1047 1054//1054 1049//1049
f 1048//1048 1056//1056 1053//1053
f 1050//1050 1054//1054 1047//1047
f 1051//1051 1054//1054 1057//1057
f 1052//1052 1058//1058 1044//1044
f 1053//1053 1054//1054 1050//1050
f 1054//1054 1053//1053 1057//1057
f 1052//1052 1055//1055 1058//1058
f 1053//1053 1056//1056 1059//1059
f 1059//1059 1057//1057 1053//1053
f 1057//1057 1060//1060 1051//1051
f 1051//1051 1060//1060 1055//1055
f 1060//1060 1062//1062 1055//1055
f 1058//1058 1055//1055 1062//1062
f 1063//1063 1058//1058 1062//1062
f 1061//1061 1058//1058 1063//1063
f 1064//1064 1066//1066 1067//1067
f 1064//1064 1065//1065 1068//1068
f 1065//1065 1064//1064 1067//1067
f 1070//1070 1068//1068 1065//1065
f 1069//1069 1064//1064 1068//1068
f 1071//1071 1065//1065 1067//1067
f 1072//1072 1067//1067 1066//1066
f 1073//1073 1070//1070 1065//1065
f 1074//1074 1069//1069 1068//1068
f 1075//1075 1065//1065 1071//1071
f 1076//1076 1064//1064 1069//1069
f 1077//1077 1066//1066 1064//1064
f 1072//1072 1066//1066 1077//1077
f 1071//1071 1067//1067 1072//1072
f 1078//1078 1069//1069 1074//1074
f 1080//1080 1075//1075 1071//1071
f 1077//1077 1064//1064 1076//1076
f 1076//1076 1069//1069 1081//1081
f 1082//1082 1072//1072 1077//1077
f 1069//1069 1078//1078 1083//1083
f 1084//1084 1078//1078 1074//1074
f 1071//1071 1079//1079 1080//1080
f 1085//1085 1077//1077 1076//1076
f 1081//1081 1069//1069 1086//1086
f 1072//1072 1082//1082 1087//1087
f 1082//1082 1077//1077 1088//1088
f 1071//1071 1072//1072 1087//1087
f 1083//1083 1089//1089 1069//1069
f 1090//1090 1078//1078 1084//1084
f 1091//1091 1084//1084 1074//1074
f 1076//1076 1081//1081 1085//1085
f 1086//1086 1069//1069 1089//1089
f 1092//1092 1081//1081 1086//1086
f 1093//1093 1087//1087 1082//1082
f 1085//1085 1088//1088 1077//1077
f 1082//1082 1088//1088 1094//1094
f 1087//1087 1079//1079 1071//1071
f 1095//1095 1083//1083 1078//1078
f 1090//1090 1096//1096 1078//1078
f 1097//1097 1090//1090 1084//1084
f 1098//1098 1091//1091 1074//1074
f 1081//1081 1099//1099 1085//1085
f 1086//1086 1100//1100 1092//1092
f 1099//1099 1081//1081 1092//1092
f 1079//1079 1087//1087 1093//1093
f 1093//1093 1082//1082 1101//1101
f 1088//1088 1085//1085 1099//1099
f 1082//1082 1094//1094 1102//1102
f 1088//1088 1103//1103 1094//1094
f 1104//1104 1083//1083 1095//1095
f 1096//1096 1095//1095 1078//1078
f 1079//1079 1105//1105 1080//1080
f 1100//1100 1086//1086 1089//1089
f 1107//1107 1099//1099 1092//1092
f 1108//1108 1079//1079 1093//1093
f 1101//1101 1109//1109 1093//1093
f 1102//1102 1101//1101 1082//1082
f 1102//1102 1094//1094 1110//1110
f 1103//1103 1088//1088 1111//1111
f 1094//1094 1103//1103 1112//1112
f 1083//1083 1114//1114 1089//1089
f 1095//1095 1096//1096 1113//1113
f 1106//1106 1080//1080 1105//1105
f 1114//1114 1100//1100 1089//1089
f 1093//1093 1109//1109 1108//1108
f 1109//1109 1101//1101 1115//1115
f 1088//1088 1099//1099 1116//1116
f 1117//1117 1110//1110 1094//1094
f 1088//1088 1116//1116 1111//1111
f 1112//1112 1118//1118 1094//1094
f 1103//1103 1111//1111 1112//1112
f 1119//1119 1083//1083 1104//1104
f 1104//1104 1095//1095 1113//1113
f 1114//1114 1083//1083 1119//1119
f 1096//1096 1090//1090 1121//1121
f 1122//1122 1105//1105 1079//1079
f 1107//1107 1092//1092 1123//1123
f 1100//1100 1124//1124 1092//1092
f 1108//1108 1122//1122 1079//1079
f 1108//1108 1109//1109 1115//1115
f 1118//1118 1117//1117 1094//1094
f 1110//1110 1117//1117 1125//1125
f 1116//1116 1126//1126 1111//1111
f 1112//1112 1127//1127 1118//1118
f 1119//1119 1104//1104 1120//1120
f 1113//1113 1128//1128 1104//1104
f 1120//1120 1104//1104 1129//1129
f 1113//1113 1096//1096 1121//1121
f 1114//1114 1130//1130 1100//1100
f 1092//1092 1124//1124 1123//1123
f 1124//1124 1100//1100 1131//1131
f 1107//1107 1132//1132 1099//1099
f 1122//1122 1108//1108 1115//1115
f 1117//1117 1118//1118 1133//1133
f 1125//1125 1117//1117 1134//1134
f 1126//1126 1135//1135 1111//1111
f 1127//1127 1112//1112 1136//1136
f 1133//1133 1118//1118 1127//1127
f 1111//1111 1136//1136 1112//1112
f 1104//1104 1128//1128 1129//1129
f 1137//1137 1120//1120 1129//1129
f 1113//1113 1121//1121 1128//1128
f 1138//1138 1121//1121 1090//1090
f 1116//1116 1099//1099 1132//1132
f 1130//1130 1131//1131 1100//1100
f 1123//1123 1124//1124 1139//1139
f 1107//1107 1123//1123 1132//1132
f 1124//1124 1131//1131 1139//1139
f 1116//1116 1132//1132 1126//1126
f 1133//1133 1140//1140 1117//1117
f 1117//1117 1141//1141 1134//1134
f 1142//1142 1125//1125 1134//1134
f 1127//1127 1136//1136 1143//1143
f 1127//1127 1144//1144 1133//1133
f 1135//1135 1136//1136 1111//1111
f 1120//1120 1137//1137 1145//1145
f 1137//1137 1129//1129 1146//1146
f 1114//1114 1119//1119 1130//1130
f 1129//1129 1128//1128 1121//1121
f 1139//1139 1131//1131 1147//1147
f 1148//1148 1117//1117 1140//1140
f 1149//1149 1140//1140 1133//1133
f 1117//1117 1150//1150 1141//1141
f 1141//1141 1151//1151 1134//1134
f 1142//1142 1134//1134 1152//1152
f 1142//1142 1153//1153 1125//1125
f 1154//1154 1135//1135 1126//1126
f 1127//1127 1143//1143 1144//1144
f 1133//1133 1144//1144 1149//1149
f 1136//1136 1135//1135 1143//1143
f 1155//1155 1119//1119 1120//1120
f 1155//1155 1120//1120 1145//1145
f 1147//1147 1145//1145 1137//1137
f 1156//1156 1137//1137 1146//1146
f 1146//1146 1129//1129 1157//1157
f 1119//1119 1155//1155 1130//1130
f 1158//1158 1121//1121 1138//1138
f 1130//1130 1155//1155 1131//1131
f 1139//1139 1159//1159 1123//1123
f 1131//1131 1145//1145 1147//1147
f 1160//1160 1139//1139 1147//1147
f 1132//1132 1154//1154 1126//1126
f 1149//1149 1148//1148 1140//1140
f 1150//1150 1117//1117 1148//1148
f 1161//1161 1141//1141 1150//1150
f 1141//1141 1162//1162 1151//1151
f 1151//1151 1163//1163 1134//1134
f 1134//1134 1164//1164 1152//1152
f 1165//1165 1142//1142 1152//1152
f 1142//1142 1165//1165 1153//1153
f 1135//1135 1154//1154 1143//1143
f 1143//1143 1166//1166 1144//1144
f 1144//1144 1166//1166 1149//1149
f 1137//1137 1156//1156 1147//1147
f 1146//1146 1167//1167 1156//1156
f 1157//1157 1129//1129 1158//1158
f 1168//1168 1146//1146 1157//1157
f 1129//1129 1121//1121 1158//1158
f 1145//1145 1131//1131 1155//1155
f 1123//1123 1159//1159 1132//1132
f 1139//1139 1160//1160 1159//1159
f 1156//1156 1160//1160 1147//1147
f 1162//1162 1141//1141 1161//1161
f 1150//1150 1169//1169 1161//1161
f 1162//1162 1170//1170 1151//1151
f 1151//1151 1171//1171 1163//1163
f 1134//1134 1163//1163 1164//1164
f 1172//1172 1152//1152 1164//1164
f 1152//1152 1173//1173 1165//1165
f 1166//1166 1143//1143 1159//1159
f 1149//1149 1166//1166 1150//1150
f 1146//1146 1174//1174 1167//1167
f 1167//1167 1160//1160 1156//1156
f 1175//1175 1168//1168 1157//1157
f 1146//1146 1168//1168 1176//1176
f 1159//1159 1154//1154 1132//1132
f 1159//1159 1160//1160 1177//1177
f 1149//1149 1150//1150 1148//1148
f 1161//1161 1178//1178 1162//1162
f 1150//1150 1179//1179 1169//1169
f 1178//1178 1170//1170 1162//1162
f 1171//1171 1151//1151 1180//1180
f 1164//1164 1163//1163 1181//1181
f 1182//1182 1152//1152 1172//1172
f 1164//1164 1183//1183 1172//1172
f 1184//1184 1173//1173 1152//1152
f 1159//1159 1177//1177 1166//1166
f 1154//1154 1159//1159 1143//1143
f 1185//1185 1150//1150 1166//1166
f 1174//1174 1146//1146 1186//1186
f 1167//1167 1174//1174 1187//1187
f 1160//1160 1167//1167 1188//1188
f 1168//1168 1175//1175 1176//1176
f 1186//1186 1146//1146 1176//1176
f 1160//1160 1189//1189 1177//1177
f 1150//1150 1190//1190 1179//1179
f 1169//1169 1179//1179 1191//1191
f 1178//1178 1161//1161 1169//1169
f 1181//1181 1193//1193 1164//1164
f 1194//1194 1182//1182 1172//1172
f 1195//1195 1152//1152 1182//1182
f 1183//1183 1196//1196 1172//1172
f 1183//1183 1164//1164 1197//1197
f 1152//1152 1198//1198 1184//1184
f 1166//1166 1177//1177 1185//1185
f 1185//1185 1190//1190 1150//1150
f 1186//1186 1199//1199 1174//1174
f 1174//1174 1200//1200 1187//1187
f 1187//1187 1201//1201 1167//1167
f 1188//1188 1167//1167 1201//1201
f 1188//1188 1202//1202 1160//1160
f 1176//1176 1175//1175 1203//1203
f 1176//1176 1204//1204 1186//1186
f 1205//1205 1177//1177 1189//1189
f 1189//1189 1160//1160 1202//1202
f 1179//1179 1190//1190 1206//1206
f 1192//1192 1169//1169 1191//1191
f 1179//1179 1207//1207 1191//1191
f 1170//1170 1178//1178 1169//1169
f 1164//1164 1193//1193 1197//1197
f 1172//1172 1208//1208 1194//1194
f 1209//1209 1182//1182 1194//1194
f 1182//1182 1210//1210 1195//1195
f 1211//1211 1152//1152 1195//1195
f 1196//1196 1212//1212 1172//1172
f 1213//1213 1196//1196 1183//1183
f 1152//1152 1214//1214 1198//1198
f 1177//1177 1215//1215 1185//1185
f 1215//1215 1190//1190 1185//1185
f 1186//1186 1204//1204 1199//1199
f 1199//1199 1200//1200 1174//1174
f 1187//1187 1200//1200 1216//1216
f 1187//1187 1217//1217 1201//1201
f 1201//1201 1218//1218 1188//1188
f 1219//1219 1202//1202 1188//1188
f 1176//1176 1203//1203 1204//1204
f 1215//1215 1177//1177 1205//1205
f 1189//1189 1220//1220 1205//1205
f 1202//1202 1220//1220 1189//1189
f 1221//1221 1206//1206 1190//1190
f 1206//1206 1207//1207 1179//1179
f 1192//1192 1170//1170 1169//1169
f 1172//1172 1212//1212 1208//1208
f 1194//1194 1208//1208 1222//1222
f 1182//1182 1209//1209 1210//1210
f 1195//1195 1210//1210 1223//1223
f 1224//1224 1152//1152 1211//1211
f 1225//1225 1211//1211 1195//1195
f 1213//1213 1183//1183 1197//1197
f 1214//1214 1152//1152 1224//1224
f 1226//1226 1198//1198 1214//1214
f 1215//1215 1205//1205 1190//1190
f 1199//1199 1227//1227 1200//1200
f 1216//1216 1228//1228 1187//1187
f 1200//1200 1229//1229 1216//1216
f 1217//1217 1230//1230 1201//1201
f 1218//1218 1219//1219 1188//1188
f 1218//1218 1201//1201 1230//1230
f 1202//1202 1219//1219 1220//1220
f 1205//1205 1220//1220 1231//1231
f 1190//1190 1232//1232 1221//1221
f 1221//1221 1233//1233 1206//1206
f 1207//1207 1206//1206 1234//1234
f 1193//1193 1181//1181 1235//1235
f 1235//1235 1197//1197 1193//1193
f 1208//1208 1212//1212 1236//1236
f 1194//1194 1222//1222 1209//1209
f 1237//1237 1223//1223 1210//1210
f 1224//1224 1211//1211 1238//1238
f 1211//1211 1225//1225 1239//1239
f 1240//1240 1212//1212 1196//1196
f 1241//1241 1213//1213 1197//1197
f 1214//1214 1242//1242 1226//1226
f 1205//1205 1232//1232 1190//1190
f 1243//1243 1228//1228 1216//1216
f 1187//1187 1228//1228 1217//1217
f 1229//1229 1244//1244 1216//1216
f 1219//1219 1218//1218 1245//1245
f 1230//1230 1246//1246 1218//1218
f 1220//1220 1219//1219 1245//1245
f 1220//1220 1247//1247 1231//1231
f 1248//1248 1205//1205 1231//1231
f 1221//1221 1232//1232 1249//1249
f 1221//1221 1250//1250 1233//1233
f 1233//1233 1234//1234 1206//1206
f 1234//1234 1251//1251 1207//1207
f 1241//1241 1197//1197 1235//1235
f 1212//1212 1252//1252 1236//1236
f 1253//1253 1208//1208 1236//1236
f 1208//1208 1253//1253 1222//1222
f 1210//1210 1209//1209 1254//1254
f 1211//1211 1255//1255 1238//1238
f 1256//1256 1211//1211 1239//1239
f 1223//1223 1225//1225 1195//1195
f 1196//1196 1213//1213 1241//1241
f 1196//1196 1257//1257 1240//1240
f 1242//1242 1214//1214 1224//1224
f 1205//1205 1248//1248 1232//1232
f 1216//1216 1258//1258 1243//1243
f 1228//1228 1243//1243 1217//1217
f 1244//1244 1229//1229 1259//1259
f 1244//1244 1258//1258 1216//1216
f 1260//1260 1230//1230 1217//1217
f 1245//1245 1218//1218 1261//1261
f 1218//1218 1246//1246 1262//1262
f 1230//1230 1263//1263 1246//1246
f 1245//1245 1264//1264 1220//1220
f 1220//1220 1265//1265 1247//1247
f 1231//1231 1247//1247 1266//1266
f 1248//1248 1231//1231 1266//1266
f 1248//1248 1249//1249 1232//1232
f 1249//1249 1250//1250 1221//1221
f 1267//1267 1234//1234 1233//1233
f 1252//1252 1212//1212 1240//1240
f 1222//1222 1254//1254 1209//1209
f 1253//1253 1254//1254 1222//1222
f 1254//1254 1237//1237 1210//1210
f 1256//1256 1255//1255 1211//1211
f 1242//1242 1238//1238 1255//1255
f 1225//1225 1223//1223 1239//1239
f 1241//1241 1270//1270 1196//1196
f 1271//1271 1240//1240 1257//1257
f 1270//1270 1257//1257 1196//1196
f 1238//1238 1242//1242 1224//1224
f 1272//1272 1243//1243 1258//1258
f 1243//1243 1260//1260 1217//1217
f 1273//1273 1259//1259 1229//1229
f 1274//1274 1244//1244 1259//1259
f 1244//1244 1272//1272 1258//1258
f 1261//1261 1275//1275 1245//1245
f 1276//1276 1261//1261 1218//1218
f 1262//1262 1246//1246 1277//1277
f 1218//1218 1262//1262 1276//1276
f 1246//1246 1263//1263 1278//1278
f 1220//1220 1264//1264 1265//1265
f 1245//1245 1279//1279 1264//1264
f 1265//1265 1280//1280 1247//1247
f 1247//1247 1281//1281 1266//1266
f 1282//1282 1248//1248 1266//1266
f 1248//1248 1282//1282 1249//1249
f 1283//1283 1250//1250 1249//1249
f 1234//1234 1267//1267 1251//1251
f 1207//1207 1251//1251 1284//1284
f 1236//1236 1252//1252 1253//1253
f 1252//1252 1240//1240 1285//1285
f 1237//1237 1254//1254 1269//1269
f 1223//1223 1237//1237 1286//1286
f 1268//1268 1287//1287 1237//1237
f 1268//1268 1237//1237 1269//1269
f 1255//1255 1256//1256 1288//1288
f 1286//1286 1239//1239 1223//1223
f 1272//1272 1260//1260 1243//1243
f 1259//1259 1273//1273 1274//1274
f 1274//1274 1289//1289 1244//1244
f 1289//1289 1272//1272 1244//1244
f 1260//1260 1263//1263 1230//1230
f 1275//1275 1290//1290 1245//1245
f 1276//1276 1291//1291 1261//1261
f 1292//1292 1277//1277 1246//1246
f 1277//1277 1293//1293 1262//1262
f 1262//1262 1293//1293 1276//1276
f 1292//1292 1246//1246 1278//1278
f 1264//1264 1294//1294 1265//1265
f 1264//1264 1279//1279 1294//1294
f 1295//1295 1279//1279 1245//1245
f 1247//1247 1280//1280 1281//1281
f 1281//1281 1296//1296 1266//1266
f 1296//1296 1282//1282 1266//1266
f 1282//1282 1283//1283 1249//1249
f 1283//1283 1297//1297 1250//1250
f 1298//1298 1253//1253 1252//1252
f 1299//1299 1285//1285 1240//1240
f 1298//1298 1252//1252 1285//1285
f 1254//1254 1300//1300 1269//1269
f 1287//1287 1286//1286 1237//1237
f 1268//1268 1269//1269 1300//1300
f 1301//1301 1288//1288 1256//1256
f 1256//1256 1239//1239 1302//1302
f 1240//1240 1271//1271 1299//1299
f 1263//1263 1260//1260 1272//1272
f 1273//1273 1303//1303 1274//1274
f 1303//1303 1289//1289 1274//1274
f 1272//1272 1289//1289 1263//1263
f 1275//1275 1261//1261 1291//1291
f 1290//1290 1295//1295 1245//1245
f 1277//1277 1292//1292 1293//1293
f 1293//1293 1304//1304 1276//1276
f 1278//1278 1263//1263 1289//1289
f 1305//1305 1292//1292 1278//1278
f 1294//1294 1279//1279 1306//1306
f 1282//1282 1296//1296 1307//1307
f 1297//1297 1283//1283 1308//1308
f 1251//1251 1267//1267 1309//1309
f 1309//1309 1284//1284 1251//1251
f 1311//1311 1285//1285 1299//1299
f 1312//1312 1298//1298 1285//1285
f 1300//1300 1254//1254 1253//1253
f 1313//1313 1286//1286 1287//1287
f 1314//1314 1287//1287 1268//1268
f 1288//1288 1301//1301 1315//1315
f 1316//1316 1255//1255 1288//1288
f 1286//1286 1302//1302 1239//1239
f 1302//1302 1301//1301 1256//1256
f 1241//1241 1310//1310 1270//1270
f 1317//1317 1299//1299 1271//1271
f 1289//1289 1303//1303 1318//1318
f 1290//1290 1275//1275 1319//1319
f 1304//1304 1291//1291 1276//1276
f 1293//1293 1292//1292 1320//1320
f 1304//1304 1293//1293 1321//1321
f 1289//1289 1318//1318 1278//1278
f 1305//1305 1322//1322 1292//1292
f 1278//1278 1318//1318 1305//1305
f 1294//1294 1306//1306 1265//1265
f 1306//1306 1279//1279 1295//1295
f 1265//1265 1323//1323 1280//1280
f 1280//1280 1323//1323 1281//1281
f 1281//1281 1307//1307 1296//1296
f 1324//1324 1283//1283 1282//1282
f 1298//1298 1300//1300 1253//1253
f 1312//1312 1285//1285 1311//1311
f 1299//1299 1326//1326 1311//1311
f 1313//1313 1302//1302 1286//1286
f 1314//1314 1328//1328 1287//1287
f 1316//1316 1288//1288 1315//1315
f 1315//1315 1301//1301 1329//1329
f 1330//1330 1271//1271 1257//1257
f 1271//1271 1330//1330 1317//1317
f 1270//1270 1310//1310 1257//1257
f 1318//1318 1303//1303 1305//1305
f 1331//1331 1319//1319 1275//1275
f 1319//1319 1295//1295 1290//1290
f 1275//1275 1291//1291 1332//1332
f 1332//1332 1291//1291 1304//1304
f 1321//1321 1293//1293 1320//1320
f 1320//1320 1292//1292 1322//1322
f 1322//1322 1305//1305 1333//1333
f 1265//1265 1306//1306 1323//1323
f 1319//1319 1306//1306 1295//1295
f 1307//1307 1281//1281 1334//1334
f 1282//1282 1307//1307 1324//1324
f 1324//1324 1308//1308 1283//1283
f 1268//1268 1298//1298 1325//1325
f 1300//1300 1298//1298 1268//1268
f 1335//1335 1326//1326 1299//1299
f 1313//1313 1287//1287 1327//1327
f 1327//1327 1287//1287 1328//1328
f 1268//1268 1325//1325 1314//1314
f 1313//1313 1301//1301 1302//1302
f 1257//1257 1310//1310 1330//1330
f 1299//1299 1317//1317 1335//1335
f 1333//1333 1305//1305 1303//1303
f 1336//1336 1319//1319 1331//1331
f 1275//1275 1332//1332 1337//1337
f 1332//1332 1304//1304 1338//1338
f 1339//1339 1304//1304 1321//1321
f 1323//1323 1334//1334 1281//1281
f 1307//1307 1341//1341 1324//1324
f 1342//1342 1308//1308 1324//1324
f 1325//1325 1298//1298 1343//1343
f 1325//1325 1344//1344 1314//1314
f 1313//1313 1329//1329 1301//1301
f 1319//1319 1336//1336 1337//1337
f 1331//1331 1345//1345 1336//1336
f 1337//1337 1332//1332 1346//1346
f 1338//1338 1346//1346 1332//1332
f 1339//1339 1338//1338 1304//1304
f 1321//1321 1320//1320 1347//1347
f 1323//1323 1348//1348 1334//1334
f 1340//1340 1341//1341 1307//1307
f 1324//1324 1341//1341 1342//1342
f 1312//1312 1343//1343 1298//1298
f 1350//1350 1327//1327 1328//1328
f 1325//1325 1351//1351 1344//1344
f 1327//1327 1329//1329 1313//1313
f 1317//1317 1330//1330 1354//1354
f 1354//1354 1335//1335 1317//1317
f 1337//1337 1336//1336 1355//1355
f 1345//1345 1355//1355 1336//1336
f 1306//1306 1319//1319 1337//1337
f 1356//1356 1337//1337 1346//1346
f 1357//1357 1346//1346 1338//1338
f 1339//1339 1357//1357 1338//1338
f 1320//1320 1322//1322 1347//1347
f 1347//1347 1339//1339 1321//1321
f 1323//1323 1306//1306 1348//1348
f 1307//1307 1334//1334 1340//1340
f 1351//1351 1325//1325 1343//1343
f 1349//1349 1358//1358 1312//1312
f 1312//1312 1311//1311 1349//1349
f 1352//1352 1327//1327 1350//1350
f 1328//1328 1359//1359 1350//1350
f 1360//1360 1328//1328 1314//1314
f 1353//1353 1315//1315 1329//1329
f 1315//1315 1361//1361 1316//1316
f 1329//1329 1327//1327 1352//1352
f 1353//1353 1329//1329 1352//1352
f 1330//1330 1310//1310 1362//1362
f 1362//1362 1354//1354 1330//1330
f 1363//1363 1337//1337 1355//1355
f 1339//1339 1364//1364 1357//1357
f 1339//1339 1347//1347 1364//1364
f 1343//1343 1312//1312 1351//1351
f 1351//1351 1312//1312 1358//1358
f 1358//1358 1349//1349 1365//1365
f 1359//1359 1328//1328 1360//1360
f 1314//1314 1344//1344 1360//1360
f 1353//1353 1361//1361 1315//1315
f 1355//1355 1367//1367 1363//1363
f 1337//1337 1348//1348 1306//1306
f 1349//1349 1366//1366 1365//1365
f 1365//1365 1369//1369 1358//1358
f 1349//1349 1311//1311 1366//1366
f 1354//1354 1326//1326 1335//1335
f 1311//1311 1326//1326 1366//1366
f 1358//1358 1344//1344 1351//1351
f 1367//1367 1355//1355 1370//1370
f 1337//1337 1368//1368 1348//1348
f 1348//1348 1368//1368 1334//1334
f 1371//1371 1369//1369 1365//1365
f 1362//1362 1372//1372 1354//1354
f 1371//1371 1365//1365 1374//1374
f 1373//1373 1365//1365 1366//1366
f 1326//1326 1354//1354 1366//1366
f 1360//1360 1344//1344 1375//1375
f 1360//1360 1376//1376 1359//1359
f 1344//1344 1358//1358 1375//1375
f 1365//1365 1373//1373 1374//1374
f 1373//1373 1366//1366 1354//1354
f 1360//1360 1375//1375 1376//1376
f 1358//1358 1369//1369 1375//1375
f 1377//1377 1372//1372 1362//1362
f 1378//1378 1359//1359 1376//1376
f 1373//1373 1354//1354 1372//1372
f 1372//1372 1374//1374 1373//1373
f 1381//1381 1376//1376 1375//1375
f 1376//1376 1382//1382 1378//1378
f 1372//1372 1377//1377 1383//1383
f 1371//1371 1374//1374 1379//1379
f 1369//1369 1380//1380 1375//1375
f 1380//1380 1381//1381 1375//1375
f 1384//1384 1372//1372 1383//1383
f 1371//1371 1380//1380 1369//1369
f 1374//1374 1384//1384 1379//1379
f 1383//1383 1385//1385 1384//1384
f 1372//1372 1384//1384 1374//1374
f 1386//1386 1376//1376 1381//1381
f 1385//1385 1387//1387 1384//1384
f 1379//1379 1380//1380 1371//1371
f 1379//1379 1384//1384 1387//1387
f 1376//1376 1386//1386 1382//1382
f 1380//1380 1379//1379 1388//1388
f 1387//1387 1388//1388 1379//1379
f 1388//1388 1381//1381 1380//1380
f 1381//1381 1390//1390 1386//1386
f 1386//1386 1389//1389 1382//1382
f 1387//1387 1390//1390 1388//1388
f 1390//1390 1381//1381 1388//1388
f 1390//1390 1387//1387 1391//1391
f 1386//1386 1390//1390 1389//1389
f 1390//1390 1391//1391 1393//1393
f 1390//1390 1392//1392 1389//1389
f 1392//1392 1390//1390 1393//1393
f 1394//1394 1395//1395 1396//1396
f 1397//1397 1394//1394 1396//1396
f 1399//1399 1395//1395 1394//1394
f 1400//1400 1397//1397 1396//1396
f 1395//1395 1398//1398 1396//1396
f 1401//1401 1395//1395 1399//1399
f 1397//1397 1400//1400 1402//1402
f 1403//1403 1396//1396 1398//1398
f 1405//1405 1395//1395 1401//1401
f 1400//1400 1396//1396 1406//1406
f 1402//1402 1407//1407 1397//1397
f 1408//1408 1402//1402 1400//1400
f 1396//1396 1403//1403 1404//1404
f 1404//1404 1406//1406 1396//1396
f 1398//1398 1395//1395 1405//1405
f 1409//1409 1400//1400 1406//1406
f 1400//1400 1409//1409 1408//1408
f 1409//1409 1406//1406 1411//1411
f 1403//1403 1398//1398 1405//1405
f 1406//1406 1404//1404 1411//1411
f 1401//1401 1412//1412 1410//1410
f 1408//1408 1409//1409 1413//1413
f 1409//1409 1411//1411 1414//1414
f 1415//1415 1402//1402 1408//1408
f 1416//1416 1403//1403 1405//1405
f 1411//1411 1404//1404 1417//1417
f 1410//1410 1418//1418 1401//1401
f 1401//1401 1416//1416 1405//1405
f 1408//1408 1413//1413 1415//1415
f 1414//1414 1411//1411 1419//1419
f 1402//1402 1415//1415 1420//1420
f 1404//1404 1403//1403 1421//1421
f 1421//1421 1417//1417 1404//1404
f 1422//1422 1410//1410 1412//1412
f 1401//1401 1418//1418 1416//1416
f 1411//1411 1417//1417 1419//1419
f 1421//1421 1403//1403 1416//1416
f 1412//1412 1423//1423 1422//1422
f 1415//1415 1413//1413 1424//1424
f 1425//1425 1414//1414 1419//1419
f 1419//1419 1417//1417 1426//1426
f 1428//1428 1425//1425 1419//1419
f 1426//1426 1428//1428 1419//1419
f 1427//1427 1426//1426 1417//1417
f 1429//1429 1420//1420 1415//1415
f 1416//1416 1430//1430 1421//1421
f 1431//1431 1417//1417 1421//1421
f 1427//1427 1417//1417 1431//1431
f 1430//1430 1418//1418 1410//1410
f 1432//1432 1422//1422 1423//1423
f 1429//1429 1415//1415 1424//1424
f 1425//1425 1428//1428 1433//1433
f 1431//1431 1421//1421 1430//1430
f 1418//1418 1430//1430 1416//1416
f 1434//1434 1410//1410 1422//1422
f 1410//1410 1434//1434 1430//1430
f 1422//1422 1432//1432 1434//1434
f 1424//1424 1435//1435 1429//1429
f 1436//1436 1433//1433 1428//1428
f 1425//1425 1433//1433 1437//1437
f 1439//1439 1431//1431 1430//1430
f 1435//1435 1424//1424 1440//1440
f 1441//1441 1433//1433 1436//1436
f 1414//1414 1425//1425 1437//1437
f 1433//1433 1442//1442 1437//1437
f 1443//1443 1428//1428 1426//1426
f 1427//1427 1431//1431 1438//1438
f 1438//1438 1426//1426 1427//1427
f 1440//1440 1424//1424 1444//1444
f 1414//1414 1437//1437 1445//1445
f 1437//1437 1442//1442 1446//1446
f 1443//1443 1426//1426 1438//1438
f 1430//1430 1447//1447 1439//1439
f 1447//1447 1430//1430 1434//1434
f 1444//1444 1449//1449 1440//1440
f 1443//1443 1441//1441 1436//1436
f 1428//1428 1443//1443 1436//1436
f 1437//1437 1451//1451 1445//1445
f 1450//1450 1442//1442 1433//1433
f 1442//1442 1452//1452 1446//1446
f 1431//1431 1453//1453 1438//1438
f 1439//1439 1453//1453 1431//1431
f 1434//1434 1448//1448 1447//1447
f 1441//1441 1455//1455 1433//1433
f 1433//1433 1455//1455 1450//1450
f 1437//1437 1446//1446 1451//1451
f 1452//1452 1442//1442 1456//1456
f 1446//1446 1452//1452 1457//1457
f 1454//1454 1438//1438 1453//1453
f 1447//1447 1453//1453 1439//1439
f 1444//1444 1459//1459 1449//1449
f 1458//1458 1451//1451 1446//1446
f 1460//1460 1456//1456 1442//1442
f 1456//1456 1461//1461 1452//1452
f 1458//1458 1446//1446 1457//1457
f 1462//1462 1457//1457 1452//1452
f 1453//1453 1463//1463 1454//1454
f 1438//1438 1454//1454 1443//1443
f 1464//1464 1447//1447 1448//1448
f 1444//1444 1465//1465 1459//1459
f 1443//1443 1454//1454 1441//1441
f 1455//1455 1466//1466 1450//1450
f 1450//1450 1460//1460 1442//1442
f 1460//1460 1468//1468 1456//1456
f 1461//1461 1456//1456 1469//1469
f 1470//1470 1452//1452 1461//1461
f 1471//1471 1457//1457 1462//1462
f 1464//1464 1463//1463 1453//1453
f 1453//1453 1447//1447 1464//1464
f 1465//1465 1444//1444 1472//1472
f 1459//1459 1465//1465 1473//1473
f 1454//1454 1474//1474 1441//1441
f 1455//1455 1441//1441 1474//1474
f 1450//1450 1466//1466 1467//1467
f 1460//1460 1450//1450 1467//1467
f 1467//1467 1468//1468 1460//1460
f 1469//1469 1456//1456 1468//1468
f 1461//1461 1469//1469 1475//1475
f 1476//1476 1452//1452 1470//1470
f 1475//1475 1470//1470 1461//1461
f 1457//1457 1471//1471 1477//1477
f 1452//1452 1476//1476 1462//1462
f 1474//1474 1454//1454 1463//1463
f 1466//1466 1455//1455 1474//1474
f 1476//1476 1470//1470 1478//1478
f 1477//1477 1471//1471 1479//1479
f 1480//1480 1457//1457 1477//1477
f 1471//1471 1462//1462 1476//1476
f 1464//1464 1481//1481 1463//1463
f 1463//1463 1481//1481 1474//1474
f 1465//1465 1482//1482 1473//1473
f 1467//1467 1484//1484 1468//1468
f 1484//1484 1469//1469 1468//1468
f 1471//1471 1476//1476 1478//1478
f 1471//1471 1485//1485 1479//1479
f 1474//1474 1481//1481 1483//1483
f 1482//1482 1465//1465 1487//1487
f 1482//1482 1488//1488 1473//1473
f 1484//1484 1467//1467 1489//1489
f 1469//1469 1484//1484 1490//1490
f 1478//1478 1486//1486 1471//1471
f 1471//1471 1491//1491 1485//1485
f 1492//1492 1477//1477 1479//1479
f 1494//1494 1471//1471 1486//1486
f 1487//1487 1495//1495 1482//1482
f 1474//1474 1483//1483 1489//1489
f 1489//1489 1466//1466 1474//1474
f 1466//1466 1489//1489 1467//1467
f 1484//1484 1483//1483 1490//1490
f 1471//1471 1494//1494 1491//1491
f 1485//1485 1491//1491 1496//1496
f 1479//1479 1485//1485 1498//1498
f 1477//1477 1492//1492 1499//1499
f 1479//1479 1500//1500 1492//1492
f 1477//1477 1501//1501 1480//1480
f 1493//1493 1480//1480 1501//1501
f 1486//1486 1502//1502 1494//1494
f 1495//1495 1487//1487 1503//1503
f 1489//1489 1483//1483 1484//1484
f 1491//1491 1494//1494 1496//1496
f 1496//1496 1497//1497 1485//1485
f 1497//1497 1498//1498 1485//1485
f 1492//1492 1504//1504 1499//1499
f 1492//1492 1500//1500 1505//1505
f 1479//1479 1506//1506 1500//1500
f 1507//1507 1502//1502 1486//1486
f 1494//1494 1502//1502 1508//1508
f 1497//1497 1496//1496 1509//1509
f 1497//1497 1510//1510 1498//1498
f 1498//1498 1506//1506 1479//1479
f 1499//1499 1504//1504 1511//1511
f 1512//1512 1505//1505 1500//1500
f 1500//1500 1506//1506 1512//1512
f 1507//1507 1513//1513 1502//1502
f 1502//1502 1514//1514 1508//1508
f 1494//1494 1508//1508 1496//1496
f 1510//1510 1497//1497 1509//1509
f 1506//1506 1498//1498 1515//1515
f 1498//1498 1510//1510 1515//1515
f 1504//1504 1505//1505 1512//1512
f 1507//1507 1516//1516 1513//1513
f 1513//1513 1517//1517 1502//1502
f 1502//1502 1517//1517 1514//1514
f 1508//1508 1514//1514 1518//1518
f 1496//1496 1508//1508 1519//1519
f 1520//1520 1510//1510 1509//1509
f 1510//1510 1520//1520 1515//1515
f 1521//1521 1504//1504 1512//1512
f 1506//1506 1522//1522 1512//1512
f 1513//1513 1516//1516 1523//1523
f 1517//1517 1513//1513 1524//1524
f 1525//1525 1508//1508 1518//1518
f 1514//1514 1526//1526 1518//1518
f 1519//1519 1508//1508 1525//1525
f 1519//1519 1509//1509 1496//1496
f 1512//1512 1527//1527 1521//1521
f 1522//1522 1506//1506 1515//1515
f 1527//1527 1512//1512 1522//1522
f 1513//1513 1523//1523 1524//1524
f 1514//1514 1528//1528 1526//1526
f 1518//1518 1526//1526 1529//1529
f 1530//1530 1519//1519 1525//1525
f 1530//1530 1509//1509 1519//1519
f 1509//1509 1530//1530 1520//1520
f 1527//1527 1531//1531 1521//1521
f 1515//1515 1532//1532 1522//1522
f 1522//1522 1532//1532 1527//1527
f 1517//1517 1524//1524 1514//1514
f 1525//1525 1518//1518 1535//1535
f 1514//1514 1533//1533 1528//1528
f 1528//1528 1536//1536 1526//1526
f 1526//1526 1537//1537 1529//1529
f 1535//1535 1518//1518 1529//1529
f 1538//1538 1515//1515 1520//1520
f 1531//1531 1527//1527 1532//1532
f 1531//1531 1539//1539 1521//1521
f 1514//1514 1524//1524 1540//1540
f 1533//1533 1514//1514 1540//1540
f 1525//1525 1535//1535 1534//1534
f 1534//1534 1530//1530 1525//1525
f 1533//1533 1536//1536 1528//1528
f 1526//1526 1536//1536 1537//1537
f 1537//1537 1541//1541 1529//1529
f 1542//1542 1535//1535 1529//1529
f 1530//1530 1538//1538 1520//1520
f 1539//1539 1531//1531 1543//1543
f 1539//1539 1544//1544 1521//1521
f 1523//1523 1545//1545 1524//1524
f 1540//1540 1524//1524 1545//1545
f 1535//1535 1546//1546 1534//1534
f 1538//1538 1530//1530 1534//1534
f 1536//1536 1533//1533 1547//1547
f 1537//1537 1536//1536 1548//1548
f 1549//1549 1529//1529 1541//1541
f 1537//1537 1550//1550 1541//1541
f 1542//1542 1546//1546 1535//1535
f 1551//1551 1542//1542 1529//1529
f 1515//1515 1538//1538 1532//1532
f 1552//1552 1543//1543 1531//1531
f 1553//1553 1544//1544 1539//1539
f 1554//1554 1521//1521 1544//1544
f 1555//1555 1533//1533 1540//1540
f 1546//1546 1552//1552 1534//1534
f 1552//1552 1538//1538 1534//1534
f 1548//1548 1536//1536 1547//1547
f 1529//1529 1549//1549 1556//1556
f 1541//1541 1557//1557 1549//1549
f 1550//1550 1537//1537 1558//1558
f 1542//1542 1551//1551 1554//1554
f 1529//1529 1559//1559 1551//1551
f 1531//1531 1532//1532 1538//1538
f 1538//1538 1552//1552 1531//1531
f 1539//1539 1543//1543 1553//1553
f 1554//1554 1544//1544 1560//1560
f 1561//1561 1521//1521 1554//1554
f 1540//1540 1545//1545 1562//1562
f 1543//1543 1552//1552 1546//1546
f 1558//1558 1537//1537 1548//1548
f 1559//1559 1529//1529 1556//1556
f 1541//1541 1550//1550 1557//1557
f 1542//1542 1560//1560 1546//1546
f 1554//1554 1551//1551 1559//1559
f 1560//1560 1542//1542 1554//1554
f 1553//1553 1560//1560 1544//1544
f 1563//1563 1521//1521 1561//1561
f 1559//1559 1561//1561 1554//1554
f 1555//1555 1540//1540 1562//1562
f 1548//1548 1547//1547 1558//1558
f 1564//1564 1559//1559 1556//1556
f 1557//1557 1550//1550 1566//1566
f 1567//1567 1550//1550 1558//1558
f 1543//1543 1560//1560 1553//1553
f 1521//1521 1563//1563 1568//1568
f 1561//1561 1569//1569 1563//1563
f 1559//1559 1564//1564 1561//1561
f 1570//1570 1555//1555 1562//1562
f 1546//1546 1560//1560 1543//1543
f 1547//1547 1533//1533 1571//1571
f 1549//1549 1564//1564 1556//1556
f 1557//1557 1573//1573 1549//1549
f 1547//1547 1565//1565 1558//1558
f 1566//1566 1550//1550 1574//1574
f 1558//1558 1565//1565 1567//1567
f 1521//1521 1568//1568 1575//1575
f 1576//1576 1568//1568 1563//1563
f 1569//1569 1561//1561 1564//1564
f 1563//1563 1569//1569 1577//1577
f 1555//1555 1571//1571 1533//1533
f 1547//1547 1571//1571 1578//1578
f 1549//1549 1572//1572 1564//1564
f 1565//1565 1547//1547 1578//1578
f 1557//1557 1566//1566 1573//1573
f 1574//1574 1550//1550 1567//1567
f 1566//1566 1574//1574 1579//1579
f 1575//1575 1581//1581 1521//1521
f 1563//1563 1582//1582 1576//1576
f 1568//1568 1576//1576 1583//1583
f 1569//1569 1564//1564 1572//1572
f 1572//1572 1577//1577 1569//1569
f 1563//1563 1577//1577 1584//1584
f 1572//1572 1549//1549 1573//1573
f 1585//1585 1565//1565 1578//1578
f 1567//1567 1586//1586 1574//1574
f 1579//1579 1574//1574 1586//1586
f 1573//1573 1566//1566 1579//1579
f 1580//1580 1567//1567 1565//1565
f 1587//1587 1581//1581 1575//1575
f 1588//1588 1521//1521 1581//1581
f 1563//1563 1584//1584 1582//1582
f 1589//1589 1576//1576 1582//1582
f 1576//1576 1590//1590 1583//1583
f 1572//1572 1584//1584 1577//1577
f 1571//1571 1555//1555 1570//1570
f 1571//1571 1591//1591 1578//1578
f 1567//1567 1580//1580 1586//1586
f 1579//1579 1586//1586 1592//1592
f 1579//1579 1584//1584 1573//1573
f 1593//1593 1581//1581 1587//1587
f 1581//1581 1594//1594 1588//1588
f 1584//1584 1579//1579 1582//1582
f 1590//1590 1576//1576 1589//1589
f 1582//1582 1595//1595 1589//1589
f 1583//1583 1590//1590 1596//1596
f 1591//1591 1571//1571 1570//1570
f 1591//1591 1597//1597 1578//1578
f 1599//1599 1585//1585 1578//1578
f 1579//1579 1592//1592 1582//1582
f 1586//1586 1600//1600 1592//1592
f 1584//1584 1572//1572 1573//1573
f 1581//1581 1593//1593 1601//1601
f 1601//1601 1594//1594 1581//1581
f 1589//1589 1596//1596 1590//1590
f 1595//1595 1582//1582 1592//1592
f 1596//1596 1589//1589 1595//1595
f 1591//1591 1602//1602 1597//1597
f 1597//1597 1598//1598 1578//1578
f 1578//1578 1598//1598 1599//1599
f 1600//1600 1604//1604 1592//1592
f 1585//1585 1603//1603 1565//1565
f 1565//1565 1603//1603 1580//1580
f 1605//1605 1601//1601 1593//1593
f 1601//1601 1605//1605 1594//1594
f 1595//1595 1592//1592 1606//1606
f 1596//1596 1595//1595 1607//1607
f 1608//1608 1597//1597 1602//1602
f 1609//1609 1599//1599 1598//1598
f 1600//1600 1586//1586 1580//1580
f 1604//1604 1606//1606 1592//1592
f 1599//1599 1603//1603 1585//1585
f 1595//1595 1610//1610 1607//1607
f 1598//1598 1611//1611 1609//1609
f 1580//1580 1603//1603 1600//1600
f 1612//1612 1603//1603 1599//1599
f 1606//1606 1610//1610 1595//1595
f 1607//1607 1610//1610 1583//1583
f 1597//1597 1608//1608 1611//1611
f 1598//1598 1597//1597 1611//1611
f 1609//1609 1611//1611 1614//1614
f 1603//1603 1615//1615 1600//1600
f 1599//1599 1613//1613 1612//1612
f 1613//1613 1599//1599 1609//1609
f 1616//1616 1611//1611 1608//1608
f 1615//1615 1603//1603 1612//1612
f 1604//1604 1617//1617 1606//1606
f 1600//1600 1615//1615 1604//1604
f 1613//1613 1609//1609 1618//1618
f 1614//1614 1611//1611 1616//1616
f 1619//1619 1615//1615 1612//1612
f 1617//1617 1604//1604 1620//1620
f 1615//1615 1620//1620 1604//1604
f 1618//1618 1609//1609 1614//1614
f 1614//1614 1621//1621 1618//1618
f 1620//1620 1615//1615 1619//1619
f 1613//1613 1622//1622 1612//1612
f 1619//1619 1612//1612 1622//1622
f 1619//1619 1623//1623 1620//1620
f 1618//1618 1624//1624 1613//1613
f 1613//1613 1624//1624 1622//1622
f 1618//1618 1621//1621 1624//1624
f 1626//1626 1628//1628 1625//1625
f 1625//1625 1627//1627 1629//1629
f 1625//1625 1629//1629 1626//1626
f 1629//1629 1627//1627 1630//1630
f 1631//1631 1626//1626 1629//1629
f 1628//1628 1626//1626 1632//1632
f 1625//1625 1633//1633 1627//1627
f 1634//1634 1630//1630 1627//1627
f 1626//1626 1631//1631 1635//1635
f 1633//1633 1625//1625 1628//1628
f 1630//1630 1634//1634 1636//1636
f 1632//1632 1637//1637 1628//1628
f 1638//1638 1633//1633 1628//1628
f 1639//1639 1627//1627 1633//1633
f 1627//1627 1639//1639 1634//1634
f 1636//1636 1634//1634 1641//1641
f 1635//1635 1631//1631 1643//1643
f 1643//1643 1631//1631 1629//1629
f 1626//1626 1644//1644 1632//1632
f 1628//1628 1637//1637 1638//1638
f 1638//1638 1640//1640 1633//1633
f 1639//1639 1633//1633 1640//1640
f 1634//1634 1645//1645 1641//1641
f 1634//1634 1639//1639 1646//1646
f 1630//1630 1642//1642 1629//1629
f 1626//1626 1635//1635 1647//1647
f 1643//1643 1629//1629 1642//1642
f 1632//1632 1644//1644 1648//1648
f 1644//1644 1626//1626 1647//1647
f 1648//1648 1637//1637 1632//1632
f 1649//1649 1638//1638 1637//1637
f 1638//1638 1650//1650 1640//1640
f 1646//1646 1645//1645 1634//1634
f 1645//1645 1651//1651 1641//1641
f 1652//1652 1636//1636 1641//1641
f 1636//1636 1653//1653 1630//1630
f 1630//1630 1653//1653 1642//1642
f 1635//1635 1643//1643 1654//1654
f 1635//1635 1655//1655 1647//1647
f 1656//1656 1644//1644 1647//1647
f 1650//1650 1638//1638 1649//1649
f 1641//1641 1651//1651 1652//1652
f 1652//1652 1658//1658 1636//1636
f 1659//1659 1653//1653 1636//1636
f 1643//1643 1642//1642 1660//1660
f 1660//1660 1642//1642 1653//1653
f 1655//1655 1635//1635 1654//1654
f 1644//1644 1661//1661 1648//1648
f 1637//1637 1648//1648 1649//1649
f 1662//1662 1640//1640 1650//1650
f 1640//1640 1663//1663 1639//1639
f 1651//1651 1645//1645 1665//1665
f 1639//1639 1666//1666 1646//1646
f 1636//1636 1658//1658 1657//1657
f 1636//1636 1657//1657 1659//1659
f 1652//1652 1667//1667 1658//1658
f 1653//1653 1668//1668 1660//1660
f 1660//1660 1654//1654 1643//1643
f 1655//1655 1669//1669 1647//1647
f 1656//1656 1670//1670 1644//1644
f 1648//1648 1661//1661 1649//1649
f 1650//1650 1649//1649 1671//1671
f 1640//1640 1662//1662 1664//1664
f 1639//1639 1663//1663 1666//1666
f 1640//1640 1664//1664 1663//1663
f 1652//1652 1651//1651 1667//1667
f 1646//1646 1672//1672 1645//1645
f 1665//1665 1645//1645 1672//1672
f 1666//1666 1672//1672 1646//1646
f 1673//1673 1657//1657 1658//1658
f 1659//1659 1674//1674 1653//1653
f 1675//1675 1668//1668 1653//1653
f 1660//1660 1668//1668 1654//1654
f 1654//1654 1676//1676 1655//1655
f 1669//1669 1655//1655 1676//1676
f 1647//1647 1669//1669 1677//1677
f 1644//1644 1670//1670 1661//1661
f 1647//1647 1678//1678 1656//1656
f 1661//1661 1679//1679 1649//1649
f 1671//1671 1649//1649 1679//1679
f 1680//1680 1664//1664 1662//1662
f 1665//1665 1681//1681 1651//1651
f 1672//1672 1681//1681 1665//1665
f 1666//1666 1682//1682 1672//1672
f 1683//1683 1659//1659 1657//1657
f 1674//1674 1659//1659 1683//1683
f 1674//1674 1675//1675 1653//1653
f 1668//1668 1684//1684 1654//1654
f 1677//1677 1685//1685 1647//1647
f 1661//1661 1670//1670 1686//1686
f 1680//1680 1662//1662 1687//1687
f 1650//1650 1688//1688 1662//1662
f 1664//1664 1689//1689 1663//1663
f 1651//1651 1681//1681 1667//1667
f 1672//1672 1690//1690 1681//1681
f 1658//1658 1691//1691 1673//1673
f 1673//1673 1683//1683 1657//1657
f 1658//1658 1667//1667 1691//1691
f 1675//1675 1674//1674 1692//1692
f 1684//1684 1668//1668 1675//1675
f 1684//1684 1676//1676 1654//1654
f 1647//1647 1685//1685 1678//1678
f 1693//1693 1677//1677 1669//1669
f 1694//1694 1686//1686 1670//1670
f 1679//1679 1661//1661 1695//1695
f 1670//1670 1656//1656 1678//1678
f 1688//1688 1650//1650 1671//1671
f 1680//1680 1689//1689 1664//1664
f 1689//1689 1666//1666 1663//1663
f 1667//1667 1681//1681 1696//1696
f 1672//1672 1698//1698 1690//1690
f 1672//1672 1682//1682 1698//1698
f 1666//1666 1700//1700 1682//1682
f 1673//1673 1691//1691 1701//1701
f 1701//1701 1683//1683 1673//1673
f 1691//1691 1667//1667 1697//1697
f 1703//1703 1674//1674 1683//1683
f 1678//1678 1685//1685 1704//1704
f 1706//1706 1661//1661 1686//1686
f 1707//1707 1679//1679 1695//1695
f 1661//1661 1706//1706 1695//1695
f 1679//1679 1708//1708 1671//1671
f 1708//1708 1688//1688 1671//1671
f 1680//1680 1709//1709 1689//1689
f 1680//1680 1687//1687 1710//1710
f 1689//1689 1700//1700 1666//1666
f 1697//1697 1667//1667 1696//1696
f 1698//1698 1711//1711 1690//1690
f 1682//1682 1700//1700 1699//1699
f 1682//1682 1699//1699 1698//1698
f 1691//1691 1713//1713 1701//1701
f 1683//1683 1701//1701 1702//1702
f 1691//1691 1697//1697 1714//1714
f 1683//1683 1702//1702 1703//1703
f 1684//1684 1675//1675 1715//1715
f 1715//1715 1676//1676 1684//1684
f 1676//1676 1705//1705 1669//1669
f 1693//1693 1716//1716 1677//1677
f 1716//1716 1685//1685 1677//1677
f 1708//1708 1679//1679 1707//1707
f 1718//1718 1695//1695 1706//1706
f 1670//1670 1678//1678 1694//1694
f 1709//1709 1680//1680 1710//1710
f 1688//1688 1687//1687 1662//1662
f 1689//1689 1709//1709 1700//1700
f 1681//1681 1690//1690 1696//1696
f 1719//1719 1697//1697 1696//1696
f 1711//1711 1698//1698 1699//1699
f 1711//1711 1712//1712 1690//1690
f 1721//1721 1699//1699 1700//1700
f 1713//1713 1722//1722 1701//1701
f 1714//1714 1697//1697 1723//1723
f 1714//1714 1713//1713 1691//1691
f 1724//1724 1674//1674 1703//1703
f 1725//1725 1692//1692 1674//1674
f 1715//1715 1675//1675 1692//1692
f 1705//1705 1676//1676 1715//1715
f 1704//1704 1726//1726 1678//1678
f 1693//1693 1669//1669 1727//1727
f 1704//1704 1685//1685 1716//1716
f 1726//1726 1694//1694 1678//1678
f 1687//1687 1728//1728 1710//1710
f 1700//1700 1709//1709 1729//1729
f 1719//1719 1696//1696 1690//1690
f 1730//1730 1697//1697 1719//1719
f 1712//1712 1711//1711 1731//1731
f 1719//1719 1690//1690 1712//1712
f 1699//1699 1721//1721 1720//1720
f 1729//1729 1721//1721 1700//1700
f 1732//1732 1722//1722 1713//1713
f 1701//1701 1733//1733 1702//1702
f 1730//1730 1723//1723 1697//1697
f 1723//1723 1734//1734 1714//1714
f 1714//1714 1735//1735 1713//1713
f 1703//1703 1702//1702 1733//1733
f 1725//1725 1674//1674 1724//1724
f 1693//1693 1736//1736 1717//1717
f 1716//1716 1693//1693 1717//1717
f 1686//1686 1694//1694 1737//1737
f 1707//1707 1695//1695 1718//1718
f 1706//1706 1739//1739 1718//1718
f 1738//1738 1688//1688 1708//1708
f 1710//1710 1729//1729 1709//1709
f 1710//1710 1728//1728 1740//1740
f 1741//1741 1728//1728 1687//1687
f 1687//1687 1688//1688 1741//1741
f 1742//1742 1730//1730 1719//1719
f 1720//1720 1711//1711 1699//1699
f 1742//1742 1712//1712 1731//1731
f 1719//1719 1712//1712 1742//1742
f 1720//1720 1721//1721 1743//1743
f 1721//1721 1729//1729 1743//1743
f 1722//1722 1732//1732 1744//1744
f 1732//1732 1713//1713 1735//1735
f 1733//1733 1701//1701 1722//1722
f 1745//1745 1723//1723 1730//1730
f 1723//1723 1745//1745 1734//1734
f 1714//1714 1734//1734 1735//1735
f 1746//1746 1724//1724 1703//1703
f 1746//1746 1703//1703 1733//1733
f 1724//1724 1747//1747 1725//1725
f 1748//1748 1692//1692 1725//1725
f 1669//1669 1705//1705 1727//1727
f 1727//1727 1736//1736 1693//1693
f 1750//1750 1686//1686 1737//1737
f 1706//1706 1686//1686 1750//1750
f 1708//1708 1707//1707 1751//1751
f 1718//1718 1751//1751 1707//1707
f 1738//1738 1708//1708 1752//1752
f 1739//1739 1706//1706 1753//1753
f 1726//1726 1737//1737 1694//1694
f 1729//1729 1710//1710 1740//1740
f 1754//1754 1728//1728 1741//1741
f 1688//1688 1738//1738 1741//1741
f 1745//1745 1730//1730 1742//1742
f 1755//1755 1711//1711 1720//1720
f 1756//1756 1742//1742 1731//1731
f 1757//1757 1743//1743 1729//1729
f 1732//1732 1758//1758 1744//1744
f 1733//1733 1722//1722 1744//1744
f 1732//1732 1735//1735 1759//1759
f 1734//1734 1745//1745 1760//1760
f 1761//1761 1735//1735 1734//1734
f 1733//1733 1762//1762 1746//1746
f 1748//1748 1715//1715 1692//1692
f 1705//1705 1715//1715 1763//1763
f 1726//1726 1704//1704 1716//1716
f 1705//1705 1763//1763 1727//1727
f 1749//1749 1716//1716 1717//1717
f 1751//1751 1752//1752 1708//1708
f 1741//1741 1738//1738 1752//1752
f 1750//1750 1753//1753 1706//1706
f 1753//1753 1764//1764 1739//1739
f 1716//1716 1737//1737 1726//1726
f 1765//1765 1729//1729 1740//1740
f 1740//1740 1728//1728 1754//1754
f 1745//1745 1742//1742 1766//1766
f 1755//1755 1731//1731 1711//1711
f 1743//1743 1755//1755 1720//1720
f 1766//1766 1742//1742 1756//1756
f 1755//1755 1756//1756 1731//1731
f 1767//1767 1743//1743 1757//1757
f 1765//1765 1757//1757 1729//1729
f 1758//1758 1768//1768 1744//1744
f 1769//1769 1758//1758 1732//1732
f 1733//1733 1744//1744 1770//1770
f 1735//1735 1761//1761 1759//1759
f 1771//1771 1732//1732 1759//1759
f 1772//1772 1760//1760 1745//1745
f 1760//1760 1761//1761 1734//1734
f 1746//1746 1747//1747 1724//1724
f 1770//1770 1762//1762 1733//1733
f 1746//1746 1762//1762 1747//1747
f 1725//1725 1773//1773 1748//1748
f 1763//1763 1715//1715 1748//1748
f 1763//1763 1774//1774 1727//1727
f 1774//1774 1736//1736 1727//1727
f 1736//1736 1775//1775 1717//1717
f 1750//1750 1737//1737 1777//1777
f 1739//1739 1764//1764 1778//1778
f 1779//1779 1718//1718 1739//1739
f 1780//1780 1737//1737 1716//1716
f 1781//1781 1740//1740 1754//1754
f 1782//1782 1765//1765 1740//1740
f 1745//1745 1766//1766 1783//1783
f 1767//1767 1755//1755 1743//1743
f 1756//1756 1784//1784 1766//1766
f 1755//1755 1785//1785 1756//1756
f 1786//1786 1767//1767 1757//1757
f 1765//1765 1787//1787 1757//1757
f 1758//1758 1769//1769 1768//1768
f 1788//1788 1744//1744 1768//1768
f 1769//1769 1732//1732 1771//1771
f 1788//1788 1770//1770 1744//1744
f 1759//1759 1761//1761 1789//1789
f 1759//1759 1790//1790 1771//1771
f 1760//1760 1772//1772 1791//1791
f 1772//1772 1745//1745 1792//1792
f 1793//1793 1762//1762 1770//1770
f 1762//1762 1794//1794 1747//1747
f 1794//1794 1725//1725 1747//1747
f 1773//1773 1795//1795 1748//1748
f 1773//1773 1725//1725 1796//1796
f 1774//1774 1797//1797 1736//1736
f 1736//1736 1797//1797 1775//1775
f 1749//1749 1717//1717 1776//1776
f 1716//1716 1749//1749 1780//1780
f 1798//1798 1717//1717 1775//1775
f 1776//1776 1717//1717 1798//1798
f 1751//1751 1718//1718 1779//1779
f 1752//1752 1799//1799 1741//1741
f 1800//1800 1753//1753 1750//1750
f 1764//1764 1753//1753 1800//1800
f 1801//1801 1739//1739 1778//1778
f 1739//1739 1801//1801 1779//1779
f 1802//1802 1740//1740 1781//1781
f 1782//1782 1740//1740 1802//1802
f 1787//1787 1765//1765 1782//1782
f 1799//1799 1754//1754 1741//1741
f 1783//1783 1766//1766 1803//1803
f 1792//1792 1745//1745 1783//1783
f 1785//1785 1755//1755 1767//1767
f 1804//1804 1784//1784 1756//1756
f 1784//1784 1803//1803 1766//1766
f 1756//1756 1785//1785 1804//1804
f 1804//1804 1767//1767 1786//1786
f 1757//1757 1787//1787 1786//1786
f 1805//1805 1768//1768 1769//1769
f 1769//1769 1771//1771 1806//1806
f 1807//1807 1789//1789 1761//1761
f 1790//1790 1759//1759 1789//1789
f 1790//1790 1808//1808 1771//1771
f 1791//1791 1772//1772 1809//1809
f 1810//1810 1760//1760 1791//1791
f 1792//1792 1811//1811 1772//1772
f 1761//1761 1760//1760 1812//1812
f 1793//1793 1794//1794 1762//1762
f 1725//1725 1794//1794 1796//1796
f 1763//1763 1748//1748 1774//1774
f 1774//1774 1795//1795 1797//1797
f 1776//1776 1780//1780 1749//1749
f 1737//1737 1813//1813 1777//1777
f 1751//1751 1815//1815 1752//1752
f 1815//1815 1799//1799 1752//1752
f 1816//1816 1800//1800 1750//1750
f 1778//1778 1764//1764 1817//1817
f 1779//1779 1801//1801 1818//1818
f 1781//1781 1754//1754 1819//1819
f 1820//1820 1787//1787 1782//1782
f 1819//1819 1754//1754 1799//1799
f 1803//1803 1821//1821 1783//1783
f 1783//1783 1821//1821 1792//1792
f 1804//1804 1785//1785 1767//1767
f 1804//1804 1822//1822 1784//1784
f 1803//1803 1784//1784 1823//1823
f 1804//1804 1786//1786 1824//1824
f 1786//1786 1787//1787 1824//1824
f 1768//1768 1805//1805 1825//1825
f 1769//1769 1826//1826 1805//1805
f 1768//1768 1827//1827 1788//1788
f 1806//1806 1771//1771 1808//1808
f 1769//1769 1806//1806 1826//1826
f 1812//1812 1807//1807 1761//1761
f 1809//1809 1772//1772 1828//1828
f 1829//1829 1791//1791 1809//1809
f 1811//1811 1792//1792 1830//1830
f 1772//1772 1811//1811 1831//1831
f 1812//1812 1760//1760 1810//1810
f 1793//1793 1770//1770 1832//1832
f 1795//1795 1773//1773 1833//1833
f 1774//1774 1748//1748 1795//1795
f 1797//1797 1834//1834 1775//1775
f 1780//1780 1776//1776 1835//1835
f 1776//1776 1798//1798 1835//1835
f 1816//1816 1750//1750 1777//1777
f 1814//1814 1777//1777 1813//1813
f 1836//1836 1815//1815 1751//1751
f 1836//1836 1751//1751 1779//1779
f 1837//1837 1817//1817 1764//1764
f 1778//1778 1838//1838 1801//1801
f 1802//1802 1781//1781 1819//1819
f 1802//1802 1840//1840 1782//1782
f 1787//1787 1820//1820 1824//1824
f 1820//1820 1782//1782 1840//1840
f 1803//1803 1823//1823 1821//1821
f 1830//1830 1792//1792 1821//1821
f 1822//1822 1804//1804 1824//1824
f 1822//1822 1823//1823 1784//1784
f 1825//1825 1805//1805 1841//1841
f 1827//1827 1768//1768 1825//1825
f 1826//1826 1842//1842 1805//1805
f 1788//1788 1827//1827 1770//1770
f 1843//1843 1806//1806 1808//1808
f 1826//1826 1806//1806 1844//1844
f 1807//1807 1812//1812 1845//1845
f 1807//1807 1790//1790 1789//1789
f 1772//1772 1831//1831 1828//1828
f 1846//1846 1809//1809 1828//1828
f 1809//1809 1846//1846 1829//1829
f 1810//1810 1791//1791 1829//1829
f 1848//1848 1811//1811 1830//1830
f 1811//1811 1848//1848 1831//1831
f 1812//1812 1810//1810 1847//1847
f 1793//1793 1849//1849 1794//1794
f 1832//1832 1770//1770 1827//1827
f 1796//1796 1794//1794 1850//1850
f 1796//1796 1833//1833 1773//1773
f 1797//1797 1795//1795 1834//1834
f 1775//1775 1834//1834 1798//1798
f 1835//1835 1851//1851 1780//1780
f 1814//1814 1816//1816 1777//1777
f 1813//1813 1737//1737 1839//1839
f 1853//1853 1815//1815 1836//1836
f 1853//1853 1799//1799 1815//1815
f 1764//1764 1854//1854 1837//1837
f 1817//1817 1838//1838 1778//1778
f 1854//1854 1764//1764 1800//1800
f 1855//1855 1801//1801 1838//1838
f 1856//1856 1818//1818 1801//1801
f 1737//1737 1780//1780 1839//1839
f 1819//1819 1857//1857 1802//1802
f 1840//1840 1802//1802 1857//1857
f 1824//1824 1820//1820 1858//1858
f 1820//1820 1840//1840 1859//1859
f 1819//1819 1799//1799 1853//1853
f 1823//1823 1860//1860 1821//1821
f 1821//1821 1860//1860 1830//1830
f 1861//1861 1822//1822 1824//1824
f 1862//1862 1841//1841 1805//1805
f 1841//1841 1832//1832 1825//1825
f 1825//1825 1832//1832 1827//1827
f 1842//1842 1863//1863 1805//1805
f 1826//1826 1864//1864 1842//1842
f 1865//1865 1806//1806 1843//1843
f 1865//1865 1844//1844 1806//1806
f 1826//1826 1844//1844 1864//1864
f 1812//1812 1866//1866 1845//1845
f 1808//1808 1790//1790 1867//1867
f 1790//1790 1807//1807 1868//1868
f 1843//1843 1808//1808 1867//1867
f 1828//1828 1831//1831 1869//1869
f 1870//1870 1846//1846 1828//1828
f 1846//1846 1871//1871 1829//1829
f 1810//1810 1829//1829 1871//1871
f 1871//1871 1847//1847 1810//1810
f 1872//1872 1848//1848 1830//1830
f 1872//1872 1831//1831 1848//1848
f 1812//1812 1847//1847 1866//1866
f 1849//1849 1850//1850 1794//1794
f 1849//1849 1793//1793 1832//1832
f 1850//1850 1873//1873 1796//1796
f 1833//1833 1796//1796 1874//1874
f 1874//1874 1834//1834 1795//1795
f 1780//1780 1851//1851 1839//1839
f 1875//1875 1835//1835 1798//1798
f 1798//1798 1852//1852 1875//1875
f 1816//1816 1814//1814 1800//1800
f 1817//1817 1837//1837 1877//1877
f 1817//1817 1877//1877 1838//1838
f 1856//1856 1801//1801 1855//1855
f 1878//1878 1855//1855 1838//1838
f 1818//1818 1879//1879 1779//1779
f 1824//1824 1858//1858 1861//1861
f 1880//1880 1858//1858 1820//1820
f 1881//1881 1820//1820 1859//1859
f 1819//1819 1853//1853 1882//1882
f 1860//1860 1823//1823 1822//1822
f 1861//1861 1883//1883 1822//1822
f 1805//1805 1863//1863 1862//1862
f 1832//1832 1841//1841 1884//1884
f 1885//1885 1863//1863 1842//1842
f 1886//1886 1865//1865 1843//1843
f 1887//1887 1864//1864 1844//1844
f 1845//1845 1866//1866 1888//1888
f 1807//1807 1845//1845 1868//1868
f 1867//1867 1790//1790 1868//1868
f 1867//1867 1889//1889 1843//1843
f 1890//1890 1869//1869 1831//1831
f 1869//1869 1891//1891 1828//1828
f 1892//1892 1846//1846 1870//1870
f 1828//1828 1891//1891 1870//1870
f 1846//1846 1892//1892 1871//1871
f 1830//1830 1893//1893 1872//1872
f 1890//1890 1831//1831 1872//1872
f 1850//1850 1849//1849 1894//1894
f 1895//1895 1796//1796 1873//1873
f 1795//1795 1833//1833 1874//1874
f 1796//1796 1895//1895 1874//1874
f 1798//1798 1834//1834 1852//1852
f 1839//1839 1851//1851 1897//1897
f 1851//1851 1835//1835 1898//1898
f 1900//1900 1813//1813 1839//1839
f 1836//1836 1876//1876 1853//1853
f 1836//1836 1779//1779 1879//1879
f 1814//1814 1854//1854 1800//1800
f 1877//1877 1837//1837 1901//1901
f 1902//1902 1838//1838 1877//1877
f 1903//1903 1818//1818 1856//1856
f 1882//1882 1857//1857 1819//1819
f 1859//1859 1840//1840 1857//1857
f 1861//1861 1858//1858 1904//1904
f 1880//1880 1820//1820 1881//1881
f 1905//1905 1858//1858 1880//1880
f 1906//1906 1881//1881 1859//1859
f 1822//1822 1883//1883 1860//1860
f 1860//1860 1893//1893 1830//1830
f 1883//1883 1861//1861 1893//1893
f 1862//1862 1907//1907 1841//1841
f 1908//1908 1832//1832 1884//1884
f 1862//1862 1863//1863 1885//1885
f 1909//1909 1885//1885 1842//1842
f 1910//1910 1842//1842 1864//1864
f 1843//1843 1912//1912 1886//1886
f 1844//1844 1865//1865 1913//1913
f 1864//1864 1887//1887 1911//1911
f 1887//1887 1844//1844 1913//1913
f 1845//1845 1888//1888 1914//1914
f 1914//1914 1868//1868 1845//1845
f 1914//1914 1867//1867 1868//1868
f 1867//1867 1915//1915 1889//1889
f 1889//1889 1916//1916 1843//1843
f 1917//1917 1869//1869 1890//1890
f 1891//1891 1869//1869 1918//1918
f 1870//1870 1891//1891 1892//1892
f 1872//1872 1893//1893 1904//1904
f 1890//1890 1872//1872 1904//1904
f 1919//1919 1866//1866 1847//1847
f 1850//1850 1920//1920 1873//1873
f 1834//1834 1874//1874 1896//1896
f 1852//1852 1834//1834 1896//1896
f 1921//1921 1851//1851 1898//1898
f 1875//1875 1898//1898 1835//1835
f 1814//1814 1813//1813 1899//1899
f 1813//1813 1900//1900 1899//1899
f 1882//1882 1853//1853 1876//1876
f 1836//1836 1879//1879 1876//1876
f 1923//1923 1837//1837 1854//1854
f 1837//1837 1923//1923 1901//1901
f 1838//1838 1902//1902 1878//1878
f 1877//1877 1924//1924 1902//1902
f 1855//1855 1878//1878 1925//1925
f 1818//1818 1903//1903 1879//1879
f 1839//1839 1897//1897 1927//1927
f 1857//1857 1882//1882 1859//1859
f 1904//1904 1893//1893 1861//1861
f 1858//1858 1928//1928 1904//1904
f 1929//1929 1880//1880 1881//1881
f 1880//1880 1930//1930 1905//1905
f 1931//1931 1858//1858 1905//1905
f 1859//1859 1882//1882 1906//1906
f 1883//1883 1893//1893 1860//1860
f 1885//1885 1907//1907 1862//1862
f 1907//1907 1932//1932 1841//1841
f 1849//1849 1832//1832 1908//1908
f 1884//1884 1841//1841 1932//1932
f 1885//1885 1909//1909 1933//1933
f 1909//1909 1842//1842 1910//1910
f 1910//1910 1864//1864 1911//1911
f 1913//1913 1865//1865 1886//1886
f 1916//1916 1912//1912 1843//1843
f 1934//1934 1886//1886 1912//1912
f 1887//1887 1935//1935 1911//1911
f 1887//1887 1913//1913 1936//1936
f 1888//1888 1937//1937 1914//1914
f 1914//1914 1915//1915 1867//1867
f 1889//1889 1915//1915 1938//1938
f 1939//1939 1917//1917 1890//1890
f 1918//1918 1869//1869 1917//1917
f 1892//1892 1891//1891 1918//1918
f 1919//1919 1871//1871 1892//1892
f 1871//1871 1919//1919 1847//1847
f 1904//1904 1940//1940 1890//1890
f 1919//1919 1941//1941 1866//1866
f 1894//1894 1920//1920 1850//1850
f 1873//1873 1943//1943 1895//1895
f 1943//1943 1874//1874 1895//1895
f 1851//1851 1921//1921 1897//1897
f 1852//1852 1896//1896 1875//1875
f 1882//1882 1876//1876 1922//1922
f 1879//1879 1926//1926 1876//1876
f 1899//1899 1854//1854 1814//1814
f 1899//1899 1923//1923 1854//1854
f 1925//1925 1878//1878 1902//1902
f 1947//1947 1903//1903 1856//1856
f 1856//1856 1855//1855 1925//1925
f 1879//1879 1903//1903 1926//1926
f 1944//1944 1927//1927 1897//1897
f 1904//1904 1928//1928 1948//1948
f 1928//1928 1858//1858 1931//1931
f 1929//1929 1930//1930 1880//1880
f 1949//1949 1931//1931 1905//1905
f 1881//1881 1906//1906 1950//1950
f 1882//1882 1922//1922 1906//1906
f 1907//1907 1885//1885 1951//1951
f 1884//1884 1952//1952 1908//1908
f 1932//1932 1952//1952 1884//1884
f 1951//1951 1885//1885 1933//1933
f 1953//1953 1909//1909 1910//1910
f 1911//1911 1954//1954 1910//1910
f 1955//1955 1913//1913 1886//1886
f 1956//1956 1912//1912 1916//1916
f 1934//1934 1955//1955 1886//1886
f 1935//1935 1887//1887 1957//1957
f 1935//1935 1954//1954 1911//1911
f 1913//1913 1958//1958 1936//1936
f 1887//1887 1936//1936 1957//1957
f 1888//1888 1866//1866 1941//1941
f 1937//1937 1888//1888 1959//1959
f 1937//1937 1960//1960 1914//1914
f 1960//1960 1915//1915 1914//1914
f 1889//1889 1938//1938 1916//1916
f 1961//1961 1917//1917 1939//1939
f 1939//1939 1890//1890 1962//1962
f 1917//1917 1963//1963 1918//1918
f 1919//1919 1892//1892 1918//1918
f 1948//1948 1940//1940 1904//1904
f 1941//1941 1919//1919 1964//1964
f 1908//1908 1894//1894 1849//1849
f 1952//1952 1942//1942 1894//1894
f 1920//1920 1894//1894 1942//1942
f 1920//1920 1965//1965 1873//1873
f 1943//1943 1896//1896 1874//1874
f 1966//1966 1945//1945 1898//1898
f 1921//1921 1898//1898 1945//1945
f 1967//1967 1898//1898 1875//1875
f 1899//1899 1900//1900 1923//1923
f 1839//1839 1927//1927 1900//1900
f 1926//1926 1922//1922 1876//1876
f 1877//1877 1901//1901 1969//1969
f 1902//1902 1970//1970 1925//1925
f 1924//1924 1971//1971 1902//1902
f 1947//1947 1972//1972 1903//1903
f 1947//1947 1856//1856 1925//1925
f 1903//1903 1972//1972 1926//1926
f 1928//1928 1973//1973 1948//1948
f 1931//1931 1974//1974 1928//1928
f 1929//1929 1881//1881 1975//1975
f 1930//1930 1929//1929 1976//1976
f 1930//1930 1977//1977 1905//1905
f 1977//1977 1949//1949 1905//1905
f 1949//1949 1978//1978 1931//1931
f 1968//1968 1950//1950 1906//1906
f 1975//1975 1881//1881 1950//1950
f 1906//1906 1922//1922 1968//1968
f 1932//1932 1907//1907 1951//1951
f 1979//1979 1952//1952 1932//1932
f 1909//1909 1953//1953 1980//1980
f 1910//1910 1954//1954 1953//1953
f 1981//1981 1912//1912 1956//1956
f 1916//1916 1938//1938 1956//1956
f 1912//1912 1981//1981 1934//1934
f 1934//1934 1982//1982 1955//1955
f 1955//1955 1983//1983 1913//1913
f 1935//1935 1957//1957 1984//1984
f 1985//1985 1954//1954 1935//1935
f 1913//1913 1983//1983 1958//1958
f 1986//1986 1936//1936 1958//1958
f 1936//1936 1986//1986 1957//1957
f 1959//1959 1987//1987 1937//1937
f 1941//1941 1959//1959 1888//1888
f 1915//1915 1960//1960 1988//1988
f 1915//1915 1990//1990 1938//1938
f 1991//1991 1961//1961 1939//1939
f 1992//1992 1917//1917 1961//1961
f 1962//1962 1993//1993 1939//1939
f 1994//1994 1918//1918 1963//1963
f 1963//1963 1917//1917 1992//1992
f 1918//1918 1964//1964 1919//1919
f 1995//1995 1940//1940 1948//1948
f 1952//1952 1894//1894 1908//1908
f 1996//1996 1920//1920 1942//1942
f 1873//1873 1965//1965 1943//1943
f 1875//1875 1896//1896 1943//1943
f 1998//1998 1944//1944 1897//1897
f 1898//1898 1967//1967 1966//1966
f 1921//1921 1998//1998 1897//1897
f 1921//1921 1945//1945 1999//1999
f 1875//1875 1946//1946 2000//2000
f 2000//2000 1967//1967 1875//1875
f 1900//1900 1927//1927 2001//2001
f 1968//1968 1922//1922 1926//1926
f 1877//1877 2002//2002 1924//1924
f 2003//2003 1925//1925 1970//1970
f 1902//1902 1971//1971 1970//1970
f 1947//1947 1925//1925 2003//2003
f 1926//1926 1972//1972 1968//1968
f 2004//2004 1948//1948 1973//1973
f 2005//2005 1973//1973 1928//1928
f 1931//1931 1978//1978 1974//1974
f 1974//1974 2005//2005 1928//1928
f 1929//1929 1975//1975 2006//2006
f 2006//2006 1976//1976 1929//1929
f 1977//1977 1930//1930 1976//1976
f 1950//1950 1968//1968 2007//2007
f 1975//1975 1950//1950 2008//2008
f 2009//2009 1932//1932 1951//1951
f 1932//1932 2009//2009 1979//1979
f 1979//1979 2011//2011 1952//1952
f 1933//1933 1909//1909 1980//1980
f 2012//2012 1980//1980 1953//1953
f 2013//2013 1953//1953 1954//1954
f 1956//1956 2014//2014 1981//1981
f 1956//1956 1938//1938 1990//1990
f 1981//1981 2015//2015 1934//1934
f 1934//1934 2016//2016 1982//1982
f 1957//1957 2017//2017 1984//1984
f 1935//1935 1984//1984 1985//1985
f 2018//2018 1954//1954 1985//1985
f 1958//1958 1983//1983 2019//2019
f 1986//1986 1958//1958 2020//2020
f 2017//2017 1957//1957 1986//1986
f 1937//1937 1987//1987 1960//1960
f 1989//1989 1915//1915 1988//1988
f 2021//2021 1915//1915 1989//1989
f 1991//1991 2022//2022 1961//1961
f 1939//1939 2023//2023 1991//1991
f 1992//1992 1961//1961 2024//2024
f 1993//1993 2023//2023 1939//1939
f 2025//2025 1918//1918 1994//1994
f 2026//2026 1994//1994 1963//1963
f 1963//1963 1992//1992 2026//2026
f 1964//1964 1918//1918 2025//2025
f 1964//1964 2027//2027 1941//1941
f 1996//1996 1997//1997 1920//1920
f 2028//2028 1943//1943 1965//1965
f 1997//1997 1965//1965 1920//1920
f 1875//1875 1943//1943 2029//2029
f 1921//1921 2030//2030 1998//1998
f 1999//1999 1945//1945 2031//2031
f 1946//1946 1875//1875 2029//2029
f 2001//2001 1923//1923 1900//1900
f 2002//2002 1877//1877 1969//1969
f 1947//1947 2032//2032 1972//1972
f 1968//1968 1972//1972 2032//2032
f 1944//1944 2034//2034 1927//1927
f 2005//2005 2035//2035 1973//1973
f 2036//2036 1974//1974 1978//1978
f 2005//2005 1974//1974 2037//2037
f 2006//2006 1975//1975 2008//2008
f 2038//2038 1949//1949 1977//1977
f 1968//1968 2032//2032 2007//2007
f 2039//2039 1950//1950 2007//2007
f 1950//1950 2040//2040 2008//2008
f 2009//2009 1951//1951 2041//2041
f 2011//2011 2010//2010 1952//1952
f 2010//2010 1942//1942 1952//1952
f 1953//1953 2042//2042 2012//2012
f 2013//2013 1954//1954 2043//2043
f 1953//1953 2013//2013 2044//2044
f 1981//1981 2014//2014 2045//2045
f 2015//2015 1981//1981 2045//2045
f 1982//1982 2016//2016 2046//2046
f 1955//1955 1982//1982 1983//1983
f 2047//2047 1984//1984 2017//2017
f 1985//1985 1984//1984 2048//2048
f 1954//1954 2018//2018 2049//2049
f 2018//2018 1985//1985 2048//2048
f 1986//1986 2020//2020 2050//2050
f 2019//2019 2020//2020 1958//1958
f 1986//1986 2050//2050 2017//2017
f 1987//1987 1959//1959 2051//2051
f 1960//1960 1987//1987 2052//2052
f 1915//1915 2021//2021 1990//1990
f 2022//2022 1991//1991 2053//2053
f 1991//1991 2023//2023 2054//2054
f 1992//1992 2024//2024 2055//2055
f 1993//1993 2056//2056 2023//2023
f 2025//2025 1994//1994 2026//2026
f 1964//1964 2025//2025 2027//2027
f 2057//2057 1996//1996 1942//1942
f 1997//1997 1996//1996 2058//2058
f 1966//1966 1967//1967 2059//2059
f 1999//1999 2030//2030 1921//1921
f 2060//2060 2031//2031 1945//1945
f 2031//2031 2061//2061 1999//1999
f 2062//2062 1967//1967 2000//2000
f 1946//1946 2029//2029 2000//2000
f 1901//1901 1923//1923 1969//1969
f 2002//2002 1969//1969 2063//2063
f 2002//2002 1971//1971 1924//1924
f 1970//1970 2065//2065 2003//2003
f 2032//2032 1947//1947 2066//2066
f 2033//2033 2034//2034 1944//1944
f 1944//1944 1998//1998 2033//2033
f 2067//2067 1927//1927 2034//2034
f 2068//2068 2035//2035 2005//2005
f 2035//2035 2069//2069 1973//1973
f 1974//1974 2036//2036 2038//2038
f 2070//2070 2037//2037 1974//1974
f 2005//2005 2037//2037 2071//2071
f 2072//2072 2006//2006 2008//2008
f 2073//2073 1976//1976 2006//2006
f 1977//1977 1976//1976 2074//2074
f 2074//2074 2038//2038 1977//1977
f 2038//2038 2036//2036 1949//1949
f 2007//2007 2032//2032 2075//2075
f 2039//2039 2007//2007 2075//2075
f 2040//2040 2076//2076 2008//2008
f 2040//2040 1950//1950 2039//2039
f 1951//1951 1933//1933 2041//2041
f 2077//2077 2009//2009 2041//2041
f 1979//1979 2009//2009 2011//2011
f 2078//2078 2010//2010 2011//2011
f 1942//1942 2010//2010 2057//2057
f 1933//1933 1980//1980 2041//2041
f 1980//1980 2012//2012 2041//2041
f 2042//2042 1953//1953 2044//2044
f 2012//2012 2042//2042 2079//2079
f 1954//1954 2049//2049 2043//2043
f 2080//2080 2044//2044 2013//2013
f 1990//1990 2014//2014 1956//1956
f 2015//2015 2081//2081 1934//1934
f 1934//1934 2081//2081 2016//2016
f 2082//2082 2046//2046 2016//2016
f 1983//1983 1982//1982 2046//2046
f 2048//2048 1984//1984 2047//2047
f 2047//2047 2017//2017 2083//2083
f 2084//2084 2049//2049 2018//2018
f 2018//2018 2048//2048 2085//2085
f 1983//1983 2046//2046 2019//2019
f 2020//2020 2086//2086 2050//2050
f 2020//2020 2019//2019 2087//2087
f 2050//2050 2083//2083 2017//2017
f 2051//2051 1959//1959 2088//2088
f 2051//2051 2052//2052 1987//1987
f 1988//1988 1960//1960 2052//2052
f 1988//1988 2052//2052 1989//1989
f 1961//1961 2022//2022 2024//2024
f 2089//2089 2022//2022 2053//2053
f 2090//2090 2053//2053 1991//1991
f 2023//2023 2091//2091 2054//2054
f 2092//2092 1991//1991 2054//2054
f 1992//1992 2055//2055 2026//2026
f 2056//2056 2093//2093 2023//2023
f 2025//2025 2026//2026 2095//2095
f 2027//2027 2025//2025 2094//2094
f 1959//1959 1941//1941 2027//2027
f 2028//2028 1965//1965 1997//1997
f 2060//2060 1945//1945 1966//1966
f 2030//2030 2033//2033 1998//1998
f 2096//2096 1967//1967 2062//2062
f 2062//2062 2000//2000 2097//2097
f 1969//1969 1923//1923 2001//2001
f 2064//2064 2002//2002 2063//2063
f 1971//1971 2065//2065 1970//1970
f 1947//1947 2003//2003 2066//2066
f 2001//2001 1927//1927 2067//2067
f 2099//2099 2035//2035 2068//2068
f 2068//2068 2005//2005 2071//2071
f 2037//2037 2070//2070 2100//2100
f 2070//2070 1974//1974 2038//2038
f 2071//2071 2037//2037 2101//2101
f 2076//2076 2072//2072 2008//2008
f 2102//2102 2073//2073 2006//2006
f 2073//2073 2074//2074 1976//1976
f 2075//2075 2032//2032 2103//2103
f 2040//2040 2104//2104 2076//2076
f 2009//2009 2077//2077 2105//2105
f 2106//2106 2011//2011 2009//2009
f 2078//2078 2057//2057 2010//2010
f 2106//2106 2078//2078 2011//2011
f 2107//2107 2012//2012 2079//2079
f 2041//2041 2012//2012 2077//2077
f 2109//2109 2013//2013 2043//2043
f 2049//2049 2109//2109 2043//2043
f 2110//2110 2044//2044 2080//2080
f 2014//2014 1990//1990 2111//2111
f 2113//2113 2081//2081 2015//2015
f 2081//2081 2114//2114 2016//2016
f 2045//2045 2115//2115 2015//2015
f 2016//2016 2114//2114 2082//2082
f 2109//2109 2049//2049 2084//2084
f 2086//2086 2020//2020 2116//2116
f 2117//2117 2050//2050 2086//2086
f 2087//2087 2019//2019 2082//2082
f 2116//2116 2020//2020 2087//2087
f 2027//2027 2088//2088 1959//1959
f 2052//2052 2118//2118 1989//1989
f 2022//2022 2089//2089 2024//2024
f 2053//2053 2119//2119 2089//2089
f 2092//2092 2090//2090 1991//1991
f 2093//2093 2091//2091 2023//2023
f 2091//2091 2120//2120 2054//2054
f 2121//2121 2092//2092 2054//2054
f 2095//2095 2026//2026 2055//2055
f 2055//2055 2024//2024 2122//2122
f 2025//2025 2095//2095 2094//2094
f 2123//2123 1996//1996 2057//2057
f 2029//2029 1943//1943 2028//2028
f 2058//2058 2028//2028 1997//1997
f 2030//2030 1999//1999 2033//2033
f 2060//2060 2125//2125 2031//2031
f 2096//2096 2059//2059 1967//1967
f 2028//2028 2000//2000 2029//2029
f 2001//2001 2126//2126 2098//2098
f 2127//2127 2064//2064 2063//2063
f 2002//2002 2064//2064 2128//2128
f 2066//2066 2003//2003 2065//2065
f 2065//2065 1971//1971 2129//2129
f 2066//2066 2130//2130 2032//2032
f 2126//2126 2001//2001 2067//2067
f 2099//2099 2068//2068 2131//2131
f 2132//2132 2068//2068 2071//2071
f 2133//2133 2100//2100 2070//2070
f 2100//2100 2101//2101 2037//2037
f 2070//2070 2038//2038 2134//2134
f 2072//2072 2102//2102 2006//2006
f 2103//2103 2135//2135 2075//2075
f 2075//2075 2136//2136 2039//2039
f 2137//2137 2076//2076 2104//2104
f 2104//2104 2040//2040 2138//2138
f 2136//2136 2040//2040 2039//2039
f 2139//2139 2105//2105 2077//2077
f 2106//2106 2009//2009 2140//2140
f 2107//2107 2077//2077 2012//2012
f 2013//2013 2109//2109 2108//2108
f 2080//2080 2013//2013 2108//2108
f 2044//2044 2110//2110 2042//2042
f 1990//1990 2112//2112 2111//2111
f 2114//2114 2081//2081 2113//2113
f 2015//2015 2115//2115 2113//2113
f 2045//2045 2111//2111 2115//2115
f 2114//2114 2141//2141 2082//2082
f 2046//2046 2082//2082 2019//2019
f 2086//2086 2143//2143 2117//2117
f 2050//2050 2117//2117 2047//2047
f 2118//2118 2052//2052 2144//2144
f 2118//2118 2145//2145 1989//1989
f 1989//1989 2145//2145 2021//2021
f 1990//1990 2021//2021 2145//2145
f 2145//2145 2112//2112 1990//1990
f 2089//2089 2122//2122 2024//2024
f 2090//2090 2092//2092 2053//2053
f 2147//2147 2091//2091 2093//2093
f 2148//2148 2054//2054 2120//2120
f 2120//2120 2091//2091 2149//2149
f 2150//2150 2092//2092 2121//2121
f 2121//2121 2054//2054 2151//2151
f 2122//2122 2095//2095 2055//2055
f 2095//2095 2153//2153 2094//2094
f 2088//2088 2027//2027 2094//2094
f 1996//1996 2123//2123 2058//2058
f 2028//2028 2058//2058 2124//2124
f 2059//2059 2060//2060 1966//1966
f 2033//2033 1999//1999 2034//2034
f 2125//2125 2060//2060 2154//2154
f 2155//2155 2061//2061 2031//2031
f 1999//1999 2061//2061 2156//2156
f 2096//2096 2062//2062 2157//2157
f 2124//2124 2097//2097 2000//2000
f 1969//1969 2001//2001 2098//2098
f 2127//2127 2063//2063 2098//2098
f 2063//2063 1969//1969 2098//2098
f 2064//2064 2158//2158 2128//2128
f 2103//2103 2032//2032 2130//2130
f 2159//2159 2130//2130 2066//2066
f 2162//2162 2099//2099 2131//2131
f 2068//2068 2163//2163 2131//2131
f 2071//2071 2101//2101 2132//2132
f 2164//2164 2068//2068 2132//2132
f 2038//2038 2074//2074 2134//2134
f 2133//2133 2070//2070 2134//2134
f 2100//2100 2132//2132 2101//2101
f 2076//2076 2102//2102 2072//2072
f 2074//2074 2073//2073 2134//2134
f 2165//2165 2135//2135 2103//2103
f 2137//2137 2133//2133 2076//2076
f 2138//2138 2166//2166 2104//2104
f 2138//2138 2040//2040 2167//2167
f 2040//2040 2136//2136 2167//2167
f 2139//2139 2077//2077 2107//2107
f 2139//2139 2168//2168 2105//2105
f 2009//2009 2105//2105 2140//2140
f 2169//2169 2106//2106 2140//2140
f 2057//2057 2078//2078 2170//2170
f 2106//2106 2171//2171 2078//2078
f 2172//2172 2107//2107 2079//2079
f 2110//2110 2079//2079 2042//2042
f 2108//2108 2109//2109 2174//2174
f 2175//2175 2110//2110 2080//2080
f 2014//2014 2111//2111 2045//2045
f 2176//2176 2111//2111 2112//2112
f 2114//2114 2113//2113 2177//2177
f 2113//2113 2115//2115 2178//2178
f 2141//2141 2087//2087 2082//2082
f 2179//2179 2141//2141 2114//2114
f 2174//2174 2084//2084 2142//2142
f 2174//2174 2109//2109 2084//2084
f 2116//2116 2180//2180 2086//2086
f 2143//2143 2086//2086 2180//2180
f 2117//2117 2143//2143 2181//2181
f 2047//2047 2117//2117 2181//2181
f 2116//2116 2087//2087 2141//2141
f 2051//2051 2182//2182 2052//2052
f 2152//2152 2051//2051 2088//2088
f 2052//2052 2182//2182 2144//2144
f 2144//2144 2183//2183 2118//2118
f 2145//2145 2118//2118 2183//2183
f 2183//2183 2112//2112 2145//2145
f 2119//2119 2122//2122 2089//2089
f 2146//2146 2119//2119 2053//2053
f 2146//2146 2053//2053 2092//2092
f 2185//2185 2091//2091 2147//2147
f 2147//2147 2093//2093 2186//2186
f 2120//2120 2187//2187 2148//2148
f 2054//2054 2148//2148 2151//2151
f 2120//2120 2149//2149 2188//2188
f 2091//2091 2189//2189 2149//2149
f 2190//2190 2150//2150 2121//2121
f 2088//2088 2094//2094 2152//2152
f 2153//2153 2152//2152 2094//2094
f 2123//2123 2191//2191 2058//2058
f 2060//2060 2059//2059 2192//2192
f 2155//2155 2031//2031 2125//2125
f 2097//2097 2157//2157 2062//2062
f 2028//2028 2124//2124 2000//2000
f 2127//2127 2098//2098 2194//2194
f 2127//2127 2195//2195 2064//2064
f 2128//2128 1971//1971 2002//2002
f 2128//2128 2158//2158 2197//2197
f 2064//2064 2195//2195 2158//2158
f 2065//2065 2159//2159 2066//2066
f 2129//2129 2198//2198 2065//2065
f 2165//2165 2103//2103 2130//2130
f 2199//2199 2130//2130 2159//2159
f 2126//2126 2067//2067 2160//2160
f 2160//2160 2067//2067 2161//2161
f 2161//2161 2067//2067 2034//2034
f 2200//2200 2162//2162 2131//2131
f 2201//2201 2099//2099 2162//2162
f 2163//2163 2068//2068 2202//2202
f 2131//2131 2163//2163 2203//2203
f 2068//2068 2164//2164 2202//2202
f 2133//2133 2137//2137 2100//2100
f 2134//2134 2102//2102 2133//2133
f 2164//2164 2132//2132 2100//2100
f 2102//2102 2076//2076 2133//2133
f 2073//2073 2102//2102 2134//2134
f 2135//2135 2136//2136 2075//2075
f 2204//2204 2135//2135 2165//2165
f 2104//2104 2205//2205 2137//2137
f 2206//2206 2166//2166 2138//2138
f 2207//2207 2104//2104 2166//2166
f 2206//2206 2138//2138 2167//2167
f 2167//2167 2136//2136 2135//2135
f 2106//2106 2169//2169 2171//2171
f 2171//2171 2170//2170 2078//2078
f 2172//2172 2208//2208 2107//2107
f 2079//2079 2110//2110 2209//2209
f 2173//2173 2172//2172 2079//2079
f 2080//2080 2108//2108 2175//2175
f 2111//2111 2176//2176 2115//2115
f 2177//2177 2113//2113 2210//2210
f 2114//2114 2177//2177 2211//2211
f 2210//2210 2113//2113 2178//2178
f 2178//2178 2115//2115 2212//2212
f 2179//2179 2114//2114 2211//2211
f 2174//2174 2142//2142 2213//2213
f 2180//2180 2116//2116 2214//2214
f 2180//2180 2215//2215 2143//2143
f 2143//2143 2216//2216 2181//2181
f 2047//2047 2181//2181 2217//2217
f 2182//2182 2051//2051 2152//2152
f 2218//2218 2112//2112 2183//2183
f 2184//2184 2119//2119 2146//2146
f 2092//2092 2150//2150 2146//2146
f 2185//2185 2147//2147 2219//2219
f 2093//2093 1962//1962 2186//2186
f 2186//2186 2220//2220 2147//2147
f 2148//2148 2187//2187 2221//2221
f 2148//2148 2222//2222 2151//2151
f 2188//2188 2149//2149 2223//2223
f 2187//2187 2120//2120 2188//2188
f 2224//2224 2149//2149 2189//2189
f 2189//2189 2091//2091 2225//2225
f 2121//2121 2151//2151 2222//2222
f 2153//2153 2095//2095 2122//2122
f 2152//2152 2153//2153 2226//2226
f 2058//2058 2191//2191 2097//2097
f 2170//2170 2123//2123 2057//2057
f 2097//2097 2124//2124 2058//2058
f 2155//2155 2227//2227 2061//2061
f 2061//2061 2228//2228 2156//2156
f 2034//2034 1999//1999 2156//2156
f 2193//2193 2059//2059 2096//2096
f 2229//2229 2192//2192 2059//2059
f 2059//2059 2193//2193 2229//2229
f 2126//2126 2194//2194 2098//2098
f 2127//2127 2194//2194 2196//2196
f 2195//2195 2127//2127 2196//2196
f 2158//2158 2230//2230 2197//2197
f 2129//2129 2231//2231 2198//2198
f 2065//2065 2198//2198 2159//2159
f 2129//2129 1971//1971 2128//2128
f 2130//2130 2232//2232 2165//2165
f 2233//2233 2130//2130 2199//2199
f 2161//2161 2034//2034 2156//2156
f 2162//2162 2200//2200 2234//2234
f 2201//2201 2162//2162 2235//2235
f 2202//2202 2236//2236 2163//2163
f 2237//2237 2203//2203 2163//2163
f 2131//2131 2203//2203 2200//2200
f 2135//2135 2204//2204 2167//2167
f 2238//2238 2204//2204 2165//2165
f 2104//2104 2207//2207 2205//2205
f 2137//2137 2205//2205 2239//2239
f 2239//2239 2100//2100 2137//2137
f 2206//2206 2240//2240 2166//2166
f 2207//2207 2166//2166 2241//2241
f 2204//2204 2206//2206 2167//2167
f 2208//2208 2139//2139 2107//2107
f 2168//2168 2140//2140 2105//2105
f 2244//2244 2208//2208 2172//2172
f 2209//2209 2173//2173 2079//2079
f 2175//2175 2209//2209 2110//2110
f 2173//2173 2244//2244 2172//2172
f 2108//2108 2245//2245 2175//2175
f 2174//2174 2246//2246 2108//2108
f 2176//2176 2212//2212 2115//2115
f 2210//2210 2178//2178 2247//2247
f 2248//2248 2141//2141 2179//2179
f 2211//2211 2249//2249 2179//2179
f 2250//2250 2213//2213 2142//2142
f 2214//2214 2116//2116 2248//2248
f 2214//2214 2251//2251 2180//2180
f 2141//2141 2248//2248 2116//2116
f 2180//2180 2251//2251 2215//2215
f 2215//2215 2252//2252 2143//2143
f 2181//2181 2216//2216 2253//2253
f 2252//2252 2216//2216 2143//2143
f 2181//2181 2253//2253 2217//2217
f 2254//2254 2183//2183 2144//2144
f 2254//2254 2218//2218 2183//2183
f 2122//2122 2119//2119 2184//2184
f 2150//2150 2256//2256 2146//2146
f 2219//2219 2147//2147 2220//2220
f 2187//2187 2257//2257 2221//2221
f 2221//2221 2222//2222 2148//2148
f 2223//2223 2149//2149 2258//2258
f 2223//2223 2259//2259 2188//2188
f 2188//2188 2260//2260 2187//2187
f 2224//2224 2189//2189 2225//2225
f 2121//2121 2222//2222 2190//2190
f 2153//2153 2122//2122 2184//2184
f 2226//2226 2153//2153 2255//2255
f 2191//2191 2123//2123 2170//2170
f 2154//2154 2060//2060 2192//2192
f 2227//2227 2228//2228 2061//2061
f 2262//2262 2096//2096 2157//2157
f 2096//2096 2263//2263 2193//2193
f 2229//2229 2261//2261 2192//2192
f 2157//2157 2097//2097 2262//2262
f 2195//2195 2196//2196 2264//2264
f 2197//2197 2230//2230 2265//2265
f 2195//2195 2230//2230 2158//2158
f 2159//2159 2198//2198 2199//2199
f 2129//2129 2128//2128 2231//2231
f 2266//2266 2232//2232 2130//2130
f 2233//2233 2199//2199 2267//2267
f 2268//2268 2130//2130 2233//2233
f 2270//2270 2234//2234 2200//2200
f 2162//2162 2234//2234 2271//2271
f 2162//2162 2272//2272 2235//2235
f 2273//2273 2236//2236 2202//2202
f 2163//2163 2236//2236 2274//2274
f 2275//2275 2203//2203 2237//2237
f 2200//2200 2203//2203 2275//2275
f 2164//2164 2276//2276 2202//2202
f 2239//2239 2164//2164 2100//2100
f 2165//2165 2232//2232 2238//2238
f 2205//2205 2207//2207 2276//2276
f 2276//2276 2239//2239 2205//2205
f 2206//2206 2204//2204 2240//2240
f 2241//2241 2166//2166 2240//2240
f 2241//2241 2277//2277 2207//2207
f 2208//2208 2278//2278 2139//2139
f 2139//2139 2279//2279 2168//2168
f 2280//2280 2140//2140 2168//2168
f 2280//2280 2168//2168 2242//2242
f 2168//2168 2279//2279 2242//2242
f 2280//2280 2169//2169 2140//2140
f 2169//2169 2243//2243 2171//2171
f 2244//2244 2282//2282 2208//2208
f 2283//2283 2244//2244 2173//2173
f 2213//2213 2284//2284 2174//2174
f 2246//2246 2245//2245 2108//2108
f 2285//2285 2176//2176 2112//2112
f 2218//2218 2286//2286 2112//2112
f 2177//2177 2210//2210 2211//2211
f 2212//2212 2247//2247 2178//2178
f 2210//2210 2247//2247 2288//2288
f 2248//2248 2179//2179 2289//2289
f 2290//2290 2249//2249 2211//2211
f 2213//2213 2250//2250 2291//2291
f 2252//2252 2215//2215 2251//2251
f 2216//2216 2252//2252 2253//2253
f 2182//2182 2226//2226 2144//2144
f 2182//2182 2152//2152 2226//2226
f 2292//2292 2254//2254 2144//2144
f 2146//2146 2256//2256 2184//2184
f 2255//2255 2153//2153 2184//2184
f 2184//2184 2294//2294 2255//2255
f 2220//2220 2295//2295 2219//2219
f 2225//2225 2185//2185 2219//2219
f 2257//2257 2187//2187 2297//2297
f 2221//2221 2257//2257 2298//2298
f 2222//2222 2221//2221 2299//2299
f 2258//2258 2149//2149 2224//2224
f 2258//2258 2300//2300 2223//2223
f 2259//2259 2223//2223 2300//2300
f 2259//2259 2260//2260 2188//2188
f 2297//2297 2187//2187 2260//2260
f 2150//2150 2190//2190 2256//2256
f 2222//2222 2299//2299 2190//2190
f 2154//2154 2192//2192 2302//2302
f 2192//2192 2261//2261 2303//2303
f 2096//2096 2262//2262 2304//2304
f 2191//2191 2262//2262 2097//2097
f 2231//2231 2128//2128 2197//2197
f 2198//2198 2269//2269 2199//2199
f 2266//2266 2305//2305 2232//2232
f 2266//2266 2130//2130 2268//2268
f 2199//2199 2306//2306 2267//2267
f 2267//2267 2307//2307 2233//2233
f 2233//2233 2266//2266 2268//2268
f 2126//2126 2160//2160 2308//2308
f 2308//2308 2160//2160 2161//2161
f 2271//2271 2272//2272 2162//2162
f 2200//2200 2275//2275 2270//2270
f 2236//2236 2273//2273 2309//2309
f 2273//2273 2202//2202 2276//2276
f 2274//2274 2236//2236 2310//2310
f 2237//2237 2163//2163 2274//2274
f 2164//2164 2239//2239 2276//2276
f 2240//2240 2204//2204 2238//2238
f 2273//2273 2276//2276 2207//2207
f 2241//2241 2240//2240 2312//2312
f 2313//2313 2207//2207 2277//2277
f 2277//2277 2241//2241 2314//2314
f 2279//2279 2139//2139 2278//2278
f 2282//2282 2278//2278 2208//2208
f 2242//2242 2279//2279 2315//2315
f 2169//2169 2280//2280 2243//2243
f 2281//2281 2191//2191 2170//2170
f 2283//2283 2173//2173 2209//2209
f 2244//2244 2283//2283 2317//2317
f 2284//2284 2213//2213 2318//2318
f 2246//2246 2174//2174 2284//2284
f 2319//2319 2175//2175 2245//2245
f 2285//2285 2112//2112 2286//2286
f 2285//2285 2247//2247 2176//2176
f 2247//2247 2212//2212 2176//2176
f 2287//2287 2210//2210 2288//2288
f 2320//2320 2210//2210 2287//2287
f 2288//2288 2247//2247 2322//2322
f 2289//2289 2179//2179 2323//2323
f 2289//2289 2214//2214 2248//2248
f 2323//2323 2179//2179 2249//2249
f 2321//2321 2290//2290 2211//2211
f 2325//2325 2213//2213 2291//2291
f 2326//2326 2251//2251 2214//2214
f 2326//2326 2252//2252 2251//2251
f 2327//2327 2253//2253 2252//2252
f 2293//2293 2144//2144 2226//2226
f 2144//2144 2293//2293 2292//2292
f 2218//2218 2254//2254 2328//2328
f 2294//2294 2184//2184 2256//2256
f 2294//2294 2293//2293 2255//2255
f 2219//2219 2296//2296 2224//2224
f 2219//2219 2295//2295 2296//2296
f 2257//2257 2297//2297 2329//2329
f 2330//2330 2298//2298 2257//2257
f 2298//2298 2299//2299 2221//2221
f 2331//2331 2300//2300 2258//2258
f 2300//2300 2332//2332 2259//2259
f 2333//2333 2260//2260 2259//2259
f 2297//2297 2260//2260 2333//2333
f 2219//2219 2224//2224 2225//2225
f 2256//2256 2190//2190 2301//2301
f 2301//2301 2190//2190 2299//2299
f 2293//2293 2226//2226 2255//2255
f 2303//2303 2302//2302 2192//2192
f 2154//2154 2335//2335 2125//2125
f 2155//2155 2125//2125 2336//2336
f 2154//2154 2302//2302 2337//2337
f 2336//2336 2227//2227 2155//2155
f 2304//2304 2263//2263 2096//2096
f 2339//2339 2264//2264 2196//2196
f 2340//2340 2195//2195 2264//2264
f 2230//2230 2341//2341 2265//2265
f 2198//2198 2197//2197 2265//2265
f 2340//2340 2230//2230 2195//2195
f 2198//2198 2231//2231 2197//2197
f 2305//2305 2266//2266 2342//2342
f 2343//2343 2232//2232 2305//2305
f 2199//2199 2265//2265 2306//2306
f 2306//2306 2344//2344 2267//2267
f 2342//2342 2307//2307 2267//2267
f 2266//2266 2233//2233 2307//2307
f 2308//2308 2194//2194 2126//2126
f 2156//2156 2308//2308 2161//2161
f 2271//2271 2346//2346 2272//2272
f 2234//2234 2347//2347 2271//2271
f 2270//2270 2275//2275 2348//2348
f 2272//2272 2346//2346 2235//2235
f 2273//2273 2313//2313 2309//2309
f 2236//2236 2309//2309 2349//2349
f 2237//2237 2274//2274 2310//2310
f 2236//2236 2350//2350 2310//2310
f 2311//2311 2275//2275 2237//2237
f 2232//2232 2343//2343 2238//2238
f 2207//2207 2351//2351 2273//2273
f 2343//2343 2240//2240 2238//2238
f 2312//2312 2240//2240 2343//2343
f 2241//2241 2312//2312 2314//2314
f 2351//2351 2207//2207 2313//2313
f 2313//2313 2277//2277 2314//2314
f 2315//2315 2279//2279 2278//2278
f 2278//2278 2282//2282 2352//2352
f 2353//2353 2280//2280 2242//2242
f 2242//2242 2315//2315 2354//2354
f 2243//2243 2316//2316 2171//2171
f 2171//2171 2316//2316 2170//2170
f 2281//2281 2170//2170 2316//2316
f 2191//2191 2281//2281 2262//2262
f 2356//2356 2282//2282 2244//2244
f 2357//2357 2283//2283 2209//2209
f 2209//2209 2175//2175 2357//2357
f 2317//2317 2356//2356 2244//2244
f 2213//2213 2358//2358 2318//2318
f 2245//2245 2246//2246 2359//2359
f 2175//2175 2319//2319 2360//2360
f 2361//2361 2319//2319 2245//2245
f 2362//2362 2247//2247 2285//2285
f 2364//2364 2287//2287 2288//2288
f 2365//2365 2320//2320 2287//2287
f 2210//2210 2320//2320 2211//2211
f 2211//2211 2320//2320 2321//2321
f 2247//2247 2366//2366 2322//2322
f 2367//2367 2289//2289 2323//2323
f 2368//2368 2214//2214 2289//2289
f 2249//2249 2324//2324 2323//2323
f 2324//2324 2249//2249 2290//2290
f 2358//2358 2213//2213 2325//2325
f 2214//2214 2368//2368 2326//2326
f 2327//2327 2252//2252 2326//2326
f 2369//2369 2253//2253 2327//2327
f 2292//2292 2328//2328 2254//2254
f 2293//2293 2370//2370 2292//2292
f 2286//2286 2218//2218 2328//2328
f 2256//2256 2301//2301 2294//2294
f 2296//2296 2258//2258 2224//2224
f 2372//2372 2296//2296 2295//2295
f 2257//2257 2329//2329 2330//2330
f 2299//2299 2298//2298 2330//2330
f 2332//2332 2300//2300 2331//2331
f 2332//2332 2373//2373 2259//2259
f 2259//2259 2374//2374 2333//2333
f 2297//2297 2333//2333 2329//2329
f 2303//2303 2261//2261 2375//2375
f 2335//2335 2154//2154 2337//2337
f 2335//2335 2376//2376 2125//2125
f 2336//2336 2125//2125 2376//2376
f 2227//2227 2308//2308 2228//2228
f 2228//2228 2308//2308 2156//2156
f 2263//2263 2304//2304 2379//2379
f 2380//2380 2261//2261 2229//2229
f 2338//2338 2229//2229 2193//2193
f 2264//2264 2339//2339 2340//2340
f 2339//2339 2196//2196 2381//2381
f 2265//2265 2341//2341 2306//2306
f 2265//2265 2269//2269 2198//2198
f 2382//2382 2305//2305 2342//2342
f 2307//2307 2342//2342 2266//2266
f 2343//2343 2305//2305 2383//2383
f 2269//2269 2265//2265 2199//2199
f 2344//2344 2384//2384 2267//2267
f 2385//2385 2342//2342 2267//2267
f 2194//2194 2308//2308 2386//2386
f 2234//2234 2270//2270 2345//2345
f 2270//2270 2348//2348 2345//2345
f 2346//2346 2271//2271 2387//2387
f 2271//2271 2347//2347 2387//2387
f 2309//2309 2313//2313 2388//2388
f 2273//2273 2351//2351 2313//2313
f 2236//2236 2349//2349 2350//2350
f 2389//2389 2349//2349 2309//2309
f 2310//2310 2311//2311 2237//2237
f 2310//2310 2350//2350 2390//2390
f 2275//2275 2311//2311 2348//2348
f 2312//2312 2343//2343 2391//2391
f 2392//2392 2314//2314 2312//2312
f 2352//2352 2315//2315 2278//2278
f 2280//2280 2353//2353 2243//2243
f 2243//2243 2393//2393 2316//2316
f 2281//2281 2316//2316 2355//2355
f 2378//2378 2281//2281 2355//2355
f 2262//2262 2281//2281 2378//2378
f 2394//2394 2282//2282 2356//2356
f 2360//2360 2357//2357 2175//2175
f 2395//2395 2317//2317 2283//2283
f 2246//2246 2284//2284 2318//2318
f 2318//2318 2358//2358 2396//2396
f 2361//2361 2245//2245 2359//2359
f 2286//2286 2397//2397 2285//2285
f 2398//2398 2363//2363 2286//2286
f 2363//2363 2397//2397 2286//2286
f 2322//2322 2364//2364 2288//2288
f 2287//2287 2399//2399 2365//2365
f 2321//2321 2320//2320 2400//2400
f 2362//2362 2366//2366 2247//2247
f 2368//2368 2289//2289 2367//2367
f 2324//2324 2402//2402 2323//2323
f 2321//2321 2324//2324 2290//2290
f 2326//2326 2368//2368 2403//2403
f 2327//2327 2326//2326 2404//2404
f 2327//2327 2405//2405 2369//2369
f 2369//2369 2406//2406 2253//2253
f 2370//2370 2328//2328 2292//2292
f 2293//2293 2294//2294 2370//2370
f 2328//2328 2398//2398 2286//2286
f 2295//2295 2371//2371 2372//2372
f 2329//2329 2407//2407 2330//2330
f 2296//2296 2331//2331 2258//2258
f 2331//2331 2409//2409 2332//2332
f 2259//2259 2373//2373 2374//2374
f 2373//2373 2332//2332 2410//2410
f 2411//2411 2333//2333 2374//2374
f 2412//2412 2329//2329 2333//2333
f 2413//2413 2301//2301 2299//2299
f 2303//2303 2375//2375 2414//2414
f 2334//2334 2375//2375 2261//2261
f 2415//2415 2334//2334 2261//2261
f 2386//2386 2227//2227 2377//2377
f 2336//2336 2377//2377 2227//2227
f 2262//2262 2378//2378 2304//2304
f 2380//2380 2229//2229 2338//2338
f 2416//2416 2338//2338 2193//2193
f 2196//2196 2194//2194 2386//2386
f 2339//2339 2417//2417 2340//2340
f 2306//2306 2341//2341 2418//2418
f 2385//2385 2382//2382 2342//2342
f 2419//2419 2305//2305 2382//2382
f 2384//2384 2385//2385 2267//2267
f 2384//2384 2344//2344 2420//2420
f 2421//2421 2345//2345 2348//2348
f 2346//2346 2387//2387 2422//2422
f 2345//2345 2347//2347 2234//2234
f 2388//2388 2313//2313 2314//2314
f 2309//2309 2388//2388 2423//2423
f 2350//2350 2349//2349 2389//2389
f 2389//2389 2309//2309 2424//2424
f 2425//2425 2311//2311 2310//2310
f 2350//2350 2426//2426 2390//2390
f 2390//2390 2425//2425 2310//2310
f 2383//2383 2391//2391 2343//2343
f 2312//2312 2391//2391 2392//2392
f 2352//2352 2282//2282 2394//2394
f 2354//2354 2353//2353 2242//2242
f 2353//2353 2393//2393 2243//2243
f 2283//2283 2357//2357 2395//2395
f 2317//2317 2395//2395 2356//2356
f 2246//2246 2318//2318 2359//2359
f 2396//2396 2358//2358 2428//2428
f 2319//2319 2361//2361 2430//2430
f 2397//2397 2362//2362 2285//2285
f 2432//2432 2397//2397 2363//2363
f 2320//2320 2365//2365 2400//2400
f 2365//2365 2399//2399 2433//2433
f 2364//2364 2399//2399 2287//2287
f 2362//2362 2431//2431 2366//2366
f 2323//2323 2402//2402 2367//2367
f 2401//2401 2324//2324 2435//2435
f 2402//2402 2324//2324 2401//2401
f 2436//2436 2324//2324 2321//2321
f 2367//2367 2403//2403 2368//2368
f 2404//2404 2405//2405 2327//2327
f 2403//2403 2404//2404 2326//2326
f 2405//2405 2406//2406 2369//2369
f 2406//2406 2437//2437 2253//2253
f 2438//2438 2328//2328 2370//2370
f 2328//2328 2438//2438 2398//2398
f 2294//2294 2301//2301 2370//2370
f 2371//2371 2439//2439 2372//2372
f 2296//2296 2372//2372 2331//2331
f 2329//2329 2412//2412 2407//2407
f 2330//2330 2407//2407 2440//2440
f 2330//2330 2440//2440 2408//2408
f 2411//2411 2374//2374 2373//2373
f 2441//2441 2373//2373 2410//2410
f 2333//2333 2411//2411 2412//2412
f 2299//2299 2330//2330 2413//2413
f 2334//2334 2442//2442 2375//2375
f 2415//2415 2261//2261 2380//2380
f 2443//2443 2337//2337 2302//2302
f 2444//2444 2386//2386 2377//2377
f 2386//2386 2308//2308 2227//2227
f 2377//2377 2336//2336 2445//2445
f 2378//2378 2355//2355 2304//2304
f 2263//2263 2446//2446 2193//2193
f 2448//2448 2338//2338 2416//2416
f 2193//2193 2446//2446 2416//2416
f 2381//2381 2196//2196 2386//2386
f 2341//2341 2340//2340 2417//2417
f 2449//2449 2382//2382 2385//2385
f 2383//2383 2305//2305 2419//2419
f 2419//2419 2382//2382 2450//2450
f 2344//2344 2306//2306 2418//2418
f 2421//2421 2348//2348 2451//2451
f 2452//2452 2388//2388 2314//2314
f 2388//2388 2452//2452 2423//2423
f 2309//2309 2423//2423 2424//2424
f 2350//2350 2389//2389 2453//2453
f 2424//2424 2454//2454 2389//2389
f 2426//2426 2350//2350 2453//2453
f 2392//2392 2391//2391 2455//2455
f 2314//2314 2392//2392 2456//2456
f 2315//2315 2352//2352 2354//2354
f 2352//2352 2394//2394 2457//2457
f 2393//2393 2353//2353 2354//2354
f 2393//2393 2354//2354 2427//2427
f 2316//2316 2393//2393 2458//2458
f 2355//2355 2316//2316 2458//2458
f 2459//2459 2394//2394 2356//2356
f 2395//2395 2459//2459 2356//2356
f 2318//2318 2396//2396 2359//2359
f 2428//2428 2462//2462 2396//2396
f 2359//2359 2396//2396 2429//2429
f 2429//2429 2361//2361 2359//2359
f 2360//2360 2319//2319 2430//2430
f 2398//2398 2463//2463 2363//2363
f 2363//2363 2464//2464 2432//2432
f 2365//2365 2465//2465 2400//2400
f 2433//2433 2465//2465 2365//2365
f 2434//2434 2366//2366 2431//2431
f 2322//2322 2366//2366 2434//2434
f 2436//2436 2435//2435 2324//2324
f 2400//2400 2436//2436 2321//2321
f 2405//2405 2404//2404 2468//2468
f 2404//2404 2403//2403 2468//2468
f 2406//2406 2469//2469 2437//2437
f 2253//2253 2437//2437 2470//2470
f 2471//2471 2438//2438 2370//2370
f 2370//2370 2301//2301 2413//2413
f 2372//2372 2439//2439 2472//2472
f 2372//2372 2473//2473 2331//2331
f 2412//2412 2474//2474 2407//2407
f 2407//2407 2474//2474 2440//2440
f 2409//2409 2475//2475 2332//2332
f 2373//2373 2476//2476 2411//2411
f 2373//2373 2441//2441 2477//2477
f 2332//2332 2475//2475 2410//2410
f 2413//2413 2330//2330 2479//2479
f 2414//2414 2375//2375 2480//2480
f 2302//2302 2303//2303 2414//2414
f 2447//2447 2415//2415 2380//2380
f 2445//2445 2336//2336 2376//2376
f 2386//2386 2444//2444 2381//2381
f 2481//2481 2304//2304 2355//2355
f 2379//2379 2304//2304 2481//2481
f 2379//2379 2446//2446 2263//2263
f 2380//2380 2338//2338 2447//2447
f 2339//2339 2381//2381 2482//2482
f 2230//2230 2340//2340 2341//2341
f 2483//2483 2449//2449 2385//2385
f 2484//2484 2450//2450 2382//2382
f 2418//2418 2485//2485 2344//2344
f 2344//2344 2485//2485 2420//2420
f 2486//2486 2384//2384 2420//2420
f 2347//2347 2345//2345 2421//2421
f 2452//2452 2314//2314 2456//2456
f 2424//2424 2423//2423 2487//2487
f 2453//2453 2389//2389 2488//2488
f 2426//2426 2453//2453 2489//2489
f 2451//2451 2348//2348 2311//2311
f 2419//2419 2391//2391 2383//2383
f 2455//2455 2391//2391 2419//2419
f 2455//2455 2456//2456 2392//2392
f 2352//2352 2427//2427 2354//2354
f 2427//2427 2352//2352 2457//2457
f 2490//2490 2393//2393 2427//2427
f 2357//2357 2360//2360 2395//2395
f 2459//2459 2395//2395 2460//2460
f 2461//2461 2396//2396 2462//2462
f 2461//2461 2429//2429 2396//2396
f 2430//2430 2492//2492 2360//2360
f 2361//2361 2429//2429 2430//2430
f 2397//2397 2431//2431 2362//2362
f 2363//2363 2463//2463 2494//2494
f 2363//2363 2494//2494 2464//2464
f 2466//2466 2364//2364 2495//2495
f 2322//2322 2495//2495 2364//2364
f 2465//2465 2467//2467 2400//2400
f 2493//2493 2434//2434 2431//2431
f 2434//2434 2495//2495 2322//2322
f 2497//2497 2367//2367 2402//2402
f 2400//2400 2467//2467 2436//2436
f 2403//2403 2367//2367 2497//2497
f 2405//2405 2468//2468 2469//2469
f 2406//2406 2405//2405 2469//2469
f 2469//2469 2498//2498 2437//2437
f 2437//2437 2499//2499 2470//2470
f 2500//2500 2253//2253 2470//2470
f 2438//2438 2471//2471 2501//2501
f 2502//2502 2471//2471 2370//2370
f 2413//2413 2502//2502 2370//2370
f 2472//2472 2473//2473 2372//2372
f 2504//2504 2440//2440 2474//2474
f 2440//2440 2505//2505 2408//2408
f 2331//2331 2473//2473 2409//2409
f 2473//2473 2506//2506 2409//2409
f 2475//2475 2409//2409 2507//2507
f 2476//2476 2478//2478 2411//2411
f 2373//2373 2477//2477 2476//2476
f 2477//2477 2441//2441 2508//2508
f 2410//2410 2475//2475 2441//2441
f 2412//2412 2411//2411 2478//2478
f 2330//2330 2408//2408 2479//2479
f 2375//2375 2509//2509 2480//2480
f 2302//2302 2414//2414 2443//2443
f 2334//2334 2415//2415 2442//2442
f 2511//2511 2335//2335 2337//2337
f 2512//2512 2376//2376 2335//2335
f 2513//2513 2337//2337 2443//2443
f 2377//2377 2514//2514 2444//2444
f 2448//2448 2447//2447 2338//2338
f 2417//2417 2482//2482 2341//2341
f 2381//2381 2516//2516 2482//2482
f 2449//2449 2517//2517 2382//2382
f 2382//2382 2517//2517 2484//2484
f 2485//2485 2418//2418 2518//2518
f 2422//2422 2387//2387 2347//2347
f 2487//2487 2423//2423 2452//2452
f 2487//2487 2454//2454 2424//2424
f 2454//2454 2519//2519 2389//2389
f 2489//2489 2520//2520 2426//2426
f 2489//2489 2453//2453 2521//2521
f 2311//2311 2425//2425 2451//2451
f 2419//2419 2450//2450 2455//2455
f 2456//2456 2455//2455 2487//2487
f 2393//2393 2490//2490 2458//2458
f 2459//2459 2457//2457 2394//2394
f 2395//2395 2360//2360 2460//2460
f 2428//2428 2491//2491 2462//2462
f 2460//2460 2360//2360 2492//2492
f 2524//2524 2430//2430 2429//2429
f 2432//2432 2431//2431 2397//2397
f 2494//2494 2463//2463 2525//2525
f 2398//2398 2438//2438 2463//2463
f 2433//2433 2399//2399 2526//2526
f 2433//2433 2528//2528 2465//2465
f 2364//2364 2527//2527 2399//2399
f 2496//2496 2495//2495 2434//2434
f 2401//2401 2435//2435 2529//2529
f 2530//2530 2435//2435 2436//2436
f 2467//2467 2530//2530 2436//2436
f 2403//2403 2497//2497 2531//2531
f 2468//2468 2403//2403 2531//2531
f 2498//2498 2469//2469 2468//2468
f 2437//2437 2498//2498 2532//2532
f 2499//2499 2533//2533 2470//2470
f 2437//2437 2532//2532 2499//2499
f 2534//2534 2500//2500 2470//2470
f 2535//2535 2501//2501 2471//2471
f 2503//2503 2438//2438 2501//2501
f 2471//2471 2502//2502 2536//2536
f 2413//2413 2479//2479 2502//2502
f 2438//2438 2503//2503 2463//2463
f 2473//2473 2472//2472 2506//2506
f 2412//2412 2478//2478 2474//2474
f 2504//2504 2474//2474 2537//2537
f 2440//2440 2504//2504 2538//2538
f 2506//2506 2507//2507 2409//2409
f 2507//2507 2539//2539 2475//2475
f 2540//2540 2478//2478 2476//2476
f 2475//2475 2508//2508 2441//2441
f 2508//2508 2541//2541 2477//2477
f 2542//2542 2414//2414 2480//2480
f 2509//2509 2375//2375 2543//2543
f 2509//2509 2544//2544 2480//2480
f 2442//2442 2415//2415 2543//2543
f 2415//2415 2447//2447 2510//2510
f 2415//2415 2510//2510 2545//2545
f 2512//2512 2335//2335 2511//2511
f 2337//2337 2546//2546 2511//2511
f 2547//2547 2376//2376 2512//2512
f 2546//2546 2337//2337 2513//2513
f 2445//2445 2514//2514 2377//2377
f 2548//2548 2381//2381 2444//2444
f 2549//2549 2444//2444 2514//2514
f 2481//2481 2355//2355 2458//2458
f 2515//2515 2447//2447 2448//2448
f 2550//2550 2448//2448 2416//2416
f 2381//2381 2548//2548 2516//2516
f 2482//2482 2418//2418 2341//2341
f 2483//2483 2552//2552 2449//2449
f 2449//2449 2553//2553 2517//2517
f 2486//2486 2420//2420 2485//2485
f 2452//2452 2456//2456 2487//2487
f 2554//2554 2453//2453 2488//2488
f 2389//2389 2519//2519 2488//2488
f 2555//2555 2520//2520 2489//2489
f 2556//2556 2521//2521 2453//2453
f 2521//2521 2555//2555 2489//2489
f 2455//2455 2450//2450 2484//2484
f 2558//2558 2427//2427 2457//2457
f 2490//2490 2427//2427 2559//2559
f 2560//2560 2459//2459 2460//2460
f 2457//2457 2459//2459 2561//2561
f 2562//2562 2461//2461 2462//2462
f 2428//2428 2522//2522 2491//2491
f 2523//2523 2462//2462 2491//2491
f 2523//2523 2562//2562 2462//2462
f 2464//2464 2431//2431 2432//2432
f 2494//2494 2563//2563 2464//2464
f 2466//2466 2527//2527 2364//2364
f 2526//2526 2399//2399 2527//2527
f 2433//2433 2526//2526 2528//2528
f 2493//2493 2564//2564 2434//2434
f 2496//2496 2434//2434 2564//2564
f 2497//2497 2402//2402 2401//2401
f 2565//2565 2529//2529 2435//2435
f 2435//2435 2530//2530 2565//2565
f 2498//2498 2468//2468 2531//2531
f 2531//2531 2532//2532 2498//2498
f 2499//2499 2566//2566 2533//2533
f 2532//2532 2567//2567 2499//2499
f 2500//2500 2534//2534 2568//2568
f 2533//2533 2534//2534 2470//2470
f 2471//2471 2569//2569 2535//2535
f 2570//2570 2503//2503 2501//2501
f 2569//2569 2471//2471 2536//2536
f 2502//2502 2479//2479 2536//2536
f 2503//2503 2525//2525 2463//2463
f 2571//2571 2506//2506 2472//2472
f 2537//2537 2474//2474 2478//2478
f 2538//2538 2504//2504 2537//2537
f 2505//2505 2440//2440 2538//2538
f 2408//2408 2505//2505 2479//2479
f 2507//2507 2506//2506 2572//2572
f 2507//2507 2572//2572 2539//2539
f 2475//2475 2539//2539 2508//2508
f 2478//2478 2540//2540 2537//2537
f 2540//2540 2476//2476 2573//2573
f 2477//2477 2574//2574 2476//2476
f 2477//2477 2541//2541 2574//2574
f 2544//2544 2509//2509 2442//2442
f 2414//2414 2542//2542 2443//2443
f 2415//2415 2545//2545 2543//2543
f 2447//2447 2515//2515 2510//2510
f 2445//2445 2376//2376 2575//2575
f 2548//2548 2444//2444 2549//2549
f 2551//2551 2446//2446 2379//2379
f 2448//2448 2550//2550 2515//2515
f 2446//2446 2551//2551 2576//2576
f 2416//2416 2446//2446 2576//2576
f 2417//2417 2578//2578 2482//2482
f 2577//2577 2516//2516 2548//2548
f 2579//2579 2553//2553 2449//2449
f 2552//2552 2579//2579 2449//2449
f 2580//2580 2485//2485 2518//2518
f 2485//2485 2581//2581 2486//2486
f 2519//2519 2454//2454 2487//2487
f 2556//2556 2453//2453 2554//2554
f 2488//2488 2519//2519 2582//2582
f 2520//2520 2555//2555 2583//2583
f 2521//2521 2556//2556 2583//2583
f 2583//2583 2555//2555 2521//2521
f 2455//2455 2484//2484 2487//2487
f 2457//2457 2584//2584 2557//2557
f 2427//2427 2558//2558 2559//2559
f 2558//2558 2457//2457 2557//2557
f 2559//2559 2551//2551 2490//2490
f 2490//2490 2481//2481 2458//2458
f 2459//2459 2560//2560 2561//2561
f 2492//2492 2560//2560 2460//2460
f 2461//2461 2562//2562 2429//2429
f 2430//2430 2586//2586 2492//2492
f 2464//2464 2493//2493 2431//2431
f 2525//2525 2587//2587 2494//2494
f 2563//2563 2588//2588 2464//2464
f 2466//2466 2589//2589 2527//2527
f 2495//2495 2589//2589 2466//2466
f 2526//2526 2590//2590 2528//2528
f 2528//2528 2467//2467 2465//2465
f 2497//2497 2401//2401 2529//2529
f 2591//2591 2529//2529 2565//2565
f 2565//2565 2530//2530 2592//2592
f 2499//2499 2593//2593 2566//2566
f 2532//2532 2531//2531 2567//2567
f 2594//2594 2500//2500 2568//2568
f 2568//2568 2534//2534 2533//2533
f 2570//2570 2501//2501 2535//2535
f 2570//2570 2595//2595 2503//2503
f 2596//2596 2569//2569 2536//2536
f 2525//2525 2503//2503 2595//2595
f 2572//2572 2506//2506 2571//2571
f 2597//2597 2538//2538 2537//2537
f 2598//2598 2539//2539 2572//2572
f 2541//2541 2508//2508 2539//2539
f 2599//2599 2537//2537 2540//2540
f 2540//2540 2573//2573 2600//2600
f 2573//2573 2476//2476 2574//2574
f 2541//2541 2601//2601 2574//2574
f 2602//2602 2544//2544 2442//2442
f 2542//2542 2513//2513 2443//2443
f 2511//2511 2603//2603 2512//2512
f 2511//2511 2546//2546 2604//2604
f 2376//2376 2547//2547 2575//2575
f 2513//2513 2605//2605 2546//2546
f 2514//2514 2445//2445 2606//2606
f 2549//2549 2607//2607 2548//2548
f 2481//2481 2551//2551 2379//2379
f 2550//2550 2416//2416 2576//2576
f 2516//2516 2577//2577 2417//2417
f 2417//2417 2577//2577 2578//2578
f 2552//2552 2610//2610 2579//2579
f 2553//2553 2611//2611 2517//2517
f 2519//2519 2484//2484 2517//2517
f 2581//2581 2485//2485 2580//2580
f 2484//2484 2519//2519 2487//2487
f 2611//2611 2556//2556 2554//2554
f 2582//2582 2519//2519 2517//2517
f 2554//2554 2488//2488 2582//2582
f 2490//2490 2551//2551 2481//2481
f 2584//2584 2457//2457 2561//2561
f 2491//2491 2522//2522 2585//2585
f 2614//2614 2585//2585 2522//2522
f 2523//2523 2491//2491 2615//2615
f 2523//2523 2616//2616 2562//2562
f 2492//2492 2586//2586 2560//2560
f 2617//2617 2430//2430 2524//2524
f 2493//2493 2464//2464 2588//2588
f 2587//2587 2618//2618 2494//2494
f 2526//2526 2527//2527 2590//2590
f 2496//2496 2564//2564 2619//2619
f 2496//2496 2619//2619 2495//2495
f 2529//2529 2531//2531 2497//2497
f 2592//2592 2591//2591 2565//2565
f 2467//2467 2528//2528 2530//2530
f 2533//2533 2566//2566 2620//2620
f 2566//2566 2593//2593 2621//2621
f 2499//2499 2567//2567 2593//2593
f 2531//2531 2529//2529 2567//2567
f 2623//2623 2500//2500 2594//2594
f 2568//2568 2624//2624 2594//2594
f 2568//2568 2533//2533 2620//2620
f 2535//2535 2569//2569 2596//2596
f 2596//2596 2536//2536 2505//2505
f 2479//2479 2505//2505 2536//2536
f 2525//2525 2595//2595 2625//2625
f 2571//2571 2598//2598 2572//2572
f 2538//2538 2597//2597 2505//2505
f 2537//2537 2627//2627 2597//2597
f 2628//2628 2539//2539 2598//2598
f 2539//2539 2628//2628 2541//2541
f 2540//2540 2629//2629 2599//2599
f 2537//2537 2599//2599 2630//2630
f 2573//2573 2601//2601 2600//2600
f 2631//2631 2540//2540 2600//2600
f 2573//2573 2574//2574 2601//2601
f 2542//2542 2480//2480 2632//2632
f 2633//2633 2509//2509 2543//2543
f 2602//2602 2442//2442 2633//2633
f 2605//2605 2513//2513 2542//2542
f 2510//2510 2515//2515 2608//2608
f 2603//2603 2547//2547 2512//2512
f 2634//2634 2604//2604 2546//2546
f 2511//2511 2604//2604 2603//2603
f 2546//2546 2605//2605 2634//2634
f 2635//2635 2549//2549 2514//2514
f 2515//2515 2637//2637 2608//2608
f 2636//2636 2515//2515 2550//2550
f 2418//2418 2482//2482 2578//2578
f 2611//2611 2553//2553 2609//2609
f 2609//2609 2553//2553 2579//2579
f 2611//2611 2582//2582 2517//2517
f 2578//2578 2518//2518 2418//2418
f 2518//2518 2612//2612 2580//2580
f 2518//2518 2578//2578 2612//2612
f 2580//2580 2640//2640 2581//2581
f 2556//2556 2611//2611 2609//2609
f 2582//2582 2611//2611 2554//2554
f 2584//2584 2561//2561 2641//2641
f 2613//2613 2561//2561 2560//2560
f 2561//2561 2613//2613 2641//2641
f 2524//2524 2429//2429 2562//2562
f 2585//2585 2615//2615 2491//2491
f 2430//2430 2617//2617 2586//2586
f 2564//2564 2493//2493 2588//2588
f 2494//2494 2642//2642 2563//2563
f 2563//2563 2643//2643 2588//2588
f 2590//2590 2592//2592 2528//2528
f 2621//2621 2620//2620 2566//2566
f 2529//2529 2622//2622 2567//2567
f 2622//2622 2593//2593 2567//2567
f 2623//2623 2645//2645 2500//2500
f 2623//2623 2594//2594 2646//2646
f 2647//2647 2624//2624 2568//2568
f 2624//2624 2648//2648 2594//2594
f 2620//2620 2647//2647 2568//2568
f 2570//2570 2535//2535 2596//2596
f 2505//2505 2597//2597 2596//2596
f 2595//2595 2649//2649 2625//2625
f 2571//2571 2650//2650 2626//2626
f 2571//2571 2626//2626 2598//2598
f 2627//2627 2596//2596 2597//2597
f 2651//2651 2627//2627 2537//2537
f 2598//2598 2652//2652 2628//2628
f 2540//2540 2631//2631 2629//2629
f 2599//2599 2629//2629 2653//2653
f 2651//2651 2537//2537 2630//2630
f 2601//2601 2654//2654 2600//2600
f 2655//2655 2631//2631 2600//2600
f 2541//2541 2628//2628 2601//2601
f 2544//2544 2632//2632 2480//2480
f 2633//2633 2543//2543 2545//2545
f 2602//2602 2656//2656 2544//2544
f 2657//2657 2602//2602 2633//2633
f 2510//2510 2633//2633 2545//2545
f 2547//2547 2658//2658 2575//2575
f 2659//2659 2634//2634 2605//2605
f 2606//2606 2635//2635 2514//2514
f 2445//2445 2575//2575 2606//2606
f 2607//2607 2549//2549 2635//2635
f 2660//2660 2608//2608 2637//2637
f 2638//2638 2551//2551 2559//2559
f 2551//2551 2638//2638 2576//2576
f 2578//2578 2577//2577 2661//2661
f 2609//2609 2579//2579 2662//2662
f 2662//2662 2579//2579 2610//2610
f 2580//2580 2612//2612 2639//2639
f 2664//2664 2557//2557 2584//2584
f 2562//2562 2666//2666 2524//2524
f 2667//2667 2615//2615 2585//2585
f 2617//2617 2524//2524 2666//2666
f 2618//2618 2642//2642 2494//2494
f 2642//2642 2643//2643 2563//2563
f 2668//2668 2588//2588 2643//2643
f 2495//2495 2619//2619 2589//2589
f 2591//2591 2592//2592 2590//2590
f 2564//2564 2668//2668 2619//2619
f 2530//2530 2528//2528 2592//2592
f 2620//2620 2621//2621 2669//2669
f 2622//2622 2529//2529 2670//2670
f 2645//2645 2623//2623 2671//2671
f 2672//2672 2500//2500 2645//2645
f 2594//2594 2673//2673 2646//2646
f 2674//2674 2623//2623 2646//2646
f 2624//2624 2647//2647 2675//2675
f 2648//2648 2624//2624 2675//2675
f 2647//2647 2620//2620 2676//2676
f 2595//2595 2570//2570 2649//2649
f 2650//2650 2677//2677 2626//2626
f 2626//2626 2677//2677 2598//2598
f 2627//2627 2651//2651 2596//2596
f 2629//2629 2631//2631 2678//2678
f 2629//2629 2679//2679 2653//2653
f 2630//2630 2599//2599 2653//2653
f 2654//2654 2655//2655 2600//2600
f 2631//2631 2655//2655 2680//2680
f 2601//2601 2628//2628 2654//2654
f 2656//2656 2602//2602 2657//2657
f 2681//2681 2657//2657 2633//2633
f 2681//2681 2633//2633 2510//2510
f 2547//2547 2603//2603 2658//2658
f 2635//2635 2606//2606 2682//2682
f 2607//2607 2577//2577 2548//2548
f 2636//2636 2637//2637 2515//2515
f 2681//2681 2608//2608 2660//2660
f 2550//2550 2576//2576 2636//2636
f 2662//2662 2610//2610 2663//2663
f 2640//2640 2580//2580 2639//2639
f 2639//2639 2612//2612 2683//2683
f 2578//2578 2661//2661 2612//2612
f 2556//2556 2609//2609 2684//2684
f 2685//2685 2558//2558 2557//2557
f 2664//2664 2685//2685 2557//2557
f 2559//2559 2558//2558 2638//2638
f 2560//2560 2665//2665 2613//2613
f 2560//2560 2586//2586 2665//2665
f 2668//2668 2564//2564 2588//2588
f 2587//2587 2525//2525 2625//2625
f 2618//2618 2587//2587 2687//2687
f 2688//2688 2643//2643 2642//2642
f 2643//2643 2689//2689 2668//2668
f 2644//2644 2589//2589 2619//2619
f 2619//2619 2668//2668 2689//2689
f 2669//2669 2676//2676 2620//2620
f 2691//2691 2669//2669 2621//2621
f 2691//2691 2621//2621 2593//2593
f 2593//2593 2622//2622 2691//2691
f 2671//2671 2692//2692 2645//2645
f 2674//2674 2671//2671 2623//2623
f 2693//2693 2672//2672 2645//2645
f 2673//2673 2694//2694 2646//2646
f 2648//2648 2673//2673 2594//2594
f 2694//2694 2674//2674 2646//2646
f 2675//2675 2647//2647 2695//2695
f 2696//2696 2648//2648 2675//2675
f 2697//2697 2570//2570 2596//2596
f 2570//2570 2697//2697 2649//2649
f 2598//2598 2677//2677 2652//2652
f 2651//2651 2698//2698 2596//2596
f 2654//2654 2628//2628 2652//2652
f 2678//2678 2679//2679 2629//2629
f 2630//2630 2698//2698 2651//2651
f 2655//2655 2699//2699 2680//2680
f 2631//2631 2680//2680 2678//2678
f 2700//2700 2657//2657 2681//2681
f 2605//2605 2542//2542 2659//2659
f 2608//2608 2681//2681 2510//2510
f 2658//2658 2603//2603 2604//2604
f 2575//2575 2658//2658 2701//2701
f 2606//2606 2575//2575 2701//2701
f 2702//2702 2637//2637 2636//2636
f 2703//2703 2636//2636 2576//2576
f 2703//2703 2576//2576 2638//2638
f 2704//2704 2661//2661 2577//2577
f 2662//2662 2663//2663 2684//2684
f 2661//2661 2683//2683 2612//2612
f 2609//2609 2662//2662 2684//2684
f 2705//2705 2558//2558 2685//2685
f 2705//2705 2638//2638 2558//2558
f 2706//2706 2641//2641 2613//2613
f 2707//2707 2615//2615 2667//2667
f 2523//2523 2615//2615 2616//2616
f 2562//2562 2616//2616 2708//2708
f 2587//2587 2625//2625 2687//2687
f 2642//2642 2618//2618 2688//2688
f 2649//2649 2687//2687 2625//2625
f 2688//2688 2709//2709 2643//2643
f 2643//2643 2709//2709 2689//2689
f 2619//2619 2690//2690 2644//2644
f 2619//2619 2689//2689 2690//2690
f 2669//2669 2710//2710 2676//2676
f 2691//2691 2710//2710 2669//2669
f 2711//2711 2622//2622 2670//2670
f 2671//2671 2712//2712 2692//2692
f 2645//2645 2692//2692 2713//2713
f 2674//2674 2712//2712 2671//2671
f 2713//2713 2693//2693 2645//2645
f 2673//2673 2648//2648 2714//2714
f 2674//2674 2694//2694 2715//2715
f 2676//2676 2695//2695 2647//2647
f 2695//2695 2696//2696 2675//2675
f 2648//2648 2696//2696 2714//2714
f 2596//2596 2698//2698 2697//2697
f 2650//2650 2716//2716 2677//2677
f 2654//2654 2652//2652 2717//2717
f 2678//2678 2718//2718 2679//2679
f 2688//2688 2653//2653 2679//2679
f 2653//2653 2688//2688 2630//2630
f 2688//2688 2698//2698 2630//2630
f 2654//2654 2717//2717 2655//2655
f 2719//2719 2680//2680 2699//2699
f 2678//2678 2680//2680 2720//2720
f 2721//2721 2632//2632 2544//2544
f 2544//2544 2656//2656 2722//2722
f 2659//2659 2542//2542 2632//2632
f 2656//2656 2657//2657 2700//2700
f 2724//2724 2604//2604 2634//2634
f 2658//2658 2604//2604 2725//2725
f 2726//2726 2635//2635 2682//2682
f 2704//2704 2577//2577 2607//2607
f 2636//2636 2703//2703 2702//2702
f 2685//2685 2728//2728 2705//2705
f 2664//2664 2584//2584 2641//2641
f 2665//2665 2586//2586 2617//2617
f 2613//2613 2729//2729 2706//2706
f 2664//2664 2641//2641 2706//2706
f 2562//2562 2708//2708 2666//2666
f 2686//2686 2615//2615 2707//2707
f 2615//2615 2686//2686 2708//2708
f 2616//2616 2615//2615 2708//2708
f 2618//2618 2687//2687 2688//2688
f 2709//2709 2731//2731 2689//2689
f 2676//2676 2710//2710 2695//2695
f 2711//2711 2691//2691 2622//2622
f 2692//2692 2712//2712 2732//2732
f 2692//2692 2733//2733 2713//2713
f 2715//2715 2712//2712 2674//2674
f 2714//2714 2694//2694 2673//2673
f 2714//2714 2696//2696 2734//2734
f 2697//2697 2698//2698 2649//2649
f 2649//2649 2698//2698 2687//2687
f 2650//2650 2736//2736 2716//2716
f 2735//2735 2677//2677 2716//2716
f 2678//2678 2737//2737 2718//2718
f 2709//2709 2688//2688 2679//2679
f 2698//2698 2688//2688 2687//2687
f 2717//2717 2699//2699 2655//2655
f 2699//2699 2738//2738 2719//2719
f 2680//2680 2719//2719 2720//2720
f 2737//2737 2678//2678 2720//2720
f 2722//2722 2721//2721 2544//2544
f 2723//2723 2722//2722 2656//2656
f 2721//2721 2659//2659 2632//2632
f 2700//2700 2723//2723 2656//2656
f 2659//2659 2724//2724 2634//2634
f 2604//2604 2724//2724 2725//2725
f 2701//2701 2658//2658 2741//2741
f 2721//2721 2742//2742 2659//2659
f 2635//2635 2726//2726 2743//2743
f 2606//2606 2701//2701 2744//2744
f 2607//2607 2635//2635 2743//2743
f 2727//2727 2660//2660 2637//2637
f 2727//2727 2745//2745 2660//2660
f 2660//2660 2746//2746 2681//2681
f 2705//2705 2703//2703 2638//2638
f 2704//2704 2683//2683 2661//2661
f 2613//2613 2665//2665 2729//2729
f 2664//2664 2706//2706 2747//2747
f 2748//2748 2617//2617 2666//2666
f 2748//2748 2666//2666 2708//2708
f 2707//2707 2667//2667 2749//2749
f 2749//2749 2667//2667 2614//2614
f 2750//2750 2686//2686 2707//2707
f 2751//2751 2708//2708 2686//2686
f 2686//2686 2730//2730 2751//2751
f 2752//2752 2690//2690 2689//2689
f 2710//2710 2754//2754 2695//2695
f 2732//2732 2755//2755 2692//2692
f 2692//2692 2756//2756 2733//2733
f 2712//2712 2715//2715 2732//2732
f 2694//2694 2714//2714 2757//2757
f 2715//2715 2694//2694 2758//2758
f 2754//2754 2696//2696 2695//2695
f 2714//2714 2734//2734 2757//2757
f 2677//2677 2735//2735 2652//2652
f 2737//2737 2760//2760 2718//2718
f 2718//2718 2709//2709 2679//2679
f 2738//2738 2699//2699 2739//2739
f 2761//2761 2723//2723 2700//2700
f 2681//2681 2740//2740 2700//2700
f 2762//2762 2701//2701 2741//2741
f 2742//2742 2724//2724 2659//2659
f 2606//2606 2744//2744 2682//2682
f 2704//2704 2607//2607 2743//2743
f 2764//2764 2637//2637 2702//2702
f 2746//2746 2740//2740 2681//2681
f 2702//2702 2703//2703 2764//2764
f 2748//2748 2708//2708 2751//2751
f 2707//2707 2749//2749 2766//2766
f 2614//2614 2767//2767 2749//2749
f 2686//2686 2750//2750 2730//2730
f 2750//2750 2707//2707 2766//2766
f 2751//2751 2730//2730 2768//2768
f 2752//2752 2689//2689 2731//2731
f 2769//2769 2753//2753 2690//2690
f 2690//2690 2752//2752 2769//2769
f 2756//2756 2692//2692 2755//2755
f 2755//2755 2732//2732 2759//2759
f 2732//2732 2715//2715 2759//2759
f 2694//2694 2757//2757 2758//2758
f 2759//2759 2715//2715 2758//2758
f 2696//2696 2754//2754 2734//2734
f 2735//2735 2717//2717 2652//2652
f 2735//2735 2716//2716 2770//2770
f 2771//2771 2718//2718 2760//2760
f 2731//2731 2709//2709 2718//2718
f 2739//2739 2699//2699 2717//2717
f 2719//2719 2738//2738 2720//2720
f 2761//2761 2700//2700 2740//2740
f 2724//2724 2772//2772 2725//2725
f 2658//2658 2725//2725 2741//2741
f 2773//2773 2743//2743 2726//2726
f 2682//2682 2763//2763 2726//2726
f 2763//2763 2682//2682 2774//2774
f 2682//2682 2744//2744 2774//2774
f 2762//2762 2744//2744 2701//2701
f 2765//2765 2704//2704 2743//2743
f 2727//2727 2775//2775 2745//2745
f 2660//2660 2745//2745 2746//2746
f 2740//2740 2746//2746 2778//2778
f 2764//2764 2703//2703 2779//2779
f 2703//2703 2705//2705 2779//2779
f 2704//2704 2765//2765 2683//2683
f 2705//2705 2728//2728 2779//2779
f 2747//2747 2685//2685 2664//2664
f 2685//2685 2747//2747 2728//2728
f 2748//2748 2665//2665 2617//2617
f 2781//2781 2730//2730 2750//2750
f 2766//2766 2782//2782 2750//2750
f 2731//2731 2718//2718 2752//2752
f 2755//2755 2783//2783 2756//2756
f 2784//2784 2755//2755 2759//2759
f 2785//2785 2759//2759 2758//2758
f 2786//2786 2734//2734 2754//2754
f 2739//2739 2717//2717 2735//2735
f 2787//2787 2770//2770 2716//2716
f 2720//2720 2760//2760 2737//2737
f 2789//2789 2771//2771 2760//2760
f 2718//2718 2771//2771 2752//2752
f 2738//2738 2790//2790 2720//2720
f 2738//2738 2739//2739 2791//2791
f 2761//2761 2740//2740 2792//2792
f 2773//2773 2765//2765 2743//2743
f 2763//2763 2774//2774 2793//2793
f 2727//2727 2637//2637 2764//2764
f 2775//2775 2776//2776 2745//2745
f 2746//2746 2745//2745 2776//2776
f 2777//2777 2778//2778 2746//2746
f 2794//2794 2777//2777 2746//2746
f 2780//2780 2779//2779 2728//2728
f 2795//2795 2780//2780 2728//2728
f 2728//2728 2747//2747 2795//2795
f 2665//2665 2748//2748 2796//2796
f 2729//2729 2665//2665 2796//2796
f 2766//2766 2749//2749 2797//2797
f 2797//2797 2749//2749 2767//2767
f 2781//2781 2750//2750 2782//2782
f 2798//2798 2730//2730 2781//2781
f 2766//2766 2799//2799 2782//2782
f 2798//2798 2768//2768 2730//2730
f 2801//2801 2751//2751 2768//2768
f 2759//2759 2802//2802 2784//2784
f 2783//2783 2755//2755 2784//2784
f 2802//2802 2759//2759 2785//2785
f 2770//2770 2791//2791 2735//2735
f 2803//2803 2788//2788 2760//2760
f 2760//2760 2720//2720 2803//2803
f 2760//2760 2804//2804 2789//2789
f 2771//2771 2789//2789 2752//2752
f 2735//2735 2791//2791 2739//2739
f 2738//2738 2791//2791 2805//2805
f 2790//2790 2738//2738 2806//2806
f 2761//2761 2807//2807 2723//2723
f 2792//2792 2808//2808 2761//2761
f 2725//2725 2762//2762 2741//2741
f 2763//2763 2773//2773 2726//2726
f 2727//2727 2764//2764 2775//2775
f 2764//2764 2779//2779 2809//2809
f 2794//2794 2746//2746 2776//2776
f 2778//2778 2792//2792 2740//2740
f 2706//2706 2729//2729 2810//2810
f 2810//2810 2747//2747 2706//2706
f 2748//2748 2751//2751 2796//2796
f 2797//2797 2799//2799 2766//2766
f 2811//2811 2797//2797 2767//2767
f 2782//2782 2812//2812 2781//2781
f 2781//2781 2812//2812 2798//2798
f 2813//2813 2782//2782 2799//2799
f 2798//2798 2800//2800 2768//2768
f 2800//2800 2801//2801 2768//2768
f 2752//2752 2815//2815 2769//2769
f 2784//2784 2816//2816 2783//2783
f 2734//2734 2786//2786 2817//2817
f 2791//2791 2770//2770 2818//2818
f 2819//2819 2789//2789 2804//2804
f 2789//2789 2815//2815 2752//2752
f 2805//2805 2806//2806 2738//2738
f 2720//2720 2790//2790 2803//2803
f 2809//2809 2775//2775 2764//2764
f 2779//2779 2780//2780 2809//2809
f 2776//2776 2820//2820 2794//2794
f 2747//2747 2810//2810 2795//2795
f 2796//2796 2751//2751 2801//2801
f 2799//2799 2797//2797 2811//2811
f 2821//2821 2812//2812 2782//2782
f 2801//2801 2800//2800 2822//2822
f 2815//2815 2814//2814 2769//2769
f 2784//2784 2802//2802 2816//2816
f 2823//2823 2758//2758 2757//2757
f 2758//2758 2823//2823 2785//2785
f 2757//2757 2734//2734 2824//2824
f 2817//2817 2824//2824 2734//2734
f 2826//2826 2791//2791 2818//2818
f 2788//2788 2828//2828 2760//2760
f 2760//2760 2829//2829 2804//2804
f 2789//2789 2819//2819 2815//2815
f 2825//2825 2805//2805 2791//2791
f 2790//2790 2827//2827 2803//2803
f 2831//2831 2776//2776 2775//2775
f 2780//2780 2795//2795 2809//2809
f 2812//2812 2821//2821 2832//2832
f 2822//2822 2798//2798 2812//2812
f 2821//2821 2782//2782 2813//2813
f 2833//2833 2814//2814 2815//2815
f 2802//2802 2835//2835 2816//2816
f 2757//2757 2824//2824 2823//2823
f 2802//2802 2785//2785 2836//2836
f 2825//2825 2791//2791 2826//2826
f 2788//2788 2803//2803 2837//2837
f 2804//2804 2838//2838 2819//2819
f 2829//2829 2839//2839 2804//2804
f 2830//2830 2805//2805 2825//2825
f 2841//2841 2805//2805 2830//2830
f 2806//2806 2805//2805 2841//2841
f 2806//2806 2840//2840 2790//2790
f 2790//2790 2840//2840 2827//2827
f 2831//2831 2775//2775 2809//2809
f 2795//2795 2842//2842 2809//2809
f 2842//2842 2795//2795 2810//2810
f 2796//2796 2801//2801 2729//2729
f 2832//2832 2821//2821 2843//2843
f 2844//2844 2812//2812 2832//2832
f 2798//2798 2822//2822 2800//2800
f 2844//2844 2822//2822 2812//2812
f 2815//2815 2834//2834 2833//2833
f 2835//2835 2845//2845 2816//2816
f 2835//2835 2802//2802 2836//2836
f 2823//2823 2836//2836 2785//2785
f 2817//2817 2846//2846 2824//2824
f 2825//2825 2826//2826 2847//2847
f 2803//2803 2827//2827 2837//2837
f 2838//2838 2804//2804 2850//2850
f 2838//2838 2815//2815 2819//2819
f 2828//2828 2829//2829 2760//2760
f 2830//2830 2825//2825 2851//2851
f 2841//2841 2852//2852 2806//2806
f 2852//2852 2840//2840 2806//2806
f 2827//2827 2840//2840 2848//2848
f 2801//2801 2810//2810 2729//2729
f 2853//2853 2814//2814 2833//2833
f 2834//2834 2854//2854 2833//2833
f 2823//2823 2855//2855 2836//2836
f 2847//2847 2851//2851 2825//2825
f 2827//2827 2856//2856 2837//2837
f 2788//2788 2837//2837 2849//2849
f 2828//2828 2788//2788 2857//2857
f 2857//2857 2788//2788 2849//2849
f 2804//2804 2839//2839 2850//2850
f 2815//2815 2838//2838 2858//2858
f 2830//2830 2859//2859 2841//2841
f 2841//2841 2860//2860 2852//2852
f 2842//2842 2831//2831 2809//2809
f 2842//2842 2810//2810 2861//2861
f 2861//2861 2801//2801 2822//2822
f 2834//2834 2815//2815 2858//2858
f 2854//2854 2862//2862 2833//2833
f 2835//2835 2863//2863 2845//2845
f 2855//2855 2835//2835 2836//2836
f 2846//2846 2823//2823 2824//2824
f 2851//2851 2847//2847 2866//2866
f 2827//2827 2848//2848 2856//2856
f 2837//2837 2867//2867 2849//2849
f 2828//2828 2857//2857 2829//2829
f 2849//2849 2850//2850 2839//2839
f 2838//2838 2850//2850 2858//2858
f 2841//2841 2859//2859 2860//2860
f 2852//2852 2860//2860 2868//2868
f 2852//2852 2869//2869 2840//2840
f 2840//2840 2870//2870 2848//2848
f 2871//2871 2831//2831 2842//2842
f 2861//2861 2810//2810 2801//2801
f 2844//2844 2872//2872 2822//2822
f 2833//2833 2873//2873 2853//2853
f 2835//2835 2855//2855 2874//2874
f 2845//2845 2863//2863 2875//2875
f 2864//2864 2845//2845 2875//2875
f 2865//2865 2823//2823 2846//2846
f 2876//2876 2855//2855 2823//2823
f 2847//2847 2877//2877 2866//2866
f 2878//2878 2856//2856 2848//2848
f 2856//2856 2879//2879 2837//2837
f 2829//2829 2857//2857 2839//2839
f 2850//2850 2880//2880 2858//2858
f 2849//2849 2839//2839 2857//2857
f 2830//2830 2851//2851 2881//2881
f 2859//2859 2830//2830 2881//2881
f 2860//2860 2859//2859 2882//2882
f 2868//2868 2860//2860 2882//2882
f 2852//2852 2868//2868 2869//2869
f 2840//2840 2869//2869 2870//2870
f 2872//2872 2861//2861 2822//2822
f 2833//2833 2862//2862 2873//2873
f 2834//2834 2858//2858 2854//2854
f 2862//2862 2854//2854 2883//2883
f 2835//2835 2884//2884 2863//2863
f 2884//2884 2835//2835 2874//2874
f 2876//2876 2874//2874 2855//2855
f 2865//2865 2876//2876 2823//2823
f 2846//2846 2885//2885 2865//2865
f 2847//2847 2886//2886 2877//2877
f 2848//2848 2870//2870 2878//2878
f 2879//2879 2887//2887 2837//2837
f 2850//2850 2849//2849 2867//2867
f 2850//2850 2867//2867 2880//2880
f 2880//2880 2888//2888 2858//2858
f 2882//2882 2890//2890 2868//2868
f 2891//2891 2869//2869 2868//2868
f 2842//2842 2861//2861 2871//2871
f 2892//2892 2873//2873 2862//2862
f 2854//2854 2893//2893 2883//2883
f 2892//2892 2862//2862 2883//2883
f 2876//2876 2865//2865 2874//2874
f 2894//2894 2865//2865 2885//2885
f 2856//2856 2878//2878 2879//2879
f 2880//2880 2867//2867 2895//2895
f 2897//2897 2888//2888 2880//2880
f 2851//2851 2889//2889 2881//2881
f 2898//2898 2859//2859 2881//2881
f 2899//2899 2890//2890 2882//2882
f 2869//2869 2891//2891 2870//2870
f 2868//2868 2900//2900 2891//2891
f 2861//2861 2872//2872 2871//2871
f 2858//2858 2888//2888 2854//2854
f 2893//2893 2854//2854 2901//2901
f 2865//2865 2902//2902 2874//2874
f 2894//2894 2902//2902 2865//2865
f 2885//2885 2903//2903 2894//2894
f 2878//2878 2904//2904 2879//2879
f 2867//2867 2837//2837 2895//2895
f 2837//2837 2887//2887 2895//2895
f 2896//2896 2880//2880 2895//2895
f 2897//2897 2880//2880 2896//2896
f 2905//2905 2888//2888 2897//2897
f 2898//2898 2881//2881 2889//2889
f 2859//2859 2898//2898 2882//2882
f 2900//2900 2868//2868 2890//2890
f 2888//2888 2901//2901 2854//2854
f 2884//2884 2874//2874 2902//2902
f 2863//2863 2909//2909 2875//2875
f 2847//2847 2910//2910 2886//2886
f 2895//2895 2887//2887 2912//2912
f 2899//2899 2882//2882 2898//2898
f 2906//2906 2890//2890 2899//2899
f 2890//2890 2906//2906 2900//2900
f 2891//2891 2907//2907 2870//2870
f 2891//2891 2900//2900 2907//2907
f 2901//2901 2888//2888 2905//2905
f 2913//2913 2893//2893 2901//2901
f 2902//2902 2863//2863 2884//2884
f 2908//2908 2915//2915 2875//2875
f 2909//2909 2908//2908 2875//2875
f 2902//2902 2909//2909 2863//2863
f 2879//2879 2904//2904 2887//2887
f 2878//2878 2870//2870 2907//2907
f 2917//2917 2887//2887 2911//2911
f 2887//2887 2917//2917 2912//2912
f 2895//2895 2918//2918 2896//2896
f 2905//2905 2897//2897 2919//2919
f 2889//2889 2920//2920 2898//2898
f 2899//2899 2921//2921 2906//2906
f 2906//2906 2922//2922 2900//2900
f 2907//2907 2900//2900 2923//2923
f 2905//2905 2913//2913 2901//2901
f 2893//2893 2913//2913 2914//2914
f 2916//2916 2883//2883 2893//2893
f 2909//2909 2924//2924 2908//2908
f 2916//2916 2894//2894 2903//2903
f 2878//2878 2907//2907 2904//2904
f 2926//2926 2896//2896 2918//2918
f 2927//2927 2921//2921 2899//2899
f 2921//2921 2928//2928 2906//2906
f 2906//2906 2929//2929 2922//2922
f 2923//2923 2900//2900 2922//2922
f 2930//2930 2913//2913 2905//2905
f 2913//2913 2925//2925 2914//2914
f 2914//2914 2916//2916 2893//2893
f 2931//2931 2915//2915 2908//2908
f 2916//2916 2925//2925 2894//2894
f 2925//2925 2902//2902 2894//2894
f 2886//2886 2910//2910 2932//2932
f 2904//2904 2911//2911 2887//2887
f 2918//2918 2895//2895 2934//2934
f 2918//2918 2935//2935 2926//2926
f 2897//2897 2936//2936 2919//2919
f 2898//2898 2927//2927 2899//2899
f 2921//2921 2927//2927 2928//2928
f 2928//2928 2929//2929 2906//2906
f 2923//2923 2904//2904 2907//2907
f 2937//2937 2923//2923 2922//2922
f 2930//2930 2905//2905 2919//2919
f 2931//2931 2938//2938 2915//2915
f 2939//2939 2909//2909 2902//2902
f 2886//2886 2932//2932 2940//2940
f 2818//2818 2932//2932 2910//2910
f 2904//2904 2917//2917 2911//2911
f 2941//2941 2917//2917 2933//2933
f 2912//2912 2917//2917 2934//2934
f 2912//2912 2934//2934 2895//2895
f 2898//2898 2920//2920 2927//2927
f 2929//2929 2928//2928 2942//2942
f 2937//2937 2922//2922 2929//2929
f 2925//2925 2916//2916 2914//2914
f 2913//2913 2939//2939 2925//2925
f 2924//2924 2931//2931 2908//2908
f 2938//2938 2931//2931 2943//2943
f 2902//2902 2925//2925 2939//2939
f 2944//2944 2886//2886 2940//2940
f 2917//2917 2904//2904 2923//2923
f 2933//2933 2917//2917 2923//2923
f 2896//2896 2945//2945 2897//2897
f 2897//2897 2945//2945 2936//2936
f 2920//2920 2866//2866 2927//2927
f 2929//2929 2942//2942 2946//2946
f 2933//2933 2937//2937 2929//2929
f 2923//2923 2937//2937 2933//2933
f 2947//2947 2913//2913 2930//2930
f 2931//2931 2924//2924 2948//2948
f 2938//2938 2943//2943 2950//2950
f 2931//2931 2948//2948 2943//2943
f 2909//2909 2951//2951 2924//2924
f 2951//2951 2909//2909 2939//2939
f 2917//2917 2941//2941 2934//2934
f 2933//2933 2952//2952 2941//2941
f 2934//2934 2935//2935 2918//2918
f 2926//2926 2945//2945 2896//2896
f 2935//2935 2954//2954 2926//2926
f 2919//2919 2936//2936 2930//2930
f 2945//2945 2955//2955 2936//2936
f 2927//2927 2866//2866 2928//2928
f 2929//2929 2956//2956 2933//2933
f 2957//2957 2947//2947 2930//2930
f 2939//2939 2913//2913 2947//2947
f 2949//2949 2948//2948 2924//2924
f 2958//2958 2951//2951 2939//2939
f 2954//2954 2934//2934 2941//2941
f 2954//2954 2941//2941 2952//2952
f 2935//2935 2934//2934 2954//2954
f 2926//2926 2954//2954 2953//2953
f 2953//2953 2945//2945 2926//2926
f 2930//2930 2936//2936 2955//2955
f 2946//2946 2956//2956 2929//2929
f 2952//2952 2933//2933 2956//2956
f 2958//2958 2939//2939 2947//2947
f 2953//2953 2954//2954 2960//2960
f 2955//2955 2957//2957 2930//2930
f 2948//2948 2949//2949 2965//2965
f 2950//2950 2966//2966 2959//2959
f 2943//2943 2967//2967 2950//2950
f 2924//2924 2951//2951 2949//2949
f 2968//2968 2951//2951 2958//2958
f 2952//2952 2960//2960 2954//2954
f 2945//2945 2961//2961 2955//2955
f 2957//2957 2955//2955 2962//2962
f 2962//2962 2955//2955 2961//2961
f 2946//2946 2963//2963 2969//2969
f 2946//2946 2970//2970 2956//2956
f 2947//2947 2957//2957 2971//2971
f 2958//2958 2947//2947 2971//2971
f 2964//2964 2948//2948 2965//2965
f 2964//2964 2972//2972 2948//2948
f 2948//2948 2972//2972 2943//2943
f 2973//2973 2959//2959 2966//2966
f 2951//2951 2968//2968 2949//2949
f 2945//2945 2953//2953 2961//2961
f 2969//2969 2963//2963 2976//2976
f 2946//2946 2969//2969 2970//2970
f 2957//2957 2962//2962 2971//2971
f 2958//2958 2971//2971 2968//2968
f 2977//2977 2964//2964 2965//2965
f 2972//2972 2964//2964 2978//2978
f 2950//2950 2979//2979 2966//2966
f 2967//2967 2979//2979 2950//2950
f 2960//2960 2952//2952 2974//2974
f 2961//2961 2953//2953 2960//2960
f 2975//2975 2961//2961 2960//2960
f 2975//2975 2977//2977 2961//2961
f 2981//2981 2962//2962 2961//2961
f 2969//2969 2976//2976 2982//2982
f 2983//2983 2970//2970 2969//2969
f 2962//2962 2981//2981 2971//2971
f 2977//2977 2984//2984 2964//2964
f 2965//2965 2949//2949 2981//2981
f 2979//2979 2985//2985 2966//2966
f 2980//2980 2966//2966 2985//2985
f 2973//2973 2966//2966 2980//2980
f 2968//2968 2981//2981 2949//2949
f 2956//2956 2974//2974 2952//2952
f 2960//2960 2974//2974 2983//2983
f 2960//2960 2983//2983 2975//2975
f 2984//2984 2977//2977 2975//2975
f 2977//2977 2981//2981 2961//2961
f 2983//2983 2969//2969 2982//2982
f 2974//2974 2970//2970 2983//2983
f 2970//2970 2974//2974 2956//2956
f 2984//2984 2978//2978 2964//2964
f 2965//2965 2981//2981 2977//2977
f 2986//2986 2943//2943 2972//2972
f 2985//2985 2979//2979 2987//2987
f 2980//2980 2985//2985 2988//2988
f 2943//2943 2989//2989 2967//2967
f 2975//2975 2983//2983 2984//2984
f 2971//2971 2981//2981 2968//2968
f 2988//2988 2985//2985 2987//2987
f 2986//2986 2989//2989 2943//2943
f 2967//2967 2989//2989 2979//2979
f 2983//2983 2978//2978 2984//2984
f 2982//2982 2986//2986 2983//2983
f 2990//2990 2987//2987 2979//2979
f 2986//2986 2978//2978 2983//2983
f 2982//2982 2990//2990 2986//2986
f 2978//2978 2986//2986 2972//2972
f 2979//2979 2989//2989 2990//2990
f 2986//2986 2990//2990 2989//2989
f 2992//2992 2991//2991 2994//2994
f 2992//2992 2995//2995 2991//2991
f 2991//2991 2993//2993 2996//2996
f 2997//2997 2991//2991 2995//2995
f 2994//2994 2991//2991 2996//2996
f 2998//2998 2992//2992 2994//2994
f 2997//2997 2999//2999 2991//2991
f 2991//2991 2999//2999 2993//2993
f 3000//3000 2994//2994 2996//2996
f 2992//2992 2998//2998 3002//3002
f 2994//2994 3001//3001 2998//2998
f 3004//3004 2996//2996 2993//2993
f 3000//3000 2996//2996 3005//3005
f 2995//2995 2992//2992 3002//3002
f 3003//3003 3002//3002 2998//2998
f 3006//3006 3003//3003 2998//2998
f 2997//2997 3007//3007 2999//2999
f 3008//3008 2993//2993 2999//2999
f 3005//3005 2996//2996 3004//3004
f 2993//2993 3008//3008 3004//3004
f 2994//2994 3000//3000 3001//3001
f 3001//3001 3006//3006 2998//2998
f 3003//3003 3006//3006 3009//3009
f 2997//2997 3010//3010 3007//3007
f 2995//2995 3010//3010 2997//2997
f 3008//3008 3011//3011 3004//3004
f 3012//3012 3000//3000 3005//3005
f 2995//2995 3002//3002 3013//3013
f 3006//3006 3001//3001 3015//3015
f 3014//3014 3003//3003 3009//3009
f 3013//3013 3010//3010 2995//2995
f 3017//3017 3005//3005 3004//3004
f 3011//3011 3018//3018 3004//3004
f 3005//3005 3016//3016 3012//3012
f 3013//3013 3002//3002 3019//3019
f 3002//3002 3003//3003 3019//3019
f 3003//3003 3014//3014 3019//3019
f 3000//3000 3012//3012 3001//3001
f 3020//3020 3014//3014 3009//3009
f 3021//3021 3009//3009 3006//3006
f 3022//3022 3016//3016 3005//3005
f 3005//3005 3017//3017 3022//3022
f 3018//3018 3017//3017 3004//3004
f 3010//3010 3013//3013 3019//3019
f 3015//3015 3001//3001 3012//3012
f 3014//3014 3020//3020 3023//3023
f 3006//3006 3024//3024 3021//3021
f 3025//3025 3016//3016 3022//3022
f 3017//3017 3026//3026 3022//3022
f 3017//3017 3018//3018 3027//3027
f 3012//3012 3016//3016 3028//3028
f 3010//3010 3019//3019 3029//3029
f 3030//3030 3019//3019 3014//3014
f 3015//3015 3024//3024 3006//3006
f 3031//3031 3014//3014 3023//3023
f 3032//3032 3020//3020 3009//3009
f 3033//3033 3021//3021 3024//3024
f 3034//3034 3007//3007 3010//3010
f 3035//3035 3025//3025 3022//3022
f 3016//3016 3025//3025 3028//3028
f 3027//3027 3026//3026 3017//3017
f 3026//3026 3036//3036 3022//3022
f 3012//3012 3028//3028 3024//3024
f 3019//3019 3030//3030 3029//3029
f 3029//3029 3034//3034 3010//3010
f 3031//3031 3030//3030 3014//3014
f 3024//3024 3015//3015 3012//3012
f 3020//3020 3032//3032 3023//3023
f 3021//3021 3032//3032 3009//3009
f 3021//3021 3033//3033 3038//3038
f 3039//3039 3025//3025 3035//3035
f 3040//3040 3035//3035 3022//3022
f 3041//3041 3028//3028 3025//3025
f 3026//3026 3027//3027 3036//3036
f 3042//3042 3022//3022 3036//3036
f 3024//3024 3028//3028 3043//3043
f 3030//3030 3044//3044 3029//3029
f 3030//3030 3031//3031 3044//3044
f 3023//3023 3032//3032 3045//3045
f 3031//3031 3023//3023 3045//3045
f 3032//3032 3021//3021 3046//3046
f 3046//3046 3021//3021 3037//3037
f 3043//3043 3033//3033 3024//3024
f 3041//3041 3025//3025 3039//3039
f 3047//3047 3035//3035 3040//3040
f 3022//3022 3042//3042 3040//3040
f 3031//3031 3045//3045 3048//3048
f 3049//3049 3044//3044 3031//3031
f 3021//3021 3038//3038 3037//3037
f 3035//3035 3050//3050 3039//3039
f 3047//3047 3040//3040 3051//3051
f 3042//3042 3036//3036 3052//3052
f 3028//3028 3053//3053 3043//3043
f 3044//3044 3054//3054 3029//3029
f 3045//3045 3032//3032 3046//3046
f 3056//3056 3048//3048 3045//3045
f 3049//3049 3031//3031 3048//3048
f 3049//3049 3054//3054 3044//3044
f 3035//3035 3047//3047 3050//3050
f 3042//3042 3057//3057 3040//3040
f 3053//3053 3028//3028 3041//3041
f 3052//3052 3057//3057 3042//3042
f 3055//3055 3029//3029 3054//3054
f 3058//3058 3029//3029 3055//3055
f 3045//3045 3046//3046 3059//3059
f 3045//3045 3059//3059 3056//3056
f 3056//3056 3060//3060 3048//3048
f 3049//3049 3048//3048 3060//3060
f 3054//3054 3049//3049 3061//3061
f 3059//3059 3046//3046 3037//3037
f 3037//3037 3038//3038 3062//3062
f 3038//3038 3033//3033 3063//3063
f 3033//3033 3043//3043 3063//3063
f 3064//3064 3041//3041 3039//3039
f 3051//3051 3040//3040 3057//3057
f 3065//3065 3047//3047 3051//3051
f 3058//3058 3055//3055 3054//3054
f 3066//3066 3029//3029 3058//3058
f 3061//3061 3049//3049 3060//3060
f 3037//3037 3062//3062 3059//3059
f 3038//3038 3063//3063 3062//3062
f 3064//3064 3053//3053 3041//3041
f 3039//3039 3050//3050 3064//3064
f 3051//3051 3057//3057 3067//3067
f 3051//3051 3068//3068 3065//3065
f 3053//3053 3069//3069 3043//3043
f 3058//3058 3054//3054 3070//3070
f 3059//3059 3071//3071 3056//3056
f 3072//3072 3060//3060 3056//3056
f 3054//3054 3061//3061 3073//3073
f 3061//3061 3060//3060 3074//3074
f 3059//3059 3062//3062 3071//3071
f 3065//3065 3050//3050 3047//3047
f 3067//3067 3068//3068 3051//3051
f 3076//3076 3067//3067 3057//3057
f 3054//3054 3077//3077 3070//3070
f 3070//3070 3078//3078 3058//3058
f 3056//3056 3071//3071 3072//3072
f 3060//3060 3072//3072 3074//3074
f 3073//3073 3061//3061 3079//3079
f 3073//3073 3077//3077 3054//3054
f 3063//3063 3080//3080 3062//3062
f 3063//3063 3043//3043 3069//3069
f 3069//3069 3053//3053 3064//3064
f 3075//3075 3064//3064 3050//3050
f 3050//3050 3065//3065 3075//3075
f 3070//3070 3077//3077 3081//3081
f 3070//3070 3082//3082 3078//3078
f 3078//3078 3083//3083 3058//3058
f 3072//3072 3071//3071 3084//3084
f 3073//3073 3079//3079 3086//3086
f 3074//3074 3079//3079 3061//3061
f 3077//3077 3073//3073 3086//3086
f 3071//3071 3062//3062 3087//3087
f 3088//3088 3080//3080 3063//3063
f 3063//3063 3069//3069 3088//3088
f 3064//3064 3089//3089 3069//3069
f 3090//3090 3064//3064 3075//3075
f 3091//3091 3067//3067 3076//3076
f 3081//3081 3092//3092 3070//3070
f 3081//3081 3077//3077 3093//3093
f 3082//3082 3070//3070 3094//3094
f 3095//3095 3078//3078 3082//3082
f 3058//3058 3083//3083 3096//3096
f 3097//3097 3083//3083 3078//3078
f 3085//3085 3072//3072 3084//3084
f 3062//3062 3080//3080 3087//3087
f 3084//3084 3071//3071 3087//3087
f 3089//3089 3088//3088 3069//3069
f 3100//3100 3075//3075 3065//3065
f 3081//3081 3101//3101 3092//3092
f 3094//3094 3070//3070 3092//3092
f 3093//3093 3102//3102 3081//3081
f 3103//3103 3093//3093 3077//3077
f 3082//3082 3094//3094 3104//3104
f 3105//3105 3095//3095 3082//3082
f 3097//3097 3078//3078 3095//3095
f 3083//3083 3106//3106 3096//3096
f 3107//3107 3058//3058 3096//3096
f 3108//3108 3083//3083 3097//3097
f 3085//3085 3109//3109 3072//3072
f 3072//3072 3109//3109 3074//3074
f 3110//3110 3098//3098 3074//3074
f 3098//3098 3079//3079 3074//3074
f 3111//3111 3087//3087 3080//3080
f 3084//3084 3087//3087 3112//3112
f 3080//3080 3088//3088 3099//3099
f 3113//3113 3088//3088 3089//3089
f 3114//3114 3064//3064 3090//3090
f 3068//3068 3067//3067 3091//3091
f 3068//3068 3100//3100 3065//3065
f 3104//3104 3092//3092 3101//3101
f 3115//3115 3101//3101 3081//3081
f 3092//3092 3104//3104 3094//3094
f 3116//3116 3102//3102 3093//3093
f 3081//3081 3102//3102 3117//3117
f 3093//3093 3103//3103 3118//3118
f 3106//3106 3083//3083 3108//3108
f 3096//3096 3106//3106 3107//3107
f 3095//3095 3108//3108 3097//3097
f 3119//3119 3085//3085 3084//3084
f 3110//3110 3074//3074 3109//3109
f 3077//3077 3086//3086 3103//3103
f 3087//3087 3111//3111 3120//3120
f 3080//3080 3099//3099 3111//3111
f 3089//3089 3064//3064 3114//3114
f 3121//3121 3090//3090 3075//3075
f 3075//3075 3100//3100 3122//3122
f 3124//3124 3100//3100 3068//3068
f 3125//3125 3101//3101 3115//3115
f 3081//3081 3126//3126 3115//3115
f 3116//3116 3093//3093 3127//3127
f 3128//3128 3081//3081 3117//3117
f 3093//3093 3118//3118 3127//3127
f 3082//3082 3104//3104 3129//3129
f 3129//3129 3105//3105 3082//3082
f 3130//3130 3108//3108 3095//3095
f 3131//3131 3119//3119 3084//3084
f 3119//3119 3109//3109 3085//3085
f 3086//3086 3079//3079 3118//3118
f 3118//3118 3103//3103 3086//3086
f 3098//3098 3110//3110 3132//3132
f 3111//3111 3133//3133 3120//3120
f 3087//3087 3120//3120 3134//3134
f 3112//3112 3087//3087 3134//3134
f 3084//3084 3112//3112 3131//3131
f 3088//3088 3113//3113 3099//3099
f 3136//3136 3114//3114 3090//3090
f 3122//3122 3121//3121 3075//3075
f 3068//3068 3091//3091 3123//3123
f 3068//3068 3123//3123 3124//3124
f 3138//3138 3104//3104 3101//3101
f 3125//3125 3138//3138 3101//3101
f 3126//3126 3081//3081 3128//3128
f 3115//3115 3126//3126 3139//3139
f 3117//3117 3102//3102 3140//3140
f 3117//3117 3141//3141 3128//3128
f 3104//3104 3138//3138 3129//3129
f 3142//3142 3107//3107 3106//3106
f 3109//3109 3119//3119 3143//3143
f 3118//3118 3079//3079 3127//3127
f 3079//3079 3098//3098 3127//3127
f 3144//3144 3098//3098 3132//3132
f 3133//3133 3111//3111 3145//3145
f 3120//3120 3133//3133 3134//3134
f 3099//3099 3145//3145 3111//3111
f 3099//3099 3113//3113 3146//3146
f 3113//3113 3089//3089 3146//3146
f 3135//3135 3114//3114 3136//3136
f 3090//3090 3121//3121 3136//3136
f 3122//3122 3100//3100 3124//3124
f 3091//3091 3137//3137 3148//3148
f 3139//3139 3125//3125 3115//3115
f 3116//3116 3127//3127 3144//3144
f 3102//3102 3116//3116 3140//3140
f 3141//3141 3117//3117 3140//3140
f 3128//3128 3141//3141 3150//3150
f 3108//3108 3142//3142 3106//3106
f 3110//3110 3109//3109 3143//3143
f 3143//3143 3132//3132 3110//3110
f 3127//3127 3098//3098 3144//3144
f 3144//3144 3132//3132 3151//3151
f 3145//3145 3152//3152 3133//3133
f 3134//3134 3133//3133 3153//3153
f 3146//3146 3145//3145 3099//3099
f 3112//3112 3134//3134 3154//3154
f 3146//3146 3089//3089 3114//3114
f 3146//3146 3114//3114 3135//3135
f 3136//3136 3121//3121 3155//3155
f 3122//3122 3147//3147 3121//3121
f 3121//3121 3147//3147 3156//3156
f 3124//3124 3157//3157 3122//3122
f 3137//3137 3159//3159 3148//3148
f 3091//3091 3148//3148 3123//3123
f 3125//3125 3139//3139 3160//3160
f 3160//3160 3149//3149 3125//3125
f 3161//3161 3126//3126 3128//3128
f 3161//3161 3139//3139 3126//3126
f 3116//3116 3144//3144 3162//3162
f 3116//3116 3162//3162 3140//3140
f 3141//3141 3140//3140 3163//3163
f 3141//3141 3164//3164 3150//3150
f 3165//3165 3128//3128 3150//3150
f 3130//3130 3142//3142 3108//3108
f 3119//3119 3131//3131 3166//3166
f 3132//3132 3167//3167 3151//3151
f 3152//3152 3145//3145 3169//3169
f 3153//3153 3133//3133 3152//3152
f 3170//3170 3145//3145 3146//3146
f 3131//3131 3112//3112 3166//3166
f 3166//3166 3112//3112 3154//3154
f 3135//3135 3136//3136 3171//3171
f 3171//3171 3146//3146 3135//3135
f 3155//3155 3121//3121 3156//3156
f 3122//3122 3172//3172 3147//3147
f 3157//3157 3124//3124 3123//3123
f 3158//3158 3122//3122 3157//3157
f 3160//3160 3139//3139 3161//3161
f 3173//3173 3161//3161 3128//3128
f 3163//3163 3140//3140 3162//3162
f 3141//3141 3163//3163 3164//3164
f 3164//3164 3174//3174 3150//3150
f 3128//3128 3165//3165 3173//3173
f 3166//3166 3175//3175 3119//3119
f 3143//3143 3176//3176 3132//3132
f 3151//3151 3162//3162 3144//3144
f 3167//3167 3177//3177 3151//3151
f 3145//3145 3168//3168 3169//3169
f 3134//3134 3153//3153 3154//3154
f 3153//3153 3152//3152 3179//3179
f 3170//3170 3168//3168 3145//3145
f 3166//3166 3154//3154 3180//3180
f 3171//3171 3136//3136 3155//3155
f 3171//3171 3135//3135 3181//3181
f 3182//3182 3155//3155 3156//3156
f 3172//3172 3122//3122 3158//3158
f 3183//3183 3147//3147 3172//3172
f 3184//3184 3123//3123 3148//3148
f 3159//3159 3185//3185 3148//3148
f 3160//3160 3186//3186 3149//3149
f 3173//3173 3160//3160 3161//3161
f 3177//3177 3164//3164 3163//3163
f 3164//3164 3177//3177 3174//3174
f 3150//3150 3187//3187 3165//3165
f 3119//3119 3175//3175 3143//3143
f 3132//3132 3176//3176 3188//3188
f 3132//3132 3188//3188 3167//3167
f 3163//3163 3162//3162 3151//3151
f 3151//3151 3177//3177 3163//3163
f 3177//3177 3167//3167 3189//3189
f 3169//3169 3178//3178 3152//3152
f 3152//3152 3178//3178 3190//3190
f 3179//3179 3154//3154 3153//3153
f 3146//3146 3171//3171 3170//3170
f 3180//3180 3154//3154 3191//3191
f 3135//3135 3182//3182 3181//3181
f 3182//3182 3135//3135 3155//3155
f 3192//3192 3183//3183 3172//3172
f 3147//3147 3183//3183 3156//3156
f 3184//3184 3157//3157 3123//3123
f 3148//3148 3185//3185 3184//3184
f 3193//3193 3185//3185 3159//3159
f 3174//3174 3177//3177 3189//3189
f 3195//3195 3150//3150 3174//3174
f 3165//3165 3187//3187 3196//3196
f 3150//3150 3197//3197 3187//3187
f 3173//3173 3165//3165 3196//3196
f 3143//3143 3175//3175 3198//3198
f 3198//3198 3176//3176 3143//3143
f 3199//3199 3188//3188 3176//3176
f 3167//3167 3188//3188 3189//3189
f 3178//3178 3169//3169 3201//3201
f 3179//3179 3152//3152 3190//3190
f 3168//3168 3202//3202 3169//3169
f 3191//3191 3154//3154 3179//3179
f 3203//3203 3180//3180 3191//3191
f 3180//3180 3204//3204 3166//3166
f 3182//3182 3205//3205 3181//3181
f 3181//3181 3170//3170 3171//3171
f 3192//3192 3172//3172 3158//3158
f 3183//3183 3192//3192 3206//3206
f 3156//3156 3183//3183 3182//3182
f 3158//3158 3157//3157 3207//3207
f 3184//3184 3185//3185 3208//3208
f 3185//3185 3193//3193 3209//3209
f 3160//3160 3173//3173 3210//3210
f 3189//3189 3212//3212 3174//3174
f 3195//3195 3194//3194 3150//3150
f 3197//3197 3196//3196 3187//3187
f 3194//3194 3197//3197 3150//3150
f 3196//3196 3210//3210 3173//3173
f 3204//3204 3175//3175 3166//3166
f 3199//3199 3176//3176 3198//3198
f 3188//3188 3199//3199 3213//3213
f 3189//3189 3188//3188 3212//3212
f 3200//3200 3168//3168 3170//3170
f 3201//3201 3169//3169 3202//3202
f 3201//3201 3214//3214 3178//3178
f 3190//3190 3178//3178 3214//3214
f 3168//3168 3200//3200 3202//3202
f 3215//3215 3191//3191 3179//3179
f 3182//3182 3183//3183 3205//3205
f 3192//3192 3158//3158 3217//3217
f 3183//3183 3206//3206 3218//3218
f 3208//3208 3157//3157 3184//3184
f 3207//3207 3217//3217 3158//3158
f 3208//3208 3185//3185 3209//3209
f 3209//3209 3193//3193 3219//3219
f 3210//3210 3211//3211 3160//3160
f 3195//3195 3174//3174 3212//3212
f 3194//3194 3195//3195 3222//3222
f 3197//3197 3223//3223 3196//3196
f 3200//3200 3170//3170 3216//3216
f 3201//3201 3202//3202 3224//3224
f 3225//3225 3214//3214 3201//3201
f 3190//3190 3214//3214 3226//3226
f 3215//3215 3179//3179 3190//3190
f 3202//3202 3200//3200 3216//3216
f 3191//3191 3215//3215 3203//3203
f 3227//3227 3181//3181 3205//3205
f 3228//3228 3205//3205 3183//3183
f 3170//3170 3181//3181 3216//3216
f 3192//3192 3217//3217 3206//3206
f 3228//3228 3183//3183 3218//3218
f 3218//3218 3206//3206 3230//3230
f 3207//3207 3157//3157 3208//3208
f 3209//3209 3219//3219 3231//3231
f 3186//3186 3160//3160 3211//3211
f 3220//3220 3186//3186 3232//3232
f 3211//3211 3221//3221 3186//3186
f 3186//3186 3221//3221 3233//3233
f 3235//3235 3195//3195 3212//3212
f 3194//3194 3222//3222 3197//3197
f 3195//3195 3235//3235 3222//3222
f 3236//3236 3223//3223 3197//3197
f 3175//3175 3204//3204 3237//3237
f 3175//3175 3237//3237 3198//3198
f 3188//3188 3213//3213 3238//3238
f 3238//3238 3212//3212 3188//3188
f 3240//3240 3224//3224 3202//3202
f 3201//3201 3224//3224 3225//3225
f 3216//3216 3240//3240 3202//3202
f 3204//3204 3180//3180 3241//3241
f 3215//3215 3242//3242 3203//3203
f 3181//3181 3227//3227 3216//3216
f 3217//3217 3243//3243 3206//3206
f 3206//3206 3229//3229 3244//3244
f 3245//3245 3228//3228 3218//3218
f 3218//3218 3230//3230 3245//3245
f 3246//3246 3230//3230 3206//3206
f 3209//3209 3231//3231 3208//3208
f 3232//3232 3186//3186 3233//3233
f 3247//3247 3211//3211 3210//3210
f 3238//3238 3234//3234 3212//3212
f 3212//3212 3234//3234 3235//3235
f 3197//3197 3222//3222 3248//3248
f 3222//3222 3235//3235 3249//3249
f 3210//3210 3196//3196 3223//3223
f 3248//3248 3236//3236 3197//3197
f 3204//3204 3241//3241 3237//3237
f 3198//3198 3237//3237 3199//3199
f 3239//3239 3238//3238 3213//3213
f 3240//3240 3250//3250 3224//3224
f 3251//3251 3225//3225 3224//3224
f 3252//3252 3214//3214 3225//3225
f 3214//3214 3252//3252 3226//3226
f 3226//3226 3253//3253 3190//3190
f 3242//3242 3215//3215 3190//3190
f 3216//3216 3254//3254 3240//3240
f 3241//3241 3180//3180 3203//3203
f 3203//3203 3242//3242 3255//3255
f 3205//3205 3228//3228 3227//3227
f 3243//3243 3229//3229 3206//3206
f 3229//3229 3256//3256 3244//3244
f 3206//3206 3244//3244 3246//3246
f 3257//3257 3228//3228 3245//3245
f 3246//3246 3258//3258 3230//3230
f 3208//3208 3259//3259 3207//3207
f 3217//3217 3207//3207 3243//3243
f 3260//3260 3231//3231 3219//3219
f 3211//3211 3247//3247 3221//3221
f 3261//3261 3233//3233 3221//3221
f 3263//3263 3234//3234 3238//3238
f 3235//3235 3234//3234 3249//3249
f 3222//3222 3264//3264 3248//3248
f 3249//3249 3265//3265 3222//3222
f 3223//3223 3247//3247 3210//3210
f 3236//3236 3247//3247 3223//3223
f 3248//3248 3266//3266 3236//3236
f 3267//3267 3199//3199 3237//3237
f 3238//3238 3239//3239 3263//3263
f 3239//3239 3213//3213 3267//3267
f 3224//3224 3250//3250 3251//3251
f 3268//3268 3252//3252 3225//3225
f 3251//3251 3268//3268 3225//3225
f 3226//3226 3252//3252 3253//3253
f 3190//3190 3253//3253 3242//3242
f 3254//3254 3269//3269 3240//3240
f 3254//3254 3216//3216 3227//3227
f 3203//3203 3255//3255 3241//3241
f 3255//3255 3242//3242 3270//3270
f 3227//3227 3228//3228 3254//3254
f 3244//3244 3271//3271 3246//3246
f 3272//3272 3245//3245 3230//3230
f 3272//3272 3230//3230 3258//3258
f 3243//3243 3207//3207 3259//3259
f 3259//3259 3208//3208 3231//3231
f 3259//3259 3231//3231 3260//3260
f 3247//3247 3261//3261 3221//3221
f 3261//3261 3262//3262 3233//3233
f 3234//3234 3263//3263 3249//3249
f 3264//3264 3273//3273 3248//3248
f 3274//3274 3264//3264 3222//3222
f 3275//3275 3265//3265 3249//3249
f 3274//3274 3222//3222 3265//3265
f 3236//3236 3266//3266 3247//3247
f 3273//3273 3266//3266 3248//3248
f 3213//3213 3199//3199 3267//3267
f 3239//3239 3277//3277 3263//3263
f 3267//3267 3277//3277 3239//3239
f 3240//3240 3269//3269 3250//3250
f 3278//3278 3251//3251 3250//3250
f 3252//3252 3268//3268 3279//3279
f 3268//3268 3251//3251 3278//3278
f 3253//3253 3252//3252 3280//3280
f 3241//3241 3255//3255 3281//3281
f 3242//3242 3280//3280 3270//3270
f 3281//3281 3255//3255 3270//3270
f 3253//3253 3280//3280 3242//3242
f 3254//3254 3228//3228 3257//3257
f 3229//3229 3243//3243 3282//3282
f 3259//3259 3282//3282 3243//3243
f 3256//3256 3271//3271 3244//3244
f 3271//3271 3283//3283 3246//3246
f 3257//3257 3245//3245 3284//3284
f 3245//3245 3272//3272 3284//3284
f 3285//3285 3258//3258 3246//3246
f 3286//3286 3260//3260 3219//3219
f 3287//3287 3262//3262 3261//3261
f 3249//3249 3263//3263 3288//3288
f 3288//3288 3275//3275 3249//3249
f 3265//3265 3275//3275 3288//3288
f 3289//3289 3274//3274 3265//3265
f 3273//3273 3287//3287 3266//3266
f 3241//3241 3281//3281 3276//3276
f 3241//3241 3276//3276 3237//3237
f 3290//3290 3267//3267 3237//3237
f 3277//3277 3291//3291 3263//3263
f 3292//3292 3278//3278 3250//3250
f 3268//3268 3293//3293 3279//3279
f 3279//3279 3294//3294 3252//3252
f 3280//3280 3252//3252 3295//3295
f 3280//3280 3296//3296 3270//3270
f 3270//3270 3296//3296 3281//3281
f 3229//3229 3282//3282 3297//3297
f 3256//3256 3229//3229 3297//3297
f 3283//3283 3271//3271 3298//3298
f 3283//3283 3299//3299 3246//3246
f 3300//3300 3285//3285 3246//3246
f 3261//3261 3247//3247 3266//3266
f 3261//3261 3266//3266 3287//3287
f 3289//3289 3288//3288 3263//3263
f 3289//3289 3265//3265 3288//3288
f 3237//3237 3276//3276 3290//3290
f 3267//3267 3290//3290 3277//3277
f 3291//3291 3301//3301 3263//3263
f 3277//3277 3290//3290 3291//3291
f 3268//3268 3278//3278 3293//3293
f 3293//3293 3302//3302 3279//3279
f 3294//3294 3279//3279 3303//3303
f 3252//3252 3294//3294 3295//3295
f 3295//3295 3301//3301 3280//3280
f 3254//3254 3304//3304 3269//3269
f 3305//3305 3296//3296 3280//3280
f 3297//3297 3282//3282 3306//3306
f 3297//3297 3271//3271 3256//3256
f 3271//3271 3307//3307 3298//3298
f 3283//3283 3298//3298 3308//3308
f 3299//3299 3309//3309 3246//3246
f 3299//3299 3283//3283 3308//3308
f 3304//3304 3257//3257 3284//3284
f 3310//3310 3258//3258 3285//3285
f 3246//3246 3311//3311 3300//3300
f 3260//3260 3286//3286 3306//3306
f 3306//3306 3259//3259 3260//3260
f 3312//3312 3289//3289 3263//3263
f 3281//3281 3296//3296 3276//3276
f 3290//3290 3276//3276 3313//3313
f 3313//3313 3301//3301 3291//3291
f 3314//3314 3263//3263 3301//3301
f 3291//3291 3290//3290 3313//3313
f 3269//3269 3315//3315 3250//3250
f 3302//3302 3293//3293 3316//3316
f 3302//3302 3317//3317 3279//3279
f 3303//3303 3279//3279 3317//3317
f 3318//3318 3294//3294 3303//3303
f 3295//3295 3294//3294 3301//3301
f 3305//3305 3280//3280 3301//3301
f 3304//3304 3254//3254 3257//3257
f 3296//3296 3305//3305 3313//3313
f 3282//3282 3259//3259 3306//3306
f 3307//3307 3271//3271 3297//3297
f 3298//3298 3307//3307 3319//3319
f 3298//3298 3319//3319 3308//3308
f 3320//3320 3309//3309 3299//3299
f 3309//3309 3311//3311 3246//3246
f 3299//3299 3308//3308 3321//3321
f 3285//3285 3300//3300 3322//3322
f 3311//3311 3322//3322 3300//3300
f 3272//3272 3258//3258 3310//3310
f 3306//3306 3286//3286 3323//3323
f 3313//3313 3276//3276 3296//3296
f 3313//3313 3305//3305 3301//3301
f 3301//3301 3294//3294 3314//3314
f 3292//3292 3250//3250 3315//3315
f 3293//3293 3278//3278 3316//3316
f 3311//3311 3302//3302 3316//3316
f 3324//3324 3303//3303 3317//3317
f 3325//3325 3294//3294 3318//3318
f 3303//3303 3324//3324 3318//3318
f 3306//3306 3323//3323 3297//3297
f 3319//3319 3307//3307 3323//3323
f 3308//3308 3319//3319 3321//3321
f 3326//3326 3320//3320 3299//3299
f 3327//3327 3309//3309 3320//3320
f 3311//3311 3309//3309 3302//3302
f 3272//3272 3310//3310 3284//3284
f 3310//3310 3285//3285 3322//3322
f 3328//3328 3322//3322 3311//3311
f 3323//3323 3286//3286 3319//3319
f 3314//3314 3294//3294 3329//3329
f 3292//3292 3316//3316 3278//3278
f 3316//3316 3328//3328 3311//3311
f 3302//3302 3309//3309 3317//3317
f 3327//3327 3324//3324 3317//3317
f 3325//3325 3329//3329 3294//3294
f 3330//3330 3325//3325 3318//3318
f 3318//3318 3324//3324 3331//3331
f 3315//3315 3269//3269 3304//3304
f 3307//3307 3297//3297 3323//3323
f 3326//3326 3332//3332 3320//3320
f 3326//3326 3299//3299 3333//3333
f 3317//3317 3309//3309 3327//3327
f 3327//3327 3320//3320 3332//3332
f 3310//3310 3304//3304 3284//3284
f 3322//3322 3315//3315 3310//3310
f 3329//3329 3334//3334 3314//3314
f 3315//3315 3328//3328 3292//3292
f 3292//3292 3328//3328 3316//3316
f 3327//3327 3332//3332 3324//3324
f 3334//3334 3329//3329 3325//3325
f 3330//3330 3334//3334 3325//3325
f 3331//3331 3324//3324 3335//3335
f 3336//3336 3333//3333 3299//3299
f 3315//3315 3322//3322 3328//3328
f 3304//3304 3310//3310 3315//3315
f 3334//3334 3337//3337 3314//3314
f 3337//3337 3334//3334 3330//3330
f 3338//3338 3335//3335 3324//3324
f 3335//3335 3339//3339 3331//3331
f 3336//3336 3340//3340 3333//3333
f 3338//3338 3341//3341 3335//3335
f 3339//3339 3342//3342 3331//3331
f 3339//3339 3335//3335 3341//3341
f 3336//3336 3343//3343 3340//3340
f 3338//3338 3344//3344 3341//3341
f 3342//3342 3339//3339 3345//3345
f 3331//3331 3342//3342 3346//3346
f 3336//3336 3347//3347 3343//3343
f 3342//3342 3345//3345 3348//3348
f 3342//3342 3348//3348 3346//3346
f 3347//3347 3336//3336 3349//3349
f 3350//3350 3340//3340 3343//3343
f 3339//3339 3351//3351 3345//3345
f 3348//3348 3345//3345 3351//3351
f 3346//3346 3348//3348 3333//3333
f 3351//3351 3333//3333 3348//3348
f 3352//3352 3347//3347 3349//3349
f 3353//3353 3349//3349 3336//3336
f 3343//3343 3347//3347 3354//3354
f 3355//3355 3340//3340 3350//3350
f 3350//3350 3343//3343 3354//3354
f 3341//3341 3351//3351 3339//3339
f 3353//3353 3356//3356 3349//3349
f 3352//3352 3349//3349 3356//3356
f 3354//3354 3347//3347 3352//3352
f 3356//3356 3357//3357 3352//3352
f 3352//3352 3358//3358 3354//3354
f 3357//3357 3358//3358 3352//3352
f 3359//3359 3360//3360 3361//3361
f 3359//3359 3362//3362 3360//3360
f 3362//3362 3364//3364 3360//3360
f 3365//3365 3363//3363 3360//3360
f 3360//3360 3364//3364 3365//3365
f 3363//3363 3365//3365 3366//3366
f 3366//3366 3365//3365 3364//3364
f 3364//3364 3362//3362 3367//3367
f 3366//3366 3364//3364 3368//3368
f 3368//3368 3364//3364 3367//3367
f 3366//3366 3368//3368 3369//3369
f 3367//3367 3362//3362 3370//3370
f 3369//3369 3368//3368 3371//3371
f 3372//3372 3366//3366 3369//3369
f 3372//3372 3373//3373 3366//3366
f 3372//3372 3369//3369 3374//3374
f 3368//3368 3367//3367 3375//3375
f 3371//3371 3368//3368 3376//3376
f 3371//3371 3377//3377 3369//3369
f 3369//3369 3378//3378 3374//3374
f 3376//3376 3368//3368 3375//3375
f 3379//3379 3371//3371 3376//3376
f 3377//3377 3371//3371 3380//3380
f 3369//3369 3377//3377 3381//3381
f 3374//3374 3378//3378 3382//3382
f 3369//3369 3383//3383 3378//3378
f 3375//3375 3367//3367 3384//3384
f 3375//3375 3385//3385 3376//3376
f 3379//3379 3376//3376 3386//3386
f 3380//3380 3371//3371 3379//3379
f 3387//3387 3381//3381 3377//3377
f 3382//3382 3378//3378 3388//3388
f 3383//3383 3369//3369 3389//3389
f 3378//3378 3383//3383 3390//3390
f 3370//3370 3391//3391 3367//3367
f 3384//3384 3367//3367 3391//3391
f 3375//3375 3384//3384 3385//3385
f 3376//3376 3385//3385 3386//3386
f 3386//3386 3392//3392 3379//3379
f 3377//3377 3380//3380 3387//3387
f 3381//3381 3387//3387 3393//3393
f 3378//3378 3394//3394 3388//3388
f 3369//3369 3381//3381 3389//3389
f 3383//3383 3395//3395 3390//3390
f 3384//3384 3391//3391 3396//3396
f 3397//3397 3385//3385 3384//3384
f 3392//3392 3380//3380 3379//3379
f 3398//3398 3388//3388 3394//3394
f 3399//3399 3383//3383 3389//3389
f 3400//3400 3390//3390 3395//3395
f 3384//3384 3396//3396 3397//3397
f 3386//3386 3385//3385 3401//3401
f 3394//3394 3402//3402 3398//3398
f 3381//3381 3403//3403 3389//3389
f 3383//3383 3399//3399 3395//3395
f 3394//3394 3390//3390 3400//3400
f 3404//3404 3396//3396 3391//3391
f 3385//3385 3397//3397 3401//3401
f 3386//3386 3405//3405 3392//3392
f 3398//3398 3402//3402 3406//3406
f 3381//3381 3393//3393 3403//3403
f 3399//3399 3407//3407 3395//3395
f 3400//3400 3395//3395 3407//3407
f 3400//3400 3408//3408 3394//3394
f 3392//3392 3405//3405 3409//3409
f 3386//3386 3401//3401 3405//3405
f 3410//3410 3398//3398 3406//3406
f 3407//3407 3411//3411 3400//3400
f 3412//3412 3408//3408 3400//3400
f 3394//3394 3408//3408 3413//3413
f 3396//3396 3404//3404 3414//3414
f 3415//3415 3397//3397 3396//3396
f 3401//3401 3397//3397 3416//3416
f 3409//3409 3405//3405 3416//3416
f 3394//3394 3413//3413 3402//3402
f 3411//3411 3418//3418 3400//3400
f 3418//3418 3412//3412 3400//3400
f 3408//3408 3419//3419 3413//3413
f 3414//3414 3415//3415 3396//3396
f 3420//3420 3414//3414 3404//3404
f 3397//3397 3415//3415 3416//3416
f 3405//3405 3401//3401 3416//3416
f 3417//3417 3406//3406 3402//3402
f 3402//3402 3413//3413 3419//3419
f 3421//3421 3410//3410 3406//3406
f 3423//3423 3416//3416 3415//3415
f 3417//3417 3402//3402 3419//3419
f 3410//3410 3422//3422 3398//3398
f 3415//3415 3414//3414 3424//3424
f 3424//3424 3414//3414 3420//3420
f 3416//3416 3423//3423 3409//3409
f 3406//3406 3417//3417 3426//3426
f 3406//3406 3427//3427 3421//3421
f 3423//3423 3415//3415 3424//3424
f 3409//3409 3423//3423 3425//3425
f 3427//3427 3406//3406 3426//3426
f 3419//3419 3429//3429 3417//3417
f 3417//3417 3430//3430 3426//3426
f 3421//3421 3428//3428 3410//3410
f 3423//3423 3424//3424 3431//3431
f 3430//3430 3417//3417 3429//3429
f 3432//3432 3423//3423 3431//3431
f 3425//3425 3423//3423 3432//3432
f 3427//3427 3436//3436 3421//3421
f 3427//3427 3426//3426 3435//3435
f 3427//3427 3435//3435 3434//3434
f 3434//3434 3436//3436 3427//3427
f 3437//3437 3426//3426 3430//3430
f 3426//3426 3437//3437 3435//3435
f 3428//3428 3421//3421 3438//3438
f 3436//3436 3434//3434 3439//3439
f 3430//3430 3440//3440 3437//3437
f 3435//3435 3437//3437 3434//3434
f 3421//3421 3436//3436 3438//3438
f 3441//3441 3437//3437 3440//3440
f 3434//3434 3437//3437 3441//3441
f 3425//3425 3432//3432 3433//3433
f 3429//3429 3440//3440 3430//3430
f 3444//3444 3443//3443 3442//3442
f 3442//3442 3443//3443 3445//3445
f 3446//3446 3445//3445 3443//3443
f 3442//3442 3447//3447 3444//3444
f 3445//3445 3446//3446 3449//3449
f 3447//3447 3442//3442 3450//3450
f 3444//3444 3451//3451 3443//3443
f 3448//3448 3451//3451 3444//3444
f 3442//3442 3445//3445 3450//3450
f 3449//3449 3452//3452 3445//3445
f 3450//3450 3453//3453 3447//3447
f 3454//3454 3446//3446 3443//3443
f 3450//3450 3445//3445 3455//3455
f 3445//3445 3452//3452 3455//3455
f 3456//3456 3449//3449 3446//3446
f 3450//3450 3457//3457 3453//3453
f 3458//3458 3447//3447 3453//3453
f 3443//3443 3451//3451 3454//3454
f 3460//3460 3446//3446 3454//3454
f 3448//3448 3459//3459 3451//3451
f 3447//3447 3458//3458 3444//3444
f 3461//3461 3453//3453 3457//3457
f 3462//3462 3457//3457 3450//3450
f 3453//3453 3461//3461 3458//3458
f 3451//3451 3459//3459 3463//3463
f 3463//3463 3454//3454 3451//3451
f 3460//3460 3456//3456 3446//3446
f 3458//3458 3448//3448 3444//3444
f 3450//3450 3455//3455 3462//3462
f 3462//3462 3455//3455 3452//3452
f 3464//3464 3452//3452 3449//3449
f 3465//3465 3458//3458 3461//3461
f 3466//3466 3448//3448 3458//3458
f 3466//3466 3459//3459 3448//3448
f 3462//3462 3452//3452 3464//3464
f 3467//3467 3464//3464 3449//3449
f 3465//3465 3466//3466 3458//3458
f 3468//3468 3465//3465 3461//3461
f 3463//3463 3459//3459 3470//3470
f 3454//3454 3463//3463 3469//3469
f 3470//3470 3459//3459 3466//3466
f 3456//3456 3467//3467 3449//3449
f 3457//3457 3462//3462 3472//3472
f 3468//3468 3473//3473 3465//3465
f 3474//3474 3468//3468 3461//3461
f 3475//3475 3469//3469 3463//3463
f 3470//3470 3475//3475 3463//3463
f 3460//3460 3454//3454 3469//3469
f 3476//3476 3460//3460 3471//3471
f 3456//3456 3460//3460 3476//3476
f 3466//3466 3478//3478 3470//3470
f 3476//3476 3467//3467 3456//3456
f 3479//3479 3457//3457 3472//3472
f 3474//3474 3480//3480 3468//3468
f 3474//3474 3461//3461 3481//3481
f 3469//3469 3475//3475 3482//3482
f 3483//3483 3475//3475 3470//3470
f 3469//3469 3482//3482 3460//3460
f 3460//3460 3482//3482 3471//3471
f 3466//3466 3465//3465 3477//3477
f 3466//3466 3477//3477 3478//3478
f 3478//3478 3484//3484 3470//3470
f 3485//3485 3462//3462 3464//3464
f 3486//3486 3464//3464 3467//3467
f 3487//3487 3472//3472 3462//3462
f 3468//3468 3480//3480 3488//3488
f 3480//3480 3474//3474 3489//3489
f 3490//3490 3474//3474 3481//3481
f 3475//3475 3483//3483 3482//3482
f 3483//3483 3470//3470 3491//3491
f 3471//3471 3482//3482 3492//3492
f 3470//3470 3484//3484 3493//3493
f 3485//3485 3487//3487 3462//3462
f 3464//3464 3494//3494 3485//3485
f 3486//3486 3494//3494 3464//3464
f 3479//3479 3496//3496 3457//3457
f 3468//3468 3497//3497 3473//3473
f 3468//3468 3488//3488 3497//3497
f 3488//3488 3480//3480 3498//3498
f 3499//3499 3474//3474 3490//3490
f 3500//3500 3490//3490 3481//3481
f 3501//3501 3482//3482 3483//3483
f 3470//3470 3493//3493 3491//3491
f 3502//3502 3483//3483 3491//3491
f 3465//3465 3473//3473 3477//3477
f 3503//3503 3477//3477 3473//3473
f 3493//3493 3484//3484 3504//3504
f 3505//3505 3495//3495 3467//3467
f 3487//3487 3506//3506 3472//3472
f 3507//3507 3479//3479 3472//3472
f 3473//3473 3497//3497 3503//3503
f 3488//3488 3508//3508 3497//3497
f 3504//3504 3488//3488 3498//3498
f 3509//3509 3499//3499 3490//3490
f 3509//3509 3490//3490 3500//3500
f 3482//3482 3501//3501 3492//3492
f 3483//3483 3510//3510 3501//3501
f 3491//3491 3493//3493 3511//3511
f 3483//3483 3502//3502 3510//3510
f 3505//3505 3476//3476 3471//3471
f 3477//3477 3503//3503 3478//3478
f 3508//3508 3504//3504 3484//3484
f 3504//3504 3512//3512 3493//3493
f 3467//3467 3476//3476 3505//3505
f 3467//3467 3495//3495 3486//3486
f 3506//3506 3507//3507 3472//3472
f 3479//3479 3513//3513 3496//3496
f 3508//3508 3503//3503 3497//3497
f 3488//3488 3504//3504 3508//3508
f 3504//3504 3498//3498 3512//3512
f 3514//3514 3499//3499 3509//3509
f 3516//3516 3474//3474 3499//3499
f 3513//3513 3500//3500 3481//3481
f 3517//3517 3492//3492 3501//3501
f 3493//3493 3518//3518 3511//3511
f 3519//3519 3502//3502 3491//3491
f 3492//3492 3520//3520 3471//3471
f 3503//3503 3508//3508 3478//3478
f 3484//3484 3478//3478 3508//3508
f 3487//3487 3485//3485 3521//3521
f 3522//3522 3485//3485 3494//3494
f 3523//3523 3494//3494 3486//3486
f 3507//3507 3513//3513 3479//3479
f 3499//3499 3514//3514 3515//3515
f 3525//3525 3514//3514 3509//3509
f 3526//3526 3474//3474 3516//3516
f 3499//3499 3515//3515 3516//3516
f 3509//3509 3500//3500 3527//3527
f 3496//3496 3513//3513 3481//3481
f 3517//3517 3520//3520 3492//3492
f 3501//3501 3528//3528 3517//3517
f 3529//3529 3491//3491 3511//3511
f 3510//3510 3502//3502 3530//3530
f 3519//3519 3530//3530 3502//3502
f 3519//3519 3491//3491 3529//3529
f 3487//3487 3521//3521 3506//3506
f 3521//3521 3485//3485 3522//3522
f 3486//3486 3495//3495 3524//3524
f 3531//3531 3495//3495 3505//3505
f 3486//3486 3524//3524 3523//3523
f 3525//3525 3509//3509 3532//3532
f 3533//3533 3526//3526 3516//3516
f 3534//3534 3527//3527 3500//3500
f 3500//3500 3513//3513 3535//3535
f 3517//3517 3536//3536 3520//3520
f 3501//3501 3510//3510 3528//3528
f 3518//3518 3537//3537 3511//3511
f 3511//3511 3537//3537 3529//3529
f 3529//3529 3538//3538 3519//3519
f 3520//3520 3505//3505 3471//3471
f 3494//3494 3539//3539 3522//3522
f 3531//3531 3524//3524 3495//3495
f 3540//3540 3494//3494 3523//3523
f 3514//3514 3542//3542 3515//3515
f 3527//3527 3532//3532 3509//3509
f 3525//3525 3542//3542 3514//3514
f 3516//3516 3515//3515 3533//3533
f 3544//3544 3474//3474 3526//3526
f 3535//3535 3534//3534 3500//3500
f 3536//3536 3505//3505 3520//3520
f 3528//3528 3510//3510 3546//3546
f 3537//3537 3518//3518 3547//3547
f 3519//3519 3538//3538 3548//3548
f 3547//3547 3538//3538 3529//3529
f 3541//3541 3506//3506 3521//3521
f 3524//3524 3531//3531 3549//3549
f 3506//3506 3550//3550 3507//3507
f 3506//3506 3541//3541 3550//3550
f 3535//3535 3513//3513 3507//3507
f 3527//3527 3545//3545 3532//3532
f 3552//3552 3542//3542 3525//3525
f 3533//3533 3554//3554 3526//3526
f 3526//3526 3554//3554 3544//3544
f 3555//3555 3527//3527 3534//3534
f 3528//3528 3536//3536 3517//3517
f 3510//3510 3530//3530 3546//3546
f 3528//3528 3546//3546 3556//3556
f 3537//3537 3547//3547 3529//3529
f 3519//3519 3548//3548 3557//3557
f 3558//3558 3548//3548 3538//3538
f 3521//3521 3559//3559 3541//3541
f 3521//3521 3522//3522 3539//3539
f 3539//3539 3494//3494 3540//3540
f 3563//3563 3524//3524 3549//3549
f 3505//3505 3536//3536 3531//3531
f 3541//3541 3565//3565 3550//3550
f 3507//3507 3550//3550 3535//3535
f 3515//3515 3542//3542 3543//3543
f 3532//3532 3566//3566 3551//3551
f 3566//3566 3532//3532 3545//3545
f 3515//3515 3543//3543 3533//3533
f 3555//3555 3534//3534 3535//3535
f 3545//3545 3527//3527 3555//3555
f 3528//3528 3556//3556 3536//3536
f 3556//3556 3546//3546 3567//3567
f 3557//3557 3530//3530 3519//3519
f 3548//3548 3558//3558 3568//3568
f 3558//3558 3538//3538 3569//3569
f 3521//3521 3560//3560 3559//3559
f 3539//3539 3560//3560 3521//3521
f 3531//3531 3536//3536 3561//3561
f 3531//3531 3561//3561 3549//3549
f 3572//3572 3524//3524 3562//3562
f 3562//3562 3524//3524 3563//3563
f 3540//3540 3523//3523 3573//3573
f 3564//3564 3540//3540 3573//3573
f 3541//3541 3559//3559 3565//3565
f 3574//3574 3543//3543 3542//3542
f 3532//3532 3551//3551 3575//3575
f 3575//3575 3525//3525 3532//3532
f 3576//3576 3552//3552 3525//3525
f 3553//3553 3577//3577 3533//3533
f 3555//3555 3535//3535 3550//3550
f 3578//3578 3545//3545 3555//3555
f 3567//3567 3579//3579 3556//3556
f 3530//3530 3557//3557 3546//3546
f 3580//3580 3568//3568 3558//3558
f 3569//3569 3580//3580 3558//3558
f 3570//3570 3560//3560 3539//3539
f 3571//3571 3570//3570 3539//3539
f 3571//3571 3539//3539 3540//3540
f 3572//3572 3523//3523 3524//3524
f 3564//3564 3571//3571 3540//3540
f 3582//3582 3564//3564 3573//3573
f 3578//3578 3565//3565 3559//3559
f 3542//3542 3552//3552 3574//3574
f 3583//3583 3566//3566 3545//3545
f 3576//3576 3525//3525 3575//3575
f 3543//3543 3553//3553 3533//3533
f 3533//3533 3577//3577 3554//3554
f 3578//3578 3584//3584 3545//3545
f 3546//3546 3557//3557 3585//3585
f 3568//3568 3557//3557 3548//3548
f 3570//3570 3571//3571 3586//3586
f 3549//3549 3561//3561 3581//3581
f 3523//3523 3572//3572 3573//3573
f 3563//3563 3549//3549 3587//3587
f 3565//3565 3555//3555 3550//3550
f 3589//3589 3551//3551 3566//3566
f 3565//3565 3578//3578 3555//3555
f 3584//3584 3583//3583 3545//3545
f 3579//3579 3536//3536 3556//3556
f 3585//3585 3592//3592 3546//3546
f 3559//3559 3560//3560 3570//3570
f 3586//3586 3584//3584 3570//3570
f 3564//3564 3593//3593 3571//3571
f 3579//3579 3561//3561 3536//3536
f 3562//3562 3563//3563 3594//3594
f 3587//3587 3549//3549 3581//3581
f 3593//3593 3564//3564 3582//3582
f 3596//3596 3582//3582 3573//3573
f 3574//3574 3552//3552 3597//3597
f 3598//3598 3574//3574 3588//3588
f 3589//3589 3590//3590 3551//3551
f 3575//3575 3551//3551 3590//3590
f 3599//3599 3566//3566 3583//3583
f 3598//3598 3577//3577 3553//3553
f 3554//3554 3577//3577 3591//3591
f 3559//3559 3584//3584 3578//3578
f 3592//3592 3567//3567 3546//3546
f 3579//3579 3567//3567 3600//3600
f 3601//3601 3585//3585 3557//3557
f 3570//3570 3584//3584 3559//3559
f 3584//3584 3586//3586 3602//3602
f 3586//3586 3571//3571 3593//3593
f 3579//3579 3600//3600 3561//3561
f 3561//3561 3600//3600 3581//3581
f 3572//3572 3596//3596 3573//3573
f 3603//3603 3562//3562 3594//3594
f 3563//3563 3587//3587 3604//3604
f 3587//3587 3581//3581 3607//3607
f 3596//3596 3608//3608 3582//3582
f 3597//3597 3588//3588 3574//3574
f 3609//3609 3598//3598 3588//3588
f 3610//3610 3575//3575 3590//3590
f 3589//3589 3566//3566 3599//3599
f 3611//3611 3599//3599 3583//3583
f 3583//3583 3584//3584 3602//3602
f 3598//3598 3553//3553 3543//3543
f 3591//3591 3577//3577 3612//3612
f 3598//3598 3543//3543 3574//3574
f 3592//3592 3600//3600 3567//3567
f 3557//3557 3568//3568 3613//3613
f 3613//3613 3568//3568 3580//3580
f 3606//3606 3594//3594 3563//3563
f 3604//3604 3595//3595 3563//3563
f 3563//3563 3595//3595 3606//3606
f 3587//3587 3614//3614 3605//3605
f 3587//3587 3607//3607 3614//3614
f 3596//3596 3615//3615 3608//3608
f 3609//3609 3616//3616 3598//3598
f 3617//3617 3609//3609 3588//3588
f 3602//3602 3611//3611 3583//3583
f 3618//3618 3576//3576 3575//3575
f 3576//3576 3597//3597 3552//3552
f 3598//3598 3616//3616 3577//3577
f 3619//3619 3585//3585 3601//3601
f 3601//3601 3557//3557 3613//3613
f 3593//3593 3602//3602 3586//3586
f 3596//3596 3572//3572 3603//3603
f 3603//3603 3572//3572 3562//3562
f 3620//3620 3603//3603 3594//3594
f 3604//3604 3587//3587 3605//3605
f 3595//3595 3604//3604 3621//3621
f 3582//3582 3608//3608 3593//3593
f 3610//3610 3618//3618 3575//3575
f 3597//3597 3576//3576 3618//3618
f 3612//3612 3577//3577 3616//3616
f 3592//3592 3585//3585 3619//3619
f 3625//3625 3601//3601 3613//3613
f 3602//3602 3593//3593 3623//3623
f 3596//3596 3603//3603 3626//3626
f 3626//3626 3615//3615 3596//3596
f 3627//3627 3620//3620 3594//3594
f 3628//3628 3594//3594 3606//3606
f 3621//3621 3604//3604 3629//3629
f 3595//3595 3622//3622 3606//3606
f 3607//3607 3581//3581 3630//3630
f 3581//3581 3600//3600 3630//3630
f 3593//3593 3608//3608 3631//3631
f 3608//3608 3615//3615 3632//3632
f 3597//3597 3633//3633 3588//3588
f 3634//3634 3617//3617 3588//3588
f 3635//3635 3616//3616 3609//3609
f 3624//3624 3618//3618 3610//3610
f 3611//3611 3637//3637 3599//3599
f 3636//3636 3590//3590 3589//3589
f 3618//3618 3624//3624 3597//3597
f 3592//3592 3638//3638 3600//3600
f 3625//3625 3619//3619 3601//3601
f 3627//3627 3639//3639 3620//3620
f 3621//3621 3629//3629 3640//3640
f 3623//3623 3593//3593 3631//3631
f 3608//3608 3632//3632 3631//3631
f 3634//3634 3588//3588 3633//3633
f 3590//3590 3642//3642 3610//3610
f 3624//3624 3610//3610 3643//3643
f 3589//3589 3599//3599 3636//3636
f 3644//3644 3637//3637 3611//3611
f 3633//3633 3597//3597 3624//3624
f 3612//3612 3616//3616 3645//3645
f 3619//3619 3638//3638 3592//3592
f 3630//3630 3600//3600 3638//3638
f 3623//3623 3611//3611 3602//3602
f 3627//3627 3594//3594 3628//3628
f 3626//3626 3603//3603 3620//3620
f 3628//3628 3606//3606 3622//3622
f 3622//3622 3595//3595 3641//3641
f 3621//3621 3641//3641 3595//3595
f 3633//3633 3647//3647 3634//3634
f 3645//3645 3616//3616 3635//3635
f 3643//3643 3610//3610 3642//3642
f 3648//3648 3624//3624 3643//3643
f 3611//3611 3623//3623 3644//3644
f 3612//3612 3645//3645 3651//3651
f 3652//3652 3638//3638 3619//3619
f 3653//3653 3630//3630 3638//3638
f 3625//3625 3646//3646 3619//3619
f 3639//3639 3626//3626 3620//3620
f 3655//3655 3640//3640 3629//3629
f 3641//3641 3621//3621 3656//3656
f 3640//3640 3656//3656 3621//3621
f 3650//3650 3647//3647 3633//3633
f 3624//3624 3648//3648 3649//3649
f 3633//3633 3624//3624 3649//3649
f 3659//3659 3590//3590 3636//3636
f 3636//3636 3599//3599 3637//3637
f 3650//3650 3633//3633 3649//3649
f 3619//3619 3660//3660 3652//3652
f 3638//3638 3652//3652 3653//3653
f 3619//3619 3646//3646 3660//3660
f 3613//3613 3646//3646 3625//3625
f 3644//3644 3623//3623 3658//3658
f 3628//3628 3654//3654 3627//3627
f 3639//3639 3627//3627 3661//3661
f 3641//3641 3656//3656 3657//3657
f 3628//3628 3622//3622 3654//3654
f 3641//3641 3657//3657 3622//3622
f 3654//3654 3622//3622 3657//3657
f 3631//3631 3658//3658 3623//3623
f 3615//3615 3662//3662 3632//3632
f 3663//3663 3631//3631 3632//3632
f 3590//3590 3659//3659 3642//3642
f 3637//3637 3644//3644 3664//3664
f 3665//3665 3650//3650 3649//3649
f 3615//3615 3626//3626 3662//3662
f 3627//3627 3654//3654 3667//3667
f 3639//3639 3661//3661 3668//3668
f 3626//3626 3639//3639 3662//3662
f 3656//3656 3640//3640 3655//3655
f 3663//3663 3632//3632 3670//3670
f 3649//3649 3648//3648 3671//3671
f 3659//3659 3636//3636 3637//3637
f 3664//3664 3644//3644 3658//3658
f 3652//3652 3660//3660 3666//3666
f 3667//3667 3661//3661 3627//3627
f 3668//3668 3661//3661 3673//3673
f 3639//3639 3668//3668 3662//3662
f 3657//3657 3669//3669 3654//3654
f 3631//3631 3663//3663 3658//3658
f 3632//3632 3662//3662 3670//3670
f 3665//3665 3649//3649 3674//3674
f 3674//3674 3649//3649 3671//3671
f 3643//3643 3671//3671 3648//3648
f 3664//3664 3675//3675 3637//3637
f 3661//3661 3667//3667 3672//3672
f 3661//3661 3672//3672 3673//3673
f 3657//3657 3656//3656 3655//3655
f 3654//3654 3669//3669 3667//3667
f 3662//3662 3668//3668 3670//3670
f 3678//3678 3663//3663 3670//3670
f 3676//3676 3664//3664 3658//3658
f 3658//3658 3680//3680 3676//3676
f 3681//3681 3667//3667 3669//3669
f 3669//3669 3657//3657 3677//3677
f 3658//3658 3663//3663 3680//3680
f 3670//3670 3668//3668 3682//3682
f 3682//3682 3678//3678 3670//3670
f 3679//3679 3643//3643 3642//3642
f 3683//3683 3665//3665 3674//3674
f 3679//3679 3671//3671 3643//3643
f 3642//3642 3659//3659 3679//3679
f 3637//3637 3675//3675 3659//3659
f 3676//3676 3675//3675 3664//3664
f 3667//3667 3681//3681 3672//3672
f 3673//3673 3684//3684 3668//3668
f 3677//3677 3685//3685 3669//3669
f 3668//3668 3684//3684 3682//3682
f 3682//3682 3686//3686 3678//3678
f 3687//3687 3663//3663 3678//3678
f 3683//3683 3688//3688 3665//3665
f 3674//3674 3671//3671 3683//3683
f 3671//3671 3679//3679 3689//3689
f 3673//3673 3672//3672 3690//3690
f 3685//3685 3677//3677 3691//3691
f 3681//3681 3669//3669 3685//3685
f 3680//3680 3663//3663 3687//3687
f 3682//3682 3684//3684 3692//3692
f 3682//3682 3692//3692 3686//3686
f 3678//3678 3686//3686 3693//3693
f 3694//3694 3687//3687 3678//3678
f 3695//3695 3688//3688 3683//3683
f 3683//3683 3671//3671 3689//3689
f 3659//3659 3675//3675 3679//3679
f 3676//3676 3696//3696 3675//3675
f 3685//3685 3691//3691 3697//3697
f 3693//3693 3694//3694 3678//3678
f 3675//3675 3689//3689 3679//3679
f 3676//3676 3680//3680 3698//3698
f 3699//3699 3672//3672 3681//3681
f 3699//3699 3681//3681 3685//3685
f 3686//3686 3692//3692 3700//3700
f 3694//3694 3693//3693 3701//3701
f 3702//3702 3695//3695 3683//3683
f 3689//3689 3675//3675 3703//3703
f 3683//3683 3689//3689 3703//3703
f 3696//3696 3676//3676 3698//3698
f 3690//3690 3672//3672 3704//3704
f 3685//3685 3697//3697 3699//3699
f 3683//3683 3703//3703 3705//3705
f 3683//3683 3705//3705 3702//3702
f 3675//3675 3696//3696 3706//3706
f 3672//3672 3699//3699 3704//3704
f 3690//3690 3707//3707 3673//3673
f 3684//3684 3673//3673 3707//3707
f 3700//3700 3692//3692 3684//3684
f 3675//3675 3706//3706 3703//3703
f 3680//3680 3687//3687 3698//3698
f 3684//3684 3707//3707 3700//3700
f 3708//3708 3694//3694 3701//3701
f 3709//3709 3687//3687 3694//3694
f 3703//3703 3710//3710 3705//3705
f 3698//3698 3687//3687 3709//3709
f 3708//3708 3709//3709 3694//3694
f 3710//3710 3711//3711 3705//3705
f 3703//3703 3712//3712 3710//3710
f 3703//3703 3706//3706 3712//3712
f 3698//3698 3712//3712 3696//3696
f 3696//3696 3712//3712 3706//3706
f 3709//3709 3713//3713 3698//3698
f 3712//3712 3713//3713 3710//3710
f 3713//3713 3712//3712 3698//3698
f 3709//3709 3708//3708 3713//3713
f 3713//3713 3708//3708 3714//3714
f 3714//3714 3710//3710 3713//3713
f 3715//3715 3716//3716 3717//3717
f 3715//3715 3718//3718 3716//3716
f 3717//3717 3716//3716 3719//3719
f 3719//3719 3716//3716 3720//3720
f 3719//3719 3721//3721 3717//3717
f 3716//3716 3718//3718 3722//3722
f 3716//3716 3722//3722 3720//3720
f 3719//3719 3720//3720 3724//3724
f 3722//3722 3718//3718 3723//3723
f 3722//3722 3725//3725 3720//3720
f 3724//3724 3720//3720 3725//3725
f 3725//3725 3722//3722 3726//3726
f 3728//3728 3722//3722 3723//3723
f 3726//3726 3729//3729 3725//3725
f 3722//3722 3728//3728 3726//3726
f 3727//3727 3728//3728 3723//3723
f 3728//3728 3727//3727 3730//3730
f 3726//3726 3731//3731 3729//3729
f 3729//3729 3733//3733 3725//3725
f 3727//3727 3734//3734 3730//3730
f 3736//3736 3732//3732 3729//3729
f 3737//3737 3733//3733 3729//3729
f 3728//3728 3731//3731 3726//3726
f 3735//3735 3728//3728 3730//3730
f 3735//3735 3731//3731 3728//3728
f 3736//3736 3729//3729 3731//3731
f 3738//3738 3729//3729 3732//3732
f 3733//3733 3737//3737 3739//3739
f 3730//3730 3734//3734 3740//3740
f 3741//3741 3738//3738 3732//3732
f 3732//3732 3736//3736 3742//3742
f 3738//3738 3737//3737 3729//3729
f 3730//3730 3743//3743 3735//3735
f 3731//3731 3735//3735 3745//3745
f 3742//3742 3741//3741 3732//3732
f 3738//3738 3741//3741 3747//3747
f 3736//3736 3746//3746 3742//3742
f 3737//3737 3738//3738 3739//3739
f 3743//3743 3730//3730 3740//3740
f 3743//3743 3744//3744 3735//3735
f 3745//3745 3746//3746 3731//3731
f 3731//3731 3746//3746 3736//3736
f 3750//3750 3741//3741 3742//3742
f 3747//3747 3741//3741 3751//3751
f 3747//3747 3739//3739 3738//3738
f 3742//3742 3746//3746 3752//3752
f 3749//3749 3740//3740 3734//3734
f 3748//3748 3754//3754 3734//3734
f 3754//3754 3749//3749 3734//3734
f 3735//3735 3744//3744 3745//3745
f 3741//3741 3750//3750 3751//3751
f 3755//3755 3750//3750 3742//3742
f 3743//3743 3740//3740 3753//3753
f 3751//3751 3750//3750 3756//3756
f 3755//3755 3742//3742 3752//3752
f 3750//3750 3755//3755 3756//3756
f 3745//3745 3752//3752 3746//3746
f 3756//3756 3761//3761 3751//3751
f 3755//3755 3752//3752 3757//3757
f 3756//3756 3755//3755 3762//3762
f 3740//3740 3758//3758 3753//3753
f 3758//3758 3740//3740 3763//3763
f 3743//3743 3765//3765 3744//3744
f 3760//3760 3744//3744 3759//3759
f 3744//3744 3765//3765 3759//3759
f 3761//3761 3756//3756 3766//3766
f 3760//3760 3757//3757 3752//3752
f 3749//3749 3754//3754 3767//3767
f 3749//3749 3764//3764 3740//3740
f 3743//3743 3753//3753 3765//3765
f 3760//3760 3745//3745 3744//3744
f 3751//3751 3761//3761 3769//3769
f 3770//3770 3761//3761 3766//3766
f 3755//3755 3757//3757 3762//3762
f 3772//3772 3756//3756 3762//3762
f 3745//3745 3760//3760 3752//3752
f 3764//3764 3749//3749 3767//3767
f 3764//3764 3763//3763 3740//3740
f 3766//3766 3756//3756 3772//3772
f 3761//3761 3768//3768 3773//3773
f 3773//3773 3769//3769 3761//3761
f 3761//3761 3770//3770 3768//3768
f 3762//3762 3757//3757 3774//3774
f 3772//3772 3762//3762 3771//3771
f 3762//3762 3774//3774 3771//3771
f 3765//3765 3753//3753 3758//3758
f 3765//3765 3775//3775 3759//3759
f 3760//3760 3759//3759 3776//3776
f 3777//3777 3766//3766 3772//3772
f 3778//3778 3773//3773 3768//3768
f 3757//3757 3760//3760 3774//3774
f 3758//3758 3763//3763 3779//3779
f 3776//3776 3759//3759 3775//3775
f 3766//3766 3777//3777 3770//3770
f 3768//3768 3770//3770 3780//3780
f 3760//3760 3776//3776 3774//3774
f 3781//3781 3758//3758 3779//3779
f 3764//3764 3767//3767 3782//3782
f 3784//3784 3765//3765 3758//3758
f 3764//3764 3782//3782 3783//3783
f 3777//3777 3772//3772 3786//3786
f 3778//3778 3768//3768 3780//3780
f 3776//3776 3775//3775 3774//3774
f 3772//3772 3771//3771 3786//3786
f 3785//3785 3774//3774 3775//3775
f 3785//3785 3771//3771 3774//3774
f 3758//3758 3781//3781 3787//3787
f 3788//3788 3779//3779 3763//3763
f 3764//3764 3788//3788 3763//3763
f 3784//3784 3775//3775 3765//3765
f 3777//3777 3789//3789 3770//3770
f 3786//3786 3789//3789 3777//3777
f 3780//3780 3770//3770 3791//3791
f 3780//3780 3790//3790 3778//3778
f 3771//3771 3785//3785 3793//3793
f 3784//3784 3758//3758 3787//3787
f 3764//3764 3783//3783 3788//3788
f 3792//3792 3780//3780 3791//3791
f 3793//3793 3786//3786 3771//3771
f 3770//3770 3789//3789 3795//3795
f 3775//3775 3784//3784 3785//3785
f 3787//3787 3781//3781 3794//3794
f 3783//3783 3782//3782 3797//3797
f 3783//3783 3798//3798 3788//3788
f 3791//3791 3770//3770 3795//3795
f 3785//3785 3784//3784 3796//3796
f 3787//3787 3794//3794 3796//3796
f 3783//3783 3797//3797 3800//3800
f 3788//3788 3798//3798 3779//3779
f 3793//3793 3801//3801 3786//3786
f 3785//3785 3801//3801 3793//3793
f 3796//3796 3784//3784 3787//3787
f 3796//3796 3794//3794 3802//3802
f 3798//3798 3799//3799 3779//3779
f 3800//3800 3798//3798 3783//3783
f 3801//3801 3785//3785 3796//3796
f 3779//3779 3803//3803 3781//3781
f 3795//3795 3789//3789 3786//3786
f 3799//3799 3803//3803 3779//3779
f 3798//3798 3800//3800 3806//3806
f 3795//3795 3805//3805 3804//3804
f 3795//3795 3786//3786 3801//3801
f 3805//3805 3795//3795 3801//3801
f 3794//3794 3781//3781 3803//3803
f 3794//3794 3807//3807 3802//3802
f 3799//3799 3798//3798 3806//3806
f 3801//3801 3796//3796 3802//3802
f 3807//3807 3794//3794 3803//3803
f 3806//3806 3808//3808 3799//3799
f 3808//3808 3810//3810 3799//3799
f 3805//3805 3811//3811 3804//3804
f 3801//3801 3802//3802 3809//3809
f 3810//3810 3803//3803 3799//3799
f 3809//3809 3805//3805 3801//3801
f 3802//3802 3807//3807 3809//3809
f 3805//3805 3812//3812 3811//3811
f 3807//3807 3803//3803 3813//3813
f 3813//3813 3803//3803 3810//3810
f 3812//3812 3805//3805 3809//3809
f 3815//3815 3811//3811 3812//3812
f 3807//3807 3813//3813 3809//3809
f 3810//3810 3814//3814 3813//3813
f 3816//3816 3814//3814 3810//3810
f 3815//3815 3817//3817 3811//3811
f 3809//3809 3813//3813 3812//3812
f 3818//3818 3815//3815 3812//3812
f 3812//3812 3813//3813 3814//3814
f 3812//3812 3816//3816 3818//3818
f 3814//3814 3816//3816 3812//3812
f 3820//3820 3819//3819 3817//3817
f 3821//3821 3817//3817 3815//3815
f 3815//3815 3818//3818 3822//3822
f 3824//3824 3819//3819 3820//3820
f 3821//3821 3815//3815 3823//3823
f 3815//3815 3822//3822 3823//3823
f 3820//3820 3817//3817 3821//3821
f 3826//3826 3823//3823 3822//3822
f 3821//3821 3823//3823 3826//3826
f 3822//3822 3825//3825 3826//3826
f 3819//3819 3824//3824 3830//3830
f 3827//3827 3819//3819 3830//3830
f 3828//3828 3820//3820 3821//3821
f 3829//3829 3820//3820 3828//3828
f 3824//3824 3820//3820 3829//3829
f 3824//3824 3831//3831 3830//3830
f 3827//3827 3830//3830 3832//3832
f 3821//3821 3833//3833 3828//3828
f 3826//3826 3833//3833 3821//3821
f 3835//3835 3829//3829 3828//3828
f 3829//3829 3831//3831 3824//3824
f 3837//3837 3825//3825 3834//3834
f 3825//3825 3833//3833 3826//3826
f 3835//3835 3836//3836 3829//3829
f 3831//3831 3829//3829 3838//3838
f 3836//3836 3838//3838 3829//3829
f 3839//3839 3834//3834 3825//3825
f 3825//3825 3837//3837 3833//3833
f 3835//3835 3828//3828 3840//3840
f 3836//3836 3835//3835 3841//3841
f 3834//3834 3842//3842 3837//3837
f 3840//3840 3843//3843 3835//3835
f 3835//3835 3843//3843 3841//3841
f 3836//3836 3841//3841 3844//3844
f 3828//3828 3833//3833 3840//3840
f 3840//3840 3845//3845 3843//3843
f 3841//3841 3843//3843 3847//3847
f 3838//3838 3836//3836 3844//3844
f 3847//3847 3844//3844 3841//3841
f 3830//3830 3831//3831 3848//3848
f 3833//3833 3845//3845 3840//3840
f 3845//3845 3833//3833 3846//3846
f 3837//3837 3846//3846 3833//3833
f 3843//3843 3851//3851 3847//3847
f 3852//3852 3838//3838 3844//3844
f 3847//3847 3853//3853 3844//3844
f 3849//3849 3837//3837 3850//3850
f 3837//3837 3842//3842 3854//3854
f 3837//3837 3849//3849 3846//3846
f 3847//3847 3851//3851 3855//3855
f 3852//3852 3844//3844 3853//3853
f 3838//3838 3852//3852 3831//3831
f 3856//3856 3849//3849 3850//3850
f 3854//3854 3850//3850 3837//3837
f 3849//3849 3845//3845 3846//3846
f 3845//3845 3849//3849 3843//3843
f 3860//3860 3855//3855 3851//3851
f 3857//3857 3856//3856 3850//3850
f 3858//3858 3857//3857 3850//3850
f 3859//3859 3858//3858 3850//3850
f 3849//3849 3856//3856 3843//3843
f 3843//3843 3856//3856 3851//3851
f 3861//3861 3855//3855 3860//3860
f 3863//3863 3851//3851 3856//3856
f 3860//3860 3864//3864 3861//3861
f 3856//3856 3857//3857 3862//3862
f 3859//3859 3850//3850 3854//3854
f 3863//3863 3864//3864 3860//3860
f 3860//3860 3851//3851 3863//3863
f 3856//3856 3862//3862 3865//3865
f 3857//3857 3858//3858 3862//3862
f 3858//3858 3859//3859 3866//3866
f 3865//3865 3863//3863 3856//3856
f 3863//3863 3867//3867 3864//3864
f 3861//3861 3864//3864 3868//3868
f 3855//3855 3861//3861 3870//3870
f 3862//3862 3858//3858 3866//3866
f 3863//3863 3871//3871 3867//3867
f 3868//3868 3869//3869 3861//3861
f 3864//3864 3872//3872 3868//3868
f 3870//3870 3861//3861 3869//3869
f 3865//3865 3862//3862 3866//3866
f 3863//3863 3865//3865 3871//3871
f 3865//3865 3866//3866 3873//3873
f 3865//3865 3873//3873 3871//3871
f 3875//3875 3876//3876 3874//3874
f 3876//3876 3878//3878 3874//3874
f 3874//3874 3877//3877 3879//3879
f 3877//3877 3874//3874 3878//3878
f 3875//3875 3881//3881 3876//3876
f 3876//3876 3882//3882 3880//3880
f 3883//3883 3879//3879 3877//3877
f 3876//3876 3881//3881 3882//3882
f 3880//3880 3882//3882 3884//3884
f 3876//3876 3880//3880 3878//3878
f 3879//3879 3883//3883 3885//3885
f 3878//3878 3880//3880 3887//3887
f 3884//3884 3888//3888 3880//3880
f 3882//3882 3881//3881 3886//3886
f 3880//3880 3889//3889 3887//3887
f 3889//3889 3880//3880 3888//3888
f 3878//3878 3887//3887 3877//3877
f 3884//3884 3882//3882 3886//3886
f 3887//3887 3889//3889 3893//3893
f 3888//3888 3894//3894 3889//3889
f 3890//3890 3883//3883 3877//3877
f 3891//3891 3883//3883 3890//3890
f 3891//3891 3885//3885 3883//3883
f 3892//3892 3886//3886 3881//3881
f 3888//3888 3895//3895 3894//3894
f 3890//3890 3877//3877 3887//3887
f 3885//3885 3891//3891 3896//3896
f 3889//3889 3898//3898 3893//3893
f 3887//3887 3893//3893 3890//3890
f 3895//3895 3888//3888 3884//3884
f 3898//3898 3889//3889 3894//3894
f 3896//3896 3891//3891 3897//3897
f 3891//3891 3899//3899 3897//3897
f 3884//3884 3901//3901 3895//3895
f 3895//3895 3902//3902 3894//3894
f 3900//3900 3891//3891 3890//3890
f 3903//3903 3896//3896 3897//3897
f 3886//3886 3901//3901 3884//3884
f 3898//3898 3890//3890 3893//3893
f 3895//3895 3901//3901 3904//3904
f 3895//3895 3905//3905 3902//3902
f 3898//3898 3894//3894 3902//3902
f 3900//3900 3899//3899 3891//3891
f 3907//3907 3896//3896 3903//3903
f 3886//3886 3892//3892 3901//3901
f 3904//3904 3905//3905 3895//3895
f 3902//3902 3909//3909 3898//3898
f 3899//3899 3900//3900 3910//3910
f 3899//3899 3906//3906 3897//3897
f 3911//3911 3901//3901 3892//3892
f 3900//3900 3908//3908 3910//3910
f 3890//3890 3898//3898 3912//3912
f 3905//3905 3913//3913 3902//3902
f 3900//3900 3890//3890 3912//3912
f 3898//3898 3914//3914 3912//3912
f 3915//3915 3905//3905 3904//3904
f 3913//3913 3905//3905 3916//3916
f 3909//3909 3902//3902 3913//3913
f 3906//3906 3917//3917 3897//3897
f 3917//3917 3903//3903 3897//3897
f 3912//3912 3918//3918 3900//3900
f 3901//3901 3919//3919 3904//3904
f 3904//3904 3919//3919 3915//3915
f 3916//3916 3920//3920 3913//3913
f 3898//3898 3909//3909 3914//3914
f 3899//3899 3910//3910 3906//3906
f 3921//3921 3903//3903 3917//3917
f 3918//3918 3922//3922 3900//3900
f 3901//3901 3911//3911 3919//3919
f 3919//3919 3924//3924 3915//3915
f 3915//3915 3916//3916 3905//3905
f 3925//3925 3913//3913 3920//3920
f 3920//3920 3916//3916 3926//3926
f 3913//3913 3927//3927 3909//3909
f 3928//3928 3917//3917 3906//3906
f 3929//3929 3921//3921 3917//3917
f 3908//3908 3900//3900 3923//3923
f 3928//3928 3906//3906 3910//3910
f 3922//3922 3918//3918 3930//3930
f 3900//3900 3922//3922 3931//3931
f 3900//3900 3931//3931 3923//3923
f 3925//3925 3920//3920 3932//3932
f 3913//3913 3925//3925 3927//3927
f 3924//3924 3920//3920 3926//3926
f 3914//3914 3909//3909 3927//3927
f 3933//3933 3917//3917 3928//3928
f 3921//3921 3929//3929 3934//3934
f 3935//3935 3919//3919 3911//3911
f 3923//3923 3931//3931 3937//3937
f 3920//3920 3924//3924 3932//3932
f 3929//3929 3917//3917 3933//3933
f 3928//3928 3910//3910 3938//3938
f 3918//3918 3912//3912 3936//3936
f 3936//3936 3930//3930 3918//3918
f 3937//3937 3939//3939 3923//3923
f 3925//3925 3914//3914 3927//3927
f 3915//3915 3924//3924 3926//3926
f 3932//3932 3924//3924 3940//3940
f 3928//3928 3938//3938 3933//3933
f 3910//3910 3908//3908 3938//3938
f 3936//3936 3942//3942 3930//3930
f 3922//3922 3943//3943 3931//3931
f 3939//3939 3944//3944 3923//3923
f 3908//3908 3923//3923 3944//3944
f 3940//3940 3924//3924 3919//3919
f 3926//3926 3916//3916 3915//3915
f 3933//3933 3938//3938 3946//3946
f 3935//3935 3940//3940 3919//3919
f 3914//3914 3941//3941 3912//3912
f 3912//3912 3947//3947 3936//3936
f 3912//3912 3941//3941 3947//3947
f 3937//3937 3931//3931 3943//3943
f 3938//3938 3908//3908 3944//3944
f 3948//3948 3945//3945 3937//3937
f 3937//3937 3945//3945 3949//3949
f 3949//3949 3939//3939 3937//3937
f 3933//3933 3946//3946 3950//3950
f 3929//3929 3933//3933 3950//3950
f 3938//3938 3944//3944 3946//3946
f 3951//3951 3934//3934 3929//3929
f 3925//3925 3941//3941 3914//3914
f 3948//3948 3937//3937 3943//3943
f 3929//3929 3950//3950 3951//3951
f 3944//3944 3953//3953 3946//3946
f 3955//3955 3922//3922 3930//3930
f 3944//3944 3939//3939 3952//3952
f 3956//3956 3948//3948 3943//3943
f 3957//3957 3951//3951 3950//3950
f 3946//3946 3953//3953 3958//3958
f 3954//3954 3934//3934 3951//3951
f 3943//3943 3922//3922 3955//3955
f 3960//3960 3944//3944 3952//3952
f 3956//3956 3943//3943 3959//3959
f 3939//3939 3949//3949 3961//3961
f 3952//3952 3939//3939 3961//3961
f 3953//3953 3944//3944 3960//3960
f 3943//3943 3955//3955 3959//3959
f 3964//3964 3962//3962 3955//3955
f 3962//3962 3959//3959 3955//3955
f 3965//3965 3960//3960 3952//3952
f 3965//3965 3952//3952 3961//3961
f 3951//3951 3957//3957 3966//3966
f 3967//3967 3954//3954 3963//3963
f 3963//3963 3954//3954 3966//3966
f 3962//3962 3964//3964 3968//3968
f 3962//3962 3968//3968 3959//3959
f 3965//3965 3953//3953 3960//3960
f 3954//3954 3951//3951 3966//3966
f 3970//3970 3959//3959 3968//3968
f 3953//3953 3965//3965 3969//3969
f 3970//3970 3968//3968 3971//3971
f 3972//3972 3971//3971 3968//3968
f 3972//3972 3973//3973 3971//3971
f 3974//3974 3970//3970 3971//3971
f 3973//3973 3975//3975 3971//3971
f 3971//3971 3977//3977 3974//3974
f 3976//3976 3971//3971 3975//3975
f 3977//3977 3971//3971 3976//3976
f 3975//3975 3978//3978 3976//3976
f 3979//3979 3980//3980 3981//3981
f 3981//3981 3982//3982 3979//3979
f 3983//3983 3980//3980 3979//3979
f 3981//3981 3980//3980 3985//3985
f 3981//3981 3986//3986 3982//3982
f 3982//3982 3987//3987 3979//3979
f 3984//3984 3980//3980 3983//3983
f 3989//3989 3980//3980 3984//3984
f 3990//3990 3986//3986 3981//3981
f 3982//3982 3986//3986 3991//3991
f 3988//3988 3979//3979 3987//3987
f 3979//3979 3992//3992 3983//3983
f 3985//3985 3980//3980 3989//3989
f 3985//3985 3990//3990 3981//3981
f 3986//3986 3990//3990 3991//3991
f 3988//3988 3987//3987 3993//3993
f 3992//3992 3979//3979 3988//3988
f 3985//3985 3994//3994 3990//3990
f 3995//3995 3991//3991 3990//3990
f 3993//3993 3987//3987 3996//3996
f 3988//3988 3993//3993 3992//3992
f 3998//3998 3990//3990 3994//3994
f 3994//3994 3985//3985 3997//3997
f 3999//3999 3991//3991 3995//3995
f 3990//3990 3998//3998 3995//3995
f 3996//3996 4000//4000 3993//3993
f 3992//3992 4001//4001 3983//3983
f 3992//3992 3993//3993 4001//4001
f 3985//3985 3989//3989 3997//3997
f 3994//3994 4002//4002 3998//3998
f 3997//3997 4003//4003 3994//3994
f 3999//3999 4004//4004 3991//3991
f 3995//3995 4005//4005 3999//3999
f 3998//3998 4005//4005 3995//3995
f 4000//4000 4001//4001 3993//3993
f 3983//3983 4001//4001 4006//4006
f 3984//3984 3983//3983 4006//4006
f 3989//3989 3984//3984 4006//4006
f 4007//4007 3998//3998 4002//4002
f 4002//4002 3994//3994 4003//4003
f 4008//4008 4001//4001 4000//4000
f 4006//4006 4001//4001 4008//4008
f 3997//3997 3989//3989 4006//4006
f 3998//3998 4007//4007 4009//4009
f 4007//4007 4002//4002 4010//4010
f 4011//4011 4002//4002 4003//4003
f 4006//4006 4003//4003 3997//3997
f 4009//4009 4005//4005 3998//3998
f 4008//4008 4000//4000 4013//4013
f 4008//4008 4014//4014 4006//4006
f 4009//4009 4007//4007 4015//4015
f 4010//4010 4016//4016 4007//4007
f 4010//4010 4002//4002 4011//4011
f 4011//4011 4003//4003 4012//4012
f 4006//4006 4012//4012 4003//4003
f 3999//3999 4017//4017 4004//4004
f 4018//4018 4005//4005 4009//4009
f 4014//4014 4012//4012 4006//4006
f 4008//4008 4019//4019 4014//4014
f 4009//4009 4015//4015 4018//4018
f 4020//4020 4007//4007 4016//4016
f 4011//4011 4012//4012 4021//4021
f 4017//4017 3999//3999 4018//4018
f 4005//4005 4018//4018 3999//3999
f 4021//4021 4012//4012 4014//4014
f 4017//4017 4018//4018 4015//4015
f 4022//4022 4020//4020 4016//4016
f 4023//4023 4016//4016 4010//4010
f 4010//4010 4011//4011 4024//4024
f 4021//4021 4024//4024 4011//4011
f 4021//4021 4014//4014 4025//4025
f 4020//4020 4022//4022 4026//4026
f 4024//4024 4023//4023 4010//4010
f 4027//4027 4024//4024 4021//4021
f 4021//4021 4025//4025 4028//4028
f 4026//4026 4022//4022 4029//4029
f 4023//4023 4022//4022 4016//4016
f 4023//4023 4024//4024 4031//4031
f 4027//4027 4021//4021 4032//4032
f 4028//4028 4025//4025 4033//4033
f 4032//4032 4021//4021 4028//4028
f 4034//4034 4029//4029 4022//4022
f 4030//4030 4022//4022 4023//4023
f 4022//4022 4030//4030 4034//4034
f 4035//4035 4023//4023 4031//4031
f 4027//4027 4031//4031 4024//4024
f 4037//4037 4027//4027 4032//4032
f 4038//4038 4033//4033 4025//4025
f 4033//4033 4032//4032 4028//4028
f 4030//4030 4023//4023 4035//4035
f 4036//4036 4031//4031 4027//4027
f 4037//4037 4036//4036 4027//4027
f 4033//4033 4037//4037 4032//4032
f 4034//4034 4030//4030 4039//4039
f 4038//4038 4037//4037 4033//4033
f 4035//4035 4039//4039 4030//4030
f 4039//4039 4035//4035 4031//4031
f 4036//4036 4040//4040 4031//4031
f 4037//4037 4038//4038 4036//4036
f 4034//4034 4039//4039 4038//4038
f 4039//4039 4031//4031 4040//4040
f 4040//4040 4036//4036 4038//4038
f 4039//4039 4040//4040 4038//4038
f 4041//4041 4042//4042 4043//4043
f 4041//4041 4044//4044 4042//4042
f 4043//4043 4042//4042 4045//4045
f 4046//4046 4041//4041 4043//4043
f 4044//4044 4041//4041 4047//4047
f 4048//4048 4041//4041 4046//4046
f 4049//4049 4044//4044 4047//4047
f 4047//4047 4041//4041 4050//4050
f 4044//4044 4051//4051 4042//4042
f 4045//4045 4052//4052 4043//4043
f 4053//4053 4045//4045 4042//4042
f 4048//4048 4046//4046 4054//4054
f 4050//4050 4041//4041 4048//4048
f 4050//4050 4049//4049 4047//4047
f 4049//4049 4055//4055 4044//4044
f 4043//4043 4052//4052 4046//4046
f 4052//4052 4045//4045 4056//4056
f 4051//4051 4053//4053 4042//4042
f 4045//4045 4053//4053 4057//4057
f 4050//4050 4048//4048 4058//4058
f 4049//4049 4050//4050 4058//4058
f 4051//4051 4044//4044 4055//4055
f 4055//4055 4049//4049 4059//4059
f 4052//4052 4060//4060 4046//4046
f 4057//4057 4053//4053 4061//4061
f 4062//4062 4045//4045 4057//4057
f 4058//4058 4048//4048 4063//4063
f 4058//4058 4064//4064 4049//4049
f 4049//4049 4064//4064 4059//4059
f 4059//4059 4065//4065 4055//4055
f 4046//4046 4060//4060 4054//4054
f 4045//4045 4062//4062 4056//4056
f 4056//4056 4067//4067 4052//4052
f 4053//4053 4051//4051 4068//4068
f 4061//4061 4053//4053 4068//4068
f 4061//4061 4069//4069 4057//4057
f 4070//4070 4062//4062 4057//4057
f 4063//4063 4071//4071 4058//4058
f 4072//4072 4064//4064 4058//4058
f 4051//4051 4055//4055 4073//4073
f 4073//4073 4055//4055 4065//4065
f 4065//4065 4059//4059 4074//4074
f 4060//4060 4052//4052 4067//4067
f 4056//4056 4062//4062 4075//4075
f 4066//4066 4056//4056 4075//4075
f 4056//4056 4066//4066 4067//4067
f 4073//4073 4068//4068 4051//4051
f 4061//4061 4068//4068 4076//4076
f 4061//4061 4077//4077 4069//4069
f 4057//4057 4078//4078 4070//4070
f 4079//4079 4071//4071 4063//4063
f 4071//4071 4080//4080 4058//4058
f 4080//4080 4072//4072 4058//4058
f 4059//4059 4064//4064 4081//4081
f 4073//4073 4065//4065 4082//4082
f 4083//4083 4065//4065 4074//4074
f 4059//4059 4081//4081 4074//4074
f 4062//4062 4084//4084 4075//4075
f 4075//4075 4085//4085 4066//4066
f 4066//4066 4086//4086 4067//4067
f 4073//4073 4076//4076 4068//4068
f 4057//4057 4069//4069 4087//4087
f 4061//4061 4088//4088 4077//4077
f 4070//4070 4089//4089 4062//4062
f 4057//4057 4087//4087 4078//4078
f 4090//4090 4070//4070 4078//4078
f 4071//4071 4079//4079 4072//4072
f 4063//4063 4091//4091 4079//4079
f 4072//4072 4080//4080 4071//4071
f 4064//4064 4072//4072 4092//4092
f 4081//4081 4064//4064 4092//4092
f 4076//4076 4073//4073 4082//4082
f 4083//4083 4082//4082 4065//4065
f 4093//4093 4083//4083 4074//4074
f 4074//4074 4081//4081 4094//4094
f 4084//4084 4062//4062 4089//4089
f 4075//4075 4084//4084 4095//4095
f 4086//4086 4066//4066 4085//4085
f 4096//4096 4085//4085 4075//4075
f 4076//4076 4097//4097 4061//4061
f 4069//4069 4098//4098 4087//4087
f 4061//4061 4099//4099 4088//4088
f 4077//4077 4100//4100 4069//4069
f 4070//4070 4101//4101 4089//4089
f 4078//4078 4087//4087 4102//4102
f 4103//4103 4070//4070 4090//4090
f 4078//4078 4102//4102 4090//4090
f 4079//4079 4104//4104 4072//4072
f 4091//4091 4104//4104 4079//4079
f 4072//4072 4105//4105 4092//4092
f 4083//4083 4093//4093 4106//4106
f 4094//4094 4081//4081 4092//4092
f 4089//4089 4095//4095 4084//4084
f 4095//4095 4096//4096 4075//4075
f 4097//4097 4099//4099 4061//4061
f 4098//4098 4069//4069 4100//4100
f 4107//4107 4087//4087 4098//4098
f 4108//4108 4101//4101 4070//4070
f 4107//4107 4102//4102 4087//4087
f 4103//4103 4108//4108 4070//4070
f 4103//4103 4090//4090 4109//4109
f 4072//4072 4104//4104 4110//4110
f 4072//4072 4111//4111 4105//4105
f 4076//4076 4082//4082 4083//4083
f 4074//4074 4094//4094 4093//4093
f 4083//4083 4106//4106 4112//4112
f 4094//4094 4092//4092 4113//4113
f 4101//4101 4095//4095 4089//4089
f 4100//4100 4115//4115 4098//4098
f 4098//4098 4116//4116 4107//4107
f 4099//4099 4117//4117 4088//4088
f 4077//4077 4088//4088 4118//4118
f 4118//4118 4100//4100 4077//4077
f 4119//4119 4101//4101 4108//4108
f 4121//4121 4102//4102 4107//4107
f 4108//4108 4103//4103 4119//4119
f 4110//4110 4111//4111 4072//4072
f 4105//4105 4111//4111 4113//4113
f 4092//4092 4105//4105 4113//4113
f 4097//4097 4076//4076 4083//4083
f 4122//4122 4093//4093 4094//4094
f 4093//4093 4123//4123 4106//4106
f 4083//4083 4112//4112 4097//4097
f 4106//4106 4124//4124 4112//4112
f 4113//4113 4122//4122 4094//4094
f 4095//4095 4101//4101 4120//4120
f 4114//4114 4116//4116 4098//4098
f 4114//4114 4098//4098 4115//4115
f 4125//4125 4107//4107 4116//4116
f 4088//4088 4117//4117 4126//4126
f 4088//4088 4126//4126 4118//4118
f 4118//4118 4127//4127 4100//4100
f 4101//4101 4119//4119 4128//4128
f 4120//4120 4101//4101 4128//4128
f 4107//4107 4129//4129 4121//4121
f 4103//4103 4130//4130 4119//4119
f 4103//4103 4109//4109 4131//4131
f 4102//4102 4121//4121 4090//4090
f 4111//4111 4110//4110 4132//4132
f 4113//4113 4111//4111 4133//4133
f 4122//4122 4123//4123 4093//4093
f 4123//4123 4134//4134 4106//4106
f 4124//4124 4135//4135 4112//4112
f 4122//4122 4113//4113 4136//4136
f 4095//4095 4120//4120 4137//4137
f 4097//4097 4117//4117 4099//4099
f 4129//4129 4107//4107 4125//4125
f 4116//4116 4138//4138 4125//4125
f 4115//4115 4100//4100 4127//4127
f 4139//4139 4128//4128 4119//4119
f 4128//4128 4137//4137 4120//4120
f 4121//4121 4129//4129 4140//4140
f 4119//4119 4130//4130 4141//4141
f 4103//4103 4131//4131 4130//4130
f 4090//4090 4140//4140 4109//4109
f 4121//4121 4140//4140 4090//4090
f 4111//4111 4132//4132 4133//4133
f 4113//4113 4133//4133 4136//4136
f 4122//4122 4142//4142 4123//4123
f 4123//4123 4142//4142 4134//4134
f 4106//4106 4134//4134 4124//4124
f 4135//4135 4097//4097 4112//4112
f 4136//4136 4143//4143 4122//4122
f 4144//4144 4117//4117 4097//4097
f 4114//4114 4145//4145 4116//4116
f 4115//4115 4145//4145 4114//4114
f 4146//4146 4129//4129 4125//4125
f 4125//4125 4138//4138 4146//4146
f 4126//4126 4117//4117 4144//4144
f 4126//4126 4147//4147 4118//4118
f 4148//4148 4127//4127 4118//4118
f 4137//4137 4128//4128 4139//4139
f 4119//4119 4149//4149 4139//4139
f 4129//4129 4150//4150 4140//4140
f 4130//4130 4131//4131 4141//4141
f 4149//4149 4119//4119 4141//4141
f 4109//4109 4151//4151 4131//4131
f 4109//4109 4140//4140 4151//4151
f 4133//4133 4132//4132 4136//4136
f 4142//4142 4122//4122 4143//4143
f 4142//4142 4152//4152 4134//4134
f 4134//4134 4153//4153 4124//4124
f 4153//4153 4135//4135 4124//4124
f 4136//4136 4154//4154 4143//4143
f 4097//4097 4135//4135 4144//4144
f 4145//4145 4138//4138 4116//4116
f 4115//4115 4155//4155 4145//4145
f 4156//4156 4129//4129 4146//4146
f 4126//4126 4144//4144 4157//4157
f 4147//4147 4126//4126 4157//4157
f 4158//4158 4127//4127 4148//4148
f 4159//4159 4150//4150 4129//4129
f 4140//4140 4150//4150 4151//4151
f 4141//4141 4160//4160 4149//4149
f 4132//4132 4161//4161 4136//4136
f 4143//4143 4162//4162 4142//4142
f 4152//4152 4142//4142 4162//4162
f 4163//4163 4134//4134 4152//4152
f 4134//4134 4163//4163 4153//4153
f 4161//4161 4154//4154 4136//4136
f 4162//4162 4143//4143 4154//4154
f 4146//4146 4164//4164 4156//4156
f 4159//4159 4129//4129 4156//4156
f 4138//4138 4164//4164 4146//4146
f 4144//4144 4153//4153 4157//4157
f 4148//4148 4118//4118 4147//4147
f 4149//4149 4160//4160 4139//4139
f 4165//4165 4150//4150 4159//4159
f 4131//4131 4166//4166 4141//4141
f 4160//4160 4141//4141 4167//4167
f 4161//4161 4132//4132 4168//4168
f 4169//4169 4152//4152 4162//4162
f 4170//4170 4163//4163 4152//4152
f 4135//4135 4153//4153 4144//4144
f 4164//4164 4138//4138 4145//4145
f 4158//4158 4155//4155 4115//4115
f 4164//4164 4171//4171 4156//4156
f 4157//4157 4153//4153 4172//4172
f 4157//4157 4173//4173 4147//4147
f 4127//4127 4158//4158 4115//4115
f 4148//4148 4174//4174 4158//4158
f 4147//4147 4175//4175 4148//4148
f 4160//4160 4176//4176 4139//4139
f 4177//4177 4150//4150 4165//4165
f 4178//4178 4165//4165 4159//4159
f 4150//4150 4177//4177 4151//4151
f 4131//4131 4151//4151 4166//4166
f 4179//4179 4141//4141 4166//4166
f 4141//4141 4179//4179 4167//4167
f 4168//4168 4132//4132 4180//4180
f 4170//4170 4152//4152 4181//4181
f 4182//4182 4164//4164 4145//4145
f 4174//4174 4155//4155 4158//4158
f 4182//4182 4145//4145 4155//4155
f 4156//4156 4183//4183 4159//4159
f 4153//4153 4163//4163 4172//4172
f 4157//4157 4172//4172 4184//4184
f 4173//4173 4157//4157 4184//4184
f 4148//4148 4185//4185 4174//4174
f 4185//4185 4148//4148 4175//4175
f 4139//4139 4176//4176 4186//4186
f 4178//4178 4187//4187 4165//4165
f 4151//4151 4188//4188 4166//4166
f 4176//4176 4160//4160 4167//4167
f 4189//4189 4167//4167 4179//4179
f 4161//4161 4168//4168 4190//4190
f 4191//4191 4180//4180 4132//4132
f 4192//4192 4168//4168 4180//4180
f 4154//4154 4193//4193 4162//4162
f 4181//4181 4152//4152 4169//4169
f 4162//4162 4193//4193 4169//4169
f 4194//4194 4163//4163 4170//4170
f 4161//4161 4195//4195 4154//4154
f 4174//4174 4182//4182 4155//4155
f 4182//4182 4171//4171 4164//4164
f 4171//4171 4196//4196 4156//4156
f 4156//4156 4196//4196 4183//4183
f 4183//4183 4178//4178 4159//4159
f 4163//4163 4194//4194 4172//4172
f 4184//4184 4197//4197 4173//4173
f 4147//4147 4173//4173 4175//4175
f 4139//4139 4186//4186 4198//4198
f 4199//4199 4186//4186 4176//4176
f 4188//4188 4177//4177 4165//4165
f 4200//4200 4187//4187 4178//4178
f 4188//4188 4151//4151 4177//4177
f 4201//4201 4166//4166 4188//4188
f 4201//4201 4179//4179 4166//4166
f 4167//4167 4202//4202 4176//4176
f 4202//4202 4167//4167 4189//4189
f 4179//4179 4201//4201 4189//4189
f 4168//4168 4192//4192 4190//4190
f 4190//4190 4195//4195 4161//4161
f 4191//4191 4132//4132 4203//4203
f 4195//4195 4193//4193 4154//4154
f 4181//4181 4169//4169 4204//4204
f 4169//4169 4193//4193 4205//4205
f 4170//4170 4181//4181 4204//4204
f 4170//4170 4206//4206 4194//4194
f 4207//4207 4182//4182 4174//4174
f 4207//4207 4171//4171 4182//4182
f 4196//4196 4208//4208 4183//4183
f 4178//4178 4183//4183 4200//4200
f 4172//4172 4194//4194 4184//4184
f 4209//4209 4173//4173 4197//4197
f 4173//4173 4209//4209 4175//4175
f 4175//4175 4210//4210 4185//4185
f 4199//4199 4198//4198 4186//4186
f 4199//4199 4176//4176 4211//4211
f 4165//4165 4187//4187 4188//4188
f 4187//4187 4200//4200 4212//4212
f 4202//4202 4211//4211 4176//4176
f 4213//4213 4202//4202 4189//4189
f 4192//4192 4214//4214 4190//4190
f 4190//4190 4215//4215 4195//4195
f 4191//4191 4216//4216 4180//4180
f 4192//4192 4180//4180 4217//4217
f 4193//4193 4195//4195 4218//4218
f 4205//4205 4204//4204 4169//4169
f 4170//4170 4204//4204 4219//4219
f 4220//4220 4206//4206 4170//4170
f 4174//4174 4221//4221 4207//4207
f 4171//4171 4207//4207 4222//4222
f 4222//4222 4196//4196 4171//4171
f 4208//4208 4200//4200 4183//4183
f 4175//4175 4209//4209 4210//4210
f 4174//4174 4185//4185 4221//4221
f 4185//4185 4210//4210 4221//4221
f 4198//4198 4199//4199 4223//4223
f 4199//4199 4211//4211 4224//4224
f 4226//4226 4188//4188 4187//4187
f 4212//4212 4200//4200 4227//4227
f 4188//4188 4213//4213 4201//4201
f 4202//4202 4228//4228 4211//4211
f 4213//4213 4229//4229 4202//4202
f 4189//4189 4201//4201 4213//4213
f 4192//4192 4217//4217 4214//4214
f 4214//4214 4215//4215 4190//4190
f 4195//4195 4215//4215 4230//4230
f 4180//4180 4216//4216 4231//4231
f 4231//4231 4217//4217 4180//4180
f 4193//4193 4218//4218 4205//4205
f 4218//4218 4195//4195 4232//4232
f 4219//4219 4204//4204 4205//4205
f 4219//4219 4220//4220 4170//4170
f 4220//4220 4233//4233 4206//4206
f 4194//4194 4206//4206 4234//4234
f 4221//4221 4235//4235 4207//4207
f 4235//4235 4222//4222 4207//4207
f 4208//4208 4196//4196 4236//4236
f 4200//4200 4208//4208 4227//4227
f 4194//4194 4197//4197 4184//4184
f 4209//4209 4238//4238 4210//4210
f 4199//4199 4225//4225 4223//4223
f 4223//4223 4239//4239 4198//4198
f 4224//4224 4211//4211 4240//4240
f 4224//4224 4225//4225 4199//4199
f 4241//4241 4226//4226 4187//4187
f 4188//4188 4226//4226 4242//4242
f 4227//4227 4243//4243 4212//4212
f 4187//4187 4212//4212 4241//4241
f 4244//4244 4213//4213 4188//4188
f 4228//4228 4202//4202 4245//4245
f 4240//4240 4211//4211 4228//4228
f 4214//4214 4217//4217 4246//4246
f 4214//4214 4247//4247 4215//4215
f 4215//4215 4248//4248 4230//4230
f 4232//4232 4195//4195 4230//4230
f 4249//4249 4216//4216 4191//4191
f 4203//4203 4249//4249 4191//4191
f 4231//4231 4250//4250 4217//4217
f 4205//4205 4218//4218 4219//4219
f 4218//4218 4232//4232 4251//4251
f 4219//4219 4218//4218 4220//4220
f 4220//4220 4252//4252 4233//4233
f 4253//4253 4206//4206 4233//4233
f 4206//4206 4254//4254 4234//4234
f 4196//4196 4222//4222 4236//4236
f 4236//4236 4237//4237 4208//4208
f 4208//4208 4237//4237 4227//4227
f 4234//4234 4197//4197 4194//4194
f 4238//4238 4255//4255 4210//4210
f 4221//4221 4210//4210 4255//4255
f 4223//4223 4225//4225 4239//4239
f 4240//4240 4256//4256 4224//4224
f 4225//4225 4224//4224 4257//4257
f 4242//4242 4226//4226 4258//4258
f 4243//4243 4227//4227 4259//4259
f 4229//4229 4213//4213 4244//4244
f 4188//4188 4242//4242 4244//4244
f 4245//4245 4202//4202 4229//4229
f 4246//4246 4217//4217 4250//4250
f 4247//4247 4214//4214 4246//4246
f 4247//4247 4260//4260 4215//4215
f 4248//4248 4215//4215 4260//4260
f 4248//4248 4261//4261 4230//4230
f 4261//4261 4232//4232 4230//4230
f 4216//4216 4249//4249 4262//4262
f 4263//4263 4231//4231 4216//4216
f 4264//4264 4249//4249 4203//4203
f 4265//4265 4251//4251 4232//4232
f 4218//4218 4251//4251 4252//4252
f 4218//4218 4252//4252 4220//4220
f 4206//4206 4253//4253 4254//4254
f 4253//4253 4233//4233 4266//4266
f 4255//4255 4235//4235 4221//4221
f 4237//4237 4259//4259 4227//4227
f 4197//4197 4234//4234 4209//4209
f 4209//4209 4267//4267 4238//4238
f 4225//4225 4268//4268 4239//4239
f 4256//4256 4240//4240 4269//4269
f 4224//4224 4256//4256 4257//4257
f 4257//4257 4268//4268 4225//4225
f 4258//4258 4226//4226 4241//4241
f 4243//4243 4270//4270 4212//4212
f 4244//4244 4271//4271 4229//4229
f 4242//4242 4272//4272 4244//4244
f 4229//4229 4273//4273 4245//4245
f 4250//4250 4274//4274 4246//4246
f 4246//4246 4274//4274 4247//4247
f 4248//4248 4275//4275 4261//4261
f 4232//4232 4261//4261 4265//4265
f 4249//4249 4264//4264 4262//4262
f 4216//4216 4262//4262 4263//4263
f 4250//4250 4231//4231 4263//4263
f 4251//4251 4265//4265 4276//4276
f 4251//4251 4266//4266 4252//4252
f 4266//4266 4233//4233 4252//4252
f 4254//4254 4253//4253 4277//4277
f 4251//4251 4253//4253 4266//4266
f 4234//4234 4254//4254 4277//4277
f 4222//4222 4278//4278 4236//4236
f 4237//4237 4236//4236 4278//4278
f 4237//4237 4279//4279 4259//4259
f 4209//4209 4234//4234 4267//4267
f 4255//4255 4238//4238 4280//4280
f 4239//4239 4268//4268 4257//4257
f 4281//4281 4269//4269 4240//4240
f 4256//4256 4269//4269 4257//4257
f 4212//4212 4270//4270 4241//4241
f 4241//4241 4282//4282 4258//4258
f 4258//4258 4283//4283 4242//4242
f 4284//4284 4243//4243 4259//4259
f 4273//4273 4229//4229 4271//4271
f 4271//4271 4244//4244 4272//4272
f 4242//4242 4285//4285 4272//4272
f 4228//4228 4245//4245 4273//4273
f 4286//4286 4240//4240 4228//4228
f 4261//4261 4275//4275 4265//4265
f 4262//4262 4264//4264 4287//4287
f 4263//4263 4288//4288 4250//4250
f 4265//4265 4289//4289 4276//4276
f 4251//4251 4276//4276 4290//4290
f 4291//4291 4277//4277 4253//4253
f 4292//4292 4253//4253 4251//4251
f 4277//4277 4293//4293 4234//4234
f 4294//4294 4235//4235 4255//4255
f 4222//4222 4294//4294 4278//4278
f 4279//4279 4237//4237 4295//4295
f 4267//4267 4296//4296 4238//4238
f 4296//4296 4280//4280 4238//4238
f 4239//4239 4257//4257 4297//4297
f 4269//4269 4281//4281 4298//4298
f 4297//4297 4257//4257 4269//4269
f 4299//4299 4241//4241 4270//4270
f 4282//4282 4241//4241 4299//4299
f 4285//4285 4242//4242 4283//4283
f 4270//4270 4243//4243 4284//4284
f 4279//4279 4300//4300 4259//4259
f 4300//4300 4284//4284 4259//4259
f 4271//4271 4272//4272 4301//4301
f 4228//4228 4273//4273 4302//4302
f 4240//4240 4286//4286 4281//4281
f 4302//4302 4286//4286 4228//4228
f 4275//4275 4303//4303 4265//4265
f 4289//4289 4265//4265 4303//4303
f 4290//4290 4276//4276 4289//4289
f 4292//4292 4251//4251 4290//4290
f 4291//4291 4304//4304 4277//4277
f 4253//4253 4292//4292 4291//4291
f 4293//4293 4277//4277 4304//4304
f 4234//4234 4293//4293 4267//4267
f 4235//4235 4294//4294 4222//4222
f 4294//4294 4305//4305 4278//4278
f 4278//4278 4295//4295 4237//4237
f 4306//4306 4279//4279 4295//4295
f 4296//4296 4267//4267 4293//4293
f 4280//4280 4294//4294 4255//4255
f 4307//4307 4280//4280 4296//4296
f 4281//4281 4308//4308 4298//4298
f 4297//4297 4269//4269 4298//4298
f 4270//4270 4309//4309 4299//4299
f 4258//4258 4282//4282 4283//4283
f 4279//4279 4311//4311 4300//4300
f 4302//4302 4273//4273 4312//4312
f 4308//4308 4281//4281 4286//4286
f 4313//4313 4303//4303 4275//4275
f 4287//4287 4263//4263 4262//4262
f 4263//4263 4274//4274 4288//4288
f 4303//4303 4313//4313 4289//4289
f 4290//4290 4289//4289 4314//4314
f 4290//4290 4315//4315 4292//4292
f 4304//4304 4291//4291 4315//4315
f 4291//4291 4292//4292 4315//4315
f 4293//4293 4304//4304 4316//4316
f 4295//4295 4278//4278 4305//4305
f 4279//4279 4306//4306 4311//4311
f 4307//4307 4296//4296 4293//4293
f 4294//4294 4280//4280 4317//4317
f 4307//4307 4317//4317 4280//4280
f 4298//4298 4308//4308 4318//4318
f 4318//4318 4297//4297 4298//4298
f 4270//4270 4310//4310 4309//4309
f 4299//4299 4319//4319 4282//4282
f 4285//4285 4283//4283 4320//4320
f 4310//4310 4270//4270 4284//4284
f 4300//4300 4311//4311 4321//4321
f 4284//4284 4300//4300 4322//4322
f 4273//4273 4271//4271 4312//4312
f 4323//4323 4301//4301 4272//4272
f 4272//4272 4285//4285 4323//4323
f 4313//4313 4275//4275 4324//4324
f 4289//4289 4313//4313 4314//4314
f 4314//4314 4325//4325 4290//4290
f 4326//4326 4315//4315 4290//4290
f 4315//4315 4327//4327 4304//4304
f 4328//4328 4293//4293 4316//4316
f 4304//4304 4327//4327 4316//4316
f 4317//4317 4305//4305 4294//4294
f 4295//4295 4305//4305 4306//4306
f 4311//4311 4306//4306 4329//4329
f 4307//4307 4293//4293 4330//4330
f 4317//4317 4307//4307 4306//4306
f 4297//4297 4318//4318 4331//4331
f 4309//4309 4319//4319 4299//4299
f 4310//4310 4332//4332 4309//4309
f 4319//4319 4283//4283 4282//4282
f 4320//4320 4283//4283 4333//4333
f 4285//4285 4320//4320 4323//4323
f 4284//4284 4322//4322 4310//4310
f 4311//4311 4334//4334 4321//4321
f 4322//4322 4300//4300 4335//4335
f 4336//4336 4271//4271 4301//4301
f 4301//4301 4323//4323 4337//4337
f 4338//4338 4302//4302 4312//4312
f 4308//4308 4286//4286 4339//4339
f 4286//4286 4302//4302 4339//4339
f 4324//4324 4340//4340 4313//4313
f 4341//4341 4314//4314 4313//4313
f 4290//4290 4325//4325 4326//4326
f 4342//4342 4325//4325 4314//4314
f 4326//4326 4327//4327 4315//4315
f 4293//4293 4328//4328 4330//4330
f 4316//4316 4327//4327 4343//4343
f 4306//4306 4305//4305 4317//4317
f 4329//4329 4334//4334 4311//4311
f 4330//4330 4344//4344 4307//4307
f 4344//4344 4306//4306 4307//4307
f 4318//4318 4308//4308 4339//4339
f 4332//4332 4345//4345 4309//4309
f 4333//4333 4283//4283 4319//4319
f 4333//4333 4346//4346 4320//4320
f 4323//4323 4320//4320 4347//4347
f 4321//4321 4334//4334 4335//4335
f 4321//4321 4335//4335 4300//4300
f 4335//4335 4348//4348 4322//4322
f 4312//4312 4271//4271 4336//4336
f 4336//4336 4301//4301 4349//4349
f 4337//4337 4323//4323 4347//4347
f 4302//4302 4338//4338 4339//4339
f 4313//4313 4340//4340 4341//4341
f 4341//4341 4342//4342 4314//4314
f 4325//4325 4350//4350 4326//4326
f 4350//4350 4325//4325 4342//4342
f 4327//4327 4326//4326 4351//4351
f 4316//4316 4352//4352 4328//4328
f 4343//4343 4354//4354 4316//4316
f 4351//4351 4343//4343 4327//4327
f 4344//4344 4329//4329 4306//4306
f 4355//4355 4344//4344 4330//4330
f 4339//4339 4338//4338 4318//4318
f 4356//4356 4319//4319 4309//4309
f 4310//4310 4348//4348 4332//4332
f 4345//4345 4356//4356 4309//4309
f 4333//4333 4319//4319 4356//4356
f 4346//4346 4333//4333 4356//4356
f 4348//4348 4310//4310 4322//4322
f 4334//4334 4357//4357 4335//4335
f 4358//4358 4348//4348 4335//4335
f 4338//4338 4312//4312 4336//4336
f 4336//4336 4349//4349 4359//4359
f 4349//4349 4301//4301 4337//4337
f 4347//4347 4360//4360 4337//4337
f 4340//4340 4361//4361 4341//4341
f 4341//4341 4362//4362 4342//4342
f 4326//4326 4350//4350 4351//4351
f 4350//4350 4342//4342 4363//4363
f 4352//4352 4316//4316 4364//4364
f 4328//4328 4352//4352 4330//4330
f 4353//4353 4364//4364 4316//4316
f 4316//4316 4354//4354 4353//4353
f 4354//4354 4343//4343 4366//4366
f 4343//4343 4351//4351 4367//4367
f 4329//4329 4368//4368 4334//4334
f 4365//4365 4355//4355 4330//4330
f 4355//4355 4370//4370 4344//4344
f 4338//4338 4336//4336 4318//4318
f 4332//4332 4348//4348 4345//4345
f 4346//4346 4347//4347 4320//4320
f 4358//4358 4335//4335 4357//4357
f 4357//4357 4334//4334 4369//4369
f 4348//4348 4358//4358 4345//4345
f 4336//4336 4359//4359 4371//4371
f 4349//4349 4372//4372 4359//4359
f 4360//4360 4349//4349 4337//4337
f 4373//4373 4361//4361 4340//4340
f 4341//4341 4361//4361 4362//4362
f 4374//4374 4342//4342 4362//4362
f 4350//4350 4363//4363 4351//4351
f 4342//4342 4374//4374 4363//4363
f 4375//4375 4353//4353 4354//4354
f 4376//4376 4365//4365 4330//4330
f 4343//4343 4367//4367 4366//4366
f 4366//4366 4377//4377 4354//4354
f 4367//4367 4351//4351 4378//4378
f 4368//4368 4329//4329 4344//4344
f 4334//4334 4368//4368 4369//4369
f 4365//4365 4379//4379 4355//4355
f 4355//4355 4380//4380 4370//4370
f 4381//4381 4356//4356 4345//4345
f 4346//4346 4356//4356 4382//4382
f 4357//4357 4383//4383 4358//4358
f 4369//4369 4384//4384 4357//4357
f 4385//4385 4345//4345 4358//4358
f 4359//4359 4386//4386 4371//4371
f 4387//4387 4336//4336 4371//4371
f 4372//4372 4388//4388 4359//4359
f 4349//4349 4360//4360 4372//4372
f 4362//4362 4389//4389 4374//4374
f 4351//4351 4363//4363 4374//4374
f 4376//4376 4330//4330 4352//4352
f 4364//4364 4353//4353 4375//4375
f 4354//4354 4390//4390 4375//4375
f 4376//4376 4379//4379 4365//4365
f 4366//4366 4367//4367 4378//4378
f 4390//4390 4354//4354 4377//4377
f 4391//4391 4377//4377 4366//4366
f 4370//4370 4368//4368 4344//4344
f 4368//4368 4392//4392 4369//4369
f 4390//4390 4355//4355 4379//4379
f 4355//4355 4393//4393 4380//4380
f 4381//4381 4345//4345 4394//4394
f 4382//4382 4356//4356 4381//4381
f 4360//4360 4347//4347 4346//4346
f 4357//4357 4384//4384 4383//4383
f 4383//4383 4395//4395 4358//4358
f 4358//4358 4396//4396 4385//4385
f 4394//4394 4345//4345 4385//4385
f 4388//4388 4386//4386 4359//4359
f 4386//4386 4397//4397 4371//4371
f 4371//4371 4397//4397 4387//4387
f 4389//4389 4361//4361 4373//4373
f 4362//4362 4361//4361 4389//4389
f 4398//4398 4374//4374 4389//4389
f 4374//4374 4378//4378 4351//4351
f 4352//4352 4364//4364 4376//4376
f 4375//4375 4390//4390 4379//4379
f 4366//4366 4378//4378 4399//4399
f 4366//4366 4400//4400 4391//4391
f 4392//4392 4368//4368 4370//4370
f 4369//4369 4392//4392 4401//4401
f 4401//4401 4384//4384 4369//4369
f 4390//4390 4377//4377 4355//4355
f 4402//4402 4370//4370 4380//4380
f 4393//4393 4355//4355 4403//4403
f 4381//4381 4394//4394 4404//4404
f 4346//4346 4388//4388 4360//4360
f 4382//4382 4388//4388 4346//4346
f 4384//4384 4405//4405 4383//4383
f 4406//4406 4358//4358 4395//4395
f 4396//4396 4407//4407 4385//4385
f 4358//4358 4408//4408 4396//4396
f 4407//4407 4394//4394 4385//4385
f 4386//4386 4409//4409 4397//4397
f 4410//4410 4387//4387 4397//4397
f 4372//4372 4360//4360 4388//4388
f 4389//4389 4373//4373 4411//4411
f 4398//4398 4389//4389 4411//4411
f 4412//4412 4374//4374 4398//4398
f 4375//4375 4376//4376 4364//4364
f 4375//4375 4379//4379 4376//4376
f 4374//4374 4399//4399 4378//4378
f 4399//4399 4400//4400 4366//4366
f 4403//4403 4377//4377 4391//4391
f 4413//4413 4391//4391 4400//4400
f 4370//4370 4402//4402 4392//4392
f 4401//4401 4405//4405 4384//4384
f 4403//4403 4355//4355 4377//4377
f 4380//4380 4393//4393 4403//4403
f 4404//4404 4394//4394 4414//4414
f 4415//4415 4381//4381 4404//4404
f 4415//4415 4382//4382 4381//4381
f 4386//4386 4388//4388 4382//4382
f 4416//4416 4383//4383 4405//4405
f 4395//4395 4383//4383 4416//4416
f 4406//4406 4408//4408 4358//4358
f 4407//4407 4396//4396 4417//4417
f 4396//4396 4408//4408 4418//4418
f 4407//4407 4414//4414 4394//4394
f 4397//4397 4409//4409 4419//4419
f 4386//4386 4415//4415 4409//4409
f 4419//4419 4410//4410 4397//4397
f 4373//4373 4420//4420 4411//4411
f 4398//4398 4411//4411 4420//4420
f 4412//4412 4399//4399 4374//4374
f 4421//4421 4412//4412 4398//4398
f 4391//4391 4422//4422 4403//4403
f 4422//4422 4391//4391 4413//4413
f 4400//4400 4423//4423 4413//4413
f 4401//4401 4392//4392 4402//4402
f 4424//4424 4405//4405 4401//4401
f 4380//4380 4425//4425 4402//4402
f 4403//4403 4425//4425 4380//4380
f 4414//4414 4426//4426 4404//4404
f 4426//4426 4415//4415 4404//4404
f 4415//4415 4386//4386 4382//4382
f 4405//4405 4427//4427 4416//4416
f 4408//4408 4406//4406 4428//4428
f 4406//4406 4395//4395 4416//4416
f 4396//4396 4429//4429 4417//4417
f 4430//4430 4418//4418 4408//4408
f 4418//4418 4431//4431 4396//4396
f 4407//4407 4432//4432 4414//4414
f 4409//4409 4433//4433 4419//4419
f 4433//4433 4410//4410 4419//4419
f 4420//4420 4373//4373 4434//4434
f 4420//4420 4421//4421 4398//4398
f 4412//4412 4400//4400 4399//4399
f 4412//4412 4421//4421 4435//4435
f 4422//4422 4425//4425 4403//4403
f 4413//4413 4436//4436 4422//4422
f 4402//4402 4424//4424 4401//4401
f 4426//4426 4414//4414 4437//4437
f 4415//4415 4426//4426 4409//4409
f 4405//4405 4438//4438 4427//4427
f 4416//4416 4427//4427 4406//4406
f 4408//4408 4428//4428 4430//4430
f 4428//4428 4406//4406 4427//4427
f 4396//4396 4431//4431 4429//4429
f 4417//4417 4429//4429 4439//4439
f 4417//4417 4432//4432 4407//4407
f 4418//4418 4430//4430 4431//4431
f 4437//4437 4414//4414 4432//4432
f 4440//4440 4410//4410 4433//4433
f 4373//4373 4441//4441 4434//4434
f 4420//4420 4434//4434 4442//4442
f 4442//4442 4421//4421 4420//4420
f 4412//4412 4443//4443 4400//4400
f 4421//4421 4442//4442 4435//4435
f 4423//4423 4400//4400 4443//4443
f 4422//4422 4444//4444 4425//4425
f 4436//4436 4444//4444 4422//4422
f 4413//4413 4423//4423 4445//4445
f 4424//4424 4402//4402 4425//4425
f 4405//4405 4424//4424 4425//4425
f 4437//4437 4446//4446 4426//4426
f 4409//4409 4426//4426 4433//4433
f 4425//4425 4438//4438 4405//4405
f 4428//4428 4447//4447 4430//4430
f 4427//4427 4448//4448 4428//4428
f 4431//4431 4449//4449 4429//4429
f 4449//4449 4439//4439 4429//4429
f 4439//4439 4432//4432 4417//4417
f 4431//4431 4430//4430 4450//4450
f 4451//4451 4437//4437 4432//4432
f 4433//4433 4446//4446 4440//4440
f 4441//4441 4452//4452 4434//4434
f 4453//4453 4442//4442 4434//4434
f 4412//4412 4435//4435 4443//4443
f 4423//4423 4443//4443 4454//4454
f 4445//4445 4436//4436 4413//4413
f 4444//4444 4436//4436 4455//4455
f 4445//4445 4423//4423 4454//4454
f 4438//4438 4425//4425 4456//4456
f 4457//4457 4446//4446 4437//4437
f 4433//4433 4426//4426 4446//4446
f 4438//4438 4448//4448 4427//4427
f 4428//4428 4458//4458 4447//4447
f 4448//4448 4458//4458 4428//4428
f 4449//4449 4431//4431 4459//4459
f 4449//4449 4460//4460 4439//4439
f 4461//4461 4432//4432 4439//4439
f 4430//4430 4447//4447 4450//4450
f 4431//4431 4450//4450 4459//4459
f 4457//4457 4437//4437 4451//4451
f 4432//4432 4461//4461 4451//4451
f 4457//4457 4440//4440 4446//4446
f 4434//4434 4452//4452 4462//4462
f 4435//4435 4442//4442 4453//4453
f 4434//4434 4463//4463 4453//4453
f 4435//4435 4453//4453 4443//4443
f 4425//4425 4444//4444 4456//4456
f 4455//4455 4436//4436 4464//4464
f 4464//4464 4436//4436 4445//4445
f 4454//4454 4465//4465 4445//4445
f 4448//4448 4438//4438 4456//4456
f 4449//4449 4459//4459 4466//4466
f 4466//4466 4460//4460 4449//4449
f 4460//4460 4467//4467 4439//4439
f 4468//4468 4461//4461 4439//4439
f 4450//4450 4469//4469 4459//4459
f 4451//4451 4440//4440 4457//4457
f 4470//4470 4451//4451 4461//4461
f 4462//4462 4463//4463 4434//4434
f 4454//4454 4443//4443 4453//4453
f 4472//4472 4444//4444 4455//4455
f 4444//4444 4472//4472 4456//4456
f 4471//4471 4465//4465 4454//4454
f 4445//4445 4465//4465 4464//4464
f 4458//4458 4448//4448 4456//4456
f 4473//4473 4447//4447 4458//4458
f 4466//4466 4459//4459 4469//4469
f 4474//4474 4460//4460 4466//4466
f 4467//4467 4460//4460 4475//4475
f 4439//4439 4467//4467 4468//4468
f 4468//4468 4476//4476 4461//4461
f 4477//4477 4450//4450 4447//4447
f 4469//4469 4450//4450 4478//4478
f 4461//4461 4476//4476 4470//4470
f 4479//4479 4462//4462 4452//4452
f 4463//4463 4471//4471 4453//4453
f 4454//4454 4453//4453 4471//4471
f 4481//4481 4455//4455 4464//4464
f 4472//4472 4455//4455 4481//4481
f 4471//4471 4482//4482 4465//4465
f 4466//4466 4469//4469 4474//4474
f 4460//4460 4474//4474 4483//4483
f 4460//4460 4484//4484 4475//4475
f 4485//4485 4467//4467 4475//4475
f 4468//4468 4467//4467 4486//4486
f 4478//4478 4474//4474 4469//4469
f 4487//4487 4478//4478 4450//4450
f 4488//4488 4470//4470 4476//4476
f 4462//4462 4480//4480 4463//4463
f 4462//4462 4479//4479 4489//4489
f 4490//4490 4479//4479 4452//4452
f 4491//4491 4481//4481 4464//4464
f 4471//4471 4480//4480 4482//4482
f 4465//4465 4492//4492 4464//4464
f 4447//4447 4473//4473 4493//4493
f 4473//4473 4458//4458 4456//4456
f 4474//4474 4494//4494 4483//4483
f 4495//4495 4460//4460 4483//4483
f 4484//4484 4460//4460 4495//4495
f 4484//4484 4496//4496 4475//4475
f 4485//4485 4497//4497 4467//4467
f 4467//4467 4498//4498 4486//4486
f 4486//4486 4499//4499 4468//4468
f 4476//4476 4468//4468 4500//4500
f 4477//4477 4447//4447 4501//4501
f 4450//4450 4477//4477 4487//4487
f 4478//4478 4494//4494 4474//4474
f 4494//4494 4478//4478 4487//4487
f 4502//4502 4470//4470 4488//4488
f 4476//4476 4500//4500 4488//4488
f 4463//4463 4480//4480 4471//4471
f 4489//4489 4479//4479 4503//4503
f 4479//4479 4490//4490 4503//4503
f 4480//4480 4462//4462 4504//4504
f 4481//4481 4456//4456 4472//4472
f 4464//4464 4505//4505 4491//4491
f 4482//4482 4492//4492 4465//4465
f 4492//4492 4505//4505 4464//4464
f 4493//4493 4501//4501 4447//4447
f 4494//4494 4506//4506 4483//4483
f 4507//4507 4495//4495 4483//4483
f 4495//4495 4508//4508 4484//4484
f 4496//4496 4509//4509 4475//4475
f 4509//4509 4485//4485 4475//4475
f 4497//4497 4510//4510 4467//4467
f 4498//4498 4467//4467 4510//4510
f 4511//4511 4486//4486 4498//4498
f 4500//4500 4468//4468 4499//4499
f 4499//4499 4486//4486 4511//4511
f 4501//4501 4512//4512 4477//4477
f 4477//4477 4512//4512 4487//4487
f 4512//4512 4494//4494 4487//4487
f 4488//4488 4513//4513 4502//4502
f 4500//4500 4514//4514 4488//4488
f 4479//4479 4515//4515 4503//4503
f 4503//4503 4516//4516 4489//4489
f 4462//4462 4489//4489 4517//4517
f 4503//4503 4490//4490 4518//4518
f 4504//4504 4462//4462 4517//4517
f 4504//4504 4482//4482 4480//4480
f 4456//4456 4481//4481 4519//4519
f 4520//4520 4492//4492 4482//4482
f 4473//4473 4519//4519 4493//4493
f 4519//4519 4473//4473 4456//4456
f 4512//4512 4506//4506 4494//4494
f 4506//4506 4507//4507 4483//4483
f 4495//4495 4521//4521 4508//4508
f 4484//4484 4508//4508 4496//4496
f 4522//4522 4512//4512 4501//4501
f 4523//4523 4502//4502 4513//4513
f 4515//4515 4516//4516 4503//4503
f 4479//4479 4518//4518 4515//4515
f 4489//4489 4516//4516 4517//4517
f 4517//4517 4524//4524 4504//4504
f 4520//4520 4482//4482 4504//4504
f 4493//4493 4491//4491 4505//4505
f 4481//4481 4491//4491 4519//4519
f 4525//4525 4492//4492 4520//4520
f 4526//4526 4505//4505 4492//4492
f 4501//4501 4493//4493 4522//4522
f 4506//4506 4512//4512 4527//4527
f 4528//4528 4507//4507 4506//4506
f 4521//4521 4495//4495 4507//4507
f 4529//4529 4508//4508 4521//4521
f 4529//4529 4496//4496 4508//4508
f 4485//4485 4530//4530 4497//4497
f 4511//4511 4498//4498 4531//4531
f 4499//4499 4511//4511 4500//4500
f 4522//4522 4532//4532 4512//4512
f 4533//4533 4502//4502 4523//4523
f 4523//4523 4513//4513 4534//4534
f 4513//4513 4488//4488 4514//4514
f 4514//4514 4500//4500 4535//4535
f 4515//4515 4536//4536 4516//4516
f 4518//4518 4537//4537 4515//4515
f 4538//4538 4517//4517 4516//4516
f 4524//4524 4517//4517 4538//4538
f 4504//4504 4524//4524 4520//4520
f 4519//4519 4491//4491 4493//4493
f 4505//4505 4539//4539 4493//4493
f 4492//4492 4525//4525 4526//4526
f 4520//4520 4540//4540 4525//4525
f 4539//4539 4505//4505 4526//4526
f 4527//4527 4512//4512 4532//4532
f 4541//4541 4507//4507 4528//4528
f 4521//4521 4507//4507 4541//4541
f 4521//4521 4541//4541 4529//4529
f 4542//4542 4496//4496 4529//4529
f 4510//4510 4497//4497 4530//4530
f 4498//4498 4510//4510 4543//4543
f 4531//4531 4498//4498 4543//4543
f 4535//4535 4511//4511 4531//4531
f 4539//4539 4532//4532 4522//4522
f 4523//4523 4544//4544 4533//4533
f 4534//4534 4544//4544 4523//4523
f 4535//4535 4500//4500 4511//4511
f 4514//4514 4535//4535 4545//4545
f 4546//4546 4536//4536 4515//4515
f 4516//4516 4536//4536 4547//4547
f 4515//4515 4537//4537 4546//4546
f 4520//4520 4524//4524 4540//4540
f 4522//4522 4493//4493 4539//4539
f 4506//4506 4527//4527 4549//4549
f 4549//4549 4528//4528 4506//4506
f 4551//4551 4541//4541 4528//4528
f 4541//4541 4552//4552 4529//4529
f 4542//4542 4553//4553 4496//4496
f 4509//4509 4496//4496 4553//4553
f 4554//4554 4531//4531 4543//4543
f 4545//4545 4535//4535 4531//4531
f 4539//4539 4555//4555 4532//4532
f 4556//4556 4533//4533 4544//4544
f 4557//4557 4544//4544 4534//4534
f 4514//4514 4534//4534 4513//4513
f 4534//4534 4514//4514 4545//4545
f 4516//4516 4547//4547 4548//4548
f 4537//4537 4558//4558 4546//4546
f 4516//4516 4559//4559 4538//4538
f 4559//4559 4516//4516 4548//4548
f 4538//4538 4560//4560 4524//4524
f 4540//4540 4524//4524 4560//4560
f 4526//4526 4525//4525 4561//4561
f 4539//4539 4526//4526 4561//4561
f 4532//4532 4555//4555 4527//4527
f 4541//4541 4551//4551 4552//4552
f 4551//4551 4528//4528 4550//4550
f 4485//4485 4509//4509 4530//4530
f 4530//4530 4562//4562 4510//4510
f 4543//4543 4510//4510 4562//4562
f 4563//4563 4531//4531 4554//4554
f 4531//4531 4563//4563 4545//4545
f 4561//4561 4555//4555 4539//4539
f 4556//4556 4544//4544 4564//4564
f 4557//4557 4534//4534 4545//4545
f 4546//4546 4565//4565 4536//4536
f 4559//4559 4548//4548 4566//4566
f 4538//4538 4559//4559 4560//4560
f 4560//4560 4567//4567 4540//4540
f 4525//4525 4540//4540 4561//4561
f 4550//4550 4528//4528 4549//4549
f 4552//4552 4551//4551 4569//4569
f 4529//4529 4552//4552 4569//4569
f 4529//4529 4571//4571 4542//4542
f 4553//4553 4572//4572 4509//4509
f 4530//4530 4509//4509 4572//4572
f 4562//4562 4530//4530 4573//4573
f 4543//4543 4562//4562 4554//4554
f 4563//4563 4575//4575 4545//4545
f 4544//4544 4557//4557 4564//4564
f 4545//4545 4575//4575 4557//4557
f 4546//4546 4576//4576 4565//4565
f 4546//4546 4558//4558 4576//4576
f 4548//4548 4578//4578 4566//4566
f 4579//4579 4559//4559 4566//4566
f 4540//4540 4567//4567 4561//4561
f 4549//4549 4527//4527 4555//4555
f 4550//4550 4549//4549 4568//4568
f 4549//4549 4555//4555 4568//4568
f 4580//4580 4551//4551 4550//4550
f 4569//4569 4570//4570 4529//4529
f 4570//4570 4571//4571 4529//4529
f 4572//4572 4553//4553 4542//4542
f 4530//4530 4572//4572 4573//4573
f 4574//4574 4563//4563 4554//4554
f 4581//4581 4574//4574 4554//4554
f 4561//4561 4568//4568 4555//4555
f 4564//4564 4557//4557 4582//4582
f 4583//4583 4556//4556 4564//4564
f 4536//4536 4565//4565 4547//4547
f 4577//4577 4576//4576 4558//4558
f 4578//4578 4548//4548 4584//4584
f 4585//4585 4579//4579 4566//4566
f 4579//4579 4560//4560 4559//4559
f 4567//4567 4568//4568 4561//4561
f 4569//4569 4551//4551 4586//4586
f 4580//4580 4586//4586 4551//4551
f 4550//4550 4568//4568 4580//4580
f 4571//4571 4587//4587 4542//4542
f 4572//4572 4542//4542 4587//4587
f 4562//4562 4581//4581 4554//4554
f 4588//4588 4557//4557 4575//4575
f 4557//4557 4589//4589 4582//4582
f 4576//4576 4590//4590 4565//4565
f 4548//4548 4547//4547 4591//4591
f 4578//4578 4585//4585 4566//4566
f 4548//4548 4591//4591 4584//4584
f 4585//4585 4592//4592 4579//4579
f 4560//4560 4593//4593 4567//4567
f 4592//4592 4560//4560 4579//4579
f 4568//4568 4567//4567 4593//4593
f 4569//4569 4586//4586 4570//4570
f 4594//4594 4586//4586 4580//4580
f 4593//4593 4580//4580 4568//4568
f 4595//4595 4587//4587 4571//4571
f 4581//4581 4562//4562 4573//4573
f 4564//4564 4582//4582 4583//4583
f 4589//4589 4557//4557 4588//4588
f 4589//4589 4597//4597 4582//4582
f 4565//4565 4590//4590 4547//4547
f 4590//4590 4591//4591 4547//4547
f 4576//4576 4577//4577 4598//4598
f 4578//4578 4600//4600 4585//4585
f 4584//4584 4599//4599 4578//4578
f 4592//4592 4585//4585 4594//4594
f 4560//4560 4592//4592 4593//4593
f 4594//4594 4601//4601 4586//4586
f 4592//4592 4594//4594 4580//4580
f 4587//4587 4573//4573 4572//4572
f 4575//4575 4563//4563 4603//4603
f 4581//4581 4604//4604 4574//4574
f 4603//4603 4563//4563 4574//4574
f 4583//4583 4596//4596 4605//4605
f 4583//4583 4606//4606 4596//4596
f 4583//4583 4582//4582 4606//4606
f 4589//4589 4607//4607 4597//4597
f 4590//4590 4576//4576 4598//4598
f 4578//4578 4599//4599 4600//4600
f 4580//4580 4593//4593 4592//4592
f 4586//4586 4608//4608 4570//4570
f 4570//4570 4608//4608 4571//4571
f 4595//4595 4602//4602 4587//4587
f 4604//4604 4573//4573 4587//4587
f 4603//4603 4588//4588 4575//4575
f 4604//4604 4603//4603 4574//4574
f 4606//4606 4582//4582 4597//4597
f 4610//4610 4605//4605 4596//4596
f 4610//4610 4596//4596 4606//4606
f 4589//4589 4588//4588 4611//4611
f 4597//4597 4607//4607 4612//4612
f 4613//4613 4607//4607 4589//4589
f 4600//4600 4594//4594 4585//4585
f 4595//4595 4571//4571 4608//4608
f 4604//4604 4581//4581 4573//4573
f 4609//4609 4611//4611 4588//4588
f 4588//4588 4615//4615 4609//4609
f 4603//4603 4604//4604 4616//4616
f 4597//4597 4612//4612 4606//4606
f 4606//4606 4612//4612 4610//4610
f 4589//4589 4611//4611 4613//4613
f 4613//4613 4617//4617 4607//4607
f 4599//4599 4619//4619 4600//4600
f 4601//4601 4608//4608 4586//4586
f 4595//4595 4608//4608 4614//4614
f 4602//4602 4621//4621 4587//4587
f 4604//4604 4587//4587 4621//4621
f 4588//4588 4603//4603 4615//4615
f 4609//4609 4622//4622 4611//4611
f 4623//4623 4609//4609 4615//4615
f 4615//4615 4603//4603 4616//4616
f 4624//4624 4616//4616 4604//4604
f 4610//4610 4626//4626 4605//4605
f 4627//4627 4610//4610 4612//4612
f 4611//4611 4622//4622 4613//4613
f 4627//4627 4612//4612 4607//4607
f 4618//4618 4619//4619 4599//4599
f 4619//4619 4628//4628 4600//4600
f 4600//4600 4601//4601 4594//4594
f 4608//4608 4601//4601 4620//4620
f 4595//4595 4614//4614 4602//4602
f 4630//4630 4621//4621 4602//4602
f 4631//4631 4622//4622 4609//4609
f 4623//4623 4615//4615 4616//4616
f 4624//4624 4632//4632 4616//4616
f 4625//4625 4610//4610 4627//4627
f 4610//4610 4633//4633 4626//4626
f 4610//4610 4625//4625 4633//4633
f 4634//4634 4613//4613 4622//4622
f 4607//4607 4635//4635 4627//4627
f 4634//4634 4617//4617 4613//4613
f 4635//4635 4607//4607 4617//4617
f 4600//4600 4628//4628 4620//4620
f 4600//4600 4620//4620 4601//4601
f 4608//4608 4636//4636 4614//4614
f 4614//4614 4629//4629 4602//4602
f 4638//4638 4622//4622 4631//4631
f 4609//4609 4639//4639 4631//4631
f 4639//4639 4609//4609 4623//4623
f 4632//4632 4623//4623 4616//4616
f 4640//4640 4626//4626 4633//4633
f 4634//4634 4622//4622 4641//4641
f 4635//4635 4642//4642 4627//4627
f 4643//4643 4635//4635 4617//4617
f 4628//4628 4619//4619 4644//4644
f 4620//4620 4636//4636 4608//4608
f 4614//4614 4636//4636 4637//4637
f 4629//4629 4630//4630 4602//4602
f 4629//4629 4614//4614 4646//4646
f 4621//4621 4624//4624 4604//4604
f 4648//4648 4638//4638 4631//4631
f 4639//4639 4649//4649 4631//4631
f 4632//4632 4650//4650 4623//4623
f 4624//4624 4651//4651 4632//4632
f 4652//4652 4625//4625 4627//4627
f 4653//4653 4640//4640 4633//4633
f 4641//4641 4622//4622 4638//4638
f 4627//4627 4642//4642 4654//4654
f 4617//4617 4634//4634 4643//4643
f 4635//4635 4643//4643 4642//4642
f 4620//4620 4645//4645 4636//4636
f 4628//4628 4645//4645 4620//4620
f 4637//4637 4646//4646 4614//4614
f 4621//4621 4647//4647 4624//4624
f 4649//4649 4648//4648 4631//4631
f 4639//4639 4623//4623 4650//4650
f 4656//4656 4650//4650 4632//4632
f 4652//4652 4633//4633 4625//4625
f 4652//4652 4627//4627 4657//4657
f 4633//4633 4658//4658 4653//4653
f 4659//4659 4626//4626 4640//4640
f 4638//4638 4660//4660 4641//4641
f 4661//4661 4654//4654 4642//4642
f 4654//4654 4657//4657 4627//4627
f 4641//4641 4643//4643 4634//4634
f 4628//4628 4663//4663 4645//4645
f 4655//4655 4629//4629 4646//4646
f 4646//4646 4637//4637 4664//4664
f 4630//4630 4665//4665 4621//4621
f 4621//4621 4665//4665 4647//4647
f 4648//4648 4666//4666 4638//4638
f 4649//4649 4639//4639 4667//4667
f 4639//4639 4650//4650 4667//4667
f 4650//4650 4656//4656 4667//4667
f 4651//4651 4624//4624 4647//4647
f 4651//4651 4668//4668 4632//4632
f 4658//4658 4633//4633 4652//4652
f 4657//4657 4669//4669 4652//4652
f 4660//4660 4670//4670 4641//4641
f 4671//4671 4661//4661 4642//4642
f 4654//4654 4661//4661 4657//4657
f 4642//4642 4643//4643 4671//4671
f 4636//4636 4645//4645 4662//4662
f 4662//4662 4637//4637 4636//4636
f 4665//4665 4629//4629 4655//4655
f 4672//4672 4647//4647 4665//4665
f 4660//4660 4638//4638 4666//4666
f 4656//4656 4632//4632 4668//4668
f 4673//4673 4651//4651 4647//4647
f 4652//4652 4669//4669 4658//4658
f 4669//4669 4657//4657 4674//4674
f 4653//4653 4658//4658 4675//4675
f 4670//4670 4671//4671 4641//4641
f 4661//4661 4671//4671 4676//4676
f 4657//4657 4661//4661 4676//4676
f 4641//4641 4671//4671 4643//4643
f 4644//4644 4663//4663 4628//4628
f 4646//4646 4664//4664 4677//4677
f 4665//4665 4630//4630 4629//4629
f 4672//4672 4673//4673 4647//4647
f 4648//4648 4678//4678 4666//4666
f 4649//4649 4667//4667 4679//4679
f 4673//4673 4668//4668 4651//4651
f 4658//4658 4669//4669 4680//4680
f 4675//4675 4658//4658 4680//4680
f 4670//4670 4660//4660 4681//4681
f 4666//4666 4681//4681 4660//4660
f 4671//4671 4682//4682 4676//4676
f 4676//4676 4674//4674 4657//4657
f 4663//4663 4683//4683 4645//4645
f 4683//4683 4662//4662 4645//4645
f 4684//4684 4678//4678 4648//4648
f 4648//4648 4649//4649 4679//4679
f 4685//4685 4667//4667 4656//4656
f 4680//4680 4669//4669 4686//4686
f 4687//4687 4669//4669 4674//4674
f 4688//4688 4675//4675 4680//4680
f 4682//4682 4670//4670 4681//4681
f 4671//4671 4670//4670 4682//4682
f 4689//4689 4681//4681 4666//4666
f 4682//4682 4690//4690 4676//4676
f 4691//4691 4674//4674 4676//4676
f 4678//4678 4689//4689 4666//4666
f 4692//4692 4685//4685 4656//4656
f 4669//4669 4687//4687 4686//4686
f 4691//4691 4687//4687 4674//4674
f 4688//4688 4680//4680 4694//4694
f 4682//4682 4681//4681 4690//4690
f 4695//4695 4681//4681 4689//4689
f 4676//4676 4690//4690 4695//4695
f 4691//4691 4676//4676 4695//4695
f 4668//4668 4673//4673 4672//4672
f 4689//4689 4678//4678 4696//4696
f 4678//4678 4684//4684 4697//4697
f 4679//4679 4684//4684 4648//4648
f 4667//4667 4698//4698 4679//4679
f 4656//4656 4668//4668 4699//4699
f 4692//4692 4700//4700 4685//4685
f 4693//4693 4699//4699 4668//4668
f 4701//4701 4680//4680 4686//4686
f 4695//4695 4687//4687 4691//4691
f 4694//4694 4680//4680 4701//4701
f 4695//4695 4690//4690 4681//4681
f 4689//4689 4702//4702 4695//4695
f 4672//4672 4703//4703 4668//4668
f 4689//4689 4696//4696 4704//4704
f 4705//4705 4696//4696 4678//4678
f 4705//4705 4678//4678 4697//4697
f 4684//4684 4679//4679 4697//4697
f 4667//4667 4685//4685 4698//4698
f 4679//4679 4698//4698 4706//4706
f 4656//4656 4699//4699 4692//4692
f 4700//4700 4698//4698 4685//4685
f 4668//4668 4703//4703 4693//4693
f 4701//4701 4686//4686 4708//4708
f 4695//4695 4709//4709 4687//4687
f 4694//4694 4701//4701 4710//4710
f 4704//4704 4702//4702 4689//4689
f 4695//4695 4702//4702 4711//4711
f 4712//4712 4704//4704 4696//4696
f 4712//4712 4696//4696 4705//4705
f 4697//4697 4713//4713 4705//4705
f 4697//4697 4679//4679 4714//4714
f 4699//4699 4707//4707 4692//4692
f 4692//4692 4707//4707 4700//4700
f 4700//4700 4715//4715 4698//4698
f 4687//4687 4708//4708 4686//4686
f 4710//4710 4716//4716 4694//4694
f 4717//4717 4710//4710 4701//4701
f 4704//4704 4718//4718 4702//4702
f 4702//4702 4718//4718 4711//4711
f 4711//4711 4709//4709 4695//4695
f 4704//4704 4712//4712 4719//4719
f 4712//4712 4705//4705 4713//4713
f 4679//4679 4706//4706 4714//4714
f 4714//4714 4720//4720 4697//4697
f 4707//4707 4699//4699 4721//4721
f 4715//4715 4706//4706 4698//4698
f 4687//4687 4709//4709 4708//4708
f 4708//4708 4717//4717 4701//4701
f 4717//4717 4723//4723 4710//4710
f 4718//4718 4704//4704 4719//4719
f 4711//4711 4718//4718 4724//4724
f 4709//4709 4711//4711 4725//4725
f 4719//4719 4712//4712 4726//4726
f 4720//4720 4713//4713 4697//4697
f 4728//4728 4712//4712 4713//4713
f 4714//4714 4706//4706 4729//4729
f 4699//4699 4693//4693 4721//4721
f 4703//4703 4722//4722 4693//4693
f 4722//4722 4721//4721 4693//4693
f 4709//4709 4725//4725 4708//4708
f 4725//4725 4717//4717 4708//4708
f 4730//4730 4716//4716 4710//4710
f 4710//4710 4723//4723 4730//4730
f 4717//4717 4725//4725 4723//4723
f 4731//4731 4724//4724 4718//4718
f 4711//4711 4724//4724 4732//4732
f 4711//4711 4732//4732 4725//4725
f 4733//4733 4726//4726 4712//4712
f 4727//4727 4712//4712 4728//4728
f 4712//4712 4727//4727 4733//4733
f 4728//4728 4713//4713 4720//4720
f 4734//4734 4729//4729 4706//4706
f 4729//4729 4720//4720 4714//4714
f 4706//4706 4715//4715 4735//4735
f 4725//4725 4732//4732 4723//4723
f 4719//4719 4731//4731 4718//4718
f 4724//4724 4731//4731 4736//4736
f 4724//4724 4736//4736 4732//4732
f 4733//4733 4737//4737 4726//4726
f 4726//4726 4731//4731 4719//4719
f 4738//4738 4733//4733 4727//4727
f 4720//4720 4729//4729 4739//4739
f 4734//4734 4706//4706 4735//4735
f 4730//4730 4740//4740 4716//4716
f 4741//4741 4730//4730 4723//4723
f 4741//4741 4723//4723 4732//4732
f 4736//4736 4742//4742 4732//4732
f 4737//4737 4733//4733 4743//4743
f 4737//4737 4731//4731 4726//4726
f 4727//4727 4728//4728 4739//4739
f 4727//4727 4739//4739 4738//4738
f 4738//4738 4743//4743 4733//4733
f 4729//4729 4734//4734 4739//4739
f 4728//4728 4720//4720 4739//4739
f 4734//4734 4735//4735 4744//4744
f 4740//4740 4730//4730 4741//4741
f 4732//4732 4742//4742 4741//4741
f 4731//4731 4737//4737 4736//4736
f 4742//4742 4736//4736 4745//4745
f 4746//4746 4737//4737 4743//4743
f 4747//4747 4738//4738 4739//4739
f 4734//4734 4748//4748 4739//4739
f 4742//4742 4745//4745 4741//4741
f 4736//4736 4737//4737 4749//4749
f 4736//4736 4749//4749 4745//4745
f 4737//4737 4746//4746 4749//4749
f 4748//4748 4734//4734 4744//4744
f 4749//4749 4750//4750 4745//4745
f 4750//4750 4749//4749 4746//4746
f 4743//4743 4738//4738 4746//4746
f 4748//4748 4747//4747 4739//4739
f 4750//4750 4752//4752 4745//4745
f 4746//4746 4753//4753 4750//4750
f 4746//4746 4738//4738 4754//4754
f 4746//4746 4754//4754 4751//4751
f 4751//4751 4753//4753 4746//4746
f 4747//4747 4748//4748 4755//4755
f 4753//4753 4752//4752 4750//4750
f 4754//4754 4738//4738 4747//4747
f 4756//4756 4752//4752 4753//4753
f 4754//4754 4747//4747 4757//4757
f 4758//4758 4752//4752 4756//4756
f 4759//4759 4753//4753 4751//4751
f 4760//4760 4751//4751 4754//4754
f 4756//4756 4761//4761 4758//4758
f 4753//4753 4759//4759 4756//4756
f 4754//4754 4757//4757 4760//4760
f 4760//4760 4759//4759 4751//4751
f 4756//4756 4759//4759 4761//4761
f 4762//4762 4763//4763 4764//4764
f 4765//4765 4764//4764 4763//4763
f 4764//4764 4766//4766 4762//4762
f 4768//4768 4764//4764 4765//4765
f 4762//4762 4766//4766 4767//4767
f 4765//4765 4769//4769 4768//4768
f 4766//4766 4764//4764 4770//4770
f 4767//4767 4766//4766 4771//4771
f 4768//4768 4770//4770 4764//4764
f 4772//4772 4769//4769 4765//4765
f 4769//4769 4773//4773 4768//4768
f 4774//4774 4766//4766 4770//4770
f 4771//4771 4766//4766 4774//4774
f 4770//4770 4768//4768 4775//4775
f 4769//4769 4772//4772 4776//4776
f 4773//4773 4769//4769 4776//4776
f 4768//4768 4773//4773 4777//4777
f 4775//4775 4768//4768 4777//4777
f 4774//4774 4770//4770 4778//4778
f 4775//4775 4778//4778 4770//4770
f 4779//4779 4778//4778 4775//4775
f 4779//4779 4780//4780 4778//4778
f 4779//4779 4781//4781 4780//4780
f 4779//4779 4783//4783 4781//4781
f 4781//4781 4783//4783 4784//4784
f 4783//4783 4779//4779 4785//4785
f 4782//4782 4781//4781 4784//4784
f 4785//4785 4786//4786 4783//4783
f 4787//4787 4782//4782 4784//4784
f 4784//4784 4783//4783 4788//4788
f 4784//4784 4788//4788 4787//4787
f 4786//4786 4789//4789 4783//4783
f 4787//4787 4788//4788 4791//4791
f 4783//4783 4789//4789 4792//4792
f 4786//4786 4790//4790 4789//4789
f 4790//4790 4786//4786 4793//4793
f 4792//4792 4788//4788 4783//4783
f 4790//4790 4793//4793 4794//4794
f 4793//4793 4786//4786 4795//4795
f 4788//4788 4792//4792 4791//4791
f 4791//4791 4796//4796 4787//4787
f 4792//4792 4789//4789 4797//4797
f 4797//4797 4789//4789 4790//4790
f 4796//4796 4791//4791 4798//4798
f 4791//4791 4792//4792 4797//4797
f 4793//4793 4799//4799 4794//4794
f 4791//4791 4797//4797 4801//4801
f 4794//4794 4800//4800 4790//4790
f 4803//4803 4799//4799 4793//4793
f 4794//4794 4799//4799 4804//4804
f 4791//4791 4801//4801 4798//4798
f 4790//4790 4800//4800 4805//4805
f 4797//4797 4790//4790 4802//4802
f 4794//4794 4804//4804 4800//4800
f 4804//4804 4799//4799 4806//4806
f 4790//4790 4805//4805 4802//4802
f 4800//4800 4804//4804 4807//4807
f 4806//4806 4807//4807 4804//4804
f 4808//4808 4798//4798 4801//4801
f 4801//4801 4797//4797 4802//4802
f 4800//4800 4807//4807 4805//4805
f 4798//4798 4808//4808 4809//4809
f 4802//4802 4805//4805 4810//4810
f 4802//4802 4811//4811 4801//4801
f 4805//4805 4807//4807 4810//4810
f 4812//4812 4798//4798 4809//4809
f 4801//4801 4811//4811 4808//4808
f 4809//4809 4808//4808 4813//4813
f 4802//4802 4810//4810 4811//4811
f 4810//4810 4807//4807 4814//4814
f 4812//4812 4809//4809 4815//4815
f 4816//4816 4809//4809 4813//4813
f 4810//4810 4814//4814 4817//4817
f 4816//4816 4815//4815 4809//4809
f 4818//4818 4813//4813 4808//4808
f 4819//4819 4808//4808 4811//4811
f 4813//4813 4820//4820 4816//4816
f 4813//4813 4818//4818 4820//4820
f 4819//4819 4818//4818 4808//4808
f 4810//4810 4817//4817 4819//4819
f 4810//4810 4819//4819 4811//4811
f 4817//4817 4814//4814 4821//4821
f 4820//4820 4822//4822 4816//4816
f 4819//4819 4817//4817 4821//4821
f 4822//4822 4818//4818 4823//4823
f 4820//4820 4818//4818 4822//4822
f 4819//4819 4824//4824 4818//4818
f 4819//4819 4821//4821 4824//4824
f 4823//4823 4818//4818 4824//4824
f 4821//4821 4827//4827 4824//4824
f 4823//4823 4824//4824 4826//4826
f 4827//4827 4821//4821 4825//4825
f 4828//4828 4824//4824 4827//4827
f 4826//4826 4824//4824 4828//4828
f 4827//4827 4830//4830 4828//4828
f 4825//4825 4829//4829 4827//4827
f 4828//4828 4831//4831 4826//4826
f 4833//4833 4827//4827 4829//4829
f 4830//4830 4827//4827 4833//4833
f 4826//4826 4831//4831 4832//4832
f 4834//4834 4831//4831 4828//4828
f 4835//4835 4828//4828 4830//4830
f 4835//4835 4834//4834 4828//4828
f 4836//4836 4835//4835 4830//4830
f 4839//4839 4835//4835 4836//4836
f 4830//4830 4838//4838 4836//4836
f 4833//4833 4837//4837 4840//4840
f 4833//4833 4841//4841 4837//4837
f 4833//4833 4840//4840 4830//4830
f 4840//4840 4838//4838 4830//4830
f 4838//4838 4840//4840 4842//4842
f 4838//4838 4843//4843 4836//4836
f 4842//4842 4840//4840 4837//4837
f 4844//4844 4836//4836 4843//4843
f 4838//4838 4842//4842 4843//4843
f 4841//4841 4845//4845 4837//4837
f 4842//4842 4846//4846 4843//4843
f 4842//4842 4837//4837 4845//4845
f 4844//4844 4843//4843 4846//4846
f 4847//4847 4842//4842 4845//4845
f 4842//4842 4848//4848 4846//4846
f 4847//4847 4848//4848 4842//4842
f 4849//4849 4850//4850 4851//4851
f 4849//4849 4852//4852 4850//4850
f 4851//4851 4853//4853 4849//4849
f 4854//4854 4850//4850 4852//4852
f 4853//4853 4851//4851 4855//4855
f 4856//4856 4854//4854 4852//4852
f 4850//4850 4854//4854 4857//4857
f 4858//4858 4855//4855 4851//4851
f 4853//4853 4855//4855 4859//4859
f 4854//4854 4860//4860 4857//4857
f 4858//4858 4850//4850 4857//4857
f 4855//4855 4858//4858 4861//4861
f 4851//4851 4862//4862 4858//4858
f 4859//4859 4855//4855 4861//4861
f 4863//4863 4853//4853 4859//4859
f 4857//4857 4860//4860 4864//4864
f 4858//4858 4865//4865 4850//4850
f 4861//4861 4858//4858 4857//4857
f 4858//4858 4862//4862 4865//4865
f 4866//4866 4859//4859 4861//4861
f 4863//4863 4859//4859 4866//4866
f 4857//4857 4864//4864 4867//4867
f 4864//4864 4860//4860 4868//4868
f 4869//4869 4861//4861 4857//4857
f 4866//4866 4861//4861 4870//4870
f 4863//4863 4866//4866 4871//4871
f 4867//4867 4864//4864 4872//4872
f 4857//4857 4867//4867 4869//4869
f 4868//4868 4872//4872 4864//4864
f 4870//4870 4861//4861 4869//4869
f 4871//4871 4866//4866 4873//4873
f 4870//4870 4873//4873 4866//4866
f 4873//4873 4874//4874 4871//4871
f 4875//4875 4870//4870 4869//4869
f 4873//4873 4876//4876 4874//4874
f 4874//4874 4877//4877 4871//4871
f 4875//4875 4876//4876 4870//4870
f 4875//4875 4869//4869 4878//4878
f 4876//4876 4873//4873 4870//4870
f 4871//4871 4877//4877 4879//4879
f 4879//4879 4877//4877 4880//4880
f 4879//4879 4880//4880 4881//4881
f 4880//4880 4882//4882 4881//4881
f 4879//4879 4881//4881 4883//4883
f 4882//4882 4884//4884 4881//4881
f 4881//4881 4885//4885 4883//4883
f 4886//4886 4879//4879 4883//4883
f 4887//4887 4884//4884 4882//4882
f 4881//4881 4884//4884 4885//4885
f 4883//4883 4885//4885 4888//4888
f 4883//4883 4889//4889 4886//4886
f 4890//4890 4887//4887 4882//4882
f 4884//4884 4887//4887 4891//4891
f 4884//4884 4891//4891 4885//4885
f 4892//4892 4883//4883 4888//4888
f 4892//4892 4889//4889 4883//4883
f 4889//4889 4893//4893 4886//4886
f 4891//4891 4887//4887 4890//4890
f 4885//4885 4891//4891 4888//4888
f 4888//4888 4894//4894 4892//4892
f 4889//4889 4892//4892 4895//4895
f 4896//4896 4886//4886 4893//4893
f 4895//4895 4893//4893 4889//4889
f 4891//4891 4890//4890 4897//4897
f 4894//4894 4888//4888 4891//4891
f 4892//4892 4894//4894 4898//4898
f 4899//4899 4896//4896 4893//4893
f 4893//4893 4895//4895 4899//4899
f 4900//4900 4891//4891 4897//4897
f 4892//4892 4898//4898 4899//4899
f 4894//4894 4901//4901 4898//4898
f 4895//4895 4892//4892 4899//4899
f 4902//4902 4896//4896 4899//4899
f 4891//4891 4900//4900 4894//4894
f 4899//4899 4898//4898 4901//4901
f 4901//4901 4894//4894 4900//4900
f 4896//4896 4902//4902 4903//4903
f 4899//4899 4904//4904 4902//4902
f 4905//4905 4899//4899 4901//4901
f 4879//4879 4896//4896 4903//4903
f 4899//4899 4906//4906 4904//4904
f 4899//4899 4905//4905 4907//4907
f 4899//4899 4908//4908 4906//4906
f 4907//4907 4905//4905 4909//4909
f 4908//4908 4899//4899 4907//4907
f 4910//4910 4906//4906 4908//4908
f 4907//4907 4909//4909 4908//4908
f 4910//4910 4908//4908 4911//4911
f 4911//4911 4908//4908 4909//4909
f 4911//4911 4912//4912 4910//4910
f 4909//4909 4913//4913 4911//4911
f 4912//4912 4911//4911 4913//4913
f 4914//4914 4910//4910 4912//4912
f 4912//4912 4913//4913 4915//4915
f 4912//4912 4916//4916 4914//4914
f 4917//4917 4912//4912 4915//4915
f 4916//4916 4912//4912 4917//4917
f 4916//4916 4918//4918 4914//4914
f 4917//4917 4915//4915 4919//4919
f 4920//4920 4916//4916 4917//4917
f 4916//4916 4921//4921 4918//4918
f 4917//4917 4919//4919 4920//4920
f 4915//4915 4922//4922 4919//4919
f 4923//4923 4916//4916 4920//4920
f 4916//4916 4924//4924 4921//4921
f 4918//4918 4921//4921 4925//4925
f 4920//4920 4919//4919 4926//4926
f 4922//4922 4915//4915 4927//4927
f 4926//4926 4919//4919 4922//4922
f 4916//4916 4928//4928 4924//4924
f 4921//4921 4924//4924 4929//4929
f 4921//4921 4930//4930 4925//4925
f 4925//4925 4931//4931 4918//4918
f 4922//4922 4927//4927 4932//4932
f 4929//4929 4933//4933 4921//4921
f 4925//4925 4930//4930 4931//4931
f 4921//4921 4933//4933 4930//4930
f 4934//4934 4918//4918 4931//4931
f 4935//4935 4931//4931 4930//4930
f 4931//4931 4936//4936 4934//4934
f 4937//4937 4918//4918 4934//4934
f 4936//4936 4931//4931 4935//4935
f 4936//4936 4938//4938 4934//4934
f 4939//4939 4937//4937 4934//4934
f 4938//4938 4939//4939 4934//4934
f 4937//4937 4939//4939 4940//4940
f 4935//4935 4941//4941 4936//4936
f 4942//4942 4938//4938 4936//4936
f 4943//4943 4939//4939 4938//4938
f 4944//4944 4940//4940 4939//4939
f 4942//4942 4936//4936 4941//4941
f 4942//4942 4945//4945 4938//4938
f 4938//4938 4945//4945 4943//4943
f 4939//4939 4943//4943 4946//4946
f 4947//4947 4940//4940 4944//4944
f 4939//4939 4946//4946 4944//4944
f 4941//4941 4948//4948 4942//4942
f 4948//4948 4945//4945 4942//4942
f 4943//4943 4945//4945 4949//4949
f 4949//4949 4946//4946 4943//4943
f 4944//4944 4946//4946 4947//4947
f 4945//4945 4948//4948 4950//4950
f 4945//4945 4951//4951 4949//4949
f 4952//4952 4946//4946 4949//4949
f 4952//4952 4947//4947 4946//4946
f 4950//4950 4948//4948 4951//4951
f 4951//4951 4945//4945 4950//4950
f 4951//4951 4954//4954 4949//4949
f 4953//4953 4947//4947 4952//4952
f 4951//4951 4948//4948 4955//4955
f 4951//4951 4956//4956 4954//4954
f 4955//4955 4956//4956 4951//4951
f 4957//4957 4958//4958 4959//4959
f 4960//4960 4957//4957 4959//4959
f 4958//4958 4962//4962 4959//4959
f 4957//4957 4960//4960 4963//4963
f 4959//4959 4961//4961 4960//4960
f 4959//4959 4964//4964 4961//4961
f 4962//4962 4964//4964 4959//4959
f 4963//4963 4965//4965 4957//4957
f 4960//4960 4966//4966 4963//4963
f 4960//4960 4961//4961 4966//4966
f 4967//4967 4961//4961 4964//4964
f 4968//4968 4957//4957 4965//4965
f 4969//4969 4965//4965 4963//4963
f 4966//4966 4970//4970 4963//4963
f 4961//4961 4971//4971 4966//4966
f 4961//4961 4967//4967 4971//4971
f 4964//4964 4972//4972 4967//4967
f 4962//4962 4973//4973 4964//4964
f 4965//4965 4969//4969 4968//4968
f 4963//4963 4970//4970 4969//4969
f 4970//4970 4966//4966 4974//4974
f 4974//4974 4966//4966 4971//4971
f 4975//4975 4972//4972 4964//4964
f 4962//4962 4976//4976 4973//4973
f 4977//4977 4969//4969 4970//4970
f 4974//4974 4977//4977 4970//4970
f 4978//4978 4971//4971 4967//4967
f 4972//4972 4978//4978 4967//4967
f 4972//4972 4975//4975 4979//4979
f 4973//4973 4975//4975 4964//4964
f 4958//4958 4976//4976 4962//4962
f 4980//4980 4969//4969 4977//4977
f 4974//4974 4981//4981 4977//4977
f 4971//4971 4982//4982 4974//4974
f 4971//4971 4978//4978 4982//4982
f 4983//4983 4980//4980 4977//4977
f 4977//4977 4981//4981 4984//4984
f 4981//4981 4974//4974 4985//4985
f 4982//4982 4985//4985 4974//4974
f 4972//4972 4979//4979 4986//4986
f 4978//4978 4972//4972 4987//4987
f 4983//4983 4977//4977 4988//4988
f 4984//4984 4981//4981 4989//4989
f 4984//4984 4988//4988 4977//4977
f 4981//4981 4985//4985 4990//4990
f 4991//4991 4985//4985 4982//4982
f 4978//4978 4987//4987 4982//4982
f 4986//4986 4987//4987 4972//4972
f 4989//4989 4992//4992 4984//4984
f 4988//4988 4984//4984 4993//4993
f 4994//4994 4990//4990 4985//4985
f 4990//4990 4995//4995 4981//4981
f 4982//4982 4987//4987 4991//4991
f 4985//4985 4991//4991 4996//4996
f 4997//4997 4986//4986 4979//4979
f 4986//4986 4998//4998 4987//4987
f 4992//4992 4999//4999 4984//4984
f 4993//4993 4984//4984 5000//5000
f 4985//4985 4996//4996 4994//4994
f 4990//4990 5001//5001 4995//4995
f 4981//4981 4995//4995 5002//5002
f 4987//4987 4996//4996 4991//4991
f 4997//4997 5003//5003 4986//4986
f 4986//4986 5003//5003 4998//4998
f 4992//4992 5004//5004 4999//4999
f 5000//5000 4984//4984 4999//4999
f 5005//5005 4994//4994 4996//4996
f 5006//5006 4990//4990 4994//4994
f 4990//4990 5007//5007 5001//5001
f 4981//4981 5002//5002 5008//5008
f 4996//4996 4987//4987 4998//4998
f 5003//5003 4997//4997 5009//5009
f 5010//5010 5004//5004 4992//4992
f 4992//4992 4989//4989 5011//5011
f 5005//5005 5006//5006 4994//4994
f 5012//5012 5007//5007 4990//4990
f 4998//4998 5005//5005 4996//4996
f 5009//5009 5013//5013 5003//5003
f 4989//4989 5014//5014 5011//5011
f 5011//5011 5015//5015 4992//4992
f 5016//5016 5010//5010 4992//4992
f 5005//5005 5017//5017 5006//5006
f 4990//4990 5006//5006 5012//5012
f 5013//5013 4998//4998 5003//5003
f 5018//5018 5014//5014 4989//4989
f 5015//5015 5016//5016 4992//4992
f 5017//5017 5005//5005 4998//4998
f 5019//5019 5018//5018 4989//4989
f 5017//5017 4998//4998 5020//5020
f 5020//5020 4998//4998 5013//5013
f 5014//5014 5018//5018 5021//5021
f 5022//5022 5019//5019 4989//4989
f 5018//5018 5019//5019 5023//5023
f 5023//5023 5021//5021 5018//5018
f 5024//5024 5021//5021 5023//5023
f 5023//5023 5019//5019 5026//5026
f 5021//5021 5024//5024 5025//5025
f 5026//5026 5019//5019 5027//5027
f 5023//5023 5026//5026 5028//5028
f 5024//5024 5029//5029 5025//5025
f 5028//5028 5024//5024 5023//5023
f 5026//5026 5027//5027 5030//5030
f 5031//5031 5028//5028 5026//5026
f 5027//5027 5032//5032 5030//5030
f 5031//5031 5026//5026 5030//5030
f 5030//5030 5032//5032 5033//5033
f 5030//5030 5033//5033 5031//5031
f 5034//5034 5035//5035 5036//5036
f 5035//5035 5034//5034 5037//5037
f 5036//5036 5035//5035 5038//5038
f 5038//5038 5039//5039 5036//5036
f 5034//5034 5040//5040 5037//5037
f 5035//5035 5042//5042 5038//5038
f 5041//5041 5044//5044 5035//5035
f 5042//5042 5035//5035 5044//5044
f 5039//5039 5038//5038 5045//5045
f 5034//5034 5043//5043 5040//5040
f 5034//5034 5046//5046 5043//5043
f 5046//5046 5034//5034 5036//5036
f 5047//5047 5044//5044 5041//5041
f 5048//5048 5036//5036 5039//5039
f 5045//5045 5049//5049 5039//5039
f 5048//5048 5046//5046 5036//5036
f 5044//5044 5047//5047 5050//5050
f 5045//5045 5038//5038 5042//5042
f 5048//5048 5039//5039 5049//5049
f 5052//5052 5043//5043 5046//5046
f 5044//5044 5050//5050 5051//5051
f 5042//5042 5044//5044 5051//5051
f 5050//5050 5053//5053 5051//5051
f 5056//5056 5042//5042 5051//5051
f 5043//5043 5052//5052 5057//5057
f 5050//5050 5054//5054 5053//5053
f 5042//5042 5055//5055 5045//5045
f 5055//5055 5042//5042 5056//5056
f 5050//5050 5047//5047 5060//5060
f 5051//5051 5058//5058 5056//5056
f 5055//5055 5056//5056 5061//5061
f 5049//5049 5045//5045 5062//5062
f 5059//5059 5046//5046 5048//5048
f 5046//5046 5065//5065 5052//5052
f 5054//5054 5050//5050 5060//5060
f 5066//5066 5060//5060 5047//5047
f 5064//5064 5045//5045 5055//5055
f 5048//5048 5049//5049 5062//5062
f 5045//5045 5063//5063 5062//5062
f 5063//5063 5045//5045 5064//5064
f 5052//5052 5067//5067 5057//5057
f 5065//5065 5046//5046 5059//5059
f 5068//5068 5053//5053 5054//5054
f 5068//5068 5054//5054 5060//5060
f 5051//5051 5053//5053 5058//5058
f 5060//5060 5066//5066 5071//5071
f 5058//5058 5061//5061 5056//5056
f 5053//5053 5068//5068 5069//5069
f 5073//5073 5068//5068 5060//5060
f 5074//5074 5058//5058 5053//5053
f 5060//5060 5070//5070 5075//5075
f 5071//5071 5070//5070 5060//5060
f 5055//5055 5061//5061 5064//5064
f 5062//5062 5059//5059 5048//5048
f 5063//5063 5064//5064 5072//5072
f 5076//5076 5052//5052 5065//5065
f 5067//5067 5077//5077 5057//5057
f 5069//5069 5068//5068 5078//5078
f 5053//5053 5069//5069 5074//5074
f 5075//5075 5073//5073 5060//5060
f 5079//5079 5061//5061 5058//5058
f 5083//5083 5062//5062 5063//5063
f 5078//5078 5068//5068 5086//5086
f 5069//5069 5078//5078 5087//5087
f 5074//5074 5069//5069 5087//5087
f 5086//5086 5068//5068 5073//5073
f 5075//5075 5088//5088 5073//5073
f 5080//5080 5075//5075 5070//5070
f 5066//5066 5089//5089 5071//5071
f 5090//5090 5070//5070 5071//5071
f 5092//5092 5064//5064 5061//5061
f 5092//5092 5061//5061 5081//5081
f 5085//5085 5059//5059 5082//5082
f 5082//5082 5059//5059 5062//5062
f 5084//5084 5083//5083 5063//5063
f 5082//5082 5062//5062 5083//5083
f 5084//5084 5063//5063 5072//5072
f 5076//5076 5065//5065 5085//5085
f 5093//5093 5077//5077 5067//5067
f 5094//5094 5067//5067 5052//5052
f 5065//5065 5059//5059 5085//5085
f 5078//5078 5086//5086 5087//5087
f 5073//5073 5088//5088 5095//5095
f 5061//5061 5079//5079 5096//5096
f 5080//5080 5070//5070 5090//5090
f 5097//5097 5090//5090 5071//5071
f 5081//5081 5061//5061 5096//5096
f 5072//5072 5064//5064 5091//5091
f 5064//5064 5092//5092 5091//5091
f 5075//5075 5099//5099 5088//5088
f 5100//5100 5095//5095 5088//5088
f 5080//5080 5101//5101 5075//5075
f 5071//5071 5089//5089 5097//5097
f 5082//5082 5098//5098 5085//5085
f 5094//5094 5052//5052 5076//5076
f 5067//5067 5094//5094 5093//5093
f 5098//5098 5103//5103 5085//5085
f 5075//5075 5101//5101 5099//5099
f 5088//5088 5104//5104 5100//5100
f 5100//5100 5105//5105 5095//5095
f 5089//5089 5102//5102 5097//5097
f 5093//5093 5094//5094 5106//5106
f 5099//5099 5104//5104 5088//5088
f 5104//5104 5105//5105 5100//5100
f 5091//5091 5107//5107 5072//5072
f 5083//5083 5108//5108 5082//5082
f 5110//5110 5106//5106 5094//5094
f 5111//5111 5094//5094 5076//5076
f 5103//5103 5098//5098 5112//5112
f 5105//5105 5104//5104 5114//5114
f 5097//5097 5102//5102 5116//5116
f 5109//5109 5072//5072 5107//5107
f 5112//5112 5098//5098 5082//5082
f 5108//5108 5083//5083 5084//5084
f 5082//5082 5108//5108 5112//5112
f 5109//5109 5117//5117 5072//5072
f 5076//5076 5085//5085 5111//5111
f 5085//5085 5103//5103 5111//5111
f 5106//5106 5110//5110 5118//5118
f 5111//5111 5110//5110 5094//5094
f 5113//5113 5103//5103 5112//5112
f 5119//5119 5103//5103 5113//5113
f 5114//5114 5104//5104 5099//5099
f 5102//5102 5115//5115 5116//5116
f 5120//5120 5112//5112 5108//5108
f 5084//5084 5072//5072 5117//5117
f 5103//5103 5119//5119 5111//5111
f 5111//5111 5122//5122 5110//5110
f 5113//5113 5112//5112 5123//5123
f 5116//5116 5115//5115 5125//5125
f 5121//5121 5108//5108 5084//5084
f 5117//5117 5121//5121 5084//5084
f 5109//5109 5121//5121 5117//5117
f 5122//5122 5111//5111 5119//5119
f 5124//5124 5125//5125 5115//5115
f 5127//5127 5122//5122 5119//5119
f 5120//5120 5123//5123 5112//5112
f 5125//5125 5124//5124 5128//5128
f 5108//5108 5121//5121 5120//5120
f 5126//5126 5129//5129 5109//5109
f 5109//5109 5129//5129 5121//5121
f 5119//5119 5131//5131 5127//5127
f 5120//5120 5130//5130 5123//5123
f 5132//5132 5121//5121 5129//5129
f 5121//5121 5133//5133 5130//5130
f 5134//5134 5127//5127 5131//5131
f 5135//5135 5123//5123 5130//5130
f 5124//5124 5136//5136 5128//5128
f 5130//5130 5120//5120 5121//5121
f 5132//5132 5133//5133 5121//5121
f 5127//5127 5134//5134 5137//5137
f 5133//5133 5135//5135 5130//5130
f 5133//5133 5132//5132 5138//5138
f 5137//5137 5134//5134 5139//5139
f 5140//5140 5125//5125 5128//5128
f 5141//5141 5139//5139 5134//5134
f 5142//5142 5137//5137 5139//5139
f 5143//5143 5135//5135 5133//5133
f 5140//5140 5128//5128 5136//5136
f 5144//5144 5133//5133 5138//5138
f 5145//5145 5139//5139 5141//5141
f 5142//5142 5139//5139 5145//5145
f 5144//5144 5143//5143 5133//5133
f 5146//5146 5145//5145 5141//5141
f 5147//5147 5148//5148 5149//5149
f 5148//5148 5147//5147 5150//5150
f 5151//5151 5149//5149 5148//5148
f 5150//5150 5147//5147 5152//5152
f 5151//5151 5153//5153 5149//5149
f 5150//5150 5152//5152 5154//5154
f 5155//5155 5149//5149 5153//5153
f 5153//5153 5151//5151 5156//5156
f 5152//5152 5157//5157 5154//5154
f 5153//5153 5158//5158 5155//5155
f 5159//5159 5156//5156 5151//5151
f 5158//5158 5153//5153 5156//5156
f 5160//5160 5154//5154 5157//5157
f 5158//5158 5161//5161 5155//5155
f 5156//5156 5159//5159 5162//5162
f 5163//5163 5159//5159 5151//5151
f 5158//5158 5156//5156 5164//5164
f 5154//5154 5160//5160 5166//5166
f 5157//5157 5165//5165 5160//5160
f 5161//5161 5158//5158 5167//5167
f 5168//5168 5155//5155 5161//5161
f 5169//5169 5162//5162 5159//5159
f 5169//5169 5159//5159 5163//5163
f 5164//5164 5170//5170 5158//5158
f 5156//5156 5162//5162 5164//5164
f 5171//5171 5166//5166 5160//5160
f 5167//5167 5158//5158 5172//5172
f 5161//5161 5167//5167 5173//5173
f 5168//5168 5161//5161 5174//5174
f 5169//5169 5163//5163 5175//5175
f 5176//5176 5158//5158 5170//5170
f 5177//5177 5164//5164 5162//5162
f 5158//5158 5176//5176 5172//5172
f 5172//5172 5173//5173 5167//5167
f 5174//5174 5178//5178 5168//5168
f 5161//5161 5173//5173 5174//5174
f 5175//5175 5163//5163 5179//5179
f 5180//5180 5170//5170 5164//5164
f 5162//5162 5169//5169 5177//5177
f 5173//5173 5172//5172 5181//5181
f 5178//5178 5174//5174 5182//5182
f 5182//5182 5174//5174 5173//5173
f 5175//5175 5179//5179 5183//5183
f 5180//5180 5164//5164 5184//5184
f 5170//5170 5185//5185 5176//5176
f 5177//5177 5169//5169 5186//5186
f 5181//5181 5172//5172 5176//5176
f 5181//5181 5182//5182 5173//5173
f 5178//5178 5182//5182 5188//5188
f 5186//5186 5175//5175 5183//5183
f 5186//5186 5169//5169 5175//5175
f 5177//5177 5184//5184 5164//5164
f 5185//5185 5170//5170 5189//5189
f 5190//5190 5176//5176 5185//5185
f 5177//5177 5186//5186 5187//5187
f 5190//5190 5181//5181 5176//5176
f 5182//5182 5181//5181 5190//5190
f 5188//5188 5191//5191 5178//5178
f 5187//5187 5184//5184 5177//5177
f 5170//5170 5180//5180 5189//5189
f 5193//5193 5182//5182 5190//5190
f 5188//5188 5182//5182 5193//5193
f 5178//5178 5191//5191 5195//5195
f 5191//5191 5188//5188 5196//5196
f 5184//5184 5187//5187 5192//5192
f 5189//5189 5180//5180 5184//5184
f 5190//5190 5185//5185 5193//5193
f 5193//5193 5197//5197 5188//5188
f 5194//5194 5188//5188 5197//5197
f 5196//5196 5195//5195 5191//5191
f 5196//5196 5188//5188 5194//5194
f 5183//5183 5198//5198 5186//5186
f 5187//5187 5200//5200 5192//5192
f 5184//5184 5201//5201 5189//5189
f 5197//5197 5193//5193 5201//5201
f 5187//5187 5186//5186 5198//5198
f 5202//5202 5184//5184 5192//5192
f 5202//5202 5192//5192 5199//5199
f 5201//5201 5184//5184 5202//5202
f 5189//5189 5201//5201 5185//5185
f 5201//5201 5193//5193 5185//5185
f 5203//5203 5202//5202 5199//5199
f 5187//5187 5198//5198 5200//5200
f 5192//5192 5200//5200 5199//5199
f 5194//5194 5197//5197 5196//5196
f 5195//5195 5196//5196 5205//5205
f 5201//5201 5206//5206 5197//5197
f 5196//5196 5197//5197 5204//5204
f 5202//5202 5203//5203 5206//5206
f 5207//5207 5203//5203 5199//5199
f 5201//5201 5202//5202 5206//5206
f 5208//5208 5205//5205 5196//5196
f 5208//5208 5196//5196 5204//5204
f 5204//5204 5197//5197 5209//5209
f 5210//5210 5206//5206 5203//5203
f 5203//5203 5207//5207 5211//5211
f 5197//5197 5206//5206 5209//5209
f 5211//5211 5210//5210 5203//5203
f 5206//5206 5210//5210 5213//5213
f 5209//5209 5206//5206 5212//5212
f 5208//5208 5204//5204 5212//5212
f 5210//5210 5211//5211 5214//5214
f 5212//5212 5206//5206 5213//5213
f 5209//5209 5212//5212 5204//5204
f 5214//5214 5213//5213 5210//5210
f 5215//5215 5216//5216 5217//5217
f 5216//5216 5215//5215 5218//5218
f 5216//5216 5218//5218 5219//5219
f 5216//5216 5219//5219 5220//5220
f 5217//5217 5216//5216 5220//5220
f 5221//5221 5219//5219 5218//5218
f 5219//5219 5222//5222 5220//5220
f 5217//5217 5220//5220 5224//5224
f 5219//5219 5221//5221 5222//5222
f 5220//5220 5225//5225 5223//5223
f 5226//5226 5224//5224 5220//5220
f 5222//5222 5225//5225 5220//5220
f 5228//5228 5220//5220 5223//5223
f 5226//5226 5220//5220 5228//5228
f 5229//5229 5224//5224 5226//5226
f 5221//5221 5230//5230 5227//5227
f 5221//5221 5227//5227 5232//5232
f 5232//5232 5222//5222 5221//5221
f 5229//5229 5226//5226 5233//5233
f 5230//5230 5235//5235 5227//5227
f 5236//5236 5225//5225 5222//5222
f 5237//5237 5223//5223 5225//5225
f 5223//5223 5237//5237 5228//5228
f 5238//5238 5229//5229 5233//5233
f 5234//5234 5226//5226 5228//5228
f 5226//5226 5234//5234 5233//5233
f 5227//5227 5235//5235 5231//5231
f 5227//5227 5240//5240 5232//5232
f 5225//5225 5236//5236 5242//5242
f 5225//5225 5242//5242 5237//5237
f 5243//5243 5228//5228 5237//5237
f 5228//5228 5243//5243 5234//5234
f 5233//5233 5234//5234 5244//5244
f 5231//5231 5235//5235 5239//5239
f 5230//5230 5245//5245 5235//5235
f 5227//5227 5231//5231 5240//5240
f 5222//5222 5232//5232 5241//5241
f 5236//5236 5222//5222 5241//5241
f 5246//5246 5242//5242 5236//5236
f 5242//5242 5243//5243 5237//5237
f 5238//5238 5233//5233 5247//5247
f 5235//5235 5245//5245 5239//5239
f 5248//5248 5231//5231 5239//5239
f 5248//5248 5240//5240 5231//5231
f 5246//5246 5236//5236 5241//5241
f 5251//5251 5243//5243 5242//5242
f 5239//5239 5245//5245 5249//5249
f 5250//5250 5232//5232 5240//5240
f 5232//5232 5250//5250 5241//5241
f 5253//5253 5246//5246 5241//5241
f 5246//5246 5251//5251 5242//5242
f 5251//5251 5252//5252 5243//5243
f 5234//5234 5243//5243 5252//5252
f 5244//5244 5247//5247 5233//5233
f 5239//5239 5254//5254 5248//5248
f 5249//5249 5256//5256 5239//5239
f 5255//5255 5240//5240 5248//5248
f 5241//5241 5250//5250 5253//5253
f 5257//5257 5246//5246 5253//5253
f 5246//5246 5258//5258 5251//5251
f 5234//5234 5252//5252 5259//5259
f 5247//5247 5244//5244 5260//5260
f 5259//5259 5244//5244 5234//5234
f 5239//5239 5256//5256 5254//5254
f 5261//5261 5255//5255 5248//5248
f 5240//5240 5255//5255 5250//5250
f 5253//5253 5250//5250 5262//5262
f 5246//5246 5257//5257 5258//5258
f 5257//5257 5253//5253 5262//5262
f 5263//5263 5251//5251 5258//5258
f 5259//5259 5252//5252 5263//5263
f 5260//5260 5244//5244 5264//5264
f 5265//5265 5244//5244 5259//5259
f 5248//5248 5254//5254 5266//5266
f 5266//5266 5261//5261 5248//5248
f 5267//5267 5255//5255 5261//5261
f 5250//5250 5267//5267 5262//5262
f 5268//5268 5258//5258 5257//5257
f 5251//5251 5263//5263 5252//5252
f 5263//5263 5258//5258 5269//5269
f 5264//5264 5244//5244 5265//5265
f 5265//5265 5259//5259 5270//5270
f 5255//5255 5267//5267 5250//5250
f 5257//5257 5271//5271 5268//5268
f 5258//5258 5268//5268 5269//5269
f 5263//5263 5269//5269 5259//5259
f 5260//5260 5264//5264 5272//5272
f 5270//5270 5259//5259 5273//5273
f 5254//5254 5274//5274 5266//5266
f 5261//5261 5266//5266 5275//5275
f 5271//5271 5276//5276 5268//5268
f 5268//5268 5277//5277 5269//5269
f 5269//5269 5273//5273 5259//5259
f 5278//5278 5272//5272 5264//5264
f 5264//5264 5265//5265 5278//5278
f 5279//5279 5266//5266 5274//5274
f 5271//5271 5261//5261 5275//5275
f 5266//5266 5279//5279 5275//5275
f 5271//5271 5280//5280 5276//5276
f 5277//5277 5281//5281 5269//5269
f 5269//5269 5282//5282 5273//5273
f 5283//5283 5278//5278 5265//5265
f 5270//5270 5283//5283 5265//5265
f 5271//5271 5275//5275 5284//5284
f 5285//5285 5275//5275 5279//5279
f 5271//5271 5284//5284 5280//5280
f 5277//5277 5286//5286 5281//5281
f 5281//5281 5282//5282 5269//5269
f 5277//5277 5268//5268 5276//5276
f 5282//5282 5286//5286 5273//5273
f 5270//5270 5273//5273 5283//5283
f 5275//5275 5285//5285 5284//5284
f 5276//5276 5280//5280 5287//5287
f 5280//5280 5284//5284 5288//5288
f 5277//5277 5289//5289 5286//5286
f 5281//5281 5286//5286 5282//5282
f 5277//5277 5276//5276 5289//5289
f 5290//5290 5273//5273 5286//5286
f 5291//5291 5278//5278 5283//5283
f 5283//5283 5273//5273 5291//5291
f 5292//5292 5284//5284 5285//5285
f 5288//5288 5287//5287 5280//5280
f 5284//5284 5292//5292 5288//5288
f 5293//5293 5286//5286 5289//5289
f 5289//5289 5276//5276 5294//5294
f 5290//5290 5295//5295 5273//5273
f 5290//5290 5286//5286 5296//5296
f 5291//5291 5273//5273 5295//5295
f 5292//5292 5285//5285 5297//5297
f 5276//5276 5287//5287 5294//5294
f 5288//5288 5292//5292 5298//5298
f 5293//5293 5289//5289 5299//5299
f 5286//5286 5293//5293 5296//5296
f 5294//5294 5299//5299 5289//5289
f 5290//5290 5296//5296 5295//5295
f 5285//5285 5300//5300 5297//5297
f 5287//5287 5301//5301 5294//5294
f 5301//5301 5287//5287 5288//5288
f 5298//5298 5292//5292 5302//5302
f 5299//5299 5294//5294 5303//5303
f 5297//5297 5302//5302 5292//5292
f 5303//5303 5294//5294 5301//5301
f 5298//5298 5304//5304 5288//5288
f 5305//5305 5302//5302 5297//5297
f 5301//5301 5288//5288 5304//5304
f 5302//5302 5306//5306 5298//5298
f 5306//5306 5302//5302 5305//5305
