# 3D Scanner OBJ Export
# Vertices: 8266
# Faces: 2755

# Vertices
v 0.081337 -0.324572 0.334161
v 0.049364 -0.316979 0.329283
v 0.066443 -0.313235 0.334234
v 0.081337 -0.324572 0.334161
v 0.049364 -0.316979 0.329283
v 0.066443 -0.313235 0.334234
v 0.081881 -0.315467 0.334863
v 0.049933 -0.307881 0.329815
v 0.067023 -0.304084 0.334684
v 0.081881 -0.315467 0.334863
v 0.049933 -0.307881 0.329815
v 0.067023 -0.304084 0.334684
v 0.082197 -0.306107 0.334656
v 0.050291 -0.298453 0.329442
v 0.067404 -0.294646 0.334224
v 0.082197 -0.306107 0.334656
v 0.050291 -0.298453 0.329442
v 0.067404 -0.294646 0.334224
v 0.081250 -0.296954 0.331367
v 0.049526 -0.289748 0.326625
v 0.066683 -0.285959 0.331424
v 0.076742 -0.322596 0.325961
v 0.065856 -0.293509 0.332728
v -0.084569 -0.310367 0.304951
v 0.080606 -0.289669 0.330214
v 0.048929 -0.282399 0.325263
v 0.066091 -0.278607 0.330040
v 0.075991 -0.315380 0.325246
v 0.065225 -0.286129 0.331474
v -0.085208 -0.302767 0.303605
v 0.080606 -0.289669 0.330214
v 0.048929 -0.282399 0.325263
v 0.066091 -0.278607 0.330040
v 0.075991 -0.315380 0.325246
v 0.065225 -0.286129 0.331474
v -0.085208 -0.302767 0.303605
v 0.080606 -0.289669 0.330214
v 0.048929 -0.282399 0.325263
v 0.066091 -0.278607 0.330040
v 0.075991 -0.315380 0.325246
v 0.065225 -0.286129 0.331474
v -0.085208 -0.302767 0.303605
v 0.079690 -0.284065 0.328061
v 0.048071 -0.276645 0.322961
v 0.065251 -0.272909 0.327722
v 0.074910 -0.309805 0.323408
v 0.064331 -0.280406 0.329248
v -0.086161 -0.296380 0.301313
v 0.079690 -0.284065 0.328061
v 0.048071 -0.276645 0.322961
v 0.065251 -0.272909 0.327722
v 0.074910 -0.309805 0.323408
v 0.064331 -0.280406 0.329248
v -0.086161 -0.296380 0.301313
v 0.063531 -0.273748 0.324856
v 0.063531 -0.273748 0.324856
v 0.064940 -0.269422 0.323214
v 0.064940 -0.269422 0.323214
v 0.064589 -0.266544 0.320994
v 0.064589 -0.266544 0.320994
v -0.081398 -0.281804 -0.074033
v -0.074892 -0.303184 -0.088631
v -0.081398 -0.281804 -0.074033
v -0.074892 -0.303184 -0.088631
v -0.076122 -0.281776 -0.077537
v -0.069568 -0.303133 -0.092148
v -0.076122 -0.281776 -0.077537
v -0.069568 -0.303133 -0.092148
v -0.071629 -0.281525 -0.079857
v -0.065149 -0.302911 -0.094460
v -0.071629 -0.281525 -0.079857
v -0.065149 -0.302911 -0.094460
v -0.045356 -0.258787 0.004355
v -0.043265 -0.258177 0.003330
v -0.043265 -0.258177 0.003330
v -0.043265 -0.258177 0.003330
v -0.041301 -0.257871 0.002413
v -0.041301 -0.257871 0.002413
v -0.030399 -0.290459 -0.007957
v -0.030399 -0.290459 -0.007957
v -0.028793 -0.290563 -0.008912
v -0.028793 -0.290563 -0.008912
v -0.027364 -0.290421 -0.009167
v -0.027364 -0.290421 -0.009167
v -0.072803 -0.404107 -0.158973
v -0.072803 -0.404107 -0.158973
v -0.072803 -0.404107 -0.158973
v -0.076502 -0.401995 -0.157621
v -0.076502 -0.401995 -0.157621
v -0.079576 -0.399660 -0.157806
v -0.079576 -0.399660 -0.157806
v -0.082269 -0.397747 -0.158173
v -0.082269 -0.397747 -0.158173
v -0.083941 -0.396623 -0.157880
v -0.083941 -0.396623 -0.157880
v -0.085386 -0.396175 -0.158471
v -0.085386 -0.396175 -0.158471
v -0.086829 -0.394934 -0.159477
v -0.086829 -0.394934 -0.159477
v -0.086294 -0.394864 -0.161507
v -0.086294 -0.394864 -0.161507
v -0.086810 -0.394830 -0.162039
v -0.086810 -0.394830 -0.162039
v -0.073727 -0.297788 -0.038695
v -0.087257 -0.394146 -0.161932
v -0.073727 -0.297788 -0.038695
v -0.087257 -0.394146 -0.161932
v -0.073858 -0.297137 -0.040417
v -0.087348 -0.393622 -0.163559
v -0.073858 -0.297137 -0.040417
v -0.087348 -0.393622 -0.163559
v -0.073625 -0.296838 -0.042297
v -0.086799 -0.393571 -0.165278
v -0.079288 -0.397702 -0.176955
v -0.084287 -0.222041 -0.045574
v -0.077749 -0.399397 -0.178356
v -0.083586 -0.222603 -0.048539
v -0.077749 -0.399397 -0.178356
v -0.083586 -0.222603 -0.048539
v -0.076226 -0.401299 -0.179744
v -0.082998 -0.223206 -0.051760
v -0.076226 -0.401299 -0.179744
v -0.082998 -0.223206 -0.051760
v -0.076226 -0.401299 -0.179744
v -0.082998 -0.223206 -0.051760
v -0.073665 -0.403818 -0.181522
v -0.082096 -0.224525 -0.055325
v -0.081704 -0.224653 -0.055581
v -0.081268 -0.225442 -0.059098
v -0.081268 -0.225442 -0.059098
v -0.080947 -0.226192 -0.062139
v -0.081096 -0.226651 -0.064798
v -0.088238 -0.237226 -0.032755
v -0.080785 -0.226561 -0.064994
v -0.088238 -0.237226 -0.032755
v -0.080785 -0.226561 -0.064994
v -0.088447 -0.237946 -0.035032
v -0.081060 -0.227400 -0.067325
v -0.088447 -0.237946 -0.035032
v -0.081060 -0.227400 -0.067325
v -0.089218 -0.237265 -0.037211
v -0.081772 -0.226881 -0.069544
v -0.089218 -0.237265 -0.037211
v -0.081772 -0.226881 -0.069544
v -0.090393 -0.236049 -0.039517
v -0.082991 -0.225829 -0.071888
v -0.090393 -0.236049 -0.039517
v -0.082991 -0.225829 -0.071888
v -0.091564 -0.234992 -0.042058
v -0.084117 -0.224861 -0.074447
v -0.091564 -0.234992 -0.042058
v -0.084117 -0.224861 -0.074447
v -0.092640 -0.234140 -0.044458
v -0.085156 -0.224088 -0.076863
v -0.092640 -0.234140 -0.044458
v -0.085156 -0.224088 -0.076863
v -0.094310 -0.233431 -0.047642
v -0.086906 -0.223555 -0.080104
v -0.094310 -0.233431 -0.047642
v -0.086906 -0.223555 -0.080104
v -0.095658 -0.233004 -0.049306
v -0.088237 -0.223415 -0.081850
v -0.095658 -0.233004 -0.049306
v -0.088237 -0.223415 -0.081850
v -0.097190 -0.232631 -0.050627
v -0.089863 -0.223259 -0.083256
v -0.097190 -0.232631 -0.050627
v -0.089863 -0.223259 -0.083256
v -0.130959 -0.317524 0.001505
v -0.150614 -0.218227 0.019322
v -0.145662 -0.235095 0.012895
v -0.146556 -0.244138 0.009765
v -0.141587 -0.252152 0.006340
v -0.141341 -0.260917 0.003073
v -0.136294 -0.269524 -0.000299
v -0.136628 -0.279085 -0.003579
v -0.131381 -0.286913 -0.006840
v -0.134203 -0.272643 -0.018871
v -0.147486 -0.209682 -0.002137
v -0.148965 -0.219032 -0.005639
v -0.133099 -0.259367 -0.025711
v -0.128189 -0.277578 -0.031274
v -0.132879 -0.267668 -0.029369
v -0.137934 -0.249221 -0.026518
v -0.137218 -0.240100 -0.023510
v -0.147844 -0.223444 -0.002563
v -0.126808 -0.274004 -0.041087
v -0.139673 -0.219513 -0.025785
v -0.137050 -0.245880 -0.036024
v -0.144427 -0.200904 -0.023884
v -0.130522 -0.252745 -0.042849
v -0.125833 -0.270942 -0.049089
v -0.138203 -0.216163 -0.034323
v -0.135717 -0.242410 -0.044106
v -0.124542 -0.267217 -0.058536
v -0.129181 -0.248923 -0.051428
v -0.140072 -0.224164 -0.024003
v -0.121581 -0.288516 -0.071068
v -0.135287 -0.238858 -0.053693
v -0.137612 -0.212931 -0.043213
v -0.143032 -0.195758 -0.036987
v -0.123864 -0.264064 -0.066444
v -0.131114 -0.274931 -0.078007
v -0.132630 -0.226279 -0.058115
v -0.137820 -0.218077 -0.056418
v -0.127399 -0.242044 -0.068453
v -0.122277 -0.259490 -0.076527
v -0.135457 -0.205928 -0.060388
v -0.126868 -0.247846 -0.082602
v -0.142917 -0.196204 -0.063715
v -0.140212 -0.187158 -0.058785
v -0.118852 -0.278606 -0.098330
v -0.130719 -0.219754 -0.075294
v -0.125648 -0.235540 -0.085589
v -0.138126 -0.182207 -0.069608
v -0.133714 -0.199416 -0.077582
v -0.116649 -0.271397 -0.116538
v -0.128309 -0.218080 -0.107842
v -0.133268 -0.201050 -0.099263
v -0.130959 -0.317524 0.001505
v -0.150614 -0.218227 0.019322
v -0.145662 -0.235095 0.012895
v -0.146556 -0.244138 0.009765
v -0.141587 -0.252152 0.006340
v -0.141341 -0.260917 0.003073
v -0.136294 -0.269524 -0.000299
v -0.136628 -0.279085 -0.003579
v -0.131381 -0.286913 -0.006840
v -0.134203 -0.272643 -0.018871
v -0.147486 -0.209682 -0.002137
v -0.148965 -0.219032 -0.005639
v -0.133099 -0.259367 -0.025711
v -0.128189 -0.277578 -0.031274
v -0.132879 -0.267668 -0.029369
v -0.137934 -0.249221 -0.026518
v -0.137218 -0.240100 -0.023510
v -0.147844 -0.223444 -0.002563
v -0.126808 -0.274004 -0.041087
v -0.139673 -0.219513 -0.025785
v -0.137050 -0.245880 -0.036024
v -0.144427 -0.200904 -0.023884
v -0.130522 -0.252745 -0.042849
v -0.125833 -0.270942 -0.049089
v -0.138203 -0.216163 -0.034323
v -0.135717 -0.242410 -0.044106
v -0.124542 -0.267217 -0.058536
v -0.129181 -0.248923 -0.051428
v -0.140072 -0.224164 -0.024003
v -0.121581 -0.288516 -0.071068
v -0.135287 -0.238858 -0.053693
v -0.137612 -0.212931 -0.043213
v -0.143032 -0.195758 -0.036987
v -0.123864 -0.264064 -0.066444
v -0.131114 -0.274931 -0.078007
v -0.132630 -0.226279 -0.058115
v -0.137820 -0.218077 -0.056418
v -0.127399 -0.242044 -0.068453
v -0.122277 -0.259490 -0.076527
v -0.135457 -0.205928 -0.060388
v -0.126868 -0.247846 -0.082602
v -0.142917 -0.196204 -0.063715
v -0.140212 -0.187158 -0.058785
v -0.118852 -0.278606 -0.098330
v -0.130719 -0.219754 -0.075294
v -0.125648 -0.235540 -0.085589
v -0.138126 -0.182207 -0.069608
v -0.133714 -0.199416 -0.077582
v -0.116649 -0.271397 -0.116538
v -0.128309 -0.218080 -0.107842
v -0.133268 -0.201050 -0.099263
v -0.130351 -0.318677 0.002363
v -0.150332 -0.219489 0.020419
v -0.145319 -0.236324 0.013954
v -0.146180 -0.245361 0.010798
v -0.141182 -0.253350 0.007359
v -0.140904 -0.262105 0.004069
v -0.135825 -0.270688 0.000681
v -0.136125 -0.280240 -0.002625
v -0.130849 -0.288044 -0.005898
v -0.133691 -0.273750 -0.017894
v -0.147191 -0.210875 -0.001010
v -0.148636 -0.220219 -0.004541
v -0.132614 -0.260451 -0.024696
v -0.127640 -0.278632 -0.030300
v -0.132363 -0.268741 -0.028376
v -0.137478 -0.250318 -0.025484
v -0.136794 -0.241203 -0.022450
v -0.147507 -0.224636 -0.001475
v -0.126252 -0.275027 -0.040101
v -0.139306 -0.220617 -0.024671
v -0.136587 -0.246947 -0.034979
v -0.144119 -0.202027 -0.022727
v -0.130026 -0.253775 -0.041811
v -0.125272 -0.271940 -0.048093
v -0.137830 -0.217238 -0.033198
v -0.135249 -0.243451 -0.043049
v -0.123975 -0.268185 -0.057527
v -0.128680 -0.249925 -0.050377
v -0.139695 -0.225274 -0.022903
v -0.120928 -0.289440 -0.070113
v -0.134812 -0.239872 -0.052625
v -0.137234 -0.213981 -0.042077
v -0.142715 -0.196841 -0.035814
v -0.123291 -0.265008 -0.065425
v -0.130489 -0.275864 -0.077031
v -0.132184 -0.227272 -0.057008
v -0.137402 -0.219090 -0.055297
v -0.126888 -0.242993 -0.067380
v -0.121700 -0.260401 -0.075492
v -0.135069 -0.206923 -0.059229
v -0.126315 -0.248754 -0.081543
v -0.142550 -0.197212 -0.062543
v -0.139881 -0.188173 -0.057583
v -0.118180 -0.279447 -0.097342
v -0.130262 -0.220694 -0.074165
v -0.125126 -0.236437 -0.084495
v -0.137791 -0.183185 -0.068389
v -0.133313 -0.200359 -0.076402
v -0.115965 -0.272180 -0.115526
v -0.127798 -0.218922 -0.106704
v -0.132824 -0.201931 -0.098087
v -0.130351 -0.318677 0.002363
v -0.150332 -0.219489 0.020419
v -0.145319 -0.236324 0.013954
v -0.146180 -0.245361 0.010798
v -0.141182 -0.253350 0.007359
v -0.140904 -0.262105 0.004069
v -0.135825 -0.270688 0.000681
v -0.136125 -0.280240 -0.002625
v -0.130849 -0.288044 -0.005898
v -0.133691 -0.273750 -0.017894
v -0.147191 -0.210875 -0.001010
v -0.148636 -0.220219 -0.004541
v -0.132614 -0.260451 -0.024696
v -0.127640 -0.278632 -0.030300
v -0.132363 -0.268741 -0.028376
v -0.137478 -0.250318 -0.025484
v -0.136794 -0.241203 -0.022450
v -0.147507 -0.224636 -0.001475
v -0.126252 -0.275027 -0.040101
v -0.139306 -0.220617 -0.024671
v -0.136587 -0.246947 -0.034979
v -0.144119 -0.202027 -0.022727
v -0.130026 -0.253775 -0.041811
v -0.125272 -0.271940 -0.048093
v -0.137830 -0.217238 -0.033198
v -0.135249 -0.243451 -0.043049
v -0.123975 -0.268185 -0.057527
v -0.128680 -0.249925 -0.050377
v -0.139695 -0.225274 -0.022903
v -0.120928 -0.289440 -0.070113
v -0.134812 -0.239872 -0.052625
v -0.137234 -0.213981 -0.042077
v -0.142715 -0.196841 -0.035814
v -0.123291 -0.265008 -0.065425
v -0.130489 -0.275864 -0.077031
v -0.132184 -0.227272 -0.057008
v -0.137402 -0.219090 -0.055297
v -0.126888 -0.242993 -0.067380
v -0.121700 -0.260401 -0.075492
v -0.135069 -0.206923 -0.059229
v -0.126315 -0.248754 -0.081543
v -0.142550 -0.197212 -0.062543
v -0.139881 -0.188173 -0.057583
v -0.118180 -0.279447 -0.097342
v -0.130262 -0.220694 -0.074165
v -0.125126 -0.236437 -0.084495
v -0.137791 -0.183185 -0.068389
v -0.133313 -0.200359 -0.076402
v -0.115965 -0.272180 -0.115526
v -0.127798 -0.218922 -0.106704
v -0.132824 -0.201931 -0.098087
v -0.130295 -0.319694 0.004296
v -0.150374 -0.220527 0.022365
v -0.145350 -0.237357 0.015895
v -0.146205 -0.246395 0.012742
v -0.141202 -0.254379 0.009297
v -0.140918 -0.263135 0.006008
v -0.135834 -0.271711 0.002614
v -0.136127 -0.281265 -0.000690
v -0.130846 -0.289063 -0.003971
v -0.133727 -0.274775 -0.015965
v -0.147280 -0.211914 0.000929
v -0.148718 -0.221260 -0.002598
v -0.132679 -0.261476 -0.022771
v -0.127690 -0.279651 -0.028380
v -0.132423 -0.269767 -0.026450
v -0.137556 -0.251349 -0.023553
v -0.136880 -0.242232 -0.020522
v -0.147579 -0.225675 0.000467
v -0.126323 -0.276047 -0.038183
v -0.139422 -0.221650 -0.022743
v -0.136686 -0.247980 -0.033050
v -0.144255 -0.203066 -0.020796
v -0.130127 -0.254800 -0.039892
v -0.125360 -0.272961 -0.046178
v -0.137965 -0.218272 -0.031273
v -0.135366 -0.244484 -0.041123
v -0.124085 -0.269205 -0.055615
v -0.128801 -0.250950 -0.048461
v -0.139801 -0.226308 -0.020974
v -0.121031 -0.290459 -0.068201
v -0.134950 -0.240905 -0.050701
v -0.137387 -0.215016 -0.040154
v -0.142880 -0.197881 -0.033886
v -0.123418 -0.266029 -0.063515
v -0.130621 -0.276898 -0.075106
v -0.132346 -0.228303 -0.055090
v -0.137571 -0.220128 -0.053373
v -0.127047 -0.244020 -0.065468
v -0.121849 -0.261422 -0.073586
v -0.135260 -0.207959 -0.057311
v -0.126490 -0.249783 -0.079631
v -0.142760 -0.198258 -0.060614
v -0.140094 -0.189214 -0.055661
v -0.118341 -0.280469 -0.095438
v -0.130461 -0.221727 -0.072252
v -0.125322 -0.237465 -0.082587
v -0.138028 -0.184226 -0.066471
v -0.133542 -0.201396 -0.074488
v -0.116166 -0.273203 -0.113626
v -0.128054 -0.219958 -0.104796
v -0.133086 -0.202972 -0.096174
v -0.130295 -0.319694 0.004296
v -0.150374 -0.220527 0.022365
v -0.145350 -0.237357 0.015895
v -0.146205 -0.246395 0.012742
v -0.141202 -0.254379 0.009297
v -0.140918 -0.263135 0.006008
v -0.135834 -0.271711 0.002614
v -0.136127 -0.281265 -0.000690
v -0.130846 -0.289063 -0.003971
v -0.133727 -0.274775 -0.015965
v -0.147280 -0.211914 0.000929
v -0.148718 -0.221260 -0.002598
v -0.132679 -0.261476 -0.022771
v -0.127690 -0.279651 -0.028380
v -0.132423 -0.269767 -0.026450
v -0.137556 -0.251349 -0.023553
v -0.136880 -0.242232 -0.020522
v -0.147579 -0.225675 0.000467
v -0.126323 -0.276047 -0.038183
v -0.139422 -0.221650 -0.022743
v -0.136686 -0.247980 -0.033050
v -0.144255 -0.203066 -0.020796
v -0.130127 -0.254800 -0.039892
v -0.125360 -0.272961 -0.046178
v -0.137965 -0.218272 -0.031273
v -0.135366 -0.244484 -0.041123
v -0.124085 -0.269205 -0.055615
v -0.128801 -0.250950 -0.048461
v -0.139801 -0.226308 -0.020974
v -0.121031 -0.290459 -0.068201
v -0.134950 -0.240905 -0.050701
v -0.137387 -0.215016 -0.040154
v -0.142880 -0.197881 -0.033886
v -0.123418 -0.266029 -0.063515
v -0.130621 -0.276898 -0.075106
v -0.132346 -0.228303 -0.055090
v -0.137571 -0.220128 -0.053373
v -0.127047 -0.244020 -0.065468
v -0.121849 -0.261422 -0.073586
v -0.135260 -0.207959 -0.057311
v -0.126490 -0.249783 -0.079631
v -0.142760 -0.198258 -0.060614
v -0.140094 -0.189214 -0.055661
v -0.118341 -0.280469 -0.095438
v -0.130461 -0.221727 -0.072252
v -0.125322 -0.237465 -0.082587
v -0.138028 -0.184226 -0.066471
v -0.133542 -0.201396 -0.074488
v -0.116166 -0.273203 -0.113626
v -0.128054 -0.219958 -0.104796
v -0.133086 -0.202972 -0.096174
v -0.150527 -0.221266 0.024212
v -0.145535 -0.238118 0.017762
v -0.146373 -0.247138 0.014627
v -0.141409 -0.255157 0.011185
v -0.141132 -0.263915 0.007910
v -0.136049 -0.272490 0.004524
v -0.136368 -0.282067 0.001233
v -0.131084 -0.289857 -0.002039
v -0.133987 -0.275606 -0.014058
v -0.147454 -0.212689 0.002757
v -0.148866 -0.222012 -0.000744
v -0.132916 -0.262293 -0.020879
v -0.127948 -0.280480 -0.026465
v -0.132697 -0.270620 -0.024556
v -0.137804 -0.252182 -0.021678
v -0.137117 -0.243059 -0.018662
v -0.147948 -0.216913 -0.013887
v -0.147711 -0.226411 0.002328
v -0.126604 -0.276908 -0.036283
v -0.139636 -0.222469 -0.020909
v -0.136968 -0.248852 -0.031193
v -0.146961 -0.213012 -0.023001
v -0.144465 -0.203886 -0.018989
v -0.130393 -0.255657 -0.038019
v -0.125646 -0.273830 -0.044282
v -0.138178 -0.219097 -0.029442
v -0.135632 -0.245344 -0.039264
v -0.124387 -0.270098 -0.053732
v -0.129066 -0.251811 -0.046591
v -0.139982 -0.227095 -0.019119
v -0.135206 -0.241762 -0.048836
v -0.137647 -0.215883 -0.038347
v -0.143092 -0.198715 -0.032085
v -0.123721 -0.266925 -0.061633
v -0.130942 -0.277803 -0.073195
v -0.132617 -0.229186 -0.053261
v -0.137822 -0.220994 -0.051542
v -0.127347 -0.244928 -0.063625
v -0.122144 -0.262313 -0.071698
v -0.135514 -0.208838 -0.055507
v -0.126834 -0.250738 -0.077800
v -0.142997 -0.199130 -0.058808
v -0.140328 -0.190085 -0.053877
v -0.130754 -0.222641 -0.070440
v -0.125649 -0.238409 -0.080767
v -0.138262 -0.185110 -0.064691
v -0.133832 -0.202315 -0.072711
v -0.116540 -0.274186 -0.111746
v -0.128400 -0.220935 -0.103006
v -0.133393 -0.203918 -0.094387
v -0.150527 -0.221266 0.024212
v -0.145535 -0.238118 0.017762
v -0.146373 -0.247138 0.014627
v -0.141409 -0.255157 0.011185
v -0.141132 -0.263915 0.007910
v -0.136049 -0.272490 0.004524
v -0.136368 -0.282067 0.001233
v -0.131084 -0.289857 -0.002039
v -0.133987 -0.275606 -0.014058
v -0.147454 -0.212689 0.002757
v -0.148866 -0.222012 -0.000744
v -0.132916 -0.262293 -0.020879
v -0.127948 -0.280480 -0.026465
v -0.132697 -0.270620 -0.024556
v -0.137804 -0.252182 -0.021678
v -0.137117 -0.243059 -0.018662
v -0.147948 -0.216913 -0.013887
v -0.147711 -0.226411 0.002328
v -0.126604 -0.276908 -0.036283
v -0.139636 -0.222469 -0.020909
v -0.136968 -0.248852 -0.031193
v -0.146961 -0.213012 -0.023001
v -0.144465 -0.203886 -0.018989
v -0.130393 -0.255657 -0.038019
v -0.125646 -0.273830 -0.044282
v -0.138178 -0.219097 -0.029442
v -0.135632 -0.245344 -0.039264
v -0.124387 -0.270098 -0.053732
v -0.129066 -0.251811 -0.046591
v -0.139982 -0.227095 -0.019119
v -0.135206 -0.241762 -0.048836
v -0.137647 -0.215883 -0.038347
v -0.143092 -0.198715 -0.032085
v -0.123721 -0.266925 -0.061633
v -0.130942 -0.277803 -0.073195
v -0.132617 -0.229186 -0.053261
v -0.137822 -0.220994 -0.051542
v -0.127347 -0.244928 -0.063625
v -0.122144 -0.262313 -0.071698
v -0.135514 -0.208838 -0.055507
v -0.126834 -0.250738 -0.077800
v -0.142997 -0.199130 -0.058808
v -0.140328 -0.190085 -0.053877
v -0.130754 -0.222641 -0.070440
v -0.125649 -0.238409 -0.080767
v -0.138262 -0.185110 -0.064691
v -0.133832 -0.202315 -0.072711
v -0.116540 -0.274186 -0.111746
v -0.128400 -0.220935 -0.103006
v -0.133393 -0.203918 -0.094387
v -0.150478 -0.222394 0.025249
v -0.145482 -0.239245 0.018796
v -0.146318 -0.248265 0.015665
v -0.141352 -0.256282 0.012219
v -0.141073 -0.265040 0.008945
v -0.135990 -0.273613 0.005555
v -0.136305 -0.283191 0.002267
v -0.131020 -0.290977 -0.001010
v -0.133948 -0.276732 -0.013029
v -0.147438 -0.213820 0.003789
v -0.148847 -0.223145 0.000291
v -0.132895 -0.263419 -0.019855
v -0.127922 -0.281604 -0.025443
v -0.132675 -0.271747 -0.023530
v -0.137791 -0.253311 -0.020650
v -0.137106 -0.244188 -0.017636
v -0.147949 -0.218048 -0.012854
v -0.147686 -0.227542 0.003363
v -0.126592 -0.278033 -0.035263
v -0.139642 -0.223600 -0.019885
v -0.136969 -0.249983 -0.030167
v -0.146976 -0.214148 -0.021970
v -0.144481 -0.205020 -0.017963
v -0.130398 -0.256785 -0.036999
v -0.125646 -0.274956 -0.043264
v -0.138197 -0.220229 -0.028421
v -0.135645 -0.246476 -0.038240
v -0.124401 -0.271226 -0.052716
v -0.129084 -0.252940 -0.045574
v -0.139983 -0.228225 -0.018094
v -0.135233 -0.242896 -0.047813
v -0.137680 -0.217017 -0.037327
v -0.143128 -0.199851 -0.031062
v -0.123747 -0.268054 -0.060618
v -0.130975 -0.278940 -0.072169
v -0.132659 -0.230319 -0.052244
v -0.137868 -0.222131 -0.050521
v -0.127391 -0.246059 -0.062611
v -0.122185 -0.263443 -0.070686
v -0.135573 -0.209974 -0.054491
v -0.126892 -0.251872 -0.076785
v -0.143067 -0.200271 -0.057784
v -0.140398 -0.191223 -0.052860
v -0.130822 -0.223777 -0.069427
v -0.125719 -0.239544 -0.079756
v -0.138348 -0.186249 -0.063676
v -0.133916 -0.203453 -0.071699
v -0.116624 -0.275321 -0.110739
v -0.128509 -0.222076 -0.101996
v -0.133504 -0.205061 -0.093374
v -0.150478 -0.222394 0.025249
v -0.145482 -0.239245 0.018796
v -0.146318 -0.248265 0.015665
v -0.141352 -0.256282 0.012219
v -0.141073 -0.265040 0.008945
v -0.135990 -0.273613 0.005555
v -0.136305 -0.283191 0.002267
v -0.131020 -0.290977 -0.001010
v -0.133948 -0.276732 -0.013029
v -0.147438 -0.213820 0.003789
v -0.148847 -0.223145 0.000291
v -0.132895 -0.263419 -0.019855
v -0.127922 -0.281604 -0.025443
v -0.132675 -0.271747 -0.023530
v -0.137791 -0.253311 -0.020650
v -0.137106 -0.244188 -0.017636
v -0.147949 -0.218048 -0.012854
v -0.147686 -0.227542 0.003363
v -0.126592 -0.278033 -0.035263
v -0.139642 -0.223600 -0.019885
v -0.136969 -0.249983 -0.030167
v -0.146976 -0.214148 -0.021970
v -0.144481 -0.205020 -0.017963
v -0.130398 -0.256785 -0.036999
v -0.125646 -0.274956 -0.043264
v -0.138197 -0.220229 -0.028421
v -0.135645 -0.246476 -0.038240
v -0.124401 -0.271226 -0.052716
v -0.129084 -0.252940 -0.045574
v -0.139983 -0.228225 -0.018094
v -0.135233 -0.242896 -0.047813
v -0.137680 -0.217017 -0.037327
v -0.143128 -0.199851 -0.031062
v -0.123747 -0.268054 -0.060618
v -0.130975 -0.278940 -0.072169
v -0.132659 -0.230319 -0.052244
v -0.137868 -0.222131 -0.050521
v -0.127391 -0.246059 -0.062611
v -0.122185 -0.263443 -0.070686
v -0.135573 -0.209974 -0.054491
v -0.126892 -0.251872 -0.076785
v -0.143067 -0.200271 -0.057784
v -0.140398 -0.191223 -0.052860
v -0.130822 -0.223777 -0.069427
v -0.125719 -0.239544 -0.079756
v -0.138348 -0.186249 -0.063676
v -0.133916 -0.203453 -0.071699
v -0.116624 -0.275321 -0.110739
v -0.128509 -0.222076 -0.101996
v -0.133504 -0.205061 -0.093374
v -0.150452 -0.223451 0.026238
v -0.145429 -0.240291 0.019779
v -0.146251 -0.249311 0.016643
v -0.141272 -0.257319 0.013195
v -0.140979 -0.266076 0.009917
v -0.135881 -0.274639 0.006526
v -0.136182 -0.284216 0.003232
v -0.130884 -0.291994 -0.000045
v -0.133823 -0.277746 -0.012058
v -0.147408 -0.214861 0.004784
v -0.148802 -0.224186 0.001280
v -0.132782 -0.264428 -0.018876
v -0.127781 -0.282603 -0.024470
v -0.132549 -0.272753 -0.022555
v -0.137691 -0.254326 -0.019669
v -0.137021 -0.245204 -0.016650
v -0.147902 -0.219081 -0.011861
v -0.147638 -0.228583 0.004351
v -0.126449 -0.279025 -0.034288
v -0.139583 -0.224618 -0.018890
v -0.136867 -0.250992 -0.029184
v -0.146928 -0.215175 -0.020974
v -0.144448 -0.206045 -0.016961
v -0.130282 -0.257781 -0.036015
v -0.125501 -0.275943 -0.042286
v -0.138136 -0.221240 -0.027422
v -0.135543 -0.247479 -0.037254
v -0.124255 -0.272206 -0.051735
v -0.128968 -0.253930 -0.044586
v -0.139918 -0.229245 -0.017101
v -0.135129 -0.243893 -0.046825
v -0.137617 -0.218023 -0.036327
v -0.143093 -0.200868 -0.030056
v -0.123599 -0.269029 -0.059635
v -0.130805 -0.279918 -0.071197
v -0.132568 -0.231310 -0.051247
v -0.137789 -0.223130 -0.049523
v -0.127272 -0.247038 -0.061619
v -0.122037 -0.264411 -0.069700
v -0.135508 -0.210968 -0.053486
v -0.126755 -0.252843 -0.075796
v -0.143012 -0.201273 -0.056779
v -0.140358 -0.192225 -0.051847
v -0.130727 -0.224756 -0.068425
v -0.125596 -0.240511 -0.078760
v -0.138308 -0.187242 -0.062660
v -0.133847 -0.204435 -0.070689
v -0.116432 -0.276260 -0.109755
v -0.128394 -0.223035 -0.100992
v -0.133417 -0.206031 -0.092365
v -0.150452 -0.223451 0.026238
v -0.145429 -0.240291 0.019779
v -0.146251 -0.249311 0.016643
v -0.141272 -0.257319 0.013195
v -0.140979 -0.266076 0.009917
v -0.135881 -0.274639 0.006526
v -0.136182 -0.284216 0.003232
v -0.130884 -0.291994 -0.000045
v -0.133823 -0.277746 -0.012058
v -0.147408 -0.214861 0.004784
v -0.148802 -0.224186 0.001280
v -0.132782 -0.264428 -0.018876
v -0.127781 -0.282603 -0.024470
v -0.132549 -0.272753 -0.022555
v -0.137691 -0.254326 -0.019669
v -0.137021 -0.245204 -0.016650
v -0.147902 -0.219081 -0.011861
v -0.147638 -0.228583 0.004351
v -0.126449 -0.279025 -0.034288
v -0.139583 -0.224618 -0.018890
v -0.136867 -0.250992 -0.029184
v -0.146928 -0.215175 -0.020974
v -0.144448 -0.206045 -0.016961
v -0.130282 -0.257781 -0.036015
v -0.125501 -0.275943 -0.042286
v -0.138136 -0.221240 -0.027422
v -0.135543 -0.247479 -0.037254
v -0.124255 -0.272206 -0.051735
v -0.128968 -0.253930 -0.044586
v -0.139918 -0.229245 -0.017101
v -0.135129 -0.243893 -0.046825
v -0.137617 -0.218023 -0.036327
v -0.143093 -0.200868 -0.030056
v -0.123599 -0.269029 -0.059635
v -0.130805 -0.279918 -0.071197
v -0.132568 -0.231310 -0.051247
v -0.137789 -0.223130 -0.049523
v -0.127272 -0.247038 -0.061619
v -0.122037 -0.264411 -0.069700
v -0.135508 -0.210968 -0.053486
v -0.126755 -0.252843 -0.075796
v -0.143012 -0.201273 -0.056779
v -0.140358 -0.192225 -0.051847
v -0.130727 -0.224756 -0.068425
v -0.125596 -0.240511 -0.078760
v -0.138308 -0.187242 -0.062660
v -0.133847 -0.204435 -0.070689
v -0.116432 -0.276260 -0.109755
v -0.128394 -0.223035 -0.100992
v -0.133417 -0.206031 -0.092365
v -0.150437 -0.223927 0.027475
v -0.145453 -0.240795 0.021034
v -0.146297 -0.249831 0.017905
v -0.141320 -0.257843 0.014468
v -0.141094 -0.266667 0.011189
v -0.135948 -0.275180 0.007817
v -0.136308 -0.284826 0.004521
v -0.130987 -0.292578 0.001258
v -0.133963 -0.278398 -0.010789
v -0.147388 -0.215367 0.006019
v -0.148696 -0.224625 0.002544
v -0.132840 -0.265001 -0.017596
v -0.127890 -0.283236 -0.023189
v -0.132658 -0.273385 -0.021287
v -0.137712 -0.254866 -0.018390
v -0.137069 -0.245775 -0.015393
v -0.147857 -0.219585 -0.010610
v -0.147544 -0.229022 0.005615
v -0.126549 -0.279664 -0.033011
v -0.139526 -0.225119 -0.017621
v -0.136962 -0.251620 -0.027941
v -0.146912 -0.215713 -0.019735
v -0.144419 -0.206578 -0.015728
v -0.130353 -0.258397 -0.034754
v -0.125604 -0.276598 -0.041019
v -0.138142 -0.221803 -0.026180
v -0.138304 -0.252371 -0.013592
v -0.135539 -0.248024 -0.035969
v -0.124382 -0.272908 -0.050495
v -0.129042 -0.254563 -0.043335
v -0.139887 -0.229758 -0.015836
v -0.135138 -0.244466 -0.045551
v -0.137614 -0.218591 -0.035084
v -0.143056 -0.201416 -0.028824
v -0.147035 -0.212261 -0.039132
v -0.123694 -0.269701 -0.058381
v -0.130884 -0.280571 -0.069918
v -0.132633 -0.231949 -0.050026
v -0.137761 -0.223691 -0.048258
v -0.127367 -0.247719 -0.060400
v -0.122099 -0.265060 -0.068431
v -0.135509 -0.211565 -0.052255
v -0.126833 -0.253521 -0.074562
v -0.142961 -0.201844 -0.055532
v -0.140298 -0.192793 -0.050608
v -0.130774 -0.225403 -0.067208
v -0.125696 -0.241221 -0.077568
v -0.138249 -0.187828 -0.061425
v -0.133876 -0.205076 -0.069490
v -0.128412 -0.223700 -0.099761
v -0.133369 -0.206644 -0.091098
v -0.150437 -0.223927 0.027475
v -0.145453 -0.240795 0.021034
v -0.146297 -0.249831 0.017905
v -0.141320 -0.257843 0.014468
v -0.141094 -0.266667 0.011189
v -0.135948 -0.275180 0.007817
v -0.136308 -0.284826 0.004521
v -0.130987 -0.292578 0.001258
v -0.133963 -0.278398 -0.010789
v -0.147388 -0.215367 0.006019
v -0.148696 -0.224625 0.002544
v -0.132840 -0.265001 -0.017596
v -0.127890 -0.283236 -0.023189
v -0.132658 -0.273385 -0.021287
v -0.137712 -0.254866 -0.018390
v -0.137069 -0.245775 -0.015393
v -0.147857 -0.219585 -0.010610
v -0.147544 -0.229022 0.005615
v -0.126549 -0.279664 -0.033011
v -0.139526 -0.225119 -0.017621
v -0.136962 -0.251620 -0.027941
v -0.146912 -0.215713 -0.019735
v -0.144419 -0.206578 -0.015728
v -0.130353 -0.258397 -0.034754
v -0.125604 -0.276598 -0.041019
v -0.138142 -0.221803 -0.026180
v -0.138304 -0.252371 -0.013592
v -0.135539 -0.248024 -0.035969
v -0.124382 -0.272908 -0.050495
v -0.129042 -0.254563 -0.043335
v -0.139887 -0.229758 -0.015836
v -0.135138 -0.244466 -0.045551
v -0.137614 -0.218591 -0.035084
v -0.143056 -0.201416 -0.028824
v -0.147035 -0.212261 -0.039132
v -0.123694 -0.269701 -0.058381
v -0.130884 -0.280571 -0.069918
v -0.132633 -0.231949 -0.050026
v -0.137761 -0.223691 -0.048258
v -0.127367 -0.247719 -0.060400
v -0.122099 -0.265060 -0.068431
v -0.135509 -0.211565 -0.052255
v -0.126833 -0.253521 -0.074562
v -0.142961 -0.201844 -0.055532
v -0.140298 -0.192793 -0.050608
v -0.130774 -0.225403 -0.067208
v -0.125696 -0.241221 -0.077568
v -0.138249 -0.187828 -0.061425
v -0.133876 -0.205076 -0.069490
v -0.128412 -0.223700 -0.099761
v -0.133369 -0.206644 -0.091098
v -0.150443 -0.224522 0.028532
v -0.145452 -0.241388 0.022094
v -0.146293 -0.250424 0.018964
v -0.141312 -0.258435 0.015529
v -0.141082 -0.267258 0.012250
v -0.135932 -0.275771 0.008880
v -0.136289 -0.285416 0.005583
v -0.130964 -0.293168 0.002323
v -0.133935 -0.278987 -0.009725
v -0.147381 -0.215959 0.007080
v -0.148685 -0.225217 0.003603
v -0.132810 -0.265588 -0.016530
v -0.127852 -0.283823 -0.022121
v -0.132624 -0.273973 -0.020221
v -0.137683 -0.255455 -0.017326
v -0.137043 -0.246364 -0.014328
v -0.147838 -0.220176 -0.009550
v -0.147535 -0.229614 0.006674
v -0.126506 -0.280249 -0.031942
v -0.139502 -0.225708 -0.016556
v -0.136927 -0.252208 -0.026877
v -0.146888 -0.216303 -0.018674
v -0.144399 -0.207168 -0.014665
v -0.130312 -0.258983 -0.033685
v -0.125556 -0.277182 -0.039949
v -0.138112 -0.222391 -0.025114
v -0.138278 -0.252961 -0.012529
v -0.135499 -0.248611 -0.034903
v -0.124329 -0.273492 -0.049424
v -0.128996 -0.255149 -0.042266
v -0.139863 -0.230347 -0.014772
v -0.135092 -0.245052 -0.044485
v -0.137579 -0.219179 -0.034017
v -0.143028 -0.202005 -0.027759
v -0.146999 -0.212850 -0.038071
v -0.123635 -0.270284 -0.057309
v -0.130816 -0.281154 -0.068852
v -0.132587 -0.232534 -0.048957
v -0.137716 -0.224277 -0.047191
v -0.127311 -0.248302 -0.059329
v -0.122035 -0.265642 -0.067358
v -0.135464 -0.212150 -0.051186
v -0.126766 -0.254103 -0.073491
v -0.142916 -0.202430 -0.054467
v -0.140258 -0.193379 -0.049541
v -0.130717 -0.225986 -0.066137
v -0.125630 -0.241803 -0.076495
v -0.138202 -0.188413 -0.060356
v -0.133820 -0.205659 -0.068420
v -0.128334 -0.224280 -0.098688
v -0.133299 -0.207226 -0.090028
v -0.150443 -0.224522 0.028532
v -0.145452 -0.241388 0.022094
v -0.146293 -0.250424 0.018964
v -0.141312 -0.258435 0.015529
v -0.141082 -0.267258 0.012250
v -0.135932 -0.275771 0.008880
v -0.136289 -0.285416 0.005583
v -0.130964 -0.293168 0.002323
v -0.133935 -0.278987 -0.009725
v -0.147381 -0.215959 0.007080
v -0.148685 -0.225217 0.003603
v -0.132810 -0.265588 -0.016530
v -0.127852 -0.283823 -0.022121
v -0.132624 -0.273973 -0.020221
v -0.137683 -0.255455 -0.017326
v -0.137043 -0.246364 -0.014328
v -0.147838 -0.220176 -0.009550
v -0.147535 -0.229614 0.006674
v -0.126506 -0.280249 -0.031942
v -0.139502 -0.225708 -0.016556
v -0.136927 -0.252208 -0.026877
v -0.146888 -0.216303 -0.018674
v -0.144399 -0.207168 -0.014665
v -0.130312 -0.258983 -0.033685
v -0.125556 -0.277182 -0.039949
v -0.138112 -0.222391 -0.025114
v -0.138278 -0.252961 -0.012529
v -0.135499 -0.248611 -0.034903
v -0.124329 -0.273492 -0.049424
v -0.128996 -0.255149 -0.042266
v -0.139863 -0.230347 -0.014772
v -0.135092 -0.245052 -0.044485
v -0.137579 -0.219179 -0.034017
v -0.143028 -0.202005 -0.027759
v -0.146999 -0.212850 -0.038071
v -0.123635 -0.270284 -0.057309
v -0.130816 -0.281154 -0.068852
v -0.132587 -0.232534 -0.048957
v -0.137716 -0.224277 -0.047191
v -0.127311 -0.248302 -0.059329
v -0.122035 -0.265642 -0.067358
v -0.135464 -0.212150 -0.051186
v -0.126766 -0.254103 -0.073491
v -0.142916 -0.202430 -0.054467
v -0.140258 -0.193379 -0.049541
v -0.130717 -0.225986 -0.066137
v -0.125630 -0.241803 -0.076495
v -0.138202 -0.188413 -0.060356
v -0.133820 -0.205659 -0.068420
v -0.128334 -0.224280 -0.098688
v -0.133299 -0.207226 -0.090028
v -0.150437 -0.224914 0.029607
v -0.145441 -0.241793 0.023205
v -0.146280 -0.250833 0.020087
v -0.141296 -0.258851 0.016675
v -0.141064 -0.267680 0.013410
v -0.135912 -0.276200 0.010064
v -0.136266 -0.285851 0.006782
v -0.130939 -0.293610 0.003544
v -0.133879 -0.279447 -0.008532
v -0.147328 -0.216386 0.008147
v -0.148629 -0.225649 0.004682
v -0.132733 -0.266060 -0.015356
v -0.127773 -0.284305 -0.020908
v -0.132544 -0.274450 -0.019033
v -0.137599 -0.255925 -0.016177
v -0.136962 -0.246829 -0.013192
v -0.147754 -0.220629 -0.008477
v -0.147488 -0.230042 0.007763
v -0.126406 -0.280748 -0.030732
v -0.139406 -0.226176 -0.015458
v -0.136823 -0.252694 -0.025732
v -0.146783 -0.216771 -0.017605
v -0.144298 -0.207631 -0.013605
v -0.130198 -0.259482 -0.032516
v -0.125438 -0.277694 -0.038742
v -0.137998 -0.222873 -0.024018
v -0.138203 -0.253423 -0.011385
v -0.135377 -0.249110 -0.033761
v -0.124190 -0.274019 -0.048220
v -0.128863 -0.255662 -0.041100
v -0.139773 -0.230813 -0.013667
v -0.134950 -0.245566 -0.043347
v -0.137445 -0.219675 -0.032925
v -0.142898 -0.202489 -0.026705
v -0.146853 -0.213348 -0.037007
v -0.123479 -0.270824 -0.056109
v -0.130643 -0.281709 -0.067649
v -0.132429 -0.233057 -0.047834
v -0.137558 -0.224794 -0.046092
v -0.127140 -0.248844 -0.058171
v -0.121857 -0.266199 -0.066161
v -0.135292 -0.212675 -0.050101
v -0.126570 -0.254667 -0.072322
v -0.142732 -0.202956 -0.053412
v -0.140080 -0.193899 -0.048495
v -0.130522 -0.226537 -0.065021
v -0.125422 -0.242372 -0.075344
v -0.138000 -0.188951 -0.059314
v -0.133611 -0.206212 -0.067341
v -0.128072 -0.224883 -0.097570
v -0.133047 -0.207812 -0.088946
v -0.150437 -0.224914 0.029607
v -0.145441 -0.241793 0.023205
v -0.146280 -0.250833 0.020087
v -0.141296 -0.258851 0.016675
v -0.141064 -0.267680 0.013410
v -0.135912 -0.276200 0.010064
v -0.136266 -0.285851 0.006782
v -0.130939 -0.293610 0.003544
v -0.133879 -0.279447 -0.008532
v -0.147328 -0.216386 0.008147
v -0.148629 -0.225649 0.004682
v -0.132733 -0.266060 -0.015356
v -0.127773 -0.284305 -0.020908
v -0.132544 -0.274450 -0.019033
v -0.137599 -0.255925 -0.016177
v -0.136962 -0.246829 -0.013192
v -0.147754 -0.220629 -0.008477
v -0.147488 -0.230042 0.007763
v -0.126406 -0.280748 -0.030732
v -0.139406 -0.226176 -0.015458
v -0.136823 -0.252694 -0.025732
v -0.146783 -0.216771 -0.017605
v -0.144298 -0.207631 -0.013605
v -0.130198 -0.259482 -0.032516
v -0.125438 -0.277694 -0.038742
v -0.137998 -0.222873 -0.024018
v -0.138203 -0.253423 -0.011385
v -0.135377 -0.249110 -0.033761
v -0.124190 -0.274019 -0.048220
v -0.128863 -0.255662 -0.041100
v -0.139773 -0.230813 -0.013667
v -0.134950 -0.245566 -0.043347
v -0.137445 -0.219675 -0.032925
v -0.142898 -0.202489 -0.026705
v -0.146853 -0.213348 -0.037007
v -0.123479 -0.270824 -0.056109
v -0.130643 -0.281709 -0.067649
v -0.132429 -0.233057 -0.047834
v -0.137558 -0.224794 -0.046092
v -0.127140 -0.248844 -0.058171
v -0.121857 -0.266199 -0.066161
v -0.135292 -0.212675 -0.050101
v -0.126570 -0.254667 -0.072322
v -0.142732 -0.202956 -0.053412
v -0.140080 -0.193899 -0.048495
v -0.130522 -0.226537 -0.065021
v -0.125422 -0.242372 -0.075344
v -0.138000 -0.188951 -0.059314
v -0.133611 -0.206212 -0.067341
v -0.128072 -0.224883 -0.097570
v -0.133047 -0.207812 -0.088946
v -0.150914 -0.224477 0.031265
v -0.145982 -0.241378 0.024872
v -0.146853 -0.250418 0.021762
v -0.141900 -0.258456 0.018352
v -0.141701 -0.267288 0.015094
v -0.136580 -0.275828 0.011750
v -0.136971 -0.285480 0.008475
v -0.131672 -0.293260 0.005240
v -0.134570 -0.279096 -0.006845
v -0.147789 -0.215976 0.009797
v -0.149125 -0.225237 0.006340
v -0.133382 -0.265717 -0.013679
v -0.128490 -0.283984 -0.019221
v -0.133225 -0.274111 -0.017350
v -0.138214 -0.255566 -0.014504
v -0.137543 -0.246471 -0.011526
v -0.148240 -0.220229 -0.006823
v -0.147997 -0.229632 0.009423
v -0.127116 -0.280438 -0.029048
v -0.139916 -0.225810 -0.013806
v -0.137432 -0.252344 -0.024062
v -0.147262 -0.216381 -0.015955
v -0.144742 -0.207248 -0.011963
v -0.130835 -0.259161 -0.030846
v -0.126143 -0.277394 -0.037061
v -0.138502 -0.222518 -0.022369
v -0.138806 -0.253059 -0.009714
v -0.135979 -0.248772 -0.032094
v -0.124888 -0.273730 -0.046543
v -0.129493 -0.255352 -0.039433
v -0.140298 -0.230445 -0.012011
v -0.135545 -0.245236 -0.041683
v -0.137944 -0.219329 -0.031279
v -0.143333 -0.202119 -0.025068
v -0.147332 -0.212972 -0.035360
v -0.124171 -0.270543 -0.054434
v -0.131379 -0.281411 -0.065962
v -0.132984 -0.232739 -0.046181
v -0.138083 -0.224457 -0.044441
v -0.127757 -0.248552 -0.056510
v -0.122539 -0.265931 -0.064491
v -0.135777 -0.212349 -0.048461
v -0.127216 -0.254387 -0.070657
v -0.143186 -0.202607 -0.051774
v -0.140498 -0.193555 -0.046865
v -0.131064 -0.226238 -0.063373
v -0.126026 -0.242098 -0.073688
v -0.138408 -0.188622 -0.057689
v -0.134084 -0.205904 -0.065707
v -0.128630 -0.224616 -0.095925
v -0.133539 -0.207522 -0.087311
v -0.150663 -0.224345 0.031249
v -0.145805 -0.241289 0.024852
v -0.146743 -0.250385 0.021733
v -0.141734 -0.258368 0.018328
v -0.141623 -0.267291 0.015055
v -0.136446 -0.275769 0.011718
v -0.136937 -0.285544 0.008420
v -0.131548 -0.293210 0.005202
v -0.134582 -0.279207 -0.006923
v -0.147534 -0.215842 0.009804
v -0.148868 -0.225093 0.006348
v -0.133238 -0.265640 -0.013701
v -0.128384 -0.283951 -0.019264
v -0.133150 -0.274113 -0.017403
v -0.138142 -0.255564 -0.014551
v -0.137342 -0.246344 -0.011523
v -0.148093 -0.220161 -0.006834
v -0.147669 -0.229430 0.009440
v -0.127044 -0.280446 -0.029108
v -0.139733 -0.225709 -0.013802
v -0.137444 -0.252420 -0.024148
v -0.147086 -0.216292 -0.015952
v -0.144554 -0.207154 -0.011955
v -0.130676 -0.259062 -0.030854
v -0.126053 -0.277375 -0.037113
v -0.138307 -0.222408 -0.022355
v -0.138691 -0.253013 -0.009743
v -0.135919 -0.248773 -0.032151
v -0.124820 -0.273736 -0.046611
v -0.129337 -0.255256 -0.039439
v -0.140193 -0.230405 -0.012038
v -0.135436 -0.245188 -0.041715
v -0.137776 -0.219237 -0.031272
v -0.143107 -0.202002 -0.025034
v -0.147097 -0.212841 -0.035318
v -0.124074 -0.270510 -0.054483
v -0.131274 -0.281367 -0.066009
v -0.132789 -0.232613 -0.046154
v -0.137965 -0.224400 -0.044461
v -0.143286 -0.207537 -0.038168
v -0.127696 -0.248550 -0.056579
v -0.122401 -0.265844 -0.064506
v -0.135626 -0.212266 -0.048455
v -0.127209 -0.254444 -0.070782
v -0.142845 -0.202415 -0.051647
v -0.140263 -0.193433 -0.046804
v -0.130896 -0.226133 -0.063353
v -0.125946 -0.242071 -0.073746
v -0.138190 -0.188508 -0.057627
v -0.133923 -0.205811 -0.065686
v -0.128613 -0.224628 -0.096049
v -0.133379 -0.207424 -0.087282
v -0.150967 -0.224075 0.033037
v -0.146128 -0.241018 0.026623
v -0.147075 -0.250111 0.023497
v -0.142075 -0.258095 0.020082
v -0.141974 -0.267016 0.016802
v -0.136806 -0.275495 0.013455
v -0.137308 -0.285267 0.010149
v -0.131927 -0.292935 0.006921
v -0.134957 -0.278919 -0.005190
v -0.147845 -0.215557 0.011597
v -0.149189 -0.224804 0.008134
v -0.133606 -0.265348 -0.011958
v -0.128771 -0.283659 -0.017538
v -0.133528 -0.273819 -0.015667
v -0.138502 -0.255267 -0.012796
v -0.137692 -0.246050 -0.009762
v -0.148418 -0.219862 -0.005044
v -0.147992 -0.229145 0.011221
v -0.127435 -0.280147 -0.027381
v -0.140067 -0.225412 -0.012022
v -0.137807 -0.252117 -0.022391
v -0.147414 -0.215987 -0.014160
v -0.144872 -0.206854 -0.010157
v -0.131049 -0.258759 -0.029107
v -0.126446 -0.277071 -0.035384
v -0.138643 -0.222104 -0.020574
v -0.139045 -0.252720 -0.007987
v -0.136284 -0.248465 -0.030393
v -0.125216 -0.273424 -0.044879
v -0.129713 -0.254947 -0.037690
v -0.140530 -0.230109 -0.010261
v -0.135805 -0.244872 -0.039954
v -0.138116 -0.218928 -0.029489
v -0.143428 -0.201693 -0.023233
v -0.147435 -0.212520 -0.033524
v -0.124472 -0.270193 -0.052749
v -0.131690 -0.281035 -0.064280
v -0.133149 -0.232296 -0.044385
v -0.138318 -0.224079 -0.042682
v -0.143620 -0.207217 -0.036372
v -0.128077 -0.248228 -0.054825
v -0.122802 -0.265521 -0.062770
v -0.135971 -0.211944 -0.046668
v -0.127605 -0.254111 -0.069033
v -0.143184 -0.202085 -0.049847
v -0.140591 -0.193108 -0.044998
v -0.131262 -0.225803 -0.061580
v -0.126333 -0.241736 -0.071989
v -0.138520 -0.188177 -0.055819
v -0.134274 -0.205477 -0.063895
v -0.128999 -0.224274 -0.094275
v -0.133745 -0.207073 -0.085492
v -0.150967 -0.224075 0.033037
v -0.146128 -0.241018 0.026623
v -0.147075 -0.250111 0.023497
v -0.142075 -0.258095 0.020082
v -0.141974 -0.267016 0.016802
v -0.136806 -0.275495 0.013455
v -0.137308 -0.285267 0.010149
v -0.131927 -0.292935 0.006921
v -0.134957 -0.278919 -0.005190
v -0.147845 -0.215557 0.011597
v -0.149189 -0.224804 0.008134
v -0.133606 -0.265348 -0.011958
v -0.128771 -0.283659 -0.017538
v -0.133528 -0.273819 -0.015667
v -0.138502 -0.255267 -0.012796
v -0.137692 -0.246050 -0.009762
v -0.148418 -0.219862 -0.005044
v -0.147992 -0.229145 0.011221
v -0.127435 -0.280147 -0.027381
v -0.140067 -0.225412 -0.012022
v -0.137807 -0.252117 -0.022391
v -0.147414 -0.215987 -0.014160
v -0.144872 -0.206854 -0.010157
v -0.131049 -0.258759 -0.029107
v -0.126446 -0.277071 -0.035384
v -0.138643 -0.222104 -0.020574
v -0.139045 -0.252720 -0.007987
v -0.136284 -0.248465 -0.030393
v -0.125216 -0.273424 -0.044879
v -0.129713 -0.254947 -0.037690
v -0.140530 -0.230109 -0.010261
v -0.135805 -0.244872 -0.039954
v -0.138116 -0.218928 -0.029489
v -0.143428 -0.201693 -0.023233
v -0.147435 -0.212520 -0.033524
v -0.124472 -0.270193 -0.052749
v -0.131690 -0.281035 -0.064280
v -0.133149 -0.232296 -0.044385
v -0.138318 -0.224079 -0.042682
v -0.143620 -0.207217 -0.036372
v -0.128077 -0.248228 -0.054825
v -0.122802 -0.265521 -0.062770
v -0.135971 -0.211944 -0.046668
v -0.127605 -0.254111 -0.069033
v -0.143184 -0.202085 -0.049847
v -0.140591 -0.193108 -0.044998
v -0.131262 -0.225803 -0.061580
v -0.126333 -0.241736 -0.071989
v -0.138520 -0.188177 -0.055819
v -0.134274 -0.205477 -0.063895
v -0.128999 -0.224274 -0.094275
v -0.133745 -0.207073 -0.085492
v -0.151386 -0.223519 0.034139
v -0.146573 -0.240440 0.027647
v -0.147536 -0.249517 0.024479
v -0.142549 -0.257493 0.021027
v -0.142462 -0.266399 0.017705
v -0.137308 -0.274871 0.014320
v -0.137826 -0.284626 0.010969
v -0.132457 -0.292288 0.007705
v -0.135464 -0.278211 -0.004341
v -0.148248 -0.214907 0.012739
v -0.149607 -0.224135 0.009233
v -0.134090 -0.264611 -0.011046
v -0.129285 -0.282904 -0.016711
v -0.134026 -0.273065 -0.014794
v -0.138969 -0.254518 -0.011838
v -0.138144 -0.245317 -0.008761
v -0.148828 -0.219134 -0.003922
v -0.148417 -0.228492 0.012301
v -0.127942 -0.279349 -0.026538
v -0.140485 -0.224665 -0.010925
v -0.138269 -0.251325 -0.021418
v -0.147816 -0.215217 -0.013019
v -0.145259 -0.206108 -0.008974
v -0.131521 -0.257946 -0.028164
v -0.126948 -0.276237 -0.034525
v -0.139056 -0.221320 -0.019461
v -0.139509 -0.251993 -0.007016
v -0.136740 -0.247638 -0.029402
v -0.125711 -0.272548 -0.044004
v -0.130179 -0.254097 -0.036730
v -0.140956 -0.229369 -0.009186
v -0.136254 -0.244002 -0.038946
v -0.138522 -0.218103 -0.028361
v -0.143807 -0.200888 -0.022025
v -0.147830 -0.211661 -0.032366
v -0.124962 -0.269281 -0.051859
v -0.132197 -0.280058 -0.063440
v -0.133577 -0.231409 -0.043319
v -0.138733 -0.223192 -0.041578
v -0.144007 -0.206351 -0.035190
v -0.128531 -0.247302 -0.053833
v -0.123284 -0.264566 -0.061857
v -0.136365 -0.211043 -0.045507
v -0.128067 -0.253119 -0.068068
v -0.143562 -0.201157 -0.048641
v -0.140954 -0.192207 -0.043751
v -0.131679 -0.224840 -0.060483
v -0.126775 -0.240733 -0.070966
v -0.138875 -0.187229 -0.054548
v -0.134657 -0.204498 -0.062704
v -0.129411 -0.223163 -0.093172
v -0.134129 -0.205995 -0.084309
v -0.151386 -0.223519 0.034139
v -0.146573 -0.240440 0.027647
v -0.147536 -0.249517 0.024479
v -0.142549 -0.257493 0.021027
v -0.142462 -0.266399 0.017705
v -0.137308 -0.274871 0.014320
v -0.137826 -0.284626 0.010969
v -0.132457 -0.292288 0.007705
v -0.135464 -0.278211 -0.004341
v -0.148248 -0.214907 0.012739
v -0.149607 -0.224135 0.009233
v -0.134090 -0.264611 -0.011046
v -0.129285 -0.282904 -0.016711
v -0.134026 -0.273065 -0.014794
v -0.138969 -0.254518 -0.011838
v -0.138144 -0.245317 -0.008761
v -0.148828 -0.219134 -0.003922
v -0.148417 -0.228492 0.012301
v -0.127942 -0.279349 -0.026538
v -0.140485 -0.224665 -0.010925
v -0.138269 -0.251325 -0.021418
v -0.147816 -0.215217 -0.013019
v -0.145259 -0.206108 -0.008974
v -0.131521 -0.257946 -0.028164
v -0.126948 -0.276237 -0.034525
v -0.139056 -0.221320 -0.019461
v -0.139509 -0.251993 -0.007016
v -0.136740 -0.247638 -0.029402
v -0.125711 -0.272548 -0.044004
v -0.130179 -0.254097 -0.036730
v -0.140956 -0.229369 -0.009186
v -0.136254 -0.244002 -0.038946
v -0.138522 -0.218103 -0.028361
v -0.143807 -0.200888 -0.022025
v -0.147830 -0.211661 -0.032366
v -0.124962 -0.269281 -0.051859
v -0.132197 -0.280058 -0.063440
v -0.133577 -0.231409 -0.043319
v -0.138733 -0.223192 -0.041578
v -0.144007 -0.206351 -0.035190
v -0.128531 -0.247302 -0.053833
v -0.123284 -0.264566 -0.061857
v -0.136365 -0.211043 -0.045507
v -0.128067 -0.253119 -0.068068
v -0.143562 -0.201157 -0.048641
v -0.140954 -0.192207 -0.043751
v -0.131679 -0.224840 -0.060483
v -0.126775 -0.240733 -0.070966
v -0.138875 -0.187229 -0.054548
v -0.134657 -0.204498 -0.062704
v -0.129411 -0.223163 -0.093172
v -0.134129 -0.205995 -0.084309
v -0.151269 -0.223745 0.035297
v -0.151895 -0.233364 0.032052
v -0.146432 -0.240586 0.028662
v -0.147573 -0.249666 0.025665
v -0.142281 -0.257578 0.021925
v -0.142688 -0.266482 0.018750
v -0.137045 -0.274876 0.015096
v -0.138010 -0.284705 0.011978
v -0.132219 -0.292263 0.008510
v -0.135757 -0.278194 -0.003345
v -0.148118 -0.215052 0.013998
v -0.149534 -0.224221 0.010407
v -0.134009 -0.264509 -0.010089
v -0.129228 -0.282789 -0.015744
v -0.134357 -0.272987 -0.013794
v -0.139220 -0.254475 -0.010633
v -0.137921 -0.245307 -0.007573
v -0.149156 -0.219100 -0.002604
v -0.148161 -0.228620 0.013439
v -0.127859 -0.279064 -0.025907
v -0.140462 -0.224662 -0.009612
v -0.138662 -0.251128 -0.020489
v -0.143151 -0.234196 -0.012912
v -0.147858 -0.215146 -0.011860
v -0.145114 -0.206142 -0.007720
v -0.131518 -0.257737 -0.027205
v -0.126891 -0.276137 -0.033185
v -0.141651 -0.230402 -0.022865
v -0.139013 -0.221285 -0.018124
v -0.139556 -0.251981 -0.005811
v -0.137016 -0.247526 -0.028111
v -0.125720 -0.272199 -0.043232
v -0.131273 -0.263296 -0.038665
v -0.130225 -0.253952 -0.035448
v -0.141162 -0.229470 -0.007482
v -0.136621 -0.243741 -0.037892
v -0.138508 -0.218007 -0.027044
v -0.145628 -0.209917 -0.024638
v -0.143746 -0.200876 -0.020648
v -0.147800 -0.211592 -0.030995
v -0.124978 -0.269138 -0.050404
v -0.132364 -0.279719 -0.062500
v -0.133613 -0.231304 -0.041829
v -0.139114 -0.222907 -0.040414
v -0.144276 -0.206125 -0.033945
v -0.128690 -0.247052 -0.052574
v -0.123331 -0.264120 -0.061021
v -0.136286 -0.210913 -0.044090
v -0.128568 -0.252702 -0.067095
v -0.143833 -0.201026 -0.047050
v -0.140945 -0.192126 -0.042243
v -0.131826 -0.224526 -0.059221
v -0.126991 -0.240361 -0.069756
v -0.138857 -0.187025 -0.053160
v -0.134622 -0.204224 -0.061363
v -0.129938 -0.222547 -0.092126
v -0.134434 -0.205638 -0.082812
v -0.151269 -0.223745 0.035297
v -0.151895 -0.233364 0.032052
v -0.146432 -0.240586 0.028662
v -0.147573 -0.249666 0.025665
v -0.142281 -0.257578 0.021925
v -0.142688 -0.266482 0.018750
v -0.137045 -0.274876 0.015096
v -0.138010 -0.284705 0.011978
v -0.132219 -0.292263 0.008510
v -0.135757 -0.278194 -0.003345
v -0.148118 -0.215052 0.013998
v -0.149534 -0.224221 0.010407
v -0.134009 -0.264509 -0.010089
v -0.129228 -0.282789 -0.015744
v -0.134357 -0.272987 -0.013794
v -0.139220 -0.254475 -0.010633
v -0.137921 -0.245307 -0.007573
v -0.149156 -0.219100 -0.002604
v -0.148161 -0.228620 0.013439
v -0.127859 -0.279064 -0.025907
v -0.140462 -0.224662 -0.009612
v -0.138662 -0.251128 -0.020489
v -0.143151 -0.234196 -0.012912
v -0.147858 -0.215146 -0.011860
v -0.145114 -0.206142 -0.007720
v -0.131518 -0.257737 -0.027205
v -0.126891 -0.276137 -0.033185
v -0.141651 -0.230402 -0.022865
v -0.139013 -0.221285 -0.018124
v -0.139556 -0.251981 -0.005811
v -0.137016 -0.247526 -0.028111
v -0.125720 -0.272199 -0.043232
v -0.131273 -0.263296 -0.038665
v -0.130225 -0.253952 -0.035448
v -0.141162 -0.229470 -0.007482
v -0.136621 -0.243741 -0.037892
v -0.138508 -0.218007 -0.027044
v -0.145628 -0.209917 -0.024638
v -0.143746 -0.200876 -0.020648
v -0.147800 -0.211592 -0.030995
v -0.124978 -0.269138 -0.050404
v -0.132364 -0.279719 -0.062500
v -0.133613 -0.231304 -0.041829
v -0.139114 -0.222907 -0.040414
v -0.144276 -0.206125 -0.033945
v -0.128690 -0.247052 -0.052574
v -0.123331 -0.264120 -0.061021
v -0.136286 -0.210913 -0.044090
v -0.128568 -0.252702 -0.067095
v -0.143833 -0.201026 -0.047050
v -0.140945 -0.192126 -0.042243
v -0.131826 -0.224526 -0.059221
v -0.126991 -0.240361 -0.069756
v -0.138857 -0.187025 -0.053160
v -0.134622 -0.204224 -0.061363
v -0.129938 -0.222547 -0.092126
v -0.134434 -0.205638 -0.082812
v -0.151807 -0.222859 0.036023
v -0.152439 -0.232466 0.032744
v -0.146979 -0.239682 0.029337
v -0.148126 -0.248751 0.026307
v -0.142839 -0.256656 0.022547
v -0.143251 -0.265549 0.019341
v -0.137613 -0.273936 0.015666
v -0.138585 -0.283753 0.012513
v -0.132797 -0.291306 0.009027
v -0.136303 -0.277193 -0.002785
v -0.148616 -0.214096 0.014758
v -0.150038 -0.223251 0.011134
v -0.134531 -0.263486 -0.009479
v -0.129763 -0.281752 -0.015190
v -0.134883 -0.271952 -0.013214
v -0.139730 -0.253445 -0.009996
v -0.138425 -0.244289 -0.006903
v -0.149636 -0.218086 -0.001859
v -0.148674 -0.227663 0.014153
v -0.128376 -0.277994 -0.025339
v -0.140940 -0.223634 -0.008874
v -0.139155 -0.250065 -0.019840
v -0.143635 -0.233153 -0.012211
v -0.148322 -0.214102 -0.011099
v -0.145573 -0.205115 -0.006925
v -0.132009 -0.256658 -0.026569
v -0.127394 -0.275043 -0.032605
v -0.142117 -0.229327 -0.022148
v -0.139475 -0.220229 -0.017373
v -0.140070 -0.250966 -0.005166
v -0.137494 -0.246438 -0.027447
v -0.126205 -0.271072 -0.042637
v -0.131754 -0.262178 -0.038047
v -0.130700 -0.252846 -0.034797
v -0.141648 -0.228448 -0.006761
v -0.137082 -0.242620 -0.037215
v -0.138954 -0.216922 -0.026280
v -0.146068 -0.208831 -0.023856
v -0.144181 -0.199807 -0.019833
v -0.148233 -0.210482 -0.030222
v -0.125450 -0.267987 -0.049798
v -0.132832 -0.278518 -0.061940
v -0.134054 -0.230173 -0.041104
v -0.139548 -0.221775 -0.039668
v -0.144699 -0.205009 -0.033148
v -0.129135 -0.245889 -0.051897
v -0.123783 -0.262934 -0.060395
v -0.136700 -0.209772 -0.043299
v -0.128999 -0.251490 -0.066437
v -0.144232 -0.199866 -0.046236
v -0.141341 -0.190986 -0.041394
v -0.132235 -0.223338 -0.058470
v -0.127404 -0.239141 -0.069054
v -0.139233 -0.185850 -0.052290
v -0.135006 -0.203025 -0.060547
v -0.130300 -0.221247 -0.091366
v -0.134790 -0.204366 -0.082001
v -0.151807 -0.222859 0.036023
v -0.152439 -0.232466 0.032744
v -0.146979 -0.239682 0.029337
v -0.148126 -0.248751 0.026307
v -0.142839 -0.256656 0.022547
v -0.143251 -0.265549 0.019341
v -0.137613 -0.273936 0.015666
v -0.138585 -0.283753 0.012513
v -0.132797 -0.291306 0.009027
v -0.136303 -0.277193 -0.002785
v -0.148616 -0.214096 0.014758
v -0.150038 -0.223251 0.011134
v -0.134531 -0.263486 -0.009479
v -0.129763 -0.281752 -0.015190
v -0.134883 -0.271952 -0.013214
v -0.139730 -0.253445 -0.009996
v -0.138425 -0.244289 -0.006903
v -0.149636 -0.218086 -0.001859
v -0.148674 -0.227663 0.014153
v -0.128376 -0.277994 -0.025339
v -0.140940 -0.223634 -0.008874
v -0.139155 -0.250065 -0.019840
v -0.143635 -0.233153 -0.012211
v -0.148322 -0.214102 -0.011099
v -0.145573 -0.205115 -0.006925
v -0.132009 -0.256658 -0.026569
v -0.127394 -0.275043 -0.032605
v -0.142117 -0.229327 -0.022148
v -0.139475 -0.220229 -0.017373
v -0.140070 -0.250966 -0.005166
v -0.137494 -0.246438 -0.027447
v -0.126205 -0.271072 -0.042637
v -0.131754 -0.262178 -0.038047
v -0.130700 -0.252846 -0.034797
v -0.141648 -0.228448 -0.006761
v -0.137082 -0.242620 -0.037215
v -0.138954 -0.216922 -0.026280
v -0.146068 -0.208831 -0.023856
v -0.144181 -0.199807 -0.019833
v -0.148233 -0.210482 -0.030222
v -0.125450 -0.267987 -0.049798
v -0.132832 -0.278518 -0.061940
v -0.134054 -0.230173 -0.041104
v -0.139548 -0.221775 -0.039668
v -0.144699 -0.205009 -0.033148
v -0.129135 -0.245889 -0.051897
v -0.123783 -0.262934 -0.060395
v -0.136700 -0.209772 -0.043299
v -0.128999 -0.251490 -0.066437
v -0.144232 -0.199866 -0.046236
v -0.141341 -0.190986 -0.041394
v -0.132235 -0.223338 -0.058470
v -0.127404 -0.239141 -0.069054
v -0.139233 -0.185850 -0.052290
v -0.135006 -0.203025 -0.060547
v -0.130300 -0.221247 -0.091366
v -0.134790 -0.204366 -0.082001
v -0.152435 -0.221763 0.036467
v -0.153082 -0.231356 0.033147
v -0.147632 -0.238568 0.029717
v -0.148794 -0.247622 0.026648
v -0.143517 -0.255522 0.022863
v -0.143943 -0.264400 0.019619
v -0.138317 -0.272784 0.015917
v -0.139304 -0.282586 0.012722
v -0.133527 -0.290135 0.009212
v -0.136989 -0.275966 -0.002546
v -0.149198 -0.212919 0.015242
v -0.150633 -0.222056 0.011579
v -0.135179 -0.262236 -0.009181
v -0.130441 -0.280487 -0.014961
v -0.135544 -0.270685 -0.012951
v -0.140358 -0.252182 -0.009663
v -0.139038 -0.243041 -0.006530
v -0.150204 -0.216837 -0.001392
v -0.149283 -0.226482 0.014581
v -0.129032 -0.276690 -0.025092
v -0.141509 -0.222374 -0.008419
v -0.139762 -0.248762 -0.019492
v -0.144218 -0.231873 -0.011799
v -0.148868 -0.212817 -0.010614
v -0.146108 -0.203853 -0.006399
v -0.132620 -0.255342 -0.026238
v -0.128035 -0.273711 -0.032345
v -0.142679 -0.228009 -0.021718
v -0.140026 -0.218936 -0.016901
v -0.140699 -0.249723 -0.004822
v -0.138084 -0.245107 -0.027082
v -0.126824 -0.269700 -0.042358
v -0.132361 -0.260815 -0.037739
v -0.131293 -0.251499 -0.034449
v -0.142229 -0.227195 -0.006327
v -0.137651 -0.241249 -0.036832
v -0.139486 -0.215593 -0.025794
v -0.146587 -0.207498 -0.023346
v -0.144688 -0.198494 -0.019282
v -0.148747 -0.209118 -0.029721
v -0.126053 -0.266588 -0.049505
v -0.133439 -0.277054 -0.061701
v -0.134593 -0.228793 -0.040666
v -0.140071 -0.220390 -0.039202
v -0.145197 -0.203641 -0.032620
v -0.129690 -0.244474 -0.051517
v -0.124361 -0.261494 -0.060079
v -0.137195 -0.208377 -0.042780
v -0.129546 -0.250014 -0.066081
v -0.144703 -0.198444 -0.045685
v -0.141800 -0.189590 -0.040803
v -0.132737 -0.221889 -0.058001
v -0.127923 -0.237658 -0.068644
v -0.139667 -0.184413 -0.051675
v -0.135463 -0.201562 -0.059997
v -0.130753 -0.219666 -0.090885
v -0.135221 -0.202815 -0.081456
v -0.152435 -0.221763 0.036467
v -0.153082 -0.231356 0.033147
v -0.147632 -0.238568 0.029717
v -0.148794 -0.247622 0.026648
v -0.143517 -0.255522 0.022863
v -0.143943 -0.264400 0.019619
v -0.138317 -0.272784 0.015917
v -0.139304 -0.282586 0.012722
v -0.133527 -0.290135 0.009212
v -0.136989 -0.275966 -0.002546
v -0.149198 -0.212919 0.015242
v -0.150633 -0.222056 0.011579
v -0.135179 -0.262236 -0.009181
v -0.130441 -0.280487 -0.014961
v -0.135544 -0.270685 -0.012951
v -0.140358 -0.252182 -0.009663
v -0.139038 -0.243041 -0.006530
v -0.150204 -0.216837 -0.001392
v -0.149283 -0.226482 0.014581
v -0.129032 -0.276690 -0.025092
v -0.141509 -0.222374 -0.008419
v -0.139762 -0.248762 -0.019492
v -0.144218 -0.231873 -0.011799
v -0.148868 -0.212817 -0.010614
v -0.146108 -0.203853 -0.006399
v -0.132620 -0.255342 -0.026238
v -0.128035 -0.273711 -0.032345
v -0.142679 -0.228009 -0.021718
v -0.140026 -0.218936 -0.016901
v -0.140699 -0.249723 -0.004822
v -0.138084 -0.245107 -0.027082
v -0.126824 -0.269700 -0.042358
v -0.132361 -0.260815 -0.037739
v -0.131293 -0.251499 -0.034449
v -0.142229 -0.227195 -0.006327
v -0.137651 -0.241249 -0.036832
v -0.139486 -0.215593 -0.025794
v -0.146587 -0.207498 -0.023346
v -0.144688 -0.198494 -0.019282
v -0.148747 -0.209118 -0.029721
v -0.126053 -0.266588 -0.049505
v -0.133439 -0.277054 -0.061701
v -0.134593 -0.228793 -0.040666
v -0.140071 -0.220390 -0.039202
v -0.145197 -0.203641 -0.032620
v -0.129690 -0.244474 -0.051517
v -0.124361 -0.261494 -0.060079
v -0.137195 -0.208377 -0.042780
v -0.129546 -0.250014 -0.066081
v -0.144703 -0.198444 -0.045685
v -0.141800 -0.189590 -0.040803
v -0.132737 -0.221889 -0.058001
v -0.127923 -0.237658 -0.068644
v -0.139667 -0.184413 -0.051675
v -0.135463 -0.201562 -0.059997
v -0.130753 -0.219666 -0.090885
v -0.135221 -0.202815 -0.081456
v -0.153252 -0.220886 0.037405
v -0.148471 -0.237672 0.030596
v -0.149659 -0.246727 0.027495
v -0.144383 -0.254609 0.023681
v -0.144826 -0.263480 0.020407
v -0.139217 -0.271864 0.016672
v -0.140231 -0.281667 0.013442
v -0.134481 -0.289238 0.009898
v -0.137880 -0.274953 -0.001795
v -0.150007 -0.211968 0.016206
v -0.151445 -0.221081 0.012516
v -0.136084 -0.261240 -0.008398
v -0.131339 -0.279430 -0.014224
v -0.136457 -0.269669 -0.012193
v -0.141197 -0.251118 -0.008821
v -0.139885 -0.242015 -0.005668
v -0.150971 -0.215784 -0.000423
v -0.150084 -0.225506 0.015506
v -0.129968 -0.275652 -0.024364
v -0.142318 -0.221331 -0.007483
v -0.140624 -0.247689 -0.018647
v -0.145039 -0.230810 -0.010890
v -0.149667 -0.211760 -0.009643
v -0.146914 -0.202832 -0.005409
v -0.133511 -0.254273 -0.025428
v -0.128939 -0.272606 -0.031588
v -0.143520 -0.226934 -0.020807
v -0.140868 -0.217896 -0.015970
v -0.141514 -0.248656 -0.003966
v -0.138938 -0.244003 -0.026222
v -0.127757 -0.268601 -0.041609
v -0.133259 -0.259698 -0.036943
v -0.132190 -0.250413 -0.033632
v -0.143058 -0.226171 -0.005413
v -0.138529 -0.240139 -0.035974
v -0.140298 -0.214497 -0.024837
v -0.147354 -0.206378 -0.022341
v -0.145458 -0.197406 -0.018260
v -0.126973 -0.265448 -0.048737
v -0.134357 -0.275827 -0.060941
v -0.135457 -0.227676 -0.039771
v -0.140897 -0.219246 -0.038258
v -0.145981 -0.202504 -0.031610
v -0.130575 -0.243318 -0.050670
v -0.125257 -0.260290 -0.059273
v -0.137995 -0.207218 -0.041790
v -0.130459 -0.248822 -0.065262
v -0.145501 -0.197275 -0.044665
v -0.142574 -0.188436 -0.039750
v -0.133580 -0.220695 -0.057067
v -0.128813 -0.236452 -0.067780
v -0.140397 -0.183200 -0.050572
v -0.136311 -0.200384 -0.059022
v -0.131651 -0.218399 -0.089983
v -0.136091 -0.201571 -0.080495
v -0.138380 -0.256004 -0.009604
v -0.138590 -0.290786 -0.024964
v -0.136085 -0.267403 -0.019595
v -0.134403 -0.257602 -0.016430
v -0.138743 -0.238557 -0.014618
v -0.134506 -0.263058 -0.029928
v -0.137390 -0.234934 -0.022679
v -0.130944 -0.246893 -0.042897
v -0.132711 -0.255910 -0.047797
v -0.131399 -0.252563 -0.054440
v -0.136440 -0.232973 -0.053904
v -0.125480 -0.258375 -0.066239
v -0.134175 -0.229204 -0.060816
v -0.138641 -0.212070 -0.055864
v -0.133898 -0.225394 -0.071869
v -0.123447 -0.251721 -0.083437
v -0.128917 -0.241854 -0.083378
v -0.132688 -0.222626 -0.078683
v -0.132063 -0.213832 -0.074323
v -0.127529 -0.238461 -0.089629
v -0.136806 -0.204695 -0.073541
v -0.127011 -0.229797 -0.085047
v -0.121228 -0.244421 -0.100614
v -0.134786 -0.193352 -0.076188
v -0.153252 -0.220886 0.037405
v -0.148471 -0.237672 0.030596
v -0.149659 -0.246727 0.027495
v -0.144383 -0.254609 0.023681
v -0.144826 -0.263480 0.020407
v -0.139217 -0.271864 0.016672
v -0.140231 -0.281667 0.013442
v -0.134481 -0.289238 0.009898
v -0.137880 -0.274953 -0.001795
v -0.150007 -0.211968 0.016206
v -0.151445 -0.221081 0.012516
v -0.136084 -0.261240 -0.008398
v -0.131339 -0.279430 -0.014224
v -0.136457 -0.269669 -0.012193
v -0.141197 -0.251118 -0.008821
v -0.139885 -0.242015 -0.005668
v -0.150971 -0.215784 -0.000423
v -0.150084 -0.225506 0.015506
v -0.129968 -0.275652 -0.024364
v -0.142318 -0.221331 -0.007483
v -0.140624 -0.247689 -0.018647
v -0.145039 -0.230810 -0.010890
v -0.149667 -0.211760 -0.009643
v -0.146914 -0.202832 -0.005409
v -0.133511 -0.254273 -0.025428
v -0.128939 -0.272606 -0.031588
v -0.143520 -0.226934 -0.020807
v -0.140868 -0.217896 -0.015970
v -0.141514 -0.248656 -0.003966
v -0.138938 -0.244003 -0.026222
v -0.127757 -0.268601 -0.041609
v -0.133259 -0.259698 -0.036943
v -0.132190 -0.250413 -0.033632
v -0.143058 -0.226171 -0.005413
v -0.138529 -0.240139 -0.035974
v -0.140298 -0.214497 -0.024837
v -0.147354 -0.206378 -0.022341
v -0.145458 -0.197406 -0.018260
v -0.126973 -0.265448 -0.048737
v -0.134357 -0.275827 -0.060941
v -0.135457 -0.227676 -0.039771
v -0.140897 -0.219246 -0.038258
v -0.145981 -0.202504 -0.031610
v -0.130575 -0.243318 -0.050670
v -0.125257 -0.260290 -0.059273
v -0.137995 -0.207218 -0.041790
v -0.130459 -0.248822 -0.065262
v -0.145501 -0.197275 -0.044665
v -0.142574 -0.188436 -0.039750
v -0.133580 -0.220695 -0.057067
v -0.128813 -0.236452 -0.067780
v -0.140397 -0.183200 -0.050572
v -0.136311 -0.200384 -0.059022
v -0.131651 -0.218399 -0.089983
v -0.136091 -0.201571 -0.080495
v -0.138380 -0.256004 -0.009604
v -0.138590 -0.290786 -0.024964
v -0.136085 -0.267403 -0.019595
v -0.134403 -0.257602 -0.016430
v -0.138743 -0.238557 -0.014618
v -0.134506 -0.263058 -0.029928
v -0.137390 -0.234934 -0.022679
v -0.130944 -0.246893 -0.042897
v -0.132711 -0.255910 -0.047797
v -0.131399 -0.252563 -0.054440
v -0.136440 -0.232973 -0.053904
v -0.125480 -0.258375 -0.066239
v -0.134175 -0.229204 -0.060816
v -0.138641 -0.212070 -0.055864
v -0.133898 -0.225394 -0.071869
v -0.123447 -0.251721 -0.083437
v -0.128917 -0.241854 -0.083378
v -0.132688 -0.222626 -0.078683
v -0.132063 -0.213832 -0.074323
v -0.127529 -0.238461 -0.089629
v -0.136806 -0.204695 -0.073541
v -0.127011 -0.229797 -0.085047
v -0.121228 -0.244421 -0.100614
v -0.134786 -0.193352 -0.076188
v -0.154093 -0.220362 0.038060
v -0.149302 -0.237114 0.031174
v -0.150484 -0.246156 0.028033
v -0.145204 -0.254017 0.024182
v -0.145642 -0.262874 0.020869
v -0.140028 -0.271236 0.017094
v -0.141035 -0.281026 0.013821
v -0.135281 -0.288576 0.010240
v -0.138700 -0.274243 -0.001388
v -0.150868 -0.211348 0.016898
v -0.152301 -0.220446 0.013169
v -0.136919 -0.260499 -0.007931
v -0.132162 -0.278659 -0.013841
v -0.137287 -0.268911 -0.011763
v -0.142041 -0.250379 -0.008306
v -0.140734 -0.241290 -0.005114
v -0.151840 -0.215091 0.000254
v -0.150934 -0.224883 0.016139
v -0.130800 -0.274835 -0.023965
v -0.143185 -0.220600 -0.006836
v -0.141476 -0.246907 -0.018117
v -0.145900 -0.230066 -0.010284
v -0.150544 -0.211025 -0.008949
v -0.147796 -0.202114 -0.004678
v -0.134361 -0.253455 -0.024932
v -0.129778 -0.271756 -0.031176
v -0.144391 -0.226144 -0.020184
v -0.141743 -0.217126 -0.015309
v -0.142357 -0.247939 -0.003440
v -0.139798 -0.243186 -0.025677
v -0.128605 -0.267706 -0.041179
v -0.134112 -0.258828 -0.036470
v -0.133048 -0.249557 -0.033120
v -0.143920 -0.225449 -0.004787
v -0.139398 -0.239278 -0.035412
v -0.141182 -0.213687 -0.024160
v -0.148243 -0.205585 -0.021625
v -0.146352 -0.196630 -0.017505
v -0.127828 -0.264521 -0.048293
v -0.135211 -0.274852 -0.060539
v -0.136339 -0.226796 -0.039156
v -0.141785 -0.218378 -0.037603
v -0.146879 -0.201669 -0.030878
v -0.131450 -0.242386 -0.050127
v -0.126122 -0.259315 -0.058808
v -0.138895 -0.206332 -0.041083
v -0.131338 -0.247825 -0.064743
v -0.146411 -0.196382 -0.043910
v -0.143488 -0.187563 -0.038957
v -0.134478 -0.219737 -0.056422
v -0.129704 -0.235443 -0.067207
v -0.141322 -0.182277 -0.049758
v -0.137227 -0.199420 -0.058285
v -0.132570 -0.217294 -0.089328
v -0.137018 -0.200512 -0.079763
v -0.139219 -0.255260 -0.009112
v -0.139409 -0.289974 -0.024626
v -0.136921 -0.266613 -0.019155
v -0.135245 -0.256824 -0.015948
v -0.139600 -0.237791 -0.014049
v -0.135351 -0.262221 -0.029470
v -0.138255 -0.234131 -0.022095
v -0.131811 -0.245996 -0.042369
v -0.133574 -0.254992 -0.047308
v -0.132268 -0.251615 -0.053937
v -0.137326 -0.232031 -0.053312
v -0.126352 -0.257369 -0.065765
v -0.135067 -0.228230 -0.060208
v -0.139545 -0.211121 -0.055178
v -0.134800 -0.224371 -0.071244
v -0.124334 -0.250637 -0.082935
v -0.129812 -0.240776 -0.082829
v -0.133597 -0.221572 -0.078047
v -0.132976 -0.212797 -0.073649
v -0.128431 -0.237354 -0.089065
v -0.137727 -0.203667 -0.072823
v -0.127917 -0.228710 -0.084446
v -0.122131 -0.243260 -0.100081
v -0.135717 -0.192311 -0.075421
v -0.154093 -0.220362 0.038060
v -0.149302 -0.237114 0.031174
v -0.150484 -0.246156 0.028033
v -0.145204 -0.254017 0.024182
v -0.145642 -0.262874 0.020869
v -0.140028 -0.271236 0.017094
v -0.141035 -0.281026 0.013821
v -0.135281 -0.288576 0.010240
v -0.138700 -0.274243 -0.001388
v -0.150868 -0.211348 0.016898
v -0.152301 -0.220446 0.013169
v -0.136919 -0.260499 -0.007931
v -0.132162 -0.278659 -0.013841
v -0.137287 -0.268911 -0.011763
v -0.142041 -0.250379 -0.008306
v -0.140734 -0.241290 -0.005114
v -0.151840 -0.215091 0.000254
v -0.150934 -0.224883 0.016139
v -0.130800 -0.274835 -0.023965
v -0.143185 -0.220600 -0.006836
v -0.141476 -0.246907 -0.018117
v -0.145900 -0.230066 -0.010284
v -0.150544 -0.211025 -0.008949
v -0.147796 -0.202114 -0.004678
v -0.134361 -0.253455 -0.024932
v -0.129778 -0.271756 -0.031176
v -0.144391 -0.226144 -0.020184
v -0.141743 -0.217126 -0.015309
v -0.142357 -0.247939 -0.003440
v -0.139798 -0.243186 -0.025677
v -0.128605 -0.267706 -0.041179
v -0.134112 -0.258828 -0.036470
v -0.133048 -0.249557 -0.033120
v -0.143920 -0.225449 -0.004787
v -0.139398 -0.239278 -0.035412
v -0.141182 -0.213687 -0.024160
v -0.148243 -0.205585 -0.021625
v -0.146352 -0.196630 -0.017505
v -0.127828 -0.264521 -0.048293
v -0.135211 -0.274852 -0.060539
v -0.136339 -0.226796 -0.039156
v -0.141785 -0.218378 -0.037603
v -0.146879 -0.201669 -0.030878
v -0.131450 -0.242386 -0.050127
v -0.126122 -0.259315 -0.058808
v -0.138895 -0.206332 -0.041083
v -0.131338 -0.247825 -0.064743
v -0.146411 -0.196382 -0.043910
v -0.143488 -0.187563 -0.038957
v -0.134478 -0.219737 -0.056422
v -0.129704 -0.235443 -0.067207
v -0.141322 -0.182277 -0.049758
v -0.137227 -0.199420 -0.058285
v -0.132570 -0.217294 -0.089328
v -0.137018 -0.200512 -0.079763
v -0.139219 -0.255260 -0.009112
v -0.139409 -0.289974 -0.024626
v -0.136921 -0.266613 -0.019155
v -0.135245 -0.256824 -0.015948
v -0.139600 -0.237791 -0.014049
v -0.135351 -0.262221 -0.029470
v -0.138255 -0.234131 -0.022095
v -0.131811 -0.245996 -0.042369
v -0.133574 -0.254992 -0.047308
v -0.132268 -0.251615 -0.053937
v -0.137326 -0.232031 -0.053312
v -0.126352 -0.257369 -0.065765
v -0.135067 -0.228230 -0.060208
v -0.139545 -0.211121 -0.055178
v -0.134800 -0.224371 -0.071244
v -0.124334 -0.250637 -0.082935
v -0.129812 -0.240776 -0.082829
v -0.133597 -0.221572 -0.078047
v -0.132976 -0.212797 -0.073649
v -0.128431 -0.237354 -0.089065
v -0.137727 -0.203667 -0.072823
v -0.127917 -0.228710 -0.084446
v -0.122131 -0.243260 -0.100081
v -0.135717 -0.192311 -0.075421
v -0.155795 -0.219343 0.039670
v -0.151066 -0.236100 0.032752
v -0.152280 -0.245137 0.029610
v -0.147031 -0.253006 0.025731
v -0.147500 -0.261859 0.022414
v -0.141918 -0.270230 0.018609
v -0.142959 -0.280016 0.015334
v -0.137235 -0.287575 0.011723
v -0.140674 -0.273226 0.000120
v -0.152641 -0.210320 0.018501
v -0.154107 -0.219412 0.014772
v -0.138894 -0.259481 -0.006421
v -0.134198 -0.277647 -0.012364
v -0.139294 -0.267890 -0.010258
v -0.143997 -0.249351 -0.006767
v -0.142659 -0.240267 -0.003575
v -0.153690 -0.214050 0.001858
v -0.152737 -0.223855 0.017732
v -0.132871 -0.273818 -0.022490
v -0.145077 -0.219570 -0.005272
v -0.143467 -0.245873 -0.016579
v -0.147825 -0.229028 -0.008714
v -0.152425 -0.209980 -0.007347
v -0.149642 -0.201077 -0.003081
v -0.136394 -0.252430 -0.023428
v -0.131873 -0.270736 -0.029703
v -0.146350 -0.225103 -0.018618
v -0.143664 -0.216094 -0.013748
v -0.144288 -0.246914 -0.001899
v -0.141813 -0.242150 -0.024142
v -0.130734 -0.266681 -0.039709
v -0.136204 -0.257796 -0.034971
v -0.135108 -0.248529 -0.031618
v -0.145812 -0.224420 -0.003223
v -0.141446 -0.238236 -0.033877
v -0.143132 -0.212650 -0.022599
v -0.150167 -0.204536 -0.020028
v -0.148241 -0.195587 -0.015910
v -0.129981 -0.263493 -0.046824
v -0.137435 -0.273800 -0.059046
v -0.138378 -0.225757 -0.037624
v -0.143801 -0.217329 -0.036042
v -0.148834 -0.200616 -0.029284
v -0.133566 -0.241349 -0.048627
v -0.128309 -0.258282 -0.057342
v -0.140902 -0.205287 -0.039526
v -0.133527 -0.246778 -0.063247
v -0.148410 -0.195320 -0.042314
v -0.145449 -0.186510 -0.037368
v -0.136576 -0.218690 -0.054894
v -0.131879 -0.234397 -0.065710
v -0.143318 -0.181221 -0.048174
v -0.139292 -0.198366 -0.056731
v -0.134801 -0.216227 -0.087805
v -0.139177 -0.199443 -0.078210
v -0.141189 -0.254236 -0.007589
v -0.141513 -0.288939 -0.023126
v -0.138955 -0.265587 -0.017649
v -0.137247 -0.255804 -0.014443
v -0.141556 -0.236764 -0.012512
v -0.137420 -0.261191 -0.027968
v -0.140237 -0.233100 -0.020561
v -0.133902 -0.244963 -0.040870
v -0.135703 -0.253953 -0.045808
v -0.134419 -0.250574 -0.052440
v -0.139435 -0.230980 -0.051780
v -0.128564 -0.256331 -0.064297
v -0.137198 -0.227179 -0.058683
v -0.141621 -0.210065 -0.053622
v -0.136970 -0.223312 -0.069717
v -0.126605 -0.249591 -0.081470
v -0.132063 -0.239719 -0.081334
v -0.135790 -0.220511 -0.076523
v -0.135133 -0.211740 -0.072121
v -0.130701 -0.236295 -0.087574
v -0.139862 -0.202601 -0.071269
v -0.130151 -0.227656 -0.082951
v -0.124460 -0.242206 -0.098620
v -0.137841 -0.191247 -0.073867
v -0.155795 -0.219343 0.039670
v -0.151066 -0.236100 0.032752
v -0.152280 -0.245137 0.029610
v -0.147031 -0.253006 0.025731
v -0.147500 -0.261859 0.022414
v -0.141918 -0.270230 0.018609
v -0.142959 -0.280016 0.015334
v -0.137235 -0.287575 0.011723
v -0.140674 -0.273226 0.000120
v -0.152641 -0.210320 0.018501
v -0.154107 -0.219412 0.014772
v -0.138894 -0.259481 -0.006421
v -0.134198 -0.277647 -0.012364
v -0.139294 -0.267890 -0.010258
v -0.143997 -0.249351 -0.006767
v -0.142659 -0.240267 -0.003575
v -0.153690 -0.214050 0.001858
v -0.152737 -0.223855 0.017732
v -0.132871 -0.273818 -0.022490
v -0.145077 -0.219570 -0.005272
v -0.143467 -0.245873 -0.016579
v -0.147825 -0.229028 -0.008714
v -0.152425 -0.209980 -0.007347
v -0.149642 -0.201077 -0.003081
v -0.136394 -0.252430 -0.023428
v -0.131873 -0.270736 -0.029703
v -0.146350 -0.225103 -0.018618
v -0.143664 -0.216094 -0.013748
v -0.144288 -0.246914 -0.001899
v -0.141813 -0.242150 -0.024142
v -0.130734 -0.266681 -0.039709
v -0.136204 -0.257796 -0.034971
v -0.135108 -0.248529 -0.031618
v -0.145812 -0.224420 -0.003223
v -0.141446 -0.238236 -0.033877
v -0.143132 -0.212650 -0.022599
v -0.150167 -0.204536 -0.020028
v -0.148241 -0.195587 -0.015910
v -0.129981 -0.263493 -0.046824
v -0.137435 -0.273800 -0.059046
v -0.138378 -0.225757 -0.037624
v -0.143801 -0.217329 -0.036042
v -0.148834 -0.200616 -0.029284
v -0.133566 -0.241349 -0.048627
v -0.128309 -0.258282 -0.057342
v -0.140902 -0.205287 -0.039526
v -0.133527 -0.246778 -0.063247
v -0.148410 -0.195320 -0.042314
v -0.145449 -0.186510 -0.037368
v -0.136576 -0.218690 -0.054894
v -0.131879 -0.234397 -0.065710
v -0.143318 -0.181221 -0.048174
v -0.139292 -0.198366 -0.056731
v -0.134801 -0.216227 -0.087805
v -0.139177 -0.199443 -0.078210
v -0.141189 -0.254236 -0.007589
v -0.141513 -0.288939 -0.023126
v -0.138955 -0.265587 -0.017649
v -0.137247 -0.255804 -0.014443
v -0.141556 -0.236764 -0.012512
v -0.137420 -0.261191 -0.027968
v -0.140237 -0.233100 -0.020561
v -0.133902 -0.244963 -0.040870
v -0.135703 -0.253953 -0.045808
v -0.134419 -0.250574 -0.052440
v -0.139435 -0.230980 -0.051780
v -0.128564 -0.256331 -0.064297
v -0.137198 -0.227179 -0.058683
v -0.141621 -0.210065 -0.053622
v -0.136970 -0.223312 -0.069717
v -0.126605 -0.249591 -0.081470
v -0.132063 -0.239719 -0.081334
v -0.135790 -0.220511 -0.076523
v -0.135133 -0.211740 -0.072121
v -0.130701 -0.236295 -0.087574
v -0.139862 -0.202601 -0.071269
v -0.130151 -0.227656 -0.082951
v -0.124460 -0.242206 -0.098620
v -0.137841 -0.191247 -0.073867
v -0.158147 -0.219131 0.040763
v -0.153451 -0.235913 0.033793
v -0.154616 -0.244899 0.030652
v -0.149410 -0.252806 0.026729
v -0.149832 -0.261598 0.023411
v -0.144343 -0.270076 0.019547
v -0.145342 -0.279801 0.016275
v -0.139641 -0.287384 0.012619
v -0.142919 -0.272708 0.001124
v -0.155093 -0.210069 0.019562
v -0.156427 -0.219049 0.015861
v -0.141721 -0.267528 -0.009311
v -0.146233 -0.248782 -0.005695
v -0.144956 -0.239782 -0.002530
v -0.155800 -0.213454 0.003042
v -0.154969 -0.223433 0.018828
v -0.135375 -0.273477 -0.021602
v -0.147447 -0.219142 -0.004214
v -0.145829 -0.245379 -0.015535
v -0.150117 -0.228515 -0.007616
v -0.154698 -0.209468 -0.006198
v -0.152142 -0.200747 -0.002032
v -0.139013 -0.252192 -0.022557
v -0.134268 -0.270185 -0.028726
v -0.148721 -0.224606 -0.017531
v -0.146269 -0.215821 -0.012788
v -0.146555 -0.246410 -0.000847
v -0.144203 -0.241637 -0.023094
v -0.133346 -0.266348 -0.038854
v -0.138683 -0.257314 -0.033993
v -0.137621 -0.248104 -0.030665
v -0.148201 -0.224022 -0.002179
v -0.143946 -0.237777 -0.032862
v -0.145635 -0.212239 -0.021571
v -0.152468 -0.203984 -0.018856
v -0.150588 -0.195089 -0.014769
v -0.132622 -0.263141 -0.045972
v -0.139893 -0.273120 -0.057971
v -0.141021 -0.225406 -0.036692
v -0.146262 -0.216815 -0.034954
v -0.151235 -0.200095 -0.028136
v -0.136176 -0.240916 -0.047690
v -0.130803 -0.257650 -0.056320
v -0.143451 -0.204823 -0.038481
v -0.136170 -0.246292 -0.062293
v -0.150834 -0.194758 -0.041125
v -0.147986 -0.186042 -0.036272
v -0.139231 -0.218245 -0.053921
v -0.134639 -0.234013 -0.064843
v -0.142085 -0.198000 -0.055820
v -0.137638 -0.215765 -0.086882
v -0.142022 -0.199016 -0.077283
v -0.143631 -0.253871 -0.006625
v -0.143966 -0.288500 -0.022181
v -0.141395 -0.265157 -0.016690
v -0.139706 -0.255412 -0.013495
v -0.144096 -0.236458 -0.011558
v -0.139939 -0.260782 -0.027026
v -0.142808 -0.232772 -0.019610
v -0.136547 -0.244603 -0.039969
v -0.138268 -0.253471 -0.044839
v -0.137064 -0.250139 -0.051508
v -0.142057 -0.230516 -0.050779
v -0.131306 -0.255941 -0.063444
v -0.139890 -0.226741 -0.057716
v -0.144263 -0.209602 -0.052587
v -0.139575 -0.222723 -0.068623
v -0.129475 -0.249232 -0.080676
v -0.134840 -0.239238 -0.080398
v -0.138575 -0.220055 -0.075566
v -0.137944 -0.211325 -0.071195
v -0.133474 -0.235767 -0.086603
v -0.142569 -0.202100 -0.070214
v -0.133066 -0.227303 -0.082142
v -0.127297 -0.241677 -0.097701
v -0.140695 -0.190837 -0.072927
v -0.158147 -0.219131 0.040763
v -0.153451 -0.235913 0.033793
v -0.154616 -0.244899 0.030652
v -0.149410 -0.252806 0.026729
v -0.149832 -0.261598 0.023411
v -0.144343 -0.270076 0.019547
v -0.145342 -0.279801 0.016275
v -0.139641 -0.287384 0.012619
v -0.142919 -0.272708 0.001124
v -0.155093 -0.210069 0.019562
v -0.156427 -0.219049 0.015861
v -0.141721 -0.267528 -0.009311
v -0.146233 -0.248782 -0.005695
v -0.144956 -0.239782 -0.002530
v -0.155800 -0.213454 0.003042
v -0.154969 -0.223433 0.018828
v -0.135375 -0.273477 -0.021602
v -0.147447 -0.219142 -0.004214
v -0.145829 -0.245379 -0.015535
v -0.150117 -0.228515 -0.007616
v -0.154698 -0.209468 -0.006198
v -0.152142 -0.200747 -0.002032
v -0.139013 -0.252192 -0.022557
v -0.134268 -0.270185 -0.028726
v -0.148721 -0.224606 -0.017531
v -0.146269 -0.215821 -0.012788
v -0.146555 -0.246410 -0.000847
v -0.144203 -0.241637 -0.023094
v -0.133346 -0.266348 -0.038854
v -0.138683 -0.257314 -0.033993
v -0.137621 -0.248104 -0.030665
v -0.148201 -0.224022 -0.002179
v -0.143946 -0.237777 -0.032862
v -0.145635 -0.212239 -0.021571
v -0.152468 -0.203984 -0.018856
v -0.150588 -0.195089 -0.014769
v -0.132622 -0.263141 -0.045972
v -0.139893 -0.273120 -0.057971
v -0.141021 -0.225406 -0.036692
v -0.146262 -0.216815 -0.034954
v -0.151235 -0.200095 -0.028136
v -0.136176 -0.240916 -0.047690
v -0.130803 -0.257650 -0.056320
v -0.143451 -0.204823 -0.038481
v -0.136170 -0.246292 -0.062293
v -0.150834 -0.194758 -0.041125
v -0.147986 -0.186042 -0.036272
v -0.139231 -0.218245 -0.053921
v -0.134639 -0.234013 -0.064843
v -0.142085 -0.198000 -0.055820
v -0.137638 -0.215765 -0.086882
v -0.142022 -0.199016 -0.077283
v -0.143631 -0.253871 -0.006625
v -0.143966 -0.288500 -0.022181
v -0.141395 -0.265157 -0.016690
v -0.139706 -0.255412 -0.013495
v -0.144096 -0.236458 -0.011558
v -0.139939 -0.260782 -0.027026
v -0.142808 -0.232772 -0.019610
v -0.136547 -0.244603 -0.039969
v -0.138268 -0.253471 -0.044839
v -0.137064 -0.250139 -0.051508
v -0.142057 -0.230516 -0.050779
v -0.131306 -0.255941 -0.063444
v -0.139890 -0.226741 -0.057716
v -0.144263 -0.209602 -0.052587
v -0.139575 -0.222723 -0.068623
v -0.129475 -0.249232 -0.080676
v -0.134840 -0.239238 -0.080398
v -0.138575 -0.220055 -0.075566
v -0.137944 -0.211325 -0.071195
v -0.133474 -0.235767 -0.086603
v -0.142569 -0.202100 -0.070214
v -0.133066 -0.227303 -0.082142
v -0.127297 -0.241677 -0.097701
v -0.140695 -0.190837 -0.072927
v -0.160342 -0.218847 0.041692
v -0.155645 -0.235604 0.034663
v -0.156807 -0.244586 0.031508
v -0.151603 -0.252473 0.027543
v -0.152024 -0.261260 0.024209
v -0.146536 -0.269718 0.020299
v -0.147531 -0.279438 0.017011
v -0.141832 -0.287001 0.013312
v -0.145194 -0.272307 0.001865
v -0.157407 -0.209733 0.020497
v -0.158741 -0.218707 0.016783
v -0.144056 -0.267102 -0.008564
v -0.148589 -0.248373 -0.004886
v -0.147314 -0.239377 -0.001708
v -0.158186 -0.213084 0.003973
v -0.157259 -0.223096 0.019733
v -0.137756 -0.273012 -0.020899
v -0.149856 -0.218739 -0.003335
v -0.148238 -0.244947 -0.014721
v -0.152523 -0.228110 -0.006745
v -0.157136 -0.209075 -0.005264
v -0.154578 -0.200358 -0.001091
v -0.141442 -0.251732 -0.021790
v -0.136690 -0.269702 -0.028021
v -0.151182 -0.224177 -0.016658
v -0.148725 -0.215397 -0.011907
v -0.148892 -0.246012 -0.000031
v -0.146656 -0.241186 -0.022279
v -0.135824 -0.265841 -0.038144
v -0.141155 -0.256829 -0.033238
v -0.140096 -0.247623 -0.029895
v -0.150590 -0.223624 -0.001308
v -0.146453 -0.237304 -0.032040
v -0.148140 -0.211795 -0.020685
v -0.154977 -0.203560 -0.017920
v -0.153095 -0.194669 -0.013823
v -0.135140 -0.262617 -0.045258
v -0.142447 -0.272585 -0.057245
v -0.143571 -0.224919 -0.035857
v -0.148821 -0.216343 -0.034075
v -0.153796 -0.199648 -0.027197
v -0.138748 -0.240395 -0.046911
v -0.133381 -0.257100 -0.055603
v -0.146051 -0.204338 -0.037590
v -0.138800 -0.245740 -0.061526
v -0.153467 -0.194282 -0.040177
v -0.150614 -0.185571 -0.035318
v -0.141878 -0.217717 -0.053078
v -0.137305 -0.233453 -0.064057
v -0.144782 -0.197474 -0.054919
v -0.140446 -0.215162 -0.086041
v -0.144819 -0.198443 -0.076385
v -0.145981 -0.253455 -0.005840
v -0.146319 -0.288051 -0.021469
v -0.143770 -0.264714 -0.015940
v -0.142086 -0.254973 -0.012731
v -0.146504 -0.236032 -0.010733
v -0.142372 -0.260314 -0.026273
v -0.145262 -0.232326 -0.018783
v -0.139074 -0.244100 -0.039197
v -0.140800 -0.252961 -0.044078
v -0.139634 -0.249612 -0.050745
v -0.144664 -0.230001 -0.049949
v -0.133922 -0.255376 -0.062722
v -0.142537 -0.226206 -0.056889
v -0.146921 -0.209088 -0.051702
v -0.142283 -0.222164 -0.067788
v -0.132186 -0.248626 -0.079947
v -0.137570 -0.238643 -0.079621
v -0.141320 -0.219479 -0.074730
v -0.140686 -0.210757 -0.070343
v -0.136240 -0.235156 -0.085825
v -0.145326 -0.201544 -0.069320
v -0.135829 -0.226701 -0.081348
v -0.130104 -0.241030 -0.096966
v -0.143487 -0.190271 -0.072018
v -0.160342 -0.218847 0.041692
v -0.155645 -0.235604 0.034663
v -0.156807 -0.244586 0.031508
v -0.151603 -0.252473 0.027543
v -0.152024 -0.261260 0.024209
v -0.146536 -0.269718 0.020299
v -0.147531 -0.279438 0.017011
v -0.141832 -0.287001 0.013312
v -0.145194 -0.272307 0.001865
v -0.157407 -0.209733 0.020497
v -0.158741 -0.218707 0.016783
v -0.144056 -0.267102 -0.008564
v -0.148589 -0.248373 -0.004886
v -0.147314 -0.239377 -0.001708
v -0.158186 -0.213084 0.003973
v -0.157259 -0.223096 0.019733
v -0.137756 -0.273012 -0.020899
v -0.149856 -0.218739 -0.003335
v -0.148238 -0.244947 -0.014721
v -0.152523 -0.228110 -0.006745
v -0.157136 -0.209075 -0.005264
v -0.154578 -0.200358 -0.001091
v -0.141442 -0.251732 -0.021790
v -0.136690 -0.269702 -0.028021
v -0.151182 -0.224177 -0.016658
v -0.148725 -0.215397 -0.011907
v -0.148892 -0.246012 -0.000031
v -0.146656 -0.241186 -0.022279
v -0.135824 -0.265841 -0.038144
v -0.141155 -0.256829 -0.033238
v -0.140096 -0.247623 -0.029895
v -0.150590 -0.223624 -0.001308
v -0.146453 -0.237304 -0.032040
v -0.148140 -0.211795 -0.020685
v -0.154977 -0.203560 -0.017920
v -0.153095 -0.194669 -0.013823
v -0.135140 -0.262617 -0.045258
v -0.142447 -0.272585 -0.057245
v -0.143571 -0.224919 -0.035857
v -0.148821 -0.216343 -0.034075
v -0.153796 -0.199648 -0.027197
v -0.138748 -0.240395 -0.046911
v -0.133381 -0.257100 -0.055603
v -0.146051 -0.204338 -0.037590
v -0.138800 -0.245740 -0.061526
v -0.153467 -0.194282 -0.040177
v -0.150614 -0.185571 -0.035318
v -0.141878 -0.217717 -0.053078
v -0.137305 -0.233453 -0.064057
v -0.144782 -0.197474 -0.054919
v -0.140446 -0.215162 -0.086041
v -0.144819 -0.198443 -0.076385
v -0.145981 -0.253455 -0.005840
v -0.146319 -0.288051 -0.021469
v -0.143770 -0.264714 -0.015940
v -0.142086 -0.254973 -0.012731
v -0.146504 -0.236032 -0.010733
v -0.142372 -0.260314 -0.026273
v -0.145262 -0.232326 -0.018783
v -0.139074 -0.244100 -0.039197
v -0.140800 -0.252961 -0.044078
v -0.139634 -0.249612 -0.050745
v -0.144664 -0.230001 -0.049949
v -0.133922 -0.255376 -0.062722
v -0.142537 -0.226206 -0.056889
v -0.146921 -0.209088 -0.051702
v -0.142283 -0.222164 -0.067788
v -0.132186 -0.248626 -0.079947
v -0.137570 -0.238643 -0.079621
v -0.141320 -0.219479 -0.074730
v -0.140686 -0.210757 -0.070343
v -0.136240 -0.235156 -0.085825
v -0.145326 -0.201544 -0.069320
v -0.135829 -0.226701 -0.081348
v -0.130104 -0.241030 -0.096966
v -0.143487 -0.190271 -0.072018
v -0.162964 -0.218167 0.042135
v -0.158285 -0.234903 0.035040
v -0.159454 -0.243877 0.031866
v -0.154262 -0.251749 0.027857
v -0.154691 -0.260527 0.024501
v -0.149214 -0.268970 0.020544
v -0.150216 -0.278683 0.017235
v -0.144528 -0.286231 0.013490
v -0.147954 -0.271509 0.002097
v -0.160133 -0.208995 0.020951
v -0.161476 -0.217961 0.017219
v -0.146868 -0.266276 -0.008323
v -0.151399 -0.247560 -0.004574
v -0.150118 -0.238572 -0.001378
v -0.160985 -0.212303 0.004422
v -0.159978 -0.222355 0.020151
v -0.140620 -0.272147 -0.020702
v -0.152683 -0.217931 -0.002939
v -0.151096 -0.244108 -0.014402
v -0.155358 -0.227295 -0.006361
v -0.159980 -0.208268 -0.004809
v -0.157410 -0.199561 -0.000624
v -0.144327 -0.250868 -0.021519
v -0.139588 -0.268818 -0.027820
v -0.154065 -0.223335 -0.016270
v -0.151594 -0.214565 -0.011508
v -0.151682 -0.245212 0.000288
v -0.149551 -0.240325 -0.021957
v -0.138771 -0.264929 -0.037937
v -0.144088 -0.255934 -0.032983
v -0.143021 -0.246737 -0.029620
v -0.153404 -0.222823 -0.000921
v -0.149396 -0.236418 -0.031709
v -0.151052 -0.210940 -0.020278
v -0.157883 -0.202718 -0.017460
v -0.155990 -0.193837 -0.013348
v -0.138123 -0.261686 -0.045045
v -0.145477 -0.271628 -0.057025
v -0.146542 -0.224020 -0.035506
v -0.151790 -0.215453 -0.033677
v -0.156748 -0.198780 -0.026732
v -0.141756 -0.239463 -0.046623
v -0.136416 -0.256140 -0.055383
v -0.149047 -0.203436 -0.037172
v -0.141870 -0.244769 -0.061251
v -0.156482 -0.193380 -0.039699
v -0.153613 -0.184679 -0.034830
v -0.144933 -0.216771 -0.052715
v -0.140397 -0.232473 -0.063756
v -0.147861 -0.196526 -0.054489
v -0.143653 -0.214127 -0.085678
v -0.147995 -0.197438 -0.075957
v -0.148792 -0.252637 -0.005554
v -0.149173 -0.287192 -0.021273
v -0.146618 -0.263868 -0.015694
v -0.144927 -0.254134 -0.012467
v -0.149351 -0.235202 -0.010398
v -0.145270 -0.259439 -0.026021
v -0.148149 -0.231474 -0.018444
v -0.142045 -0.243188 -0.038917
v -0.143785 -0.252038 -0.043813
v -0.142652 -0.248670 -0.050477
v -0.147694 -0.229065 -0.049606
v -0.136990 -0.254398 -0.062495
v -0.145602 -0.225250 -0.056546
v -0.149977 -0.208149 -0.051293
v -0.145401 -0.221180 -0.067435
v -0.135338 -0.247600 -0.079710
v -0.140729 -0.237623 -0.079333
v -0.144472 -0.218475 -0.074374
v -0.143825 -0.209764 -0.069967
v -0.139430 -0.234118 -0.085534
v -0.148468 -0.200557 -0.068898
v -0.139005 -0.225675 -0.081036
v -0.133340 -0.239958 -0.096718
v -0.146651 -0.189276 -0.071574
v -0.162964 -0.218167 0.042135
v -0.158285 -0.234903 0.035040
v -0.159454 -0.243877 0.031866
v -0.154262 -0.251749 0.027857
v -0.154691 -0.260527 0.024501
v -0.149214 -0.268970 0.020544
v -0.150216 -0.278683 0.017235
v -0.144528 -0.286231 0.013490
v -0.147954 -0.271509 0.002097
v -0.160133 -0.208995 0.020951
v -0.161476 -0.217961 0.017219
v -0.146868 -0.266276 -0.008323
v -0.151399 -0.247560 -0.004574
v -0.150118 -0.238572 -0.001378
v -0.160985 -0.212303 0.004422
v -0.159978 -0.222355 0.020151
v -0.140620 -0.272147 -0.020702
v -0.152683 -0.217931 -0.002939
v -0.151096 -0.244108 -0.014402
v -0.155358 -0.227295 -0.006361
v -0.159980 -0.208268 -0.004809
v -0.157410 -0.199561 -0.000624
v -0.144327 -0.250868 -0.021519
v -0.139588 -0.268818 -0.027820
v -0.154065 -0.223335 -0.016270
v -0.151594 -0.214565 -0.011508
v -0.151682 -0.245212 0.000288
v -0.149551 -0.240325 -0.021957
v -0.138771 -0.264929 -0.037937
v -0.144088 -0.255934 -0.032983
v -0.143021 -0.246737 -0.029620
v -0.153404 -0.222823 -0.000921
v -0.149396 -0.236418 -0.031709
v -0.151052 -0.210940 -0.020278
v -0.157883 -0.202718 -0.017460
v -0.155990 -0.193837 -0.013348
v -0.138123 -0.261686 -0.045045
v -0.145477 -0.271628 -0.057025
v -0.146542 -0.224020 -0.035506
v -0.151790 -0.215453 -0.033677
v -0.156748 -0.198780 -0.026732
v -0.141756 -0.239463 -0.046623
v -0.136416 -0.256140 -0.055383
v -0.149047 -0.203436 -0.037172
v -0.141870 -0.244769 -0.061251
v -0.156482 -0.193380 -0.039699
v -0.153613 -0.184679 -0.034830
v -0.144933 -0.216771 -0.052715
v -0.140397 -0.232473 -0.063756
v -0.147861 -0.196526 -0.054489
v -0.143653 -0.214127 -0.085678
v -0.147995 -0.197438 -0.075957
v -0.148792 -0.252637 -0.005554
v -0.149173 -0.287192 -0.021273
v -0.146618 -0.263868 -0.015694
v -0.144927 -0.254134 -0.012467
v -0.149351 -0.235202 -0.010398
v -0.145270 -0.259439 -0.026021
v -0.148149 -0.231474 -0.018444
v -0.142045 -0.243188 -0.038917
v -0.143785 -0.252038 -0.043813
v -0.142652 -0.248670 -0.050477
v -0.147694 -0.229065 -0.049606
v -0.136990 -0.254398 -0.062495
v -0.145602 -0.225250 -0.056546
v -0.149977 -0.208149 -0.051293
v -0.145401 -0.221180 -0.067435
v -0.135338 -0.247600 -0.079710
v -0.140729 -0.237623 -0.079333
v -0.144472 -0.218475 -0.074374
v -0.143825 -0.209764 -0.069967
v -0.139430 -0.234118 -0.085534
v -0.148468 -0.200557 -0.068898
v -0.139005 -0.225675 -0.081036
v -0.133340 -0.239958 -0.096718
v -0.146651 -0.189276 -0.071574
v -0.151130 -0.270550 0.001939
v -0.165051 -0.217510 0.017008
v -0.150674 -0.266077 -0.008739
v -0.154679 -0.246738 -0.004724
v -0.154743 -0.243640 -0.014703
v -0.158635 -0.226493 -0.006475
v -0.163371 -0.207588 -0.004942
v -0.157606 -0.222735 -0.016486
v -0.152903 -0.239506 -0.022090
v -0.142718 -0.264780 -0.038500
v -0.147559 -0.255179 -0.033185
v -0.156828 -0.222179 -0.001109
v -0.153071 -0.235894 -0.032010
v -0.154747 -0.210450 -0.020572
v -0.160970 -0.201772 -0.017417
v -0.150387 -0.223635 -0.035918
v -0.155363 -0.214810 -0.033882
v -0.160143 -0.198033 -0.026817
v -0.139841 -0.255198 -0.055483
v -0.152786 -0.202912 -0.037482
v -0.145501 -0.244064 -0.061488
v -0.159679 -0.192461 -0.039607
v -0.157211 -0.184045 -0.035015
v -0.151823 -0.196098 -0.054953
v -0.147086 -0.213150 -0.085570
v -0.152287 -0.252045 -0.005802
v -0.150077 -0.263180 -0.015927
v -0.148935 -0.258955 -0.026351
v -0.145883 -0.242830 -0.039347
v -0.147376 -0.251367 -0.044061
v -0.146241 -0.247965 -0.050707
v -0.151356 -0.228442 -0.049858
v -0.149294 -0.224625 -0.056809
v -0.153583 -0.207464 -0.051472
v -0.148794 -0.220220 -0.067400
v -0.144428 -0.236905 -0.079563
v -0.148196 -0.217804 -0.074614
v -0.147841 -0.209367 -0.070484
v -0.143176 -0.233423 -0.085792
v -0.152105 -0.199834 -0.069048
v -0.137460 -0.239660 -0.097414
v -0.151130 -0.270550 0.001939
v -0.165051 -0.217510 0.017008
v -0.150674 -0.266077 -0.008739
v -0.154679 -0.246738 -0.004724
v -0.154743 -0.243640 -0.014703
v -0.158635 -0.226493 -0.006475
v -0.163371 -0.207588 -0.004942
v -0.157606 -0.222735 -0.016486
v -0.152903 -0.239506 -0.022090
v -0.142718 -0.264780 -0.038500
v -0.147559 -0.255179 -0.033185
v -0.156828 -0.222179 -0.001109
v -0.153071 -0.235894 -0.032010
v -0.154747 -0.210450 -0.020572
v -0.160970 -0.201772 -0.017417
v -0.150387 -0.223635 -0.035918
v -0.155363 -0.214810 -0.033882
v -0.160143 -0.198033 -0.026817
v -0.139841 -0.255198 -0.055483
v -0.152786 -0.202912 -0.037482
v -0.145501 -0.244064 -0.061488
v -0.159679 -0.192461 -0.039607
v -0.157211 -0.184045 -0.035015
v -0.151823 -0.196098 -0.054953
v -0.147086 -0.213150 -0.085570
v -0.152287 -0.252045 -0.005802
v -0.150077 -0.263180 -0.015927
v -0.148935 -0.258955 -0.026351
v -0.145883 -0.242830 -0.039347
v -0.147376 -0.251367 -0.044061
v -0.146241 -0.247965 -0.050707
v -0.151356 -0.228442 -0.049858
v -0.149294 -0.224625 -0.056809
v -0.153583 -0.207464 -0.051472
v -0.148794 -0.220220 -0.067400
v -0.144428 -0.236905 -0.079563
v -0.148196 -0.217804 -0.074614
v -0.147841 -0.209367 -0.070484
v -0.143176 -0.233423 -0.085792
v -0.152105 -0.199834 -0.069048
v -0.137460 -0.239660 -0.097414
v -0.154657 -0.269406 0.001309
v -0.168526 -0.216386 0.016497
v -0.154217 -0.264913 -0.009362
v -0.158206 -0.245579 -0.005305
v -0.158286 -0.242464 -0.015278
v -0.162155 -0.225330 -0.007013
v -0.166880 -0.206425 -0.005438
v -0.161141 -0.221554 -0.017019
v -0.156457 -0.238317 -0.022661
v -0.146312 -0.263566 -0.039134
v -0.151140 -0.253973 -0.033794
v -0.160337 -0.221026 -0.001643
v -0.156640 -0.234687 -0.032575
v -0.158284 -0.209263 -0.021087
v -0.164497 -0.200588 -0.017906
v -0.153957 -0.222422 -0.036465
v -0.158925 -0.213599 -0.034404
v -0.163685 -0.196832 -0.027301
v -0.143460 -0.253955 -0.056105
v -0.156349 -0.201695 -0.037988
v -0.149125 -0.242808 -0.062080
v -0.163241 -0.191238 -0.040082
v -0.160760 -0.182831 -0.035479
v -0.155413 -0.194851 -0.055448
v -0.150737 -0.211850 -0.086104
v -0.155818 -0.250886 -0.006397
v -0.153631 -0.262003 -0.016546
v -0.152505 -0.257761 -0.026964
v -0.149468 -0.241613 -0.039937
v -0.150973 -0.250141 -0.044663
v -0.149849 -0.246727 -0.051304
v -0.154952 -0.227203 -0.050412
v -0.152900 -0.223376 -0.057360
v -0.157172 -0.206222 -0.051984
v -0.152417 -0.218951 -0.067944
v -0.148080 -0.235616 -0.080144
v -0.151830 -0.216522 -0.075155
v -0.151463 -0.208094 -0.071010
v -0.146837 -0.232124 -0.086369
v -0.155721 -0.198561 -0.069549
v -0.141144 -0.238343 -0.098012
v -0.154657 -0.269406 0.001309
v -0.168526 -0.216386 0.016497
v -0.154217 -0.264913 -0.009362
v -0.158206 -0.245579 -0.005305
v -0.158286 -0.242464 -0.015278
v -0.162155 -0.225330 -0.007013
v -0.166880 -0.206425 -0.005438
v -0.161141 -0.221554 -0.017019
v -0.156457 -0.238317 -0.022661
v -0.146312 -0.263566 -0.039134
v -0.151140 -0.253973 -0.033794
v -0.160337 -0.221026 -0.001643
v -0.156640 -0.234687 -0.032575
v -0.158284 -0.209263 -0.021087
v -0.164497 -0.200588 -0.017906
v -0.153957 -0.222422 -0.036465
v -0.158925 -0.213599 -0.034404
v -0.163685 -0.196832 -0.027301
v -0.143460 -0.253955 -0.056105
v -0.156349 -0.201695 -0.037988
v -0.149125 -0.242808 -0.062080
v -0.163241 -0.191238 -0.040082
v -0.160760 -0.182831 -0.035479
v -0.155413 -0.194851 -0.055448
v -0.150737 -0.211850 -0.086104
v -0.155818 -0.250886 -0.006397
v -0.153631 -0.262003 -0.016546
v -0.152505 -0.257761 -0.026964
v -0.149468 -0.241613 -0.039937
v -0.150973 -0.250141 -0.044663
v -0.149849 -0.246727 -0.051304
v -0.154952 -0.227203 -0.050412
v -0.152900 -0.223376 -0.057360
v -0.157172 -0.206222 -0.051984
v -0.152417 -0.218951 -0.067944
v -0.148080 -0.235616 -0.080144
v -0.151830 -0.216522 -0.075155
v -0.151463 -0.208094 -0.071010
v -0.146837 -0.232124 -0.086369
v -0.155721 -0.198561 -0.069549
v -0.141144 -0.238343 -0.098012
v -0.158831 -0.268210 0.001108
v -0.172603 -0.215233 0.016533
v -0.158443 -0.263683 -0.009550
v -0.162403 -0.244361 -0.005413
v -0.162531 -0.241214 -0.015375
v -0.166352 -0.224104 -0.007037
v -0.171060 -0.205203 -0.005378
v -0.165386 -0.220297 -0.017036
v -0.160736 -0.237045 -0.022754
v -0.150684 -0.262245 -0.039357
v -0.155481 -0.252667 -0.033962
v -0.164505 -0.219819 -0.001661
v -0.160967 -0.233383 -0.032655
v -0.162543 -0.207994 -0.021079
v -0.168737 -0.199327 -0.017839
v -0.158298 -0.221106 -0.036520
v -0.163252 -0.212288 -0.034406
v -0.167969 -0.195542 -0.027226
v -0.147912 -0.252581 -0.056311
v -0.160689 -0.200374 -0.037964
v -0.153602 -0.241413 -0.062222
v -0.167586 -0.189907 -0.039991
v -0.165080 -0.181516 -0.035373
v -0.159836 -0.193475 -0.055407
v -0.155319 -0.210378 -0.086140
v -0.160023 -0.249665 -0.006533
v -0.157891 -0.260751 -0.016728
v -0.156815 -0.256476 -0.027137
v -0.153835 -0.240288 -0.040074
v -0.155367 -0.248801 -0.044820
v -0.154274 -0.245366 -0.051456
v -0.159365 -0.225843 -0.050476
v -0.157345 -0.221994 -0.057422
v -0.161582 -0.204856 -0.051971
v -0.156912 -0.217536 -0.067994
v -0.152643 -0.234164 -0.080269
v -0.156360 -0.215085 -0.075200
v -0.155969 -0.206670 -0.071030
v -0.151430 -0.230653 -0.086488
v -0.160216 -0.197139 -0.069518
v -0.145797 -0.236837 -0.098179
v -0.158831 -0.268210 0.001108
v -0.172603 -0.215233 0.016533
v -0.158443 -0.263683 -0.009550
v -0.162403 -0.244361 -0.005413
v -0.162531 -0.241214 -0.015375
v -0.166352 -0.224104 -0.007037
v -0.171060 -0.205203 -0.005378
v -0.165386 -0.220297 -0.017036
v -0.160736 -0.237045 -0.022754
v -0.150684 -0.262245 -0.039357
v -0.155481 -0.252667 -0.033962
v -0.164505 -0.219819 -0.001661
v -0.160967 -0.233383 -0.032655
v -0.162543 -0.207994 -0.021079
v -0.168737 -0.199327 -0.017839
v -0.158298 -0.221106 -0.036520
v -0.163252 -0.212288 -0.034406
v -0.167969 -0.195542 -0.027226
v -0.147912 -0.252581 -0.056311
v -0.160689 -0.200374 -0.037964
v -0.153602 -0.241413 -0.062222
v -0.167586 -0.189907 -0.039991
v -0.165080 -0.181516 -0.035373
v -0.159836 -0.193475 -0.055407
v -0.155319 -0.210378 -0.086140
v -0.160023 -0.249665 -0.006533
v -0.157891 -0.260751 -0.016728
v -0.156815 -0.256476 -0.027137
v -0.153835 -0.240288 -0.040074
v -0.155367 -0.248801 -0.044820
v -0.154274 -0.245366 -0.051456
v -0.159365 -0.225843 -0.050476
v -0.157345 -0.221994 -0.057422
v -0.161582 -0.204856 -0.051971
v -0.156912 -0.217536 -0.067994
v -0.152643 -0.234164 -0.080269
v -0.156360 -0.215085 -0.075200
v -0.155969 -0.206670 -0.071030
v -0.151430 -0.230653 -0.086488
v -0.160216 -0.197139 -0.069518
v -0.145797 -0.236837 -0.098179
v -0.163785 -0.267098 0.001642
v -0.178097 -0.214796 0.016717
v -0.167321 -0.243421 -0.004852
v -0.167947 -0.240582 -0.015290
v -0.171397 -0.223199 -0.006439
v -0.176356 -0.204393 -0.004884
v -0.165824 -0.236033 -0.022171
v -0.161053 -0.251841 -0.033905
v -0.166383 -0.232573 -0.032440
v -0.167890 -0.207753 -0.021266
v -0.161295 -0.266355 -0.056632
v -0.168787 -0.211258 -0.033974
v -0.173048 -0.194610 -0.026438
v -0.153266 -0.251924 -0.056427
v -0.159106 -0.240491 -0.062064
v -0.172550 -0.188681 -0.038697
v -0.170554 -0.180820 -0.035143
v -0.165449 -0.249591 -0.006405
v -0.162819 -0.259976 -0.016429
v -0.162270 -0.256205 -0.027081
v -0.160790 -0.248223 -0.044674
v -0.159770 -0.244777 -0.051331
v -0.164531 -0.224872 -0.049971
v -0.154915 -0.251159 -0.064067
v -0.162754 -0.221173 -0.057057
v -0.166879 -0.203973 -0.051433
v -0.161836 -0.216130 -0.067121
v -0.158089 -0.233120 -0.079882
v -0.161903 -0.214176 -0.074816
v -0.157180 -0.229855 -0.086360
v -0.165642 -0.196172 -0.068946
v -0.169986 -0.213905 -0.018422
v -0.168349 -0.206183 -0.035608
v -0.163785 -0.267098 0.001642
v -0.178097 -0.214796 0.016717
v -0.167321 -0.243421 -0.004852
v -0.167947 -0.240582 -0.015290
v -0.171397 -0.223199 -0.006439
v -0.176356 -0.204393 -0.004884
v -0.165824 -0.236033 -0.022171
v -0.161053 -0.251841 -0.033905
v -0.166383 -0.232573 -0.032440
v -0.167890 -0.207753 -0.021266
v -0.161295 -0.266355 -0.056632
v -0.168787 -0.211258 -0.033974
v -0.173048 -0.194610 -0.026438
v -0.153266 -0.251924 -0.056427
v -0.159106 -0.240491 -0.062064
v -0.172550 -0.188681 -0.038697
v -0.170554 -0.180820 -0.035143
v -0.165449 -0.249591 -0.006405
v -0.162819 -0.259976 -0.016429
v -0.162270 -0.256205 -0.027081
v -0.160790 -0.248223 -0.044674
v -0.159770 -0.244777 -0.051331
v -0.164531 -0.224872 -0.049971
v -0.154915 -0.251159 -0.064067
v -0.162754 -0.221173 -0.057057
v -0.166879 -0.203973 -0.051433
v -0.161836 -0.216130 -0.067121
v -0.158089 -0.233120 -0.079882
v -0.161903 -0.214176 -0.074816
v -0.157180 -0.229855 -0.086360
v -0.165642 -0.196172 -0.068946
v -0.169986 -0.213905 -0.018422
v -0.168349 -0.206183 -0.035608
v -0.167977 -0.267083 0.001813
v -0.182340 -0.214826 0.016995
v -0.171593 -0.243409 -0.004645
v -0.172269 -0.240561 -0.015078
v -0.175720 -0.223194 -0.006197
v -0.180714 -0.204401 -0.004604
v -0.170186 -0.236001 -0.021964
v -0.165429 -0.251789 -0.033732
v -0.170796 -0.232534 -0.032228
v -0.172311 -0.207727 -0.021025
v -0.165736 -0.266283 -0.056471
v -0.173254 -0.211223 -0.033733
v -0.177520 -0.194591 -0.026163
v -0.157737 -0.251835 -0.056287
v -0.163627 -0.240410 -0.061889
v -0.177087 -0.188650 -0.038419
v -0.175093 -0.180788 -0.034866
v -0.169714 -0.249572 -0.006212
v -0.167103 -0.259943 -0.016256
v -0.166607 -0.256161 -0.026906
v -0.165220 -0.248161 -0.044499
v -0.164236 -0.244706 -0.051157
v -0.169035 -0.224814 -0.049759
v -0.159421 -0.251066 -0.063919
v -0.167297 -0.221104 -0.056849
v -0.171436 -0.203919 -0.051192
v -0.166433 -0.216050 -0.066913
v -0.162702 -0.233021 -0.079705
v -0.166537 -0.214090 -0.074606
v -0.161827 -0.229748 -0.086184
v -0.170291 -0.196099 -0.068703
v -0.174381 -0.213886 -0.018178
v -0.172834 -0.206145 -0.035364
v -0.167977 -0.267083 0.001813
v -0.182340 -0.214826 0.016995
v -0.171593 -0.243409 -0.004645
v -0.172269 -0.240561 -0.015078
v -0.175720 -0.223194 -0.006197
v -0.180714 -0.204401 -0.004604
v -0.170186 -0.236001 -0.021964
v -0.165429 -0.251789 -0.033732
v -0.170796 -0.232534 -0.032228
v -0.172311 -0.207727 -0.021025
v -0.165736 -0.266283 -0.056471
v -0.173254 -0.211223 -0.033733
v -0.177520 -0.194591 -0.026163
v -0.157737 -0.251835 -0.056287
v -0.163627 -0.240410 -0.061889
v -0.177087 -0.188650 -0.038419
v -0.175093 -0.180788 -0.034866
v -0.169714 -0.249572 -0.006212
v -0.167103 -0.259943 -0.016256
v -0.166607 -0.256161 -0.026906
v -0.165220 -0.248161 -0.044499
v -0.164236 -0.244706 -0.051157
v -0.169035 -0.224814 -0.049759
v -0.159421 -0.251066 -0.063919
v -0.167297 -0.221104 -0.056849
v -0.171436 -0.203919 -0.051192
v -0.166433 -0.216050 -0.066913
v -0.162702 -0.233021 -0.079705
v -0.166537 -0.214090 -0.074606
v -0.161827 -0.229748 -0.086184
v -0.170291 -0.196099 -0.068703
v -0.174381 -0.213886 -0.018178
v -0.172834 -0.206145 -0.035364
v -0.172609 -0.267088 0.002879
v -0.186914 -0.214841 0.018149
v -0.176294 -0.243419 -0.003559
v -0.177047 -0.240575 -0.013987
v -0.180451 -0.223209 -0.005087
v -0.185451 -0.204420 -0.003464
v -0.175017 -0.236015 -0.020890
v -0.170330 -0.251802 -0.032687
v -0.175704 -0.232552 -0.031149
v -0.177162 -0.207742 -0.019943
v -0.170785 -0.266302 -0.055419
v -0.178192 -0.211243 -0.032643
v -0.182420 -0.194613 -0.025048
v -0.162799 -0.251847 -0.055296
v -0.168740 -0.240429 -0.060859
v -0.182081 -0.188675 -0.037308
v -0.180069 -0.180810 -0.033772
v -0.174420 -0.249581 -0.005138
v -0.171871 -0.259952 -0.015197
v -0.171455 -0.256173 -0.025852
v -0.170201 -0.248176 -0.043456
v -0.169268 -0.244723 -0.050122
v -0.174075 -0.224834 -0.048695
v -0.164537 -0.251082 -0.062916
v -0.172391 -0.221125 -0.055798
v -0.176507 -0.203942 -0.050117
v -0.171604 -0.216073 -0.065870
v -0.167948 -0.233044 -0.078683
v -0.171765 -0.214115 -0.073562
v -0.167123 -0.229772 -0.085169
v -0.175494 -0.196127 -0.067638
v -0.179206 -0.213903 -0.017080
v -0.177789 -0.206165 -0.034278
v -0.172609 -0.267088 0.002879
v -0.186914 -0.214841 0.018149
v -0.176294 -0.243419 -0.003559
v -0.177047 -0.240575 -0.013987
v -0.180451 -0.223209 -0.005087
v -0.185451 -0.204420 -0.003464
v -0.175017 -0.236015 -0.020890
v -0.170330 -0.251802 -0.032687
v -0.175704 -0.232552 -0.031149
v -0.177162 -0.207742 -0.019943
v -0.170785 -0.266302 -0.055419
v -0.178192 -0.211243 -0.032643
v -0.182420 -0.194613 -0.025048
v -0.162799 -0.251847 -0.055296
v -0.168740 -0.240429 -0.060859
v -0.182081 -0.188675 -0.037308
v -0.180069 -0.180810 -0.033772
v -0.174420 -0.249581 -0.005138
v -0.171871 -0.259952 -0.015197
v -0.171455 -0.256173 -0.025852
v -0.170201 -0.248176 -0.043456
v -0.169268 -0.244723 -0.050122
v -0.174075 -0.224834 -0.048695
v -0.164537 -0.251082 -0.062916
v -0.172391 -0.221125 -0.055798
v -0.176507 -0.203942 -0.050117
v -0.171604 -0.216073 -0.065870
v -0.167948 -0.233044 -0.078683
v -0.171765 -0.214115 -0.073562
v -0.167123 -0.229772 -0.085169
v -0.175494 -0.196127 -0.067638
v -0.179206 -0.213903 -0.017080
v -0.177789 -0.206165 -0.034278
v -0.180893 -0.243850 -0.002072
v -0.189021 -0.208353 0.008224
v -0.171858 -0.269583 -0.020656
v -0.181835 -0.241135 -0.012518
v -0.185167 -0.223712 -0.003599
v -0.190180 -0.204912 -0.001956
v -0.188413 -0.196717 0.001091
v -0.185025 -0.219783 -0.013868
v -0.179820 -0.236526 -0.019434
v -0.170611 -0.262288 -0.037840
v -0.175182 -0.252315 -0.031252
v -0.180588 -0.233070 -0.029695
v -0.187632 -0.198453 -0.013697
v -0.175773 -0.266838 -0.053969
v -0.178385 -0.221340 -0.034445
v -0.183155 -0.211782 -0.031200
v -0.187346 -0.195132 -0.023584
v -0.167897 -0.252471 -0.053965
v -0.173821 -0.240959 -0.059454
v -0.187115 -0.189207 -0.035859
v -0.185145 -0.181367 -0.032362
v -0.176986 -0.213924 -0.051671
v -0.172753 -0.229498 -0.063300
v -0.180121 -0.193563 -0.053223
v -0.175536 -0.248846 -0.042313
v -0.174866 -0.245403 -0.049103
v -0.179362 -0.225272 -0.047325
v -0.178308 -0.221726 -0.054934
v -0.182184 -0.204333 -0.048942
v -0.176909 -0.216220 -0.064176
v -0.173222 -0.233679 -0.077405
v -0.177615 -0.214618 -0.072566
v -0.172649 -0.230564 -0.084200
v -0.180880 -0.196681 -0.066361
v -0.183652 -0.207391 -0.033294
v -0.180837 -0.228699 -0.032319
v -0.180893 -0.243850 -0.002072
v -0.189021 -0.208353 0.008224
v -0.171858 -0.269583 -0.020656
v -0.181835 -0.241135 -0.012518
v -0.185167 -0.223712 -0.003599
v -0.190180 -0.204912 -0.001956
v -0.188413 -0.196717 0.001091
v -0.185025 -0.219783 -0.013868
v -0.179820 -0.236526 -0.019434
v -0.170611 -0.262288 -0.037840
v -0.175182 -0.252315 -0.031252
v -0.180588 -0.233070 -0.029695
v -0.187632 -0.198453 -0.013697
v -0.175773 -0.266838 -0.053969
v -0.178385 -0.221340 -0.034445
v -0.183155 -0.211782 -0.031200
v -0.187346 -0.195132 -0.023584
v -0.167897 -0.252471 -0.053965
v -0.173821 -0.240959 -0.059454
v -0.187115 -0.189207 -0.035859
v -0.185145 -0.181367 -0.032362
v -0.176986 -0.213924 -0.051671
v -0.172753 -0.229498 -0.063300
v -0.180121 -0.193563 -0.053223
v -0.175536 -0.248846 -0.042313
v -0.174866 -0.245403 -0.049103
v -0.179362 -0.225272 -0.047325
v -0.178308 -0.221726 -0.054934
v -0.182184 -0.204333 -0.048942
v -0.176909 -0.216220 -0.064176
v -0.173222 -0.233679 -0.077405
v -0.177615 -0.214618 -0.072566
v -0.172649 -0.230564 -0.084200
v -0.180880 -0.196681 -0.066361
v -0.183652 -0.207391 -0.033294
v -0.180837 -0.228699 -0.032319
v -0.185013 -0.244264 -0.001134
v -0.193145 -0.208782 0.009209
v -0.176032 -0.269980 -0.019769
v -0.186012 -0.241548 -0.011575
v -0.189326 -0.224132 -0.002636
v -0.194362 -0.205341 -0.000964
v -0.192592 -0.197144 0.002075
v -0.189244 -0.220201 -0.012905
v -0.184041 -0.236935 -0.018500
v -0.174885 -0.262679 -0.036958
v -0.179438 -0.252715 -0.030345
v -0.184867 -0.233479 -0.028757
v -0.191884 -0.198876 -0.012717
v -0.180122 -0.267235 -0.053061
v -0.182707 -0.221744 -0.033516
v -0.187476 -0.212195 -0.030245
v -0.191654 -0.195553 -0.022604
v -0.172269 -0.252855 -0.053095
v -0.178240 -0.241352 -0.058551
v -0.191495 -0.189625 -0.034880
v -0.189520 -0.181783 -0.031392
v -0.181408 -0.214324 -0.050748
v -0.177210 -0.229889 -0.062401
v -0.184584 -0.193967 -0.052280
v -0.179854 -0.249245 -0.041403
v -0.179224 -0.245799 -0.048196
v -0.183744 -0.225677 -0.046392
v -0.182734 -0.222128 -0.054005
v -0.186607 -0.204741 -0.047991
v -0.181392 -0.216618 -0.063253
v -0.177745 -0.234068 -0.076504
v -0.182143 -0.215015 -0.071640
v -0.177212 -0.230952 -0.083302
v -0.185405 -0.197084 -0.065415
v -0.187990 -0.207805 -0.032335
v -0.185136 -0.229108 -0.031379
v -0.185013 -0.244264 -0.001134
v -0.193145 -0.208782 0.009209
v -0.176032 -0.269980 -0.019769
v -0.186012 -0.241548 -0.011575
v -0.189326 -0.224132 -0.002636
v -0.194362 -0.205341 -0.000964
v -0.192592 -0.197144 0.002075
v -0.189244 -0.220201 -0.012905
v -0.184041 -0.236935 -0.018500
v -0.174885 -0.262679 -0.036958
v -0.179438 -0.252715 -0.030345
v -0.184867 -0.233479 -0.028757
v -0.191884 -0.198876 -0.012717
v -0.180122 -0.267235 -0.053061
v -0.182707 -0.221744 -0.033516
v -0.187476 -0.212195 -0.030245
v -0.191654 -0.195553 -0.022604
v -0.172269 -0.252855 -0.053095
v -0.178240 -0.241352 -0.058551
v -0.191495 -0.189625 -0.034880
v -0.189520 -0.181783 -0.031392
v -0.181408 -0.214324 -0.050748
v -0.177210 -0.229889 -0.062401
v -0.184584 -0.193967 -0.052280
v -0.179854 -0.249245 -0.041403
v -0.179224 -0.245799 -0.048196
v -0.183744 -0.225677 -0.046392
v -0.182734 -0.222128 -0.054005
v -0.186607 -0.204741 -0.047991
v -0.181392 -0.216618 -0.063253
v -0.177745 -0.234068 -0.076504
v -0.182143 -0.215015 -0.071640
v -0.177212 -0.230952 -0.083302
v -0.185405 -0.197084 -0.065415
v -0.187990 -0.207805 -0.032335
v -0.185136 -0.229108 -0.031379
v -0.189103 -0.244524 0.000051
v -0.197221 -0.209056 0.010451
v -0.180197 -0.270223 -0.018644
v -0.190167 -0.241807 -0.010384
v -0.193451 -0.224398 -0.001420
v -0.198501 -0.205613 0.000286
v -0.196724 -0.197415 0.003318
v -0.193434 -0.220464 -0.011688
v -0.188242 -0.237189 -0.017319
v -0.179161 -0.262916 -0.035837
v -0.183688 -0.252959 -0.029195
v -0.189132 -0.233731 -0.027569
v -0.196101 -0.199142 -0.011479
v -0.184485 -0.267474 -0.051911
v -0.187015 -0.221992 -0.032338
v -0.191778 -0.212450 -0.029037
v -0.195933 -0.195815 -0.021366
v -0.176652 -0.253084 -0.051987
v -0.182669 -0.241587 -0.057404
v -0.195853 -0.189884 -0.033641
v -0.193868 -0.182041 -0.030162
v -0.185827 -0.214565 -0.049575
v -0.181676 -0.230121 -0.061256
v -0.189038 -0.194212 -0.051082
v -0.184173 -0.249487 -0.040249
v -0.183587 -0.246039 -0.047045
v -0.188122 -0.225922 -0.045208
v -0.187162 -0.222370 -0.052826
v -0.191022 -0.204990 -0.046784
v -0.185880 -0.216855 -0.062081
v -0.182288 -0.234297 -0.075357
v -0.186683 -0.215252 -0.070462
v -0.181799 -0.231178 -0.082157
v -0.189932 -0.197327 -0.064213
v -0.192310 -0.208060 -0.031122
v -0.189423 -0.229359 -0.030188
v -0.189103 -0.244524 0.000051
v -0.197221 -0.209056 0.010451
v -0.180197 -0.270223 -0.018644
v -0.190167 -0.241807 -0.010384
v -0.193451 -0.224398 -0.001420
v -0.198501 -0.205613 0.000286
v -0.196724 -0.197415 0.003318
v -0.193434 -0.220464 -0.011688
v -0.188242 -0.237189 -0.017319
v -0.179161 -0.262916 -0.035837
v -0.183688 -0.252959 -0.029195
v -0.189132 -0.233731 -0.027569
v -0.196101 -0.199142 -0.011479
v -0.184485 -0.267474 -0.051911
v -0.187015 -0.221992 -0.032338
v -0.191778 -0.212450 -0.029037
v -0.195933 -0.195815 -0.021366
v -0.176652 -0.253084 -0.051987
v -0.182669 -0.241587 -0.057404
v -0.195853 -0.189884 -0.033641
v -0.193868 -0.182041 -0.030162
v -0.185827 -0.214565 -0.049575
v -0.181676 -0.230121 -0.061256
v -0.189038 -0.194212 -0.051082
v -0.184173 -0.249487 -0.040249
v -0.183587 -0.246039 -0.047045
v -0.188122 -0.225922 -0.045208
v -0.187162 -0.222370 -0.052826
v -0.191022 -0.204990 -0.046784
v -0.185880 -0.216855 -0.062081
v -0.182288 -0.234297 -0.075357
v -0.186683 -0.215252 -0.070462
v -0.181799 -0.231178 -0.082157
v -0.189932 -0.197327 -0.064213
v -0.192310 -0.208060 -0.031122
v -0.189423 -0.229359 -0.030188
v -0.194441 -0.241979 -0.009240
v -0.202579 -0.205589 0.001495
v -0.200900 -0.197472 0.004510
v -0.197638 -0.220524 -0.010520
v -0.192352 -0.237146 -0.016150
v -0.183516 -0.263116 -0.034775
v -0.187903 -0.252994 -0.028065
v -0.193357 -0.233764 -0.026421
v -0.199998 -0.198932 -0.010244
v -0.196027 -0.212479 -0.027885
v -0.200251 -0.195904 -0.020217
v -0.186991 -0.241603 -0.056293
v -0.200052 -0.189839 -0.032454
v -0.189654 -0.257588 -0.021628
v -0.187584 -0.241237 -0.035428
v -0.188295 -0.249430 -0.039034
v -0.187701 -0.245935 -0.045821
v -0.192233 -0.225818 -0.043968
v -0.182830 -0.252867 -0.059247
v -0.191264 -0.222223 -0.051574
v -0.195116 -0.204860 -0.045525
v -0.190080 -0.216769 -0.060861
v -0.182290 -0.246197 -0.076978
v -0.186491 -0.234159 -0.074125
v -0.190867 -0.215115 -0.069214
v -0.190511 -0.207906 -0.066423
v -0.186049 -0.231062 -0.080938
v -0.194116 -0.197213 -0.062966
v -0.181099 -0.238022 -0.094278
v -0.193995 -0.187329 -0.067907
v -0.197206 -0.208623 -0.030684
v -0.185637 -0.262967 -0.020784
v -0.187134 -0.239041 -0.063371
v -0.196454 -0.228119 -0.010707
v -0.200544 -0.179902 -0.066710
v -0.194441 -0.241979 -0.009240
v -0.202579 -0.205589 0.001495
v -0.200900 -0.197472 0.004510
v -0.197638 -0.220524 -0.010520
v -0.192352 -0.237146 -0.016150
v -0.183516 -0.263116 -0.034775
v -0.187903 -0.252994 -0.028065
v -0.193357 -0.233764 -0.026421
v -0.199998 -0.198932 -0.010244
v -0.196027 -0.212479 -0.027885
v -0.200251 -0.195904 -0.020217
v -0.186991 -0.241603 -0.056293
v -0.200052 -0.189839 -0.032454
v -0.189654 -0.257588 -0.021628
v -0.187584 -0.241237 -0.035428
v -0.188295 -0.249430 -0.039034
v -0.187701 -0.245935 -0.045821
v -0.192233 -0.225818 -0.043968
v -0.182830 -0.252867 -0.059247
v -0.191264 -0.222223 -0.051574
v -0.195116 -0.204860 -0.045525
v -0.190080 -0.216769 -0.060861
v -0.182290 -0.246197 -0.076978
v -0.186491 -0.234159 -0.074125
v -0.190867 -0.215115 -0.069214
v -0.190511 -0.207906 -0.066423
v -0.186049 -0.231062 -0.080938
v -0.194116 -0.197213 -0.062966
v -0.181099 -0.238022 -0.094278
v -0.193995 -0.187329 -0.067907
v -0.197206 -0.208623 -0.030684
v -0.185637 -0.262967 -0.020784
v -0.187134 -0.239041 -0.063371
v -0.196454 -0.228119 -0.010707
v -0.200544 -0.179902 -0.066710
v -0.194441 -0.241979 -0.009240
v -0.202579 -0.205589 0.001495
v -0.200900 -0.197472 0.004510
v -0.197638 -0.220524 -0.010520
v -0.192352 -0.237146 -0.016150
v -0.183516 -0.263116 -0.034775
v -0.187903 -0.252994 -0.028065
v -0.193357 -0.233764 -0.026421
v -0.199998 -0.198932 -0.010244
v -0.196027 -0.212479 -0.027885
v -0.200251 -0.195904 -0.020217
v -0.186991 -0.241603 -0.056293
v -0.200052 -0.189839 -0.032454
v -0.189654 -0.257588 -0.021628
v -0.187584 -0.241237 -0.035428
v -0.188295 -0.249430 -0.039034
v -0.187701 -0.245935 -0.045821
v -0.192233 -0.225818 -0.043968
v -0.182830 -0.252867 -0.059247
v -0.191264 -0.222223 -0.051574
v -0.195116 -0.204860 -0.045525
v -0.190080 -0.216769 -0.060861
v -0.182290 -0.246197 -0.076978
v -0.186491 -0.234159 -0.074125
v -0.190867 -0.215115 -0.069214
v -0.190511 -0.207906 -0.066423
v -0.186049 -0.231062 -0.080938
v -0.194116 -0.197213 -0.062966
v -0.181099 -0.238022 -0.094278
v -0.193995 -0.187329 -0.067907
v -0.197206 -0.208623 -0.030684
v -0.185637 -0.262967 -0.020784
v -0.187134 -0.239041 -0.063371
v -0.196454 -0.228119 -0.010707
v -0.200544 -0.179902 -0.066710
v -0.197983 -0.241706 -0.008944
v -0.206092 -0.205303 0.001771
v -0.204406 -0.197186 0.004781
v -0.201162 -0.220249 -0.010236
v -0.195891 -0.236879 -0.015856
v -0.187075 -0.262867 -0.034466
v -0.191454 -0.252738 -0.027762
v -0.196892 -0.233502 -0.026129
v -0.203504 -0.198655 -0.009972
v -0.199544 -0.212216 -0.027606
v -0.203754 -0.195633 -0.019947
v -0.190532 -0.241363 -0.055997
v -0.203549 -0.189575 -0.032187
v -0.193210 -0.257327 -0.021323
v -0.191125 -0.240985 -0.035131
v -0.191843 -0.249179 -0.038733
v -0.191246 -0.245689 -0.045522
v -0.195760 -0.225566 -0.043680
v -0.186380 -0.252633 -0.058944
v -0.194787 -0.221977 -0.051289
v -0.198625 -0.204607 -0.045250
v -0.193599 -0.216529 -0.060578
v -0.185833 -0.245973 -0.076679
v -0.190024 -0.233929 -0.073833
v -0.194384 -0.214879 -0.068932
v -0.194022 -0.207669 -0.066146
v -0.189579 -0.230837 -0.080648
v -0.197618 -0.196971 -0.062695
v -0.184635 -0.237808 -0.093983
v -0.197488 -0.187089 -0.067641
v -0.200720 -0.208360 -0.030407
v -0.189197 -0.262708 -0.020476
v -0.190672 -0.238805 -0.063076
v -0.199985 -0.227845 -0.010419
v -0.204031 -0.179656 -0.066449
v -0.201363 -0.241232 -0.008648
v -0.209428 -0.204827 0.002093
v -0.207732 -0.196714 0.005108
v -0.204517 -0.219770 -0.009925
v -0.199266 -0.236402 -0.015558
v -0.190483 -0.262387 -0.034187
v -0.194849 -0.252257 -0.027476
v -0.200265 -0.233016 -0.025829
v -0.206834 -0.198174 -0.009645
v -0.202892 -0.211726 -0.027289
v -0.207082 -0.195144 -0.019618
v -0.193917 -0.240864 -0.055702
v -0.206871 -0.189077 -0.031854
v -0.196609 -0.256849 -0.021039
v -0.194507 -0.240500 -0.034836
v -0.195235 -0.248691 -0.038444
v -0.194635 -0.245196 -0.045230
v -0.199125 -0.225070 -0.043374
v -0.189778 -0.252136 -0.058658
v -0.198150 -0.221476 -0.050980
v -0.201966 -0.204106 -0.044928
v -0.196956 -0.216024 -0.060266
v -0.189226 -0.245465 -0.076388
v -0.193403 -0.233418 -0.073533
v -0.197740 -0.214366 -0.068619
v -0.197370 -0.207159 -0.065827
v -0.192955 -0.230321 -0.080346
v -0.200953 -0.196459 -0.062368
v -0.188020 -0.237289 -0.093686
v -0.200812 -0.186574 -0.067307
v -0.204063 -0.207867 -0.030087
v -0.192602 -0.262236 -0.020196
v -0.194055 -0.238301 -0.062780
v -0.203349 -0.227367 -0.010114
v -0.207346 -0.179134 -0.066109
v -0.201363 -0.241232 -0.008648
v -0.209428 -0.204827 0.002093
v -0.207732 -0.196714 0.005108
v -0.204517 -0.219770 -0.009925
v -0.199266 -0.236402 -0.015558
v -0.190483 -0.262387 -0.034187
v -0.194849 -0.252257 -0.027476
v -0.200265 -0.233016 -0.025829
v -0.206834 -0.198174 -0.009645
v -0.202892 -0.211726 -0.027289
v -0.207082 -0.195144 -0.019618
v -0.193917 -0.240864 -0.055702
v -0.206871 -0.189077 -0.031854
v -0.196609 -0.256849 -0.021039
v -0.194507 -0.240500 -0.034836
v -0.195235 -0.248691 -0.038444
v -0.194635 -0.245196 -0.045230
v -0.199125 -0.225070 -0.043374
v -0.189778 -0.252136 -0.058658
v -0.198150 -0.221476 -0.050980
v -0.201966 -0.204106 -0.044928
v -0.196956 -0.216024 -0.060266
v -0.189226 -0.245465 -0.076388
v -0.193403 -0.233418 -0.073533
v -0.197740 -0.214366 -0.068619
v -0.197370 -0.207159 -0.065827
v -0.192955 -0.230321 -0.080346
v -0.200953 -0.196459 -0.062368
v -0.188020 -0.237289 -0.093686
v -0.200812 -0.186574 -0.067307
v -0.204063 -0.207867 -0.030087
v -0.192602 -0.262236 -0.020196
v -0.194055 -0.238301 -0.062780
v -0.203349 -0.227367 -0.010114
v -0.207346 -0.179134 -0.066109
v -0.194525 -0.262089 -0.032751
v -0.204254 -0.232638 -0.024319
v -0.210043 -0.197175 -0.007928
v -0.206705 -0.211154 -0.025714
v -0.210894 -0.194583 -0.018019
v -0.197770 -0.240212 -0.054165
v -0.210219 -0.188134 -0.030111
v -0.199092 -0.248103 -0.036878
v -0.198354 -0.244410 -0.043614
v -0.202937 -0.224414 -0.041774
v -0.201856 -0.220682 -0.049339
v -0.205696 -0.203374 -0.043287
v -0.200838 -0.215375 -0.058695
v -0.197244 -0.232655 -0.071935
v -0.201499 -0.213560 -0.066974
v -0.201269 -0.206506 -0.064261
v -0.196826 -0.229564 -0.078756
v -0.204740 -0.195717 -0.060737
v -0.191857 -0.236420 -0.092055
v -0.205762 -0.181677 -0.059703
v -0.210744 -0.178025 -0.064240
v -0.380721 -0.115773 0.033572
v -0.204408 -0.221337 -0.044954
v -0.194525 -0.262089 -0.032751
v -0.204254 -0.232638 -0.024319
v -0.210043 -0.197175 -0.007928
v -0.206705 -0.211154 -0.025714
v -0.210894 -0.194583 -0.018019
v -0.197770 -0.240212 -0.054165
v -0.210219 -0.188134 -0.030111
v -0.199092 -0.248103 -0.036878
v -0.198354 -0.244410 -0.043614
v -0.202937 -0.224414 -0.041774
v -0.201856 -0.220682 -0.049339
v -0.205696 -0.203374 -0.043287
v -0.200838 -0.215375 -0.058695
v -0.197244 -0.232655 -0.071935
v -0.201499 -0.213560 -0.066974
v -0.201269 -0.206506 -0.064261
v -0.196826 -0.229564 -0.078756
v -0.204740 -0.195717 -0.060737
v -0.191857 -0.236420 -0.092055
v -0.205762 -0.181677 -0.059703
v -0.210744 -0.178025 -0.064240
v -0.380721 -0.115773 0.033572
v -0.204408 -0.221337 -0.044954
v -0.198038 -0.261993 -0.031078
v -0.207724 -0.232531 -0.022635
v -0.213440 -0.197053 -0.006251
v -0.210171 -0.211047 -0.024038
v -0.214326 -0.194468 -0.016341
v -0.201349 -0.240131 -0.052498
v -0.213690 -0.188029 -0.028440
v -0.202613 -0.248007 -0.035199
v -0.201898 -0.244320 -0.041942
v -0.206466 -0.224321 -0.040101
v -0.205410 -0.220595 -0.047672
v -0.209221 -0.203281 -0.041620
v -0.204422 -0.215296 -0.057036
v -0.200882 -0.232587 -0.070275
v -0.205112 -0.213487 -0.065314
v -0.204869 -0.206431 -0.062607
v -0.200487 -0.229502 -0.077100
v -0.208323 -0.195638 -0.059080
v -0.195569 -0.236370 -0.090411
v -0.209335 -0.181597 -0.058053
v -0.214331 -0.177946 -0.062575
v -0.383936 -0.115543 0.035787
v -0.207947 -0.221245 -0.043278
v -0.198038 -0.261993 -0.031078
v -0.207724 -0.232531 -0.022635
v -0.213440 -0.197053 -0.006251
v -0.210171 -0.211047 -0.024038
v -0.214326 -0.194468 -0.016341
v -0.201349 -0.240131 -0.052498
v -0.213690 -0.188029 -0.028440
v -0.202613 -0.248007 -0.035199
v -0.201898 -0.244320 -0.041942
v -0.206466 -0.224321 -0.040101
v -0.205410 -0.220595 -0.047672
v -0.209221 -0.203281 -0.041620
v -0.204422 -0.215296 -0.057036
v -0.200882 -0.232587 -0.070275
v -0.205112 -0.213487 -0.065314
v -0.204869 -0.206431 -0.062607
v -0.200487 -0.229502 -0.077100
v -0.208323 -0.195638 -0.059080
v -0.195569 -0.236370 -0.090411
v -0.209335 -0.181597 -0.058053
v -0.214331 -0.177946 -0.062575
v -0.383936 -0.115543 0.035787
v -0.207947 -0.221245 -0.043278
v -0.201725 -0.262148 -0.028890
v -0.211385 -0.232703 -0.020357
v -0.217026 -0.197242 -0.003911
v -0.213869 -0.211221 -0.021730
v -0.217988 -0.194652 -0.013992
v -0.205218 -0.240277 -0.050271
v -0.217448 -0.188205 -0.026091
v -0.206347 -0.248165 -0.032969
v -0.205685 -0.244473 -0.039714
v -0.210264 -0.224481 -0.037827
v -0.209268 -0.220749 -0.045403
v -0.213056 -0.203443 -0.039313
v -0.208355 -0.215443 -0.054771
v -0.204890 -0.232722 -0.068047
v -0.209107 -0.213629 -0.063043
v -0.208853 -0.206575 -0.060333
v -0.204548 -0.229632 -0.074872
v -0.212295 -0.195788 -0.056774
v -0.199718 -0.236486 -0.088223
v -0.213317 -0.181749 -0.055731
v -0.218350 -0.178102 -0.060214
v -0.387312 -0.115970 0.039417
v -0.211772 -0.221405 -0.040992
v -0.201725 -0.262148 -0.028890
v -0.211385 -0.232703 -0.020357
v -0.217026 -0.197242 -0.003911
v -0.213869 -0.211221 -0.021730
v -0.217988 -0.194652 -0.013992
v -0.205218 -0.240277 -0.050271
v -0.217448 -0.188205 -0.026091
v -0.206347 -0.248165 -0.032969
v -0.205685 -0.244473 -0.039714
v -0.210264 -0.224481 -0.037827
v -0.209268 -0.220749 -0.045403
v -0.213056 -0.203443 -0.039313
v -0.208355 -0.215443 -0.054771
v -0.204890 -0.232722 -0.068047
v -0.209107 -0.213629 -0.063043
v -0.208853 -0.206575 -0.060333
v -0.204548 -0.229632 -0.074872
v -0.212295 -0.195788 -0.056774
v -0.199718 -0.236486 -0.088223
v -0.213317 -0.181749 -0.055731
v -0.218350 -0.178102 -0.060214
v -0.387312 -0.115970 0.039417
v -0.211772 -0.221405 -0.040992
v -0.215392 -0.232955 -0.018361
v -0.221615 -0.195095 -0.012057
v -0.209322 -0.240411 -0.048276
v -0.220628 -0.188369 -0.023607
v -0.209989 -0.248662 -0.030955
v -0.209223 -0.244769 -0.037656
v -0.213906 -0.224859 -0.035737
v -0.212826 -0.220971 -0.043271
v -0.216610 -0.203680 -0.037132
v -0.212231 -0.215897 -0.052750
v -0.208456 -0.232772 -0.065900
v -0.212870 -0.213903 -0.060945
v -0.212637 -0.206872 -0.058237
v -0.208294 -0.229821 -0.072797
v -0.203335 -0.236408 -0.086050
v -0.216816 -0.181841 -0.053337
v -0.221784 -0.178093 -0.057851
v -0.224055 -0.184860 -0.047427
v -0.381865 -0.099142 0.014165
v -0.215392 -0.232955 -0.018361
v -0.221615 -0.195095 -0.012057
v -0.209322 -0.240411 -0.048276
v -0.220628 -0.188369 -0.023607
v -0.209989 -0.248662 -0.030955
v -0.209223 -0.244769 -0.037656
v -0.213906 -0.224859 -0.035737
v -0.212826 -0.220971 -0.043271
v -0.216610 -0.203680 -0.037132
v -0.212231 -0.215897 -0.052750
v -0.208456 -0.232772 -0.065900
v -0.212870 -0.213903 -0.060945
v -0.212637 -0.206872 -0.058237
v -0.208294 -0.229821 -0.072797
v -0.203335 -0.236408 -0.086050
v -0.216816 -0.181841 -0.053337
v -0.221784 -0.178093 -0.057851
v -0.224055 -0.184860 -0.047427
v -0.381865 -0.099142 0.014165
v -0.218522 -0.233168 -0.016804
v -0.224761 -0.195317 -0.010467
v -0.212593 -0.240615 -0.046750
v -0.223840 -0.188588 -0.022022
v -0.213162 -0.248868 -0.029426
v -0.212435 -0.244973 -0.036131
v -0.217134 -0.225070 -0.034187
v -0.216096 -0.221179 -0.041726
v -0.219871 -0.203894 -0.035567
v -0.215555 -0.216105 -0.051207
v -0.211824 -0.232975 -0.064377
v -0.216237 -0.214111 -0.059399
v -0.216000 -0.207080 -0.056692
v -0.211700 -0.230023 -0.071275
v -0.206799 -0.236602 -0.084553
v -0.220185 -0.182054 -0.051769
v -0.225181 -0.178312 -0.056259
v -0.227391 -0.185083 -0.045823
v -0.384999 -0.099566 0.016559
v -0.218522 -0.233168 -0.016804
v -0.224761 -0.195317 -0.010467
v -0.212593 -0.240615 -0.046750
v -0.223840 -0.188588 -0.022022
v -0.213162 -0.248868 -0.029426
v -0.212435 -0.244973 -0.036131
v -0.217134 -0.225070 -0.034187
v -0.216096 -0.221179 -0.041726
v -0.219871 -0.203894 -0.035567
v -0.215555 -0.216105 -0.051207
v -0.211824 -0.232975 -0.064377
v -0.216237 -0.214111 -0.059399
v -0.216000 -0.207080 -0.056692
v -0.211700 -0.230023 -0.071275
v -0.206799 -0.236602 -0.084553
v -0.220185 -0.182054 -0.051769
v -0.225181 -0.178312 -0.056259
v -0.227391 -0.185083 -0.045823
v -0.384999 -0.099566 0.016559
v -0.221252 -0.233048 -0.016216
v -0.227498 -0.195204 -0.009837
v -0.215374 -0.240468 -0.046178
v -0.226601 -0.188466 -0.021388
v -0.215908 -0.248735 -0.028859
v -0.215195 -0.244834 -0.035563
v -0.219899 -0.224935 -0.033595
v -0.218878 -0.221038 -0.041132
v -0.222649 -0.203759 -0.034953
v -0.218355 -0.215955 -0.050611
v -0.214640 -0.232813 -0.063801
v -0.219054 -0.213956 -0.058800
v -0.218815 -0.206926 -0.056088
v -0.214530 -0.229856 -0.070696
v -0.209651 -0.236422 -0.083989
v -0.223003 -0.181907 -0.051137
v -0.228009 -0.178164 -0.055615
v -0.230197 -0.184944 -0.045181
v -0.387732 -0.099552 0.017556
v -0.221252 -0.233048 -0.016216
v -0.227498 -0.195204 -0.009837
v -0.215374 -0.240468 -0.046178
v -0.226601 -0.188466 -0.021388
v -0.215908 -0.248735 -0.028859
v -0.215195 -0.244834 -0.035563
v -0.219899 -0.224935 -0.033595
v -0.218878 -0.221038 -0.041132
v -0.222649 -0.203759 -0.034953
v -0.218355 -0.215955 -0.050611
v -0.214640 -0.232813 -0.063801
v -0.219054 -0.213956 -0.058800
v -0.218815 -0.206926 -0.056088
v -0.214530 -0.229856 -0.070696
v -0.209651 -0.236422 -0.083989
v -0.223003 -0.181907 -0.051137
v -0.228009 -0.178164 -0.055615
v -0.230197 -0.184944 -0.045181
v -0.387732 -0.099552 0.017556
v -0.226465 -0.211059 -0.017525
v -0.229971 -0.194860 -0.009832
v -0.217838 -0.240004 -0.046314
v -0.229058 -0.188060 -0.021362
v -0.218063 -0.244292 -0.035600
v -0.222714 -0.224481 -0.033696
v -0.221403 -0.220537 -0.041101
v -0.221406 -0.215571 -0.050996
v -0.217350 -0.232220 -0.063832
v -0.221880 -0.213356 -0.058811
v -0.221679 -0.206603 -0.056481
v -0.217417 -0.229264 -0.070830
v -0.225505 -0.181423 -0.051093
v -0.230365 -0.177575 -0.055460
v -0.232885 -0.184643 -0.045164
v -0.390123 -0.099401 0.017964
v -0.226465 -0.211059 -0.017525
v -0.229971 -0.194860 -0.009832
v -0.217838 -0.240004 -0.046314
v -0.229058 -0.188060 -0.021362
v -0.218063 -0.244292 -0.035600
v -0.222714 -0.224481 -0.033696
v -0.221403 -0.220537 -0.041101
v -0.221406 -0.215571 -0.050996
v -0.217350 -0.232220 -0.063832
v -0.221880 -0.213356 -0.058811
v -0.221679 -0.206603 -0.056481
v -0.217417 -0.229264 -0.070830
v -0.225505 -0.181423 -0.051093
v -0.230365 -0.177575 -0.055460
v -0.232885 -0.184643 -0.045164
v -0.390123 -0.099401 0.017964
v -0.228848 -0.210541 -0.017152
v -0.232340 -0.194349 -0.009438
v -0.220264 -0.239458 -0.045983
v -0.231440 -0.187537 -0.020962
v -0.220477 -0.243757 -0.035272
v -0.225120 -0.223947 -0.033342
v -0.223817 -0.219995 -0.040744
v -0.223831 -0.215018 -0.050634
v -0.219794 -0.231655 -0.063492
v -0.224313 -0.212795 -0.058446
v -0.224108 -0.206045 -0.056110
v -0.219868 -0.228691 -0.070488
v -0.227920 -0.180870 -0.050690
v -0.232785 -0.177016 -0.055047
v -0.235294 -0.184094 -0.044756
v -0.392434 -0.098877 0.018650
v -0.228848 -0.210541 -0.017152
v -0.232340 -0.194349 -0.009438
v -0.220264 -0.239458 -0.045983
v -0.231440 -0.187537 -0.020962
v -0.220477 -0.243757 -0.035272
v -0.225120 -0.223947 -0.033342
v -0.223817 -0.219995 -0.040744
v -0.223831 -0.215018 -0.050634
v -0.219794 -0.231655 -0.063492
v -0.224313 -0.212795 -0.058446
v -0.224108 -0.206045 -0.056110
v -0.219868 -0.228691 -0.070488
v -0.227920 -0.180870 -0.050690
v -0.232785 -0.177016 -0.055047
v -0.235294 -0.184094 -0.044756
v -0.392434 -0.098877 0.018650
v -0.231225 -0.210350 -0.016530
v -0.234699 -0.194159 -0.008805
v -0.222708 -0.239263 -0.045384
v -0.233828 -0.187346 -0.020330
v -0.222895 -0.243563 -0.034674
v -0.227535 -0.223754 -0.032730
v -0.226251 -0.219801 -0.040135
v -0.226289 -0.214823 -0.050024
v -0.222282 -0.231458 -0.062894
v -0.226790 -0.212599 -0.057835
v -0.226580 -0.205849 -0.055498
v -0.222374 -0.228493 -0.069889
v -0.230381 -0.180675 -0.050066
v -0.235257 -0.176821 -0.054411
v -0.237741 -0.183900 -0.044115
v -0.394731 -0.098703 0.019686
v -0.231225 -0.210350 -0.016530
v -0.234699 -0.194159 -0.008805
v -0.222708 -0.239263 -0.045384
v -0.233828 -0.187346 -0.020330
v -0.222895 -0.243563 -0.034674
v -0.227535 -0.223754 -0.032730
v -0.226251 -0.219801 -0.040135
v -0.226289 -0.214823 -0.050024
v -0.222282 -0.231458 -0.062894
v -0.226790 -0.212599 -0.057835
v -0.226580 -0.205849 -0.055498
v -0.222374 -0.228493 -0.069889
v -0.230381 -0.180675 -0.050066
v -0.235257 -0.176821 -0.054411
v -0.237741 -0.183900 -0.044115
v -0.394731 -0.098703 0.019686
v -0.225294 -0.238968 -0.044915
v -0.236283 -0.187007 -0.019766
v -0.230108 -0.223474 -0.032234
v -0.228809 -0.219473 -0.039633
v -0.228871 -0.214482 -0.049517
v -0.224900 -0.231110 -0.062417
v -0.229386 -0.212243 -0.057322
v -0.225000 -0.228125 -0.069405
v -0.232930 -0.180319 -0.049497
v -0.237705 -0.176349 -0.053592
v -0.240330 -0.183602 -0.043542
v -0.397178 -0.098487 0.020744
v -0.434313 -0.109347 -0.021232
v -0.233589 -0.199543 -0.040909
v -0.225294 -0.238968 -0.044915
v -0.236283 -0.187007 -0.019766
v -0.230108 -0.223474 -0.032234
v -0.228809 -0.219473 -0.039633
v -0.228871 -0.214482 -0.049517
v -0.224900 -0.231110 -0.062417
v -0.229386 -0.212243 -0.057322
v -0.225000 -0.228125 -0.069405
v -0.232930 -0.180319 -0.049497
v -0.237705 -0.176349 -0.053592
v -0.240330 -0.183602 -0.043542
v -0.397178 -0.098487 0.020744
v -0.434313 -0.109347 -0.021232
v -0.233589 -0.199543 -0.040909
v -0.227617 -0.238576 -0.044540
v -0.238507 -0.186611 -0.019356
v -0.232391 -0.223080 -0.031845
v -0.231103 -0.219079 -0.039247
v -0.231180 -0.214085 -0.049129
v -0.227252 -0.230714 -0.062041
v -0.231709 -0.211844 -0.056932
v -0.227363 -0.227727 -0.069028
v -0.235208 -0.179919 -0.049093
v -0.239987 -0.175943 -0.053178
v -0.242598 -0.183196 -0.043124
v -0.399236 -0.097949 0.021500
v -0.436467 -0.108765 -0.020402
v -0.235867 -0.199143 -0.040508
v -0.227617 -0.238576 -0.044540
v -0.238507 -0.186611 -0.019356
v -0.232391 -0.223080 -0.031845
v -0.231103 -0.219079 -0.039247
v -0.231180 -0.214085 -0.049129
v -0.227252 -0.230714 -0.062041
v -0.231709 -0.211844 -0.056932
v -0.227363 -0.227727 -0.069028
v -0.235208 -0.179919 -0.049093
v -0.239987 -0.175943 -0.053178
v -0.242598 -0.183196 -0.043124
v -0.399236 -0.097949 0.021500
v -0.436467 -0.108765 -0.020402
v -0.235867 -0.199143 -0.040508
v -0.229817 -0.238203 -0.044345
v -0.240629 -0.186242 -0.019120
v -0.234559 -0.222710 -0.031636
v -0.233281 -0.218706 -0.039038
v -0.233372 -0.213708 -0.048917
v -0.229477 -0.230334 -0.061844
v -0.233914 -0.211463 -0.056719
v -0.229599 -0.227344 -0.068830
v -0.237378 -0.179539 -0.048860
v -0.242162 -0.175559 -0.052935
v -0.244760 -0.182814 -0.042879
v -0.401230 -0.097495 0.022055
v -0.438541 -0.108270 -0.019786
v -0.238035 -0.198767 -0.040282
v -0.229817 -0.238203 -0.044345
v -0.240629 -0.186242 -0.019120
v -0.234559 -0.222710 -0.031636
v -0.233281 -0.218706 -0.039038
v -0.233372 -0.213708 -0.048917
v -0.229477 -0.230334 -0.061844
v -0.233914 -0.211463 -0.056719
v -0.229599 -0.227344 -0.068830
v -0.237378 -0.179539 -0.048860
v -0.242162 -0.175559 -0.052935
v -0.244760 -0.182814 -0.042879
v -0.401230 -0.097495 0.022055
v -0.438541 -0.108270 -0.019786
v -0.238035 -0.198767 -0.040282
v -0.231702 -0.237837 -0.044605
v -0.242476 -0.185886 -0.019344
v -0.236433 -0.222350 -0.031885
v -0.235151 -0.218341 -0.039284
v -0.235237 -0.213337 -0.049160
v -0.231353 -0.229956 -0.062098
v -0.235776 -0.211085 -0.056960
v -0.231472 -0.226961 -0.069082
v -0.239215 -0.179164 -0.049079
v -0.243995 -0.175177 -0.053151
v -0.246601 -0.182438 -0.043101
v -0.403010 -0.097037 0.021872
v -0.440323 -0.107751 -0.019983
v -0.239889 -0.198398 -0.040514
v -0.231702 -0.237837 -0.044605
v -0.242476 -0.185886 -0.019344
v -0.236433 -0.222350 -0.031885
v -0.235151 -0.218341 -0.039284
v -0.235237 -0.213337 -0.049160
v -0.231353 -0.229956 -0.062098
v -0.235776 -0.211085 -0.056960
v -0.231472 -0.226961 -0.069082
v -0.239215 -0.179164 -0.049079
v -0.243995 -0.175177 -0.053151
v -0.246601 -0.182438 -0.043101
v -0.403010 -0.097037 0.021872
v -0.440323 -0.107751 -0.019983
v -0.239889 -0.198398 -0.040514
v -0.231702 -0.237837 -0.044605
v -0.242476 -0.185886 -0.019344
v -0.236433 -0.222350 -0.031885
v -0.235151 -0.218341 -0.039284
v -0.235237 -0.213337 -0.049160
v -0.231353 -0.229956 -0.062098
v -0.235776 -0.211085 -0.056960
v -0.231472 -0.226961 -0.069082
v -0.239215 -0.179164 -0.049079
v -0.243995 -0.175177 -0.053151
v -0.246601 -0.182438 -0.043101
v -0.403010 -0.097037 0.021872
v -0.440323 -0.107751 -0.019983
v -0.239889 -0.198398 -0.040514
v -0.282189 -0.279165 -0.038805
v -0.285520 -0.259786 -0.032681
v -0.285637 -0.254429 -0.042357
v -0.281779 -0.270523 -0.055945
v -0.286130 -0.251818 -0.050046
v -0.281870 -0.267220 -0.062792
v -0.289545 -0.220261 -0.040918
v -0.294362 -0.216136 -0.044803
v -0.453342 -0.140869 0.033340
v -0.290207 -0.239782 -0.033086
v -0.284117 -0.279224 -0.038791
v -0.287439 -0.259843 -0.032671
v -0.287562 -0.254488 -0.042348
v -0.283718 -0.270586 -0.055935
v -0.288061 -0.251879 -0.050037
v -0.283814 -0.267285 -0.062782
v -0.291461 -0.220319 -0.040915
v -0.296280 -0.216194 -0.044799
v -0.455184 -0.140868 0.033444
v -0.292122 -0.239837 -0.033078
v -0.284117 -0.279224 -0.038791
v -0.287439 -0.259843 -0.032671
v -0.287562 -0.254488 -0.042348
v -0.283718 -0.270586 -0.055935
v -0.288061 -0.251879 -0.050037
v -0.283814 -0.267285 -0.062782
v -0.291461 -0.220319 -0.040915
v -0.296280 -0.216194 -0.044799
v -0.455184 -0.140868 0.033444
v -0.292122 -0.239837 -0.033078
v -0.286109 -0.279421 -0.038050
v -0.289421 -0.260042 -0.031917
v -0.289573 -0.254686 -0.041594
v -0.285763 -0.270781 -0.055193
v -0.290095 -0.252076 -0.049281
v -0.285879 -0.267480 -0.062040
v -0.293481 -0.220518 -0.040146
v -0.298313 -0.216395 -0.044015
v -0.457019 -0.141136 0.034689
v -0.294113 -0.240038 -0.032309
v -0.279767 -0.257502 -0.050084
v -0.275892 -0.273869 -0.063245
v -0.280163 -0.254955 -0.057801
v -0.275987 -0.270719 -0.070165
v -0.283746 -0.223222 -0.049559
v -0.291856 -0.226408 -0.043581
v -0.446768 -0.141805 0.023392
v -0.284237 -0.242541 -0.041176
v -0.251233 -0.306228 -0.069647
v -0.247922 -0.322602 -0.082951
v -0.251968 -0.303687 -0.077340
v -0.248321 -0.319458 -0.089862
v -0.255216 -0.271951 -0.068976
v -0.263054 -0.275138 -0.062646
v -0.414970 -0.190612 0.010956
v -0.255323 -0.291263 -0.060563
v -0.251233 -0.306228 -0.069647
v -0.247922 -0.322602 -0.082951
v -0.251968 -0.303687 -0.077340
v -0.248321 -0.319458 -0.089862
v -0.255216 -0.271951 -0.068976
v -0.263054 -0.275138 -0.062646
v -0.414970 -0.190612 0.010956
v -0.255323 -0.291263 -0.060563
v -0.253649 -0.307108 -0.068802
v -0.250352 -0.323518 -0.082065
v -0.254403 -0.304591 -0.076501
v -0.250770 -0.320394 -0.088986
v -0.257664 -0.272834 -0.068221
v -0.265485 -0.276010 -0.061865
v -0.417319 -0.191416 0.011829
v -0.257734 -0.292122 -0.059752
v -0.253649 -0.307108 -0.068802
v -0.250352 -0.323518 -0.082065
v -0.254403 -0.304591 -0.076501
v -0.250770 -0.320394 -0.088986
v -0.257664 -0.272834 -0.068221
v -0.265485 -0.276010 -0.061865
v -0.417319 -0.191416 0.011829
v -0.257734 -0.292122 -0.059752
v -0.253195 -0.324306 -0.082327
v -0.253602 -0.321104 -0.089156
v -0.260411 -0.273857 -0.068381
v -0.419927 -0.192921 0.012238
v -0.245788 -0.353169 -0.101019
v -0.252341 -0.317366 -0.113508
v -0.253195 -0.324306 -0.082327
v -0.253602 -0.321104 -0.089156
v -0.260411 -0.273857 -0.068381
v -0.419927 -0.192921 0.012238
v -0.245788 -0.353169 -0.101019
v -0.252341 -0.317366 -0.113508
v -0.264571 -0.315104 -0.097347
v -0.264818 -0.311896 -0.104181
v -0.272231 -0.264684 -0.083533
v -0.433839 -0.184157 -0.006761
v -0.256650 -0.343933 -0.115880
v -0.262969 -0.308131 -0.128491
v -0.264571 -0.315104 -0.097347
v -0.264818 -0.311896 -0.104181
v -0.272231 -0.264684 -0.083533
v -0.433839 -0.184157 -0.006761
v -0.256650 -0.343933 -0.115880
v -0.262969 -0.308131 -0.128491
v -0.267702 -0.315327 -0.097332
v -0.267970 -0.312114 -0.104163
v -0.275336 -0.264920 -0.083456
v -0.436744 -0.184504 -0.006148
v -0.259825 -0.344139 -0.115911
v -0.266193 -0.308329 -0.128475
v -0.267702 -0.315327 -0.097332
v -0.267970 -0.312114 -0.104163
v -0.275336 -0.264920 -0.083456
v -0.436744 -0.184504 -0.006148
v -0.259825 -0.344139 -0.115911
v -0.266193 -0.308329 -0.128475
v -0.278449 -0.266043 -0.084319
v -0.439972 -0.186370 -0.006303
v -0.273168 -0.294928 -0.113671
v -0.262965 -0.345084 -0.117400
v -0.263531 -0.328674 -0.151362
v -0.438155 -0.183002 -0.000516
v -0.521895 -0.219837 -0.036132
v -0.278449 -0.266043 -0.084319
v -0.439972 -0.186370 -0.006303
v -0.273168 -0.294928 -0.113671
v -0.262965 -0.345084 -0.117400
v -0.263531 -0.328674 -0.151362
v -0.438155 -0.183002 -0.000516
v -0.521895 -0.219837 -0.036132
v -0.281088 -0.266747 -0.083206
v -0.442155 -0.186842 -0.004488
v -0.275977 -0.295726 -0.112496
v -0.265790 -0.345892 -0.116124
v -0.266559 -0.329591 -0.150135
v -0.440304 -0.183456 0.001278
v -0.524249 -0.220414 -0.033722
v -0.281088 -0.266747 -0.083206
v -0.442155 -0.186842 -0.004488
v -0.275977 -0.295726 -0.112496
v -0.265790 -0.345892 -0.116124
v -0.266559 -0.329591 -0.150135
v -0.440304 -0.183456 0.001278
v -0.524249 -0.220414 -0.033722
v -0.284228 -0.267630 -0.082797
v -0.445131 -0.187449 -0.004024
v -0.279179 -0.296719 -0.111989
v -0.268993 -0.346897 -0.115450
v -0.269841 -0.330725 -0.149520
v -0.443267 -0.184040 0.001725
v -0.527285 -0.221140 -0.032948
v -0.284228 -0.267630 -0.082797
v -0.445131 -0.187449 -0.004024
v -0.279179 -0.296719 -0.111989
v -0.268993 -0.346897 -0.115450
v -0.269841 -0.330725 -0.149520
v -0.443267 -0.184040 0.001725
v -0.527285 -0.221140 -0.032948
v -0.448109 -0.188515 -0.003862
v -0.282760 -0.297824 -0.112027
v -0.272549 -0.339752 -0.132251
v -0.284400 -0.292496 -0.108594
v -0.288239 -0.260788 -0.100270
v -0.273277 -0.332188 -0.149681
v -0.530182 -0.222218 -0.032630
v -0.448109 -0.188515 -0.003862
v -0.282760 -0.297824 -0.112027
v -0.272549 -0.339752 -0.132251
v -0.284400 -0.292496 -0.108594
v -0.288239 -0.260788 -0.100270
v -0.273277 -0.332188 -0.149681
v -0.530182 -0.222218 -0.032630
v -0.449400 -0.189898 -0.001504
v -0.284676 -0.298936 -0.110888
v -0.274543 -0.340850 -0.131181
v -0.286299 -0.293610 -0.107443
v -0.290131 -0.261907 -0.099097
v -0.275415 -0.333291 -0.148606
v -0.531628 -0.223751 -0.029650
v -0.449400 -0.189898 -0.001504
v -0.284676 -0.298936 -0.110888
v -0.274543 -0.340850 -0.131181
v -0.286299 -0.293610 -0.107443
v -0.290131 -0.261907 -0.099097
v -0.275415 -0.333291 -0.148606
v -0.531628 -0.223751 -0.029650
v -0.451842 -0.190435 -0.001880
v -0.287099 -0.299589 -0.111121
v -0.276958 -0.341529 -0.131356
v -0.288723 -0.294259 -0.107683
v -0.292561 -0.262545 -0.099380
v -0.277832 -0.333994 -0.148792
v -0.534063 -0.224345 -0.029975
v -0.451842 -0.190435 -0.001880
v -0.287099 -0.299589 -0.111121
v -0.276958 -0.341529 -0.131356
v -0.288723 -0.294259 -0.107683
v -0.292561 -0.262545 -0.099380
v -0.277832 -0.333994 -0.148792
v -0.534063 -0.224345 -0.029975
v -0.455655 -0.191426 -0.001479
v -0.289829 -0.300422 -0.111374
v -0.279531 -0.341937 -0.131492
v -0.295159 -0.263277 -0.099461
v -0.280648 -0.334787 -0.149147
v -0.536109 -0.225293 -0.029592
v -0.455655 -0.191426 -0.001479
v -0.289829 -0.300422 -0.111374
v -0.279531 -0.341937 -0.131492
v -0.295159 -0.263277 -0.099461
v -0.280648 -0.334787 -0.149147
v -0.536109 -0.225293 -0.029592
v -0.457485 -0.191873 -0.000266
v -0.292049 -0.300934 -0.110682
v -0.281817 -0.342465 -0.130801
v -0.297341 -0.263780 -0.098783
v -0.283002 -0.335332 -0.148458
v -0.538036 -0.225782 -0.028048
v -0.457485 -0.191873 -0.000266
v -0.292049 -0.300934 -0.110682
v -0.281817 -0.342465 -0.130801
v -0.297341 -0.263780 -0.098783
v -0.283002 -0.335332 -0.148458
v -0.538036 -0.225782 -0.028048
v -0.459470 -0.192008 -0.000374
v -0.294071 -0.301140 -0.110776
v -0.283847 -0.342684 -0.130871
v -0.299360 -0.263978 -0.098900
v -0.285037 -0.335563 -0.148533
v -0.540030 -0.225937 -0.028104
v -0.459470 -0.192008 -0.000374
v -0.294071 -0.301140 -0.110776
v -0.283847 -0.342684 -0.130871
v -0.299360 -0.263978 -0.098900
v -0.285037 -0.335563 -0.148533
v -0.540030 -0.225937 -0.028104
v -0.461381 -0.192756 -0.001323
v -0.301331 -0.264175 -0.099986
v -0.286851 -0.335489 -0.149797
v -0.539652 -0.226080 -0.029487
v -0.461381 -0.192756 -0.001323
v -0.301331 -0.264175 -0.099986
v -0.286851 -0.335489 -0.149797
v -0.539652 -0.226080 -0.029487
v -0.462898 -0.193242 0.000380
v -0.303315 -0.264570 -0.099102
v -0.289049 -0.335878 -0.148983
v -0.541293 -0.226615 -0.027378
v -0.462898 -0.193242 0.000380
v -0.303315 -0.264570 -0.099102
v -0.289049 -0.335878 -0.148983
v -0.541293 -0.226615 -0.027378
v -0.464889 -0.193490 0.001344
v -0.305495 -0.264706 -0.098520
v -0.291304 -0.335996 -0.148449
v -0.543329 -0.226902 -0.026240
v -0.464889 -0.193490 0.001344
v -0.305495 -0.264706 -0.098520
v -0.291304 -0.335996 -0.148449
v -0.543329 -0.226902 -0.026240
v -0.293388 -0.335844 -0.148811
v -0.543329 -0.226737 -0.025784
v -0.293388 -0.335844 -0.148811
v -0.543329 -0.226737 -0.025784
v -0.295976 -0.335826 -0.148219
v -0.545470 -0.226604 -0.024389
v -0.295976 -0.335826 -0.148219
v -0.545470 -0.226604 -0.024389
v -0.298112 -0.335543 -0.148286
v -0.547470 -0.226114 -0.024364
v -0.298112 -0.335543 -0.148286
v -0.547470 -0.226114 -0.024364
v -0.300200 -0.335344 -0.148850
v -0.549362 -0.225846 -0.024814
v -0.307675 -0.303293 -0.137081
v -0.300200 -0.335344 -0.148850
v -0.549362 -0.225846 -0.024814
v -0.307675 -0.303293 -0.137081
v -0.302344 -0.335706 -0.148073
v -0.551070 -0.226280 -0.023102
v -0.309786 -0.303656 -0.136281
v -0.302344 -0.335706 -0.148073
v -0.551070 -0.226280 -0.023102
v -0.309786 -0.303656 -0.136281
v -0.304003 -0.336563 -0.147759
v -0.552736 -0.226812 -0.023086
v -0.311450 -0.304480 -0.136060
v -0.304003 -0.336563 -0.147759
v -0.552736 -0.226812 -0.023086
v -0.311450 -0.304480 -0.136060
v -0.305802 -0.337281 -0.147835
v -0.554507 -0.226992 -0.023584
v -0.313229 -0.305159 -0.136230
v -0.305802 -0.337281 -0.147835
v -0.554507 -0.226992 -0.023584
v -0.313229 -0.305159 -0.136230
v -0.555668 -0.227603 -0.023429
v -0.555668 -0.227603 -0.023429
v -0.556958 -0.229001 -0.022960
v -0.556958 -0.229001 -0.022960
v -0.346272 -0.235423 -0.175167
v -0.346319 -0.226993 -0.192377
v -0.346272 -0.235423 -0.175167
v -0.346319 -0.226993 -0.192377
v -0.346503 -0.232992 -0.180006
v -0.346396 -0.224616 -0.197241
v -0.346503 -0.232992 -0.180006
v -0.346396 -0.224616 -0.197241
v -0.346820 -0.230630 -0.183915
v -0.346608 -0.222296 -0.201170
v -0.347170 -0.228767 -0.188299
v -0.346886 -0.220401 -0.205538
v -0.347659 -0.229254 -0.188656
v -0.347337 -0.220862 -0.205896
v -0.347659 -0.229254 -0.188656
v -0.347337 -0.220862 -0.205896
v -0.347860 -0.227531 -0.192398
v -0.347481 -0.219115 -0.209625
v -0.347860 -0.227531 -0.192398
v -0.347481 -0.219115 -0.209625
v -0.347870 -0.226561 -0.196189
v -0.347418 -0.218163 -0.213423
v -0.347870 -0.226561 -0.196189
v -0.347418 -0.218163 -0.213423
v -0.347622 -0.218136 -0.217552
v -0.347622 -0.218136 -0.217552
v -0.348015 -0.218662 -0.221428
v -0.348015 -0.218662 -0.221428
v -0.347669 -0.218585 -0.225880
v -0.347669 -0.218585 -0.225880
v -0.348451 -0.207085 -0.240292
v -0.349428 -0.202873 -0.250272
v -0.348451 -0.207085 -0.240292
v -0.349428 -0.202873 -0.250272
v -0.349114 -0.204032 -0.244592
v -0.350053 -0.199784 -0.254560
v -0.349114 -0.204032 -0.244592
v -0.350053 -0.199784 -0.254560
v -0.352176 -0.197912 -0.246835
v -0.353147 -0.193557 -0.256754
v -0.352176 -0.197912 -0.246835
v -0.353147 -0.193557 -0.256754
v -0.354952 -0.193169 -0.250566
v -0.355692 -0.188590 -0.260406
v -0.357381 -0.183016 -0.273150
v -0.355266 -0.175021 -0.268867
v -0.352741 -0.204240 -0.262363
v -0.350185 -0.231698 -0.239956
v -0.354952 -0.193169 -0.250566
v -0.355692 -0.188590 -0.260406
v -0.357381 -0.183016 -0.273150
v -0.355266 -0.175021 -0.268867
v -0.352741 -0.204240 -0.262363
v -0.350185 -0.231698 -0.239956
v -0.355152 -0.188348 -0.254393
v -0.355873 -0.183638 -0.264173
v -0.357539 -0.177893 -0.276843
v -0.355404 -0.169961 -0.272454
v -0.352965 -0.199269 -0.266333
v -0.350501 -0.227027 -0.244287
v -0.355152 -0.188348 -0.254393
v -0.355873 -0.183638 -0.264173
v -0.357539 -0.177893 -0.276843
v -0.355404 -0.169961 -0.272454
v -0.352965 -0.199269 -0.266333
v -0.350501 -0.227027 -0.244287
v -0.354789 -0.185624 -0.257626
v -0.355477 -0.180865 -0.267385
v -0.357100 -0.175055 -0.280031
v -0.354961 -0.167148 -0.275598
v -0.352594 -0.196491 -0.269615
v -0.350237 -0.224361 -0.247699
v -0.354789 -0.185624 -0.257626
v -0.355477 -0.180865 -0.267385
v -0.357100 -0.175055 -0.280031
v -0.354961 -0.167148 -0.275598
v -0.352594 -0.196491 -0.269615
v -0.350237 -0.224361 -0.247699
v -0.349152 -0.223473 -0.280386
v -0.356544 -0.179569 -0.269480
v -0.357931 -0.173658 -0.282114
v -0.355740 -0.165746 -0.277675
v -0.353363 -0.195080 -0.271699
v -0.347163 -0.245339 -0.266653
v -0.349765 -0.200283 -0.311471
v -0.351106 -0.222991 -0.249789
v -0.353085 -0.201936 -0.249790
v -0.349152 -0.223473 -0.280386
v -0.356544 -0.179569 -0.269480
v -0.357931 -0.173658 -0.282114
v -0.355740 -0.165746 -0.277675
v -0.353363 -0.195080 -0.271699
v -0.347163 -0.245339 -0.266653
v -0.349765 -0.200283 -0.311471
v -0.351106 -0.222991 -0.249789
v -0.353085 -0.201936 -0.249790
v -0.348739 -0.221732 -0.283714
v -0.356110 -0.177856 -0.272684
v -0.357454 -0.171901 -0.285302
v -0.355266 -0.164006 -0.280830
v -0.352941 -0.193363 -0.274945
v -0.346815 -0.243646 -0.270048
v -0.349238 -0.198439 -0.314724
v -0.350779 -0.221349 -0.253121
v -0.352733 -0.200292 -0.253058
v -0.348739 -0.221732 -0.283714
v -0.356110 -0.177856 -0.272684
v -0.357454 -0.171901 -0.285302
v -0.355266 -0.164006 -0.280830
v -0.352941 -0.193363 -0.274945
v -0.346815 -0.243646 -0.270048
v -0.349238 -0.198439 -0.314724
v -0.350779 -0.221349 -0.253121
v -0.352733 -0.200292 -0.253058
v -0.348245 -0.219754 -0.286561
v -0.355619 -0.175918 -0.275378
v -0.356920 -0.169911 -0.287976
v -0.354741 -0.162036 -0.283467
v -0.352454 -0.191418 -0.277692
v -0.346378 -0.241724 -0.272977
v -0.348632 -0.196338 -0.317479
v -0.350378 -0.219492 -0.255973
v -0.352317 -0.198434 -0.255832
v -0.348245 -0.219754 -0.286561
v -0.355619 -0.175918 -0.275378
v -0.356920 -0.169911 -0.287976
v -0.354741 -0.162036 -0.283467
v -0.352454 -0.191418 -0.277692
v -0.346378 -0.241724 -0.272977
v -0.348632 -0.196338 -0.317479
v -0.350378 -0.219492 -0.255973
v -0.352317 -0.198434 -0.255832
v -0.348997 -0.216174 -0.289329
v -0.356915 -0.178741 -0.268534
v -0.347935 -0.207001 -0.306189
v -0.347991 -0.235674 -0.282777
v -0.356966 -0.173179 -0.277853
v -0.357911 -0.166897 -0.290375
v -0.355610 -0.159036 -0.285796
v -0.353260 -0.188424 -0.280242
v -0.347240 -0.238663 -0.275885
v -0.349431 -0.192953 -0.320034
v -0.346544 -0.229544 -0.292345
v -0.353018 -0.180866 -0.303135
v -0.352566 -0.175609 -0.311708
v -0.341589 -0.213421 -0.346576
v -0.351334 -0.216708 -0.258742
v -0.353073 -0.195524 -0.258400
v -0.348997 -0.216174 -0.289329
v -0.356915 -0.178741 -0.268534
v -0.347935 -0.207001 -0.306189
v -0.347991 -0.235674 -0.282777
v -0.356966 -0.173179 -0.277853
v -0.357911 -0.166897 -0.290375
v -0.355610 -0.159036 -0.285796
v -0.353260 -0.188424 -0.280242
v -0.347240 -0.238663 -0.275885
v -0.349431 -0.192953 -0.320034
v -0.346544 -0.229544 -0.292345
v -0.353018 -0.180866 -0.303135
v -0.352566 -0.175609 -0.311708
v -0.341589 -0.213421 -0.346576
v -0.351334 -0.216708 -0.258742
v -0.353073 -0.195524 -0.258400
v -0.348390 -0.212179 -0.292942
v -0.356403 -0.175058 -0.271631
v -0.347278 -0.202761 -0.309662
v -0.347390 -0.231771 -0.286670
v -0.356427 -0.169360 -0.280868
v -0.357336 -0.162897 -0.293301
v -0.355056 -0.155102 -0.288600
v -0.352703 -0.184566 -0.283466
v -0.346660 -0.234859 -0.279820
v -0.348738 -0.188513 -0.323306
v -0.345917 -0.225501 -0.296143
v -0.352390 -0.176676 -0.306246
v -0.351913 -0.171295 -0.314740
v -0.340793 -0.208588 -0.350118
v -0.350828 -0.213158 -0.262373
v -0.352584 -0.191983 -0.261729
v -0.348390 -0.212179 -0.292942
v -0.356403 -0.175058 -0.271631
v -0.347278 -0.202761 -0.309662
v -0.347390 -0.231771 -0.286670
v -0.356427 -0.169360 -0.280868
v -0.357336 -0.162897 -0.293301
v -0.355056 -0.155102 -0.288600
v -0.352703 -0.184566 -0.283466
v -0.346660 -0.234859 -0.279820
v -0.348738 -0.188513 -0.323306
v -0.345917 -0.225501 -0.296143
v -0.352390 -0.176676 -0.306246
v -0.351913 -0.171295 -0.314740
v -0.340793 -0.208588 -0.350118
v -0.350828 -0.213158 -0.262373
v -0.352584 -0.191983 -0.261729
v -0.348302 -0.208267 -0.295672
v -0.356372 -0.171469 -0.273828
v -0.347191 -0.198605 -0.312253
v -0.347285 -0.227947 -0.289686
v -0.356396 -0.165638 -0.282981
v -0.357304 -0.158995 -0.295319
v -0.355036 -0.151267 -0.290504
v -0.352653 -0.180800 -0.285798
v -0.346555 -0.231134 -0.282881
v -0.348659 -0.184162 -0.325689
v -0.345812 -0.221538 -0.299066
v -0.352335 -0.172578 -0.308460
v -0.351859 -0.167074 -0.316875
v -0.340673 -0.203835 -0.352785
v -0.350758 -0.209695 -0.265123
v -0.352539 -0.188533 -0.264171
v -0.348302 -0.208267 -0.295672
v -0.356372 -0.171469 -0.273828
v -0.347191 -0.198605 -0.312253
v -0.347285 -0.227947 -0.289686
v -0.356396 -0.165638 -0.282981
v -0.357304 -0.158995 -0.295319
v -0.355036 -0.151267 -0.290504
v -0.352653 -0.180800 -0.285798
v -0.346555 -0.231134 -0.282881
v -0.348659 -0.184162 -0.325689
v -0.345812 -0.221538 -0.299066
v -0.352335 -0.172578 -0.308460
v -0.351859 -0.167074 -0.316875
v -0.340673 -0.203835 -0.352785
v -0.350758 -0.209695 -0.265123
v -0.352539 -0.188533 -0.264171
v -0.349287 -0.204546 -0.297327
v -0.357272 -0.168019 -0.275020
v -0.348204 -0.194683 -0.313790
v -0.348143 -0.223911 -0.291329
v -0.346983 -0.213803 -0.307618
v -0.356158 -0.147699 -0.291442
v -0.353661 -0.177260 -0.287090
v -0.347508 -0.227565 -0.284801
v -0.349712 -0.180108 -0.327028
v -0.346811 -0.217771 -0.300887
v -0.353327 -0.168710 -0.309672
v -0.352867 -0.163105 -0.318019
v -0.341792 -0.199421 -0.354391
v -0.346187 -0.204089 -0.324076
v -0.350153 -0.174884 -0.335966
v -0.345320 -0.188567 -0.350176
v -0.353111 -0.167605 -0.303103
v -0.357960 -0.143843 -0.316818
v -0.348770 -0.163128 -0.337002
v -0.351733 -0.206402 -0.266768
v -0.353458 -0.185230 -0.265565
v -0.349287 -0.204546 -0.297327
v -0.357272 -0.168019 -0.275020
v -0.348204 -0.194683 -0.313790
v -0.348143 -0.223911 -0.291329
v -0.346983 -0.213803 -0.307618
v -0.356158 -0.147699 -0.291442
v -0.353661 -0.177260 -0.287090
v -0.347508 -0.227565 -0.284801
v -0.349712 -0.180108 -0.327028
v -0.346811 -0.217771 -0.300887
v -0.353327 -0.168710 -0.309672
v -0.352867 -0.163105 -0.318019
v -0.341792 -0.199421 -0.354391
v -0.346187 -0.204089 -0.324076
v -0.350153 -0.174884 -0.335966
v -0.345320 -0.188567 -0.350176
v -0.353111 -0.167605 -0.303103
v -0.357960 -0.143843 -0.316818
v -0.348770 -0.163128 -0.337002
v -0.351733 -0.206402 -0.266768
v -0.353458 -0.185230 -0.265565
v -0.350595 -0.200284 -0.297882
v -0.358359 -0.163986 -0.275127
v -0.349554 -0.190239 -0.314237
v -0.349488 -0.219719 -0.292109
v -0.348368 -0.209431 -0.308287
v -0.357251 -0.143485 -0.291324
v -0.354833 -0.173101 -0.287318
v -0.348836 -0.223450 -0.285625
v -0.351072 -0.175510 -0.327302
v -0.348179 -0.213475 -0.301602
v -0.354572 -0.164298 -0.309802
v -0.354131 -0.158600 -0.318088
v -0.343340 -0.194538 -0.354917
v -0.347614 -0.199535 -0.324637
v -0.351537 -0.170184 -0.336178
v -0.346813 -0.183720 -0.350564
v -0.354323 -0.163267 -0.303223
v -0.359155 -0.139336 -0.316646
v -0.350120 -0.158422 -0.337088
v -0.352910 -0.202478 -0.267335
v -0.354559 -0.181315 -0.265884
v -0.350595 -0.200284 -0.297882
v -0.358359 -0.163986 -0.275127
v -0.349554 -0.190239 -0.314237
v -0.349488 -0.219719 -0.292109
v -0.348368 -0.209431 -0.308287
v -0.357251 -0.143485 -0.291324
v -0.354833 -0.173101 -0.287318
v -0.348836 -0.223450 -0.285625
v -0.351072 -0.175510 -0.327302
v -0.348179 -0.213475 -0.301602
v -0.354572 -0.164298 -0.309802
v -0.354131 -0.158600 -0.318088
v -0.343340 -0.194538 -0.354917
v -0.347614 -0.199535 -0.324637
v -0.351537 -0.170184 -0.336178
v -0.346813 -0.183720 -0.350564
v -0.354323 -0.163267 -0.303223
v -0.359155 -0.139336 -0.316646
v -0.350120 -0.158422 -0.337088
v -0.352910 -0.202478 -0.267335
v -0.354559 -0.181315 -0.265884
v -0.351131 -0.195815 -0.298835
v -0.358737 -0.159790 -0.275599
v -0.350097 -0.185564 -0.315063
v -0.350068 -0.215326 -0.293314
v -0.348954 -0.204835 -0.309362
v -0.357606 -0.139086 -0.291534
v -0.355265 -0.168758 -0.287914
v -0.349413 -0.219141 -0.286880
v -0.351601 -0.170665 -0.327934
v -0.348762 -0.208965 -0.302730
v -0.355029 -0.159668 -0.310284
v -0.354589 -0.153865 -0.318497
v -0.343986 -0.189360 -0.355809
v -0.348207 -0.194731 -0.325585
v -0.352069 -0.165224 -0.336740
v -0.347417 -0.178588 -0.351309
v -0.354762 -0.158723 -0.303692
v -0.359553 -0.134607 -0.316797
v -0.350620 -0.153455 -0.337502
v -0.353384 -0.198394 -0.268314
v -0.354968 -0.177247 -0.266588
v -0.351131 -0.195815 -0.298835
v -0.358737 -0.159790 -0.275599
v -0.350097 -0.185564 -0.315063
v -0.350068 -0.215326 -0.293314
v -0.348954 -0.204835 -0.309362
v -0.357606 -0.139086 -0.291534
v -0.355265 -0.168758 -0.287914
v -0.349413 -0.219141 -0.286880
v -0.351601 -0.170665 -0.327934
v -0.348762 -0.208965 -0.302730
v -0.355029 -0.159668 -0.310284
v -0.354589 -0.153865 -0.318497
v -0.343986 -0.189360 -0.355809
v -0.348207 -0.194731 -0.325585
v -0.352069 -0.165224 -0.336740
v -0.347417 -0.178588 -0.351309
v -0.354762 -0.158723 -0.303692
v -0.359553 -0.134607 -0.316797
v -0.350620 -0.153455 -0.337502
v -0.353384 -0.198394 -0.268314
v -0.354968 -0.177247 -0.266588
v -0.351148 -0.191418 -0.300720
v -0.358555 -0.155616 -0.277077
v -0.350043 -0.180983 -0.316826
v -0.350153 -0.210962 -0.295449
v -0.348978 -0.200293 -0.311374
v -0.359023 -0.149911 -0.286303
v -0.344427 -0.194416 -0.341423
v -0.360019 -0.142717 -0.298230
v -0.357473 -0.135119 -0.292835
v -0.355175 -0.164478 -0.289427
v -0.349504 -0.214855 -0.289023
v -0.351537 -0.165962 -0.329533
v -0.348836 -0.204529 -0.304762
v -0.354882 -0.155131 -0.311759
v -0.354391 -0.149231 -0.319903
v -0.343968 -0.184358 -0.357622
v -0.348175 -0.190010 -0.327481
v -0.351865 -0.160354 -0.338294
v -0.347288 -0.173577 -0.353016
v -0.354555 -0.154223 -0.305180
v -0.359221 -0.129938 -0.318010
v -0.350389 -0.148595 -0.338930
v -0.353489 -0.194453 -0.270360
v -0.351572 -0.201457 -0.285366
v -0.351746 -0.165185 -0.323178
v -0.354940 -0.173219 -0.268257
v -0.354335 -0.163147 -0.284138
v -0.350216 -0.189364 -0.301676
v -0.357652 -0.153697 -0.277839
v -0.349073 -0.178835 -0.317719
v -0.349241 -0.208939 -0.296518
v -0.348029 -0.198178 -0.312378
v -0.358098 -0.147938 -0.287033
v -0.343415 -0.192128 -0.342382
v -0.359066 -0.140674 -0.298919
v -0.356527 -0.133109 -0.293474
v -0.354252 -0.162489 -0.290234
v -0.348607 -0.212871 -0.290113
v -0.350534 -0.163740 -0.330341
v -0.347902 -0.202453 -0.305791
v -0.353909 -0.153011 -0.312510
v -0.353399 -0.147065 -0.320618
v -0.342918 -0.181975 -0.358521
v -0.347189 -0.187802 -0.328423
v -0.350841 -0.158080 -0.339069
v -0.346242 -0.171219 -0.353859
v -0.353595 -0.152142 -0.305926
v -0.358222 -0.127780 -0.318623
v -0.349357 -0.146318 -0.339634
v -0.352620 -0.192576 -0.271339
v -0.350676 -0.199493 -0.286383
v -0.350755 -0.163000 -0.323981
v -0.354064 -0.171354 -0.269115
v -0.353422 -0.161189 -0.284936
v -0.350216 -0.189364 -0.301676
v -0.357652 -0.153697 -0.277839
v -0.349073 -0.178835 -0.317719
v -0.349241 -0.208939 -0.296518
v -0.348029 -0.198178 -0.312378
v -0.358098 -0.147938 -0.287033
v -0.343415 -0.192128 -0.342382
v -0.359066 -0.140674 -0.298919
v -0.356527 -0.133109 -0.293474
v -0.354252 -0.162489 -0.290234
v -0.348607 -0.212871 -0.290113
v -0.350534 -0.163740 -0.330341
v -0.347902 -0.202453 -0.305791
v -0.353909 -0.153011 -0.312510
v -0.353399 -0.147065 -0.320618
v -0.342918 -0.181975 -0.358521
v -0.347189 -0.187802 -0.328423
v -0.350841 -0.158080 -0.339069
v -0.346242 -0.171219 -0.353859
v -0.353595 -0.152142 -0.305926
v -0.358222 -0.127780 -0.318623
v -0.349357 -0.146318 -0.339634
v -0.352620 -0.192576 -0.271339
v -0.350676 -0.199493 -0.286383
v -0.350755 -0.163000 -0.323981
v -0.354064 -0.171354 -0.269115
v -0.353422 -0.161189 -0.284936
v -0.350394 -0.188133 -0.301393
v -0.357781 -0.152557 -0.277406
v -0.349288 -0.177544 -0.317399
v -0.349406 -0.207727 -0.296311
v -0.348230 -0.196906 -0.312133
v -0.358249 -0.146763 -0.286577
v -0.343683 -0.190743 -0.342125
v -0.359244 -0.139455 -0.298434
v -0.356694 -0.131910 -0.292966
v -0.354408 -0.161302 -0.289841
v -0.348757 -0.211683 -0.289922
v -0.350779 -0.162401 -0.329961
v -0.348088 -0.201206 -0.305562
v -0.354116 -0.151740 -0.312082
v -0.353624 -0.145763 -0.320169
v -0.343224 -0.180529 -0.358226
v -0.347427 -0.186470 -0.328140
v -0.351106 -0.156709 -0.338667
v -0.346538 -0.169792 -0.353516
v -0.353787 -0.150896 -0.305495
v -0.358446 -0.126486 -0.318090
v -0.349625 -0.144945 -0.339190
v -0.352730 -0.191459 -0.271063
v -0.350819 -0.198320 -0.286137
v -0.350986 -0.161686 -0.323598
v -0.354172 -0.170246 -0.268756
v -0.353566 -0.160022 -0.284540
v -0.350394 -0.188133 -0.301393
v -0.357781 -0.152557 -0.277406
v -0.349288 -0.177544 -0.317399
v -0.349406 -0.207727 -0.296311
v -0.348230 -0.196906 -0.312133
v -0.358249 -0.146763 -0.286577
v -0.343683 -0.190743 -0.342125
v -0.359244 -0.139455 -0.298434
v -0.356694 -0.131910 -0.292966
v -0.354408 -0.161302 -0.289841
v -0.348757 -0.211683 -0.289922
v -0.350779 -0.162401 -0.329961
v -0.348088 -0.201206 -0.305562
v -0.354116 -0.151740 -0.312082
v -0.353624 -0.145763 -0.320169
v -0.343224 -0.180529 -0.358226
v -0.347427 -0.186470 -0.328140
v -0.351106 -0.156709 -0.338667
v -0.346538 -0.169792 -0.353516
v -0.353787 -0.150896 -0.305495
v -0.358446 -0.126486 -0.318090
v -0.349625 -0.144945 -0.339190
v -0.352730 -0.191459 -0.271063
v -0.350819 -0.198320 -0.286137
v -0.350986 -0.161686 -0.323598
v -0.354172 -0.170246 -0.268756
v -0.353566 -0.160022 -0.284540
v -0.350177 -0.188059 -0.301796
v -0.357624 -0.152515 -0.277779
v -0.349078 -0.177454 -0.317791
v -0.349165 -0.207656 -0.296731
v -0.347996 -0.196819 -0.312543
v -0.358095 -0.146714 -0.286945
v -0.343442 -0.190622 -0.342526
v -0.359094 -0.139396 -0.298796
v -0.356557 -0.131852 -0.293320
v -0.354233 -0.161244 -0.290221
v -0.348514 -0.211617 -0.290346
v -0.350582 -0.162301 -0.330340
v -0.347851 -0.201125 -0.305976
v -0.353943 -0.151661 -0.312453
v -0.353455 -0.145676 -0.320534
v -0.342988 -0.180393 -0.358618
v -0.347198 -0.186367 -0.328540
v -0.350913 -0.156601 -0.339041
v -0.346319 -0.169664 -0.353900
v -0.353618 -0.150822 -0.305865
v -0.358303 -0.126408 -0.318440
v -0.349447 -0.144835 -0.339553
v -0.352524 -0.191416 -0.271470
v -0.350596 -0.198260 -0.286549
v -0.350793 -0.161592 -0.323976
v -0.353996 -0.170207 -0.269144
v -0.353395 -0.159967 -0.284918
v -0.350177 -0.188059 -0.301796
v -0.357624 -0.152515 -0.277779
v -0.349078 -0.177454 -0.317791
v -0.349165 -0.207656 -0.296731
v -0.347996 -0.196819 -0.312543
v -0.358095 -0.146714 -0.286945
v -0.343442 -0.190622 -0.342526
v -0.359094 -0.139396 -0.298796
v -0.356557 -0.131852 -0.293320
v -0.354233 -0.161244 -0.290221
v -0.348514 -0.211617 -0.290346
v -0.350582 -0.162301 -0.330340
v -0.347851 -0.201125 -0.305976
v -0.353943 -0.151661 -0.312453
v -0.353455 -0.145676 -0.320534
v -0.342988 -0.180393 -0.358618
v -0.347198 -0.186367 -0.328540
v -0.350913 -0.156601 -0.339041
v -0.346319 -0.169664 -0.353900
v -0.353618 -0.150822 -0.305865
v -0.358303 -0.126408 -0.318440
v -0.349447 -0.144835 -0.339553
v -0.352524 -0.191416 -0.271470
v -0.350596 -0.198260 -0.286549
v -0.350793 -0.161592 -0.323976
v -0.353996 -0.170207 -0.269144
v -0.353395 -0.159967 -0.284918
v -0.350206 -0.187969 -0.301912
v -0.357691 -0.152489 -0.277816
v -0.349130 -0.177320 -0.317883
v -0.349114 -0.207544 -0.296861
v -0.347996 -0.196678 -0.312651
v -0.358171 -0.146649 -0.286941
v -0.343468 -0.190361 -0.342583
v -0.359194 -0.139264 -0.298735
v -0.356662 -0.131727 -0.293245
v -0.354271 -0.161117 -0.290210
v -0.349289 -0.168021 -0.332657
v -0.348537 -0.211324 -0.290435
v -0.350707 -0.162442 -0.330327
v -0.347826 -0.201004 -0.306118
v -0.354072 -0.151560 -0.312491
v -0.353578 -0.145549 -0.320554
v -0.343099 -0.180170 -0.358730
v -0.347236 -0.186190 -0.328627
v -0.350994 -0.156401 -0.339052
v -0.346406 -0.169427 -0.353948
v -0.353699 -0.150706 -0.305871
v -0.358459 -0.126278 -0.318391
v -0.349590 -0.144641 -0.339551
v -0.352475 -0.191321 -0.271525
v -0.350545 -0.198128 -0.286619
v -0.350867 -0.161387 -0.323967
v -0.354019 -0.170290 -0.269401
v -0.343951 -0.215318 -0.304470
v -0.352085 -0.187932 -0.291549
v -0.351535 -0.177150 -0.307165
v -0.355673 -0.162530 -0.296898
v -0.346412 -0.189927 -0.321909
v -0.346275 -0.175328 -0.343819
v -0.343774 -0.167346 -0.366940
v -0.345563 -0.160282 -0.367426
v -0.356578 -0.120353 -0.327014
v -0.349451 -0.144311 -0.357067
v -0.352653 -0.128393 -0.346963
v -0.353430 -0.159850 -0.284905
v -0.350206 -0.187969 -0.301912
v -0.357691 -0.152489 -0.277816
v -0.349130 -0.177320 -0.317883
v -0.349114 -0.207544 -0.296861
v -0.347996 -0.196678 -0.312651
v -0.358171 -0.146649 -0.286941
v -0.343468 -0.190361 -0.342583
v -0.359194 -0.139264 -0.298735
v -0.356662 -0.131727 -0.293245
v -0.354271 -0.161117 -0.290210
v -0.349289 -0.168021 -0.332657
v -0.348537 -0.211324 -0.290435
v -0.350707 -0.162442 -0.330327
v -0.347826 -0.201004 -0.306118
v -0.354072 -0.151560 -0.312491
v -0.353578 -0.145549 -0.320554
v -0.343099 -0.180170 -0.358730
v -0.347236 -0.186190 -0.328627
v -0.350994 -0.156401 -0.339052
v -0.346406 -0.169427 -0.353948
v -0.353699 -0.150706 -0.305871
v -0.358459 -0.126278 -0.318391
v -0.349590 -0.144641 -0.339551
v -0.352475 -0.191321 -0.271525
v -0.350545 -0.198128 -0.286619
v -0.350867 -0.161387 -0.323967
v -0.354019 -0.170290 -0.269401
v -0.343951 -0.215318 -0.304470
v -0.352085 -0.187932 -0.291549
v -0.351535 -0.177150 -0.307165
v -0.355673 -0.162530 -0.296898
v -0.346412 -0.189927 -0.321909
v -0.346275 -0.175328 -0.343819
v -0.343774 -0.167346 -0.366940
v -0.345563 -0.160282 -0.367426
v -0.356578 -0.120353 -0.327014
v -0.349451 -0.144311 -0.357067
v -0.352653 -0.128393 -0.346963
v -0.353430 -0.159850 -0.284905
v -0.350206 -0.187969 -0.301912
v -0.357691 -0.152489 -0.277816
v -0.349130 -0.177320 -0.317883
v -0.349114 -0.207544 -0.296861
v -0.347996 -0.196678 -0.312651
v -0.358171 -0.146649 -0.286941
v -0.343468 -0.190361 -0.342583
v -0.359194 -0.139264 -0.298735
v -0.356662 -0.131727 -0.293245
v -0.354271 -0.161117 -0.290210
v -0.349289 -0.168021 -0.332657
v -0.348537 -0.211324 -0.290435
v -0.350707 -0.162442 -0.330327
v -0.347826 -0.201004 -0.306118
v -0.354072 -0.151560 -0.312491
v -0.353578 -0.145549 -0.320554
v -0.343099 -0.180170 -0.358730
v -0.347236 -0.186190 -0.328627
v -0.350994 -0.156401 -0.339052
v -0.346406 -0.169427 -0.353948
v -0.353699 -0.150706 -0.305871
v -0.358459 -0.126278 -0.318391
v -0.349590 -0.144641 -0.339551
v -0.352475 -0.191321 -0.271525
v -0.350545 -0.198128 -0.286619
v -0.350867 -0.161387 -0.323967
v -0.354019 -0.170290 -0.269401
v -0.343951 -0.215318 -0.304470
v -0.352085 -0.187932 -0.291549
v -0.351535 -0.177150 -0.307165
v -0.355673 -0.162530 -0.296898
v -0.346412 -0.189927 -0.321909
v -0.346275 -0.175328 -0.343819
v -0.343774 -0.167346 -0.366940
v -0.345563 -0.160282 -0.367426
v -0.356578 -0.120353 -0.327014
v -0.349451 -0.144311 -0.357067
v -0.352653 -0.128393 -0.346963
v -0.353430 -0.159850 -0.284905
v -0.349805 -0.186677 -0.302236
v -0.357428 -0.151418 -0.277860
v -0.348779 -0.175900 -0.318123
v -0.348631 -0.206287 -0.297338
v -0.347564 -0.195293 -0.313044
v -0.357936 -0.145509 -0.286939
v -0.343072 -0.188723 -0.342927
v -0.358993 -0.138037 -0.298674
v -0.356491 -0.130532 -0.293126
v -0.353977 -0.159935 -0.290322
v -0.348982 -0.166485 -0.332824
v -0.348036 -0.210115 -0.290943
v -0.350422 -0.160932 -0.330450
v -0.347373 -0.199669 -0.306545
v -0.353826 -0.150203 -0.312528
v -0.353359 -0.144127 -0.320544
v -0.342751 -0.178405 -0.358993
v -0.346853 -0.184677 -0.328937
v -0.350737 -0.154823 -0.339127
v -0.346100 -0.167714 -0.354126
v -0.353454 -0.149399 -0.305902
v -0.358319 -0.124894 -0.318228
v -0.349381 -0.143054 -0.339534
v -0.352050 -0.190277 -0.271876
v -0.350097 -0.196958 -0.287023
v -0.350584 -0.159927 -0.324082
v -0.353680 -0.169270 -0.269586
v -0.343439 -0.213980 -0.305010
v -0.351681 -0.186729 -0.291873
v -0.351181 -0.175823 -0.307404
v -0.355376 -0.161302 -0.297021
v -0.346010 -0.188464 -0.322249
v -0.345942 -0.173693 -0.344044
v -0.343482 -0.165520 -0.367102
v -0.345300 -0.158460 -0.367532
v -0.356465 -0.118894 -0.326805
v -0.349251 -0.142587 -0.357047
v -0.352515 -0.126761 -0.346818
v -0.353139 -0.158706 -0.285008
v -0.349805 -0.186677 -0.302236
v -0.357428 -0.151418 -0.277860
v -0.348779 -0.175900 -0.318123
v -0.348631 -0.206287 -0.297338
v -0.347564 -0.195293 -0.313044
v -0.357936 -0.145509 -0.286939
v -0.343072 -0.188723 -0.342927
v -0.358993 -0.138037 -0.298674
v -0.356491 -0.130532 -0.293126
v -0.353977 -0.159935 -0.290322
v -0.348982 -0.166485 -0.332824
v -0.348036 -0.210115 -0.290943
v -0.350422 -0.160932 -0.330450
v -0.347373 -0.199669 -0.306545
v -0.353826 -0.150203 -0.312528
v -0.353359 -0.144127 -0.320544
v -0.342751 -0.178405 -0.358993
v -0.346853 -0.184677 -0.328937
v -0.350737 -0.154823 -0.339127
v -0.346100 -0.167714 -0.354126
v -0.353454 -0.149399 -0.305902
v -0.358319 -0.124894 -0.318228
v -0.349381 -0.143054 -0.339534
v -0.352050 -0.190277 -0.271876
v -0.350097 -0.196958 -0.287023
v -0.350584 -0.159927 -0.324082
v -0.353680 -0.169270 -0.269586
v -0.343439 -0.213980 -0.305010
v -0.351681 -0.186729 -0.291873
v -0.351181 -0.175823 -0.307404
v -0.355376 -0.161302 -0.297021
v -0.346010 -0.188464 -0.322249
v -0.345942 -0.173693 -0.344044
v -0.343482 -0.165520 -0.367102
v -0.345300 -0.158460 -0.367532
v -0.356465 -0.118894 -0.326805
v -0.349251 -0.142587 -0.357047
v -0.352515 -0.126761 -0.346818
v -0.353139 -0.158706 -0.285008
v -0.348818 -0.184558 -0.303573
v -0.356555 -0.149510 -0.279061
v -0.347788 -0.173503 -0.319436
v -0.347543 -0.204300 -0.298856
v -0.346473 -0.193131 -0.314439
v -0.357072 -0.143666 -0.287835
v -0.341944 -0.186238 -0.344229
v -0.358152 -0.136088 -0.299481
v -0.355671 -0.128629 -0.293849
v -0.353035 -0.158043 -0.291349
v -0.346927 -0.208222 -0.292462
v -0.349433 -0.158636 -0.331456
v -0.346356 -0.197241 -0.308114
v -0.352967 -0.148216 -0.313334
v -0.352399 -0.141770 -0.321650
v -0.341738 -0.175970 -0.359976
v -0.345822 -0.182370 -0.330229
v -0.349679 -0.152382 -0.340077
v -0.345041 -0.165118 -0.355224
v -0.352520 -0.147332 -0.306823
v -0.357455 -0.122724 -0.318897
v -0.348421 -0.140622 -0.340374
v -0.351023 -0.188562 -0.273223
v -0.349025 -0.195078 -0.288433
v -0.349598 -0.157673 -0.325098
v -0.352780 -0.167630 -0.270686
v -0.342260 -0.211903 -0.306556
v -0.350657 -0.184841 -0.293152
v -0.350165 -0.173767 -0.308565
v -0.354452 -0.159379 -0.298041
v -0.344913 -0.186229 -0.323531
v -0.344860 -0.171230 -0.345168
v -0.342392 -0.162807 -0.368135
v -0.344241 -0.155751 -0.368498
v -0.355622 -0.116657 -0.327375
v -0.348275 -0.140005 -0.357855
v -0.351624 -0.124301 -0.347468
v -0.354129 -0.180735 -0.266734
v -0.347337 -0.201421 -0.288054
v -0.350339 -0.177500 -0.288631
v -0.351538 -0.136172 -0.322477
v -0.351675 -0.117464 -0.342983
v -0.352217 -0.156868 -0.286022
v -0.348818 -0.184558 -0.303573
v -0.356555 -0.149510 -0.279061
v -0.347788 -0.173503 -0.319436
v -0.347543 -0.204300 -0.298856
v -0.346473 -0.193131 -0.314439
v -0.357072 -0.143666 -0.287835
v -0.341944 -0.186238 -0.344229
v -0.358152 -0.136088 -0.299481
v -0.355671 -0.128629 -0.293849
v -0.353035 -0.158043 -0.291349
v -0.346927 -0.208222 -0.292462
v -0.349433 -0.158636 -0.331456
v -0.346356 -0.197241 -0.308114
v -0.352967 -0.148216 -0.313334
v -0.352399 -0.141770 -0.321650
v -0.341738 -0.175970 -0.359976
v -0.345822 -0.182370 -0.330229
v -0.349679 -0.152382 -0.340077
v -0.345041 -0.165118 -0.355224
v -0.352520 -0.147332 -0.306823
v -0.357455 -0.122724 -0.318897
v -0.348421 -0.140622 -0.340374
v -0.351023 -0.188562 -0.273223
v -0.349025 -0.195078 -0.288433
v -0.349598 -0.157673 -0.325098
v -0.352780 -0.167630 -0.270686
v -0.342260 -0.211903 -0.306556
v -0.350657 -0.184841 -0.293152
v -0.350165 -0.173767 -0.308565
v -0.354452 -0.159379 -0.298041
v -0.344913 -0.186229 -0.323531
v -0.344860 -0.171230 -0.345168
v -0.342392 -0.162807 -0.368135
v -0.344241 -0.155751 -0.368498
v -0.355622 -0.116657 -0.327375
v -0.348275 -0.140005 -0.357855
v -0.351624 -0.124301 -0.347468
v -0.354129 -0.180735 -0.266734
v -0.347337 -0.201421 -0.288054
v -0.350339 -0.177500 -0.288631
v -0.351538 -0.136172 -0.322477
v -0.351675 -0.117464 -0.342983
v -0.352217 -0.156868 -0.286022
v -0.348053 -0.182400 -0.304259
v -0.355958 -0.147662 -0.279362
v -0.347052 -0.171162 -0.319995
v -0.346701 -0.202188 -0.299764
v -0.345662 -0.190839 -0.315219
v -0.356490 -0.141721 -0.288069
v -0.341132 -0.183593 -0.344925
v -0.357590 -0.134018 -0.299631
v -0.355145 -0.126613 -0.293912
v -0.352391 -0.156041 -0.291741
v -0.346075 -0.206179 -0.293414
v -0.348747 -0.156168 -0.331849
v -0.345534 -0.195020 -0.308941
v -0.352342 -0.145967 -0.313614
v -0.351792 -0.139425 -0.321856
v -0.340953 -0.173146 -0.360554
v -0.345040 -0.179898 -0.330886
v -0.349010 -0.149817 -0.340400
v -0.344305 -0.162363 -0.355684
v -0.351904 -0.145155 -0.307093
v -0.356929 -0.120432 -0.318894
v -0.347800 -0.138050 -0.340562
v -0.350271 -0.186754 -0.273959
v -0.348231 -0.193090 -0.289239
v -0.348923 -0.155276 -0.325481
v -0.352116 -0.165860 -0.271188
v -0.341379 -0.209682 -0.307543
v -0.349901 -0.182807 -0.293844
v -0.349439 -0.171559 -0.309131
v -0.353795 -0.157307 -0.298449
v -0.344121 -0.183829 -0.324231
v -0.344109 -0.168587 -0.345698
v -0.341653 -0.159895 -0.368566
v -0.343531 -0.152843 -0.368850
v -0.355113 -0.114263 -0.327301
v -0.347640 -0.137235 -0.358035
v -0.351063 -0.121663 -0.347474
v -0.353415 -0.179014 -0.267385
v -0.346517 -0.199430 -0.288930
v -0.349617 -0.175517 -0.289240
v -0.350953 -0.133815 -0.322619
v -0.351147 -0.114878 -0.342913
v -0.351583 -0.154923 -0.286401
v -0.348053 -0.182400 -0.304259
v -0.355958 -0.147662 -0.279362
v -0.347052 -0.171162 -0.319995
v -0.346701 -0.202188 -0.299764
v -0.345662 -0.190839 -0.315219
v -0.356490 -0.141721 -0.288069
v -0.341132 -0.183593 -0.344925
v -0.357590 -0.134018 -0.299631
v -0.355145 -0.126613 -0.293912
v -0.352391 -0.156041 -0.291741
v -0.346075 -0.206179 -0.293414
v -0.348747 -0.156168 -0.331849
v -0.345534 -0.195020 -0.308941
v -0.352342 -0.145967 -0.313614
v -0.351792 -0.139425 -0.321856
v -0.340953 -0.173146 -0.360554
v -0.345040 -0.179898 -0.330886
v -0.349010 -0.149817 -0.340400
v -0.344305 -0.162363 -0.355684
v -0.351904 -0.145155 -0.307093
v -0.356929 -0.120432 -0.318894
v -0.347800 -0.138050 -0.340562
v -0.350271 -0.186754 -0.273959
v -0.348231 -0.193090 -0.289239
v -0.348923 -0.155276 -0.325481
v -0.352116 -0.165860 -0.271188
v -0.341379 -0.209682 -0.307543
v -0.349901 -0.182807 -0.293844
v -0.349439 -0.171559 -0.309131
v -0.353795 -0.157307 -0.298449
v -0.344121 -0.183829 -0.324231
v -0.344109 -0.168587 -0.345698
v -0.341653 -0.159895 -0.368566
v -0.343531 -0.152843 -0.368850
v -0.355113 -0.114263 -0.327301
v -0.347640 -0.137235 -0.358035
v -0.351063 -0.121663 -0.347474
v -0.353415 -0.179014 -0.267385
v -0.346517 -0.199430 -0.288930
v -0.349617 -0.175517 -0.289240
v -0.350953 -0.133815 -0.322619
v -0.351147 -0.114878 -0.342913
v -0.351583 -0.154923 -0.286401
v -0.347133 -0.181072 -0.303997
v -0.355125 -0.146477 -0.278929
v -0.346134 -0.169752 -0.319674
v -0.345752 -0.200881 -0.299602
v -0.344716 -0.189451 -0.314997
v -0.355657 -0.140492 -0.287606
v -0.340164 -0.182044 -0.344660
v -0.356757 -0.132731 -0.299129
v -0.354331 -0.125352 -0.293370
v -0.351529 -0.154786 -0.291348
v -0.345126 -0.204904 -0.293272
v -0.347841 -0.154699 -0.331451
v -0.344587 -0.193665 -0.308741
v -0.351473 -0.144599 -0.313168
v -0.350925 -0.138014 -0.321376
v -0.339986 -0.171516 -0.360235
v -0.344094 -0.178428 -0.330607
v -0.348105 -0.148305 -0.339969
v -0.343362 -0.160764 -0.355313
v -0.351044 -0.143820 -0.306642
v -0.356098 -0.119045 -0.318322
v -0.346915 -0.136535 -0.340070
v -0.349377 -0.185587 -0.273722
v -0.347309 -0.191841 -0.289032
v -0.348025 -0.153841 -0.325079
v -0.351261 -0.164710 -0.270845
v -0.340409 -0.208326 -0.307414
v -0.348992 -0.181537 -0.293586
v -0.348532 -0.170209 -0.308814
v -0.352925 -0.156020 -0.298064
v -0.343176 -0.182391 -0.323971
v -0.343166 -0.167039 -0.345359
v -0.340699 -0.158225 -0.368179
v -0.342589 -0.151175 -0.368429
v -0.354283 -0.112830 -0.326694
v -0.346737 -0.135630 -0.357538
v -0.350198 -0.120118 -0.346901
v -0.352542 -0.177886 -0.267112
v -0.345586 -0.198179 -0.288754
v -0.348726 -0.174270 -0.288944
v -0.350095 -0.132398 -0.322109
v -0.350298 -0.113357 -0.342305
v -0.350729 -0.153695 -0.286001
v -0.346320 -0.181332 -0.303272
v -0.354305 -0.146655 -0.278315
v -0.345297 -0.170060 -0.318981
v -0.344961 -0.201129 -0.298817
v -0.343901 -0.189746 -0.314245
v -0.354824 -0.140696 -0.287010
v -0.339316 -0.182431 -0.343926
v -0.355907 -0.132968 -0.298557
v -0.353479 -0.125573 -0.292818
v -0.350705 -0.155004 -0.290705
v -0.344345 -0.205133 -0.292473
v -0.346980 -0.155041 -0.330805
v -0.343782 -0.193941 -0.307975
v -0.350621 -0.144883 -0.312556
v -0.350059 -0.138323 -0.320782
v -0.339115 -0.171951 -0.359532
v -0.343255 -0.178770 -0.329887
v -0.347232 -0.148672 -0.339343
v -0.342485 -0.161180 -0.354645
v -0.350197 -0.144084 -0.306032
v -0.355218 -0.119340 -0.317790
v -0.346031 -0.136903 -0.339478
v -0.348596 -0.185754 -0.272985
v -0.346520 -0.192055 -0.288275
v -0.347170 -0.154163 -0.324436
v -0.350464 -0.164867 -0.270173
v -0.339618 -0.208602 -0.306601
v -0.348189 -0.181764 -0.292861
v -0.347706 -0.170482 -0.308123
v -0.352096 -0.156257 -0.297419
v -0.342347 -0.182714 -0.323239
v -0.342304 -0.167426 -0.344672
v -0.339809 -0.158682 -0.367516
v -0.341692 -0.151632 -0.367789
v -0.353390 -0.113151 -0.326179
v -0.345836 -0.136050 -0.356948
v -0.349294 -0.120504 -0.346361
v -0.351761 -0.178031 -0.266401
v -0.344802 -0.198394 -0.287976
v -0.347921 -0.174483 -0.288241
v -0.349223 -0.132710 -0.321532
v -0.349392 -0.113729 -0.341785
v -0.349909 -0.153898 -0.285361
v -0.346320 -0.181332 -0.303272
v -0.354305 -0.146655 -0.278315
v -0.345297 -0.170060 -0.318981
v -0.344961 -0.201129 -0.298817
v -0.343901 -0.189746 -0.314245
v -0.354824 -0.140696 -0.287010
v -0.339316 -0.182431 -0.343926
v -0.355907 -0.132968 -0.298557
v -0.353479 -0.125573 -0.292818
v -0.350705 -0.155004 -0.290705
v -0.344345 -0.205133 -0.292473
v -0.346980 -0.155041 -0.330805
v -0.343782 -0.193941 -0.307975
v -0.350621 -0.144883 -0.312556
v -0.350059 -0.138323 -0.320782
v -0.339115 -0.171951 -0.359532
v -0.343255 -0.178770 -0.329887
v -0.347232 -0.148672 -0.339343
v -0.342485 -0.161180 -0.354645
v -0.350197 -0.144084 -0.306032
v -0.355218 -0.119340 -0.317790
v -0.346031 -0.136903 -0.339478
v -0.348596 -0.185754 -0.272985
v -0.346520 -0.192055 -0.288275
v -0.347170 -0.154163 -0.324436
v -0.350464 -0.164867 -0.270173
v -0.339618 -0.208602 -0.306601
v -0.348189 -0.181764 -0.292861
v -0.347706 -0.170482 -0.308123
v -0.352096 -0.156257 -0.297419
v -0.342347 -0.182714 -0.323239
v -0.342304 -0.167426 -0.344672
v -0.339809 -0.158682 -0.367516
v -0.341692 -0.151632 -0.367789
v -0.353390 -0.113151 -0.326179
v -0.345836 -0.136050 -0.356948
v -0.349294 -0.120504 -0.346361
v -0.351761 -0.178031 -0.266401
v -0.344802 -0.198394 -0.287976
v -0.347921 -0.174483 -0.288241
v -0.349223 -0.132710 -0.321532
v -0.349392 -0.113729 -0.341785
v -0.349909 -0.153898 -0.285361
v -0.346575 -0.181549 -0.303476
v -0.354558 -0.146870 -0.278529
v -0.345549 -0.170281 -0.319187
v -0.345084 -0.201236 -0.299092
v -0.344125 -0.189867 -0.314369
v -0.354959 -0.140671 -0.287327
v -0.339440 -0.182560 -0.344163
v -0.356105 -0.133115 -0.298826
v -0.353601 -0.125704 -0.293080
v -0.350795 -0.155119 -0.290959
v -0.344552 -0.205292 -0.292712
v -0.347202 -0.155220 -0.331062
v -0.344053 -0.194164 -0.308178
v -0.350858 -0.145100 -0.312767
v -0.350313 -0.138547 -0.320999
v -0.339363 -0.172179 -0.359734
v -0.343415 -0.179089 -0.329976
v -0.347197 -0.148461 -0.339949
v -0.342627 -0.161135 -0.354964
v -0.350178 -0.144281 -0.306412
v -0.355271 -0.119447 -0.318116
v -0.346019 -0.137311 -0.339720
v -0.348703 -0.185860 -0.273238
v -0.346681 -0.192189 -0.288525
v -0.347313 -0.154303 -0.324692
v -0.350697 -0.165039 -0.270420
v -0.339772 -0.208729 -0.306830
v -0.348371 -0.181915 -0.293103
v -0.347895 -0.170643 -0.308367
v -0.352327 -0.156432 -0.297673
v -0.342538 -0.182877 -0.323478
v -0.342533 -0.167612 -0.344929
v -0.339972 -0.158849 -0.367749
v -0.341891 -0.151812 -0.368043
v -0.353570 -0.113317 -0.326439
v -0.345996 -0.136218 -0.357191
v -0.349480 -0.120675 -0.346621
v -0.352068 -0.178262 -0.266608
v -0.345057 -0.198602 -0.288177
v -0.348155 -0.174689 -0.288446
v -0.349612 -0.113952 -0.342000
v -0.352329 -0.167588 -0.282005
v -0.348193 -0.159582 -0.324451
v -0.346404 -0.142647 -0.340826
v -0.349976 -0.154004 -0.285615
v -0.354653 -0.133400 -0.282608
v -0.347701 -0.181865 -0.300462
v -0.355406 -0.147013 -0.275669
v -0.346728 -0.170692 -0.316244
v -0.346255 -0.201532 -0.295973
v -0.345346 -0.190255 -0.311321
v -0.355837 -0.140864 -0.284500
v -0.340814 -0.183138 -0.341185
v -0.357024 -0.133371 -0.296035
v -0.354459 -0.125936 -0.290348
v -0.351747 -0.155348 -0.288073
v -0.345700 -0.205553 -0.289574
v -0.348397 -0.155694 -0.328196
v -0.345253 -0.194517 -0.305107
v -0.351905 -0.145455 -0.309938
v -0.351386 -0.138951 -0.318211
v -0.340793 -0.172847 -0.356815
v -0.344691 -0.179570 -0.326994
v -0.348421 -0.148986 -0.337122
v -0.343988 -0.161763 -0.352090
v -0.351184 -0.144602 -0.303593
v -0.356257 -0.119817 -0.315409
v -0.347200 -0.137839 -0.336964
v -0.349662 -0.185993 -0.270188
v -0.347756 -0.192419 -0.285449
v -0.348466 -0.154740 -0.321830
v -0.351563 -0.165150 -0.267478
v -0.341018 -0.209089 -0.303699
v -0.349435 -0.182165 -0.290077
v -0.349009 -0.170982 -0.305409
v -0.353325 -0.156694 -0.294770
v -0.343789 -0.183324 -0.320480
v -0.343857 -0.168183 -0.342019
v -0.341402 -0.159561 -0.364904
v -0.343296 -0.152518 -0.365227
v -0.354583 -0.113742 -0.323778
v -0.347278 -0.136847 -0.354441
v -0.350642 -0.121231 -0.343940
v -0.352959 -0.178346 -0.263581
v -0.346153 -0.198835 -0.285075
v -0.349165 -0.174913 -0.285463
v -0.350721 -0.114480 -0.339358
v -0.353274 -0.167760 -0.279038
v -0.349364 -0.160013 -0.321554
v -0.347612 -0.143180 -0.338037
v -0.350892 -0.154206 -0.282741
v -0.355476 -0.133567 -0.279825
v -0.347701 -0.181865 -0.300462
v -0.355406 -0.147013 -0.275669
v -0.346728 -0.170692 -0.316244
v -0.346255 -0.201532 -0.295973
v -0.345346 -0.190255 -0.311321
v -0.355837 -0.140864 -0.284500
v -0.340814 -0.183138 -0.341185
v -0.357024 -0.133371 -0.296035
v -0.354459 -0.125936 -0.290348
v -0.351747 -0.155348 -0.288073
v -0.345700 -0.205553 -0.289574
v -0.348397 -0.155694 -0.328196
v -0.345253 -0.194517 -0.305107
v -0.351905 -0.145455 -0.309938
v -0.351386 -0.138951 -0.318211
v -0.340793 -0.172847 -0.356815
v -0.344691 -0.179570 -0.326994
v -0.348421 -0.148986 -0.337122
v -0.343988 -0.161763 -0.352090
v -0.351184 -0.144602 -0.303593
v -0.356257 -0.119817 -0.315409
v -0.347200 -0.137839 -0.336964
v -0.349662 -0.185993 -0.270188
v -0.347756 -0.192419 -0.285449
v -0.348466 -0.154740 -0.321830
v -0.351563 -0.165150 -0.267478
v -0.341018 -0.209089 -0.303699
v -0.349435 -0.182165 -0.290077
v -0.349009 -0.170982 -0.305409
v -0.353325 -0.156694 -0.294770
v -0.343789 -0.183324 -0.320480
v -0.343857 -0.168183 -0.342019
v -0.341402 -0.159561 -0.364904
v -0.343296 -0.152518 -0.365227
v -0.354583 -0.113742 -0.323778
v -0.347278 -0.136847 -0.354441
v -0.350642 -0.121231 -0.343940
v -0.352959 -0.178346 -0.263581
v -0.346153 -0.198835 -0.285075
v -0.349165 -0.174913 -0.285463
v -0.350721 -0.114480 -0.339358
v -0.353274 -0.167760 -0.279038
v -0.349364 -0.160013 -0.321554
v -0.347612 -0.143180 -0.338037
v -0.350892 -0.154206 -0.282741
v -0.355476 -0.133567 -0.279825
v -0.348045 -0.180577 -0.298808
v -0.355629 -0.145811 -0.273858
v -0.347122 -0.169347 -0.314553
v -0.346598 -0.200262 -0.294397
v -0.345738 -0.188929 -0.309707
v -0.356088 -0.139629 -0.282666
v -0.341313 -0.181706 -0.339561
v -0.357313 -0.132092 -0.294168
v -0.354720 -0.124680 -0.288464
v -0.352024 -0.154103 -0.286307
v -0.346021 -0.204307 -0.288015
v -0.348825 -0.154304 -0.326443
v -0.345625 -0.193214 -0.303509
v -0.352256 -0.144129 -0.308135
v -0.351763 -0.137596 -0.316386
v -0.341343 -0.171358 -0.355154
v -0.345133 -0.178187 -0.325343
v -0.348877 -0.147564 -0.335345
v -0.344511 -0.160289 -0.350376
v -0.351510 -0.143300 -0.301789
v -0.356608 -0.118468 -0.313495
v -0.347647 -0.136418 -0.335150
v -0.349895 -0.184815 -0.268542
v -0.348051 -0.191186 -0.283834
v -0.348869 -0.153373 -0.320074
v -0.351769 -0.163980 -0.265749
v -0.341396 -0.207795 -0.302171
v -0.349740 -0.180914 -0.288418
v -0.349363 -0.169676 -0.303710
v -0.353628 -0.155423 -0.293003
v -0.344210 -0.181966 -0.318847
v -0.344347 -0.166745 -0.340329
v -0.341971 -0.158041 -0.363192
v -0.343862 -0.150997 -0.363481
v -0.354961 -0.112363 -0.321848
v -0.347790 -0.135362 -0.352624
v -0.351102 -0.119782 -0.342053
v -0.353161 -0.177189 -0.261895
v -0.346452 -0.197605 -0.283489
v -0.349447 -0.173679 -0.283778
v -0.351159 -0.113048 -0.337445
v -0.353525 -0.166546 -0.277312
v -0.349770 -0.158647 -0.319813
v -0.348067 -0.141755 -0.336241
v -0.351148 -0.152981 -0.280974
v -0.355703 -0.132350 -0.277965
v -0.348045 -0.180577 -0.298808
v -0.355629 -0.145811 -0.273858
v -0.347122 -0.169347 -0.314553
v -0.346598 -0.200262 -0.294397
v -0.345738 -0.188929 -0.309707
v -0.356088 -0.139629 -0.282666
v -0.341313 -0.181706 -0.339561
v -0.357313 -0.132092 -0.294168
v -0.354720 -0.124680 -0.288464
v -0.352024 -0.154103 -0.286307
v -0.346021 -0.204307 -0.288015
v -0.348825 -0.154304 -0.326443
v -0.345625 -0.193214 -0.303509
v -0.352256 -0.144129 -0.308135
v -0.351763 -0.137596 -0.316386
v -0.341343 -0.171358 -0.355154
v -0.345133 -0.178187 -0.325343
v -0.348877 -0.147564 -0.335345
v -0.344511 -0.160289 -0.350376
v -0.351510 -0.143300 -0.301789
v -0.356608 -0.118468 -0.313495
v -0.347647 -0.136418 -0.335150
v -0.349895 -0.184815 -0.268542
v -0.348051 -0.191186 -0.283834
v -0.348869 -0.153373 -0.320074
v -0.351769 -0.163980 -0.265749
v -0.341396 -0.207795 -0.302171
v -0.349740 -0.180914 -0.288418
v -0.349363 -0.169676 -0.303710
v -0.353628 -0.155423 -0.293003
v -0.344210 -0.181966 -0.318847
v -0.344347 -0.166745 -0.340329
v -0.341971 -0.158041 -0.363192
v -0.343862 -0.150997 -0.363481
v -0.354961 -0.112363 -0.321848
v -0.347790 -0.135362 -0.352624
v -0.351102 -0.119782 -0.342053
v -0.353161 -0.177189 -0.261895
v -0.346452 -0.197605 -0.283489
v -0.349447 -0.173679 -0.283778
v -0.351159 -0.113048 -0.337445
v -0.353525 -0.166546 -0.277312
v -0.349770 -0.158647 -0.319813
v -0.348067 -0.141755 -0.336241
v -0.351148 -0.152981 -0.280974
v -0.355703 -0.132350 -0.277965
v -0.347240 -0.178858 -0.298734
v -0.354871 -0.144304 -0.273509
v -0.346366 -0.167513 -0.314395
v -0.345837 -0.198618 -0.294484
v -0.344968 -0.187146 -0.309699
v -0.355387 -0.138081 -0.282265
v -0.340333 -0.179809 -0.339515
v -0.356643 -0.130401 -0.293595
v -0.353955 -0.123065 -0.287944
v -0.351137 -0.152510 -0.286111
v -0.345156 -0.202659 -0.288132
v -0.348148 -0.152391 -0.326189
v -0.344816 -0.191460 -0.303538
v -0.351553 -0.142357 -0.307778
v -0.351033 -0.135745 -0.315970
v -0.340556 -0.169176 -0.355004
v -0.344382 -0.176279 -0.325248
v -0.348157 -0.145577 -0.335000
v -0.343790 -0.158181 -0.350138
v -0.350829 -0.141598 -0.301420
v -0.355979 -0.116681 -0.312931
v -0.346952 -0.134435 -0.334719
v -0.348975 -0.183339 -0.268579
v -0.347197 -0.189477 -0.283910
v -0.348067 -0.151320 -0.319875
v -0.351041 -0.162551 -0.265543
v -0.340365 -0.205925 -0.302291
v -0.348911 -0.179270 -0.288349
v -0.348558 -0.167911 -0.303551
v -0.352940 -0.153784 -0.292739
v -0.343406 -0.180081 -0.318790
v -0.343634 -0.164715 -0.340176
v -0.341135 -0.155768 -0.362916
v -0.343152 -0.148764 -0.363203
v -0.354238 -0.110461 -0.321229
v -0.347057 -0.133205 -0.352197
v -0.350460 -0.117726 -0.341523
v -0.352477 -0.175828 -0.261792
v -0.345618 -0.196004 -0.283552
v -0.348639 -0.172077 -0.283650
v -0.350466 -0.111027 -0.336832
v -0.352803 -0.165043 -0.277128
v -0.349046 -0.156791 -0.319562
v -0.347356 -0.139761 -0.335850
v -0.354178 -0.116466 -0.319235
v -0.340242 -0.195027 -0.317989
v -0.350255 -0.151260 -0.280864
v -0.348381 -0.198037 -0.336131
v -0.346855 -0.132769 -0.345462
v -0.355029 -0.130843 -0.277508
v -0.350357 -0.140488 -0.296117
v -0.339477 -0.172765 -0.349381
v -0.347240 -0.178858 -0.298734
v -0.354871 -0.144304 -0.273509
v -0.346366 -0.167513 -0.314395
v -0.345837 -0.198618 -0.294484
v -0.344968 -0.187146 -0.309699
v -0.355387 -0.138081 -0.282265
v -0.340333 -0.179809 -0.339515
v -0.356643 -0.130401 -0.293595
v -0.353955 -0.123065 -0.287944
v -0.351137 -0.152510 -0.286111
v -0.345156 -0.202659 -0.288132
v -0.348148 -0.152391 -0.326189
v -0.344816 -0.191460 -0.303538
v -0.351553 -0.142357 -0.307778
v -0.351033 -0.135745 -0.315970
v -0.340556 -0.169176 -0.355004
v -0.344382 -0.176279 -0.325248
v -0.348157 -0.145577 -0.335000
v -0.343790 -0.158181 -0.350138
v -0.350829 -0.141598 -0.301420
v -0.355979 -0.116681 -0.312931
v -0.346952 -0.134435 -0.334719
v -0.348975 -0.183339 -0.268579
v -0.347197 -0.189477 -0.283910
v -0.348067 -0.151320 -0.319875
v -0.351041 -0.162551 -0.265543
v -0.340365 -0.205925 -0.302291
v -0.348911 -0.179270 -0.288349
v -0.348558 -0.167911 -0.303551
v -0.352940 -0.153784 -0.292739
v -0.343406 -0.180081 -0.318790
v -0.343634 -0.164715 -0.340176
v -0.341135 -0.155768 -0.362916
v -0.343152 -0.148764 -0.363203
v -0.354238 -0.110461 -0.321229
v -0.347057 -0.133205 -0.352197
v -0.350460 -0.117726 -0.341523
v -0.352477 -0.175828 -0.261792
v -0.345618 -0.196004 -0.283552
v -0.348639 -0.172077 -0.283650
v -0.350466 -0.111027 -0.336832
v -0.352803 -0.165043 -0.277128
v -0.349046 -0.156791 -0.319562
v -0.347356 -0.139761 -0.335850
v -0.354178 -0.116466 -0.319235
v -0.340242 -0.195027 -0.317989
v -0.350255 -0.151260 -0.280864
v -0.348381 -0.198037 -0.336131
v -0.346855 -0.132769 -0.345462
v -0.355029 -0.130843 -0.277508
v -0.350357 -0.140488 -0.296117
v -0.339477 -0.172765 -0.349381
v -0.346568 -0.177620 -0.298482
v -0.354183 -0.143227 -0.273033
v -0.345719 -0.166178 -0.314073
v -0.345150 -0.197406 -0.294356
v -0.344306 -0.185840 -0.309501
v -0.354712 -0.136950 -0.281750
v -0.339712 -0.178315 -0.339277
v -0.355987 -0.129200 -0.293030
v -0.353295 -0.121898 -0.287338
v -0.350461 -0.151353 -0.285690
v -0.344459 -0.201486 -0.288030
v -0.347523 -0.150984 -0.325771
v -0.344144 -0.190192 -0.303366
v -0.350909 -0.141066 -0.307294
v -0.350402 -0.134404 -0.315445
v -0.339959 -0.167587 -0.354699
v -0.343744 -0.174876 -0.324983
v -0.347546 -0.144116 -0.334539
v -0.343193 -0.156623 -0.349761
v -0.350178 -0.140346 -0.300933
v -0.355353 -0.115361 -0.312282
v -0.346346 -0.132975 -0.334191
v -0.348263 -0.182289 -0.268353
v -0.346501 -0.188331 -0.283724
v -0.347434 -0.149953 -0.319451
v -0.350334 -0.161521 -0.265185
v -0.339685 -0.204661 -0.302215
v -0.348226 -0.178098 -0.288097
v -0.347897 -0.166644 -0.303229
v -0.352272 -0.152587 -0.292324
v -0.342759 -0.178718 -0.318550
v -0.343021 -0.163219 -0.339839
v -0.340555 -0.154130 -0.362527
v -0.342576 -0.147126 -0.362768
v -0.353626 -0.109089 -0.320544
v -0.346473 -0.131637 -0.351661
v -0.349870 -0.116226 -0.340887
v -0.351759 -0.174821 -0.261515
v -0.344919 -0.194859 -0.283408
v -0.347950 -0.170933 -0.283354
v -0.349873 -0.109556 -0.336155
v -0.352109 -0.163942 -0.276783
v -0.348411 -0.155425 -0.319171
v -0.346749 -0.138294 -0.335354
v -0.353560 -0.115106 -0.318587
v -0.339587 -0.193666 -0.317845
v -0.349573 -0.150135 -0.280437
v -0.347748 -0.196568 -0.335995
v -0.346263 -0.131243 -0.344923
v -0.354351 -0.129741 -0.276949
v -0.349699 -0.139269 -0.295623
v -0.338872 -0.171210 -0.349099
v -0.346568 -0.177620 -0.298482
v -0.354183 -0.143227 -0.273033
v -0.345719 -0.166178 -0.314073
v -0.345150 -0.197406 -0.294356
v -0.344306 -0.185840 -0.309501
v -0.354712 -0.136950 -0.281750
v -0.339712 -0.178315 -0.339277
v -0.355987 -0.129200 -0.293030
v -0.353295 -0.121898 -0.287338
v -0.350461 -0.151353 -0.285690
v -0.344459 -0.201486 -0.288030
v -0.347523 -0.150984 -0.325771
v -0.344144 -0.190192 -0.303366
v -0.350909 -0.141066 -0.307294
v -0.350402 -0.134404 -0.315445
v -0.339959 -0.167587 -0.354699
v -0.343744 -0.174876 -0.324983
v -0.347546 -0.144116 -0.334539
v -0.343193 -0.156623 -0.349761
v -0.350178 -0.140346 -0.300933
v -0.355353 -0.115361 -0.312282
v -0.346346 -0.132975 -0.334191
v -0.348263 -0.182289 -0.268353
v -0.346501 -0.188331 -0.283724
v -0.347434 -0.149953 -0.319451
v -0.350334 -0.161521 -0.265185
v -0.339685 -0.204661 -0.302215
v -0.348226 -0.178098 -0.288097
v -0.347897 -0.166644 -0.303229
v -0.352272 -0.152587 -0.292324
v -0.342759 -0.178718 -0.318550
v -0.343021 -0.163219 -0.339839
v -0.340555 -0.154130 -0.362527
v -0.342576 -0.147126 -0.362768
v -0.353626 -0.109089 -0.320544
v -0.346473 -0.131637 -0.351661
v -0.349870 -0.116226 -0.340887
v -0.351759 -0.174821 -0.261515
v -0.344919 -0.194859 -0.283408
v -0.347950 -0.170933 -0.283354
v -0.349873 -0.109556 -0.336155
v -0.352109 -0.163942 -0.276783
v -0.348411 -0.155425 -0.319171
v -0.346749 -0.138294 -0.335354
v -0.353560 -0.115106 -0.318587
v -0.339587 -0.193666 -0.317845
v -0.349573 -0.150135 -0.280437
v -0.347748 -0.196568 -0.335995
v -0.346263 -0.131243 -0.344923
v -0.354351 -0.129741 -0.276949
v -0.349699 -0.139269 -0.295623
v -0.338872 -0.171210 -0.349099
v -0.346856 -0.176920 -0.296742
v -0.354329 -0.142546 -0.271225
v -0.346057 -0.165461 -0.312324
v -0.345443 -0.196711 -0.292643
v -0.344647 -0.185129 -0.307779
v -0.354887 -0.136259 -0.279933
v -0.340166 -0.177577 -0.337565
v -0.356199 -0.128496 -0.291199
v -0.353476 -0.121202 -0.285510
v -0.350668 -0.150663 -0.283906
v -0.344731 -0.200799 -0.286325
v -0.347892 -0.150253 -0.323998
v -0.344465 -0.189488 -0.301650
v -0.351192 -0.140351 -0.305496
v -0.350711 -0.133680 -0.313642
v -0.340464 -0.166832 -0.352974
v -0.344136 -0.174149 -0.323251
v -0.347943 -0.143375 -0.332758
v -0.343665 -0.155870 -0.348011
v -0.350434 -0.139639 -0.299137
v -0.355628 -0.114635 -0.310438
v -0.346729 -0.132235 -0.332403
v -0.348434 -0.181620 -0.266611
v -0.346741 -0.187647 -0.281996
v -0.347776 -0.149228 -0.317677
v -0.350469 -0.160853 -0.263413
v -0.340018 -0.203964 -0.300532
v -0.348472 -0.177407 -0.286351
v -0.348192 -0.165937 -0.301471
v -0.352507 -0.151887 -0.290534
v -0.343129 -0.177999 -0.316826
v -0.343461 -0.162477 -0.338098
v -0.341076 -0.153366 -0.360784
v -0.343090 -0.146359 -0.361010
v -0.353927 -0.108356 -0.318700
v -0.346925 -0.130878 -0.349870
v -0.350261 -0.115475 -0.339066
v -0.351894 -0.174156 -0.259751
v -0.345165 -0.194177 -0.281694
v -0.348169 -0.170248 -0.281601
v -0.350238 -0.108811 -0.334326
v -0.352294 -0.163259 -0.275006
v -0.348758 -0.154700 -0.317399
v -0.347142 -0.137553 -0.333570
v -0.353860 -0.114376 -0.316750
v -0.339971 -0.192952 -0.316151
v -0.349757 -0.149451 -0.278654
v -0.348208 -0.195825 -0.334271
v -0.346688 -0.130492 -0.343133
v -0.354499 -0.129056 -0.275125
v -0.349933 -0.138568 -0.293829
v -0.339357 -0.170463 -0.347383
v -0.346856 -0.176920 -0.296742
v -0.354329 -0.142546 -0.271225
v -0.346057 -0.165461 -0.312324
v -0.345443 -0.196711 -0.292643
v -0.344647 -0.185129 -0.307779
v -0.354887 -0.136259 -0.279933
v -0.340166 -0.177577 -0.337565
v -0.356199 -0.128496 -0.291199
v -0.353476 -0.121202 -0.285510
v -0.350668 -0.150663 -0.283906
v -0.344731 -0.200799 -0.286325
v -0.347892 -0.150253 -0.323998
v -0.344465 -0.189488 -0.301650
v -0.351192 -0.140351 -0.305496
v -0.350711 -0.133680 -0.313642
v -0.340464 -0.166832 -0.352974
v -0.344136 -0.174149 -0.323251
v -0.347943 -0.143375 -0.332758
v -0.343665 -0.155870 -0.348011
v -0.350434 -0.139639 -0.299137
v -0.355628 -0.114635 -0.310438
v -0.346729 -0.132235 -0.332403
v -0.348434 -0.181620 -0.266611
v -0.346741 -0.187647 -0.281996
v -0.347776 -0.149228 -0.317677
v -0.350469 -0.160853 -0.263413
v -0.340018 -0.203964 -0.300532
v -0.348472 -0.177407 -0.286351
v -0.348192 -0.165937 -0.301471
v -0.352507 -0.151887 -0.290534
v -0.343129 -0.177999 -0.316826
v -0.343461 -0.162477 -0.338098
v -0.341076 -0.153366 -0.360784
v -0.343090 -0.146359 -0.361010
v -0.353927 -0.108356 -0.318700
v -0.346925 -0.130878 -0.349870
v -0.350261 -0.115475 -0.339066
v -0.351894 -0.174156 -0.259751
v -0.345165 -0.194177 -0.281694
v -0.348169 -0.170248 -0.281601
v -0.350238 -0.108811 -0.334326
v -0.352294 -0.163259 -0.275006
v -0.348758 -0.154700 -0.317399
v -0.347142 -0.137553 -0.333570
v -0.353860 -0.114376 -0.316750
v -0.339971 -0.192952 -0.316151
v -0.349757 -0.149451 -0.278654
v -0.348208 -0.195825 -0.334271
v -0.346688 -0.130492 -0.343133
v -0.354499 -0.129056 -0.275125
v -0.349933 -0.138568 -0.293829
v -0.339357 -0.170463 -0.347383
v -0.346768 -0.176524 -0.295505
v -0.345501 -0.196410 -0.291463
v -0.344735 -0.184785 -0.306585
v -0.354787 -0.135920 -0.278600
v -0.340299 -0.177157 -0.336359
v -0.356151 -0.128149 -0.289846
v -0.353364 -0.120858 -0.284148
v -0.349650 -0.133276 -0.298987
v -0.350585 -0.150327 -0.282609
v -0.344808 -0.200116 -0.285218
v -0.348365 -0.149695 -0.322491
v -0.344459 -0.189115 -0.300452
v -0.351185 -0.139962 -0.304189
v -0.350696 -0.133267 -0.312319
v -0.340573 -0.166338 -0.351735
v -0.344337 -0.173802 -0.322065
v -0.347973 -0.142923 -0.331448
v -0.343834 -0.155421 -0.346769
v -0.350417 -0.139271 -0.297829
v -0.346761 -0.131788 -0.331079
v -0.348222 -0.181276 -0.265376
v -0.347754 -0.148812 -0.316371
v -0.350303 -0.160495 -0.262147
v -0.339766 -0.203455 -0.299545
v -0.348517 -0.176667 -0.285237
v -0.348296 -0.165140 -0.300349
v -0.352669 -0.151730 -0.288945
v -0.343390 -0.177088 -0.315731
v -0.344038 -0.162210 -0.336487
v -0.341343 -0.152689 -0.359555
v -0.343692 -0.145879 -0.359503
v -0.353833 -0.107744 -0.317474
v -0.347215 -0.130561 -0.348356
v -0.350701 -0.114984 -0.337513
v -0.351883 -0.173921 -0.258490
v -0.344901 -0.193733 -0.280488
v -0.347954 -0.169849 -0.280346
v -0.350223 -0.108349 -0.332941
v -0.352239 -0.162953 -0.273732
v -0.348793 -0.154295 -0.316122
v -0.347125 -0.137087 -0.332236
v -0.339960 -0.192528 -0.314949
v -0.349665 -0.149128 -0.277359
v -0.348310 -0.195394 -0.333060
v -0.346835 -0.130056 -0.341828
v -0.339470 -0.169999 -0.346146
v -0.350451 -0.184440 -0.276980
v -0.339867 -0.214327 -0.284393
v -0.349282 -0.188410 -0.270216
v -0.342515 -0.181684 -0.295438
v -0.335403 -0.215030 -0.331658
v -0.339199 -0.188064 -0.320700
v -0.340870 -0.215918 -0.348311
v -0.335248 -0.203875 -0.347335
v -0.342719 -0.165363 -0.330845
v -0.356489 -0.122291 -0.298358
v -0.342787 -0.155430 -0.331779
v -0.342796 -0.193132 -0.380501
v -0.346999 -0.123991 -0.343392
v -0.339409 -0.147723 -0.364890
v -0.350062 -0.114990 -0.330237
v -0.346768 -0.176524 -0.295505
v -0.345501 -0.196410 -0.291463
v -0.344735 -0.184785 -0.306585
v -0.354787 -0.135920 -0.278600
v -0.340299 -0.177157 -0.336359
v -0.356151 -0.128149 -0.289846
v -0.353364 -0.120858 -0.284148
v -0.349650 -0.133276 -0.298987
v -0.350585 -0.150327 -0.282609
v -0.344808 -0.200116 -0.285218
v -0.348365 -0.149695 -0.322491
v -0.344459 -0.189115 -0.300452
v -0.351185 -0.139962 -0.304189
v -0.350696 -0.133267 -0.312319
v -0.340573 -0.166338 -0.351735
v -0.344337 -0.173802 -0.322065
v -0.347973 -0.142923 -0.331448
v -0.343834 -0.155421 -0.346769
v -0.350417 -0.139271 -0.297829
v -0.346761 -0.131788 -0.331079
v -0.348222 -0.181276 -0.265376
v -0.347754 -0.148812 -0.316371
v -0.350303 -0.160495 -0.262147
v -0.339766 -0.203455 -0.299545
v -0.348517 -0.176667 -0.285237
v -0.348296 -0.165140 -0.300349
v -0.352669 -0.151730 -0.288945
v -0.343390 -0.177088 -0.315731
v -0.344038 -0.162210 -0.336487
v -0.341343 -0.152689 -0.359555
v -0.343692 -0.145879 -0.359503
v -0.353833 -0.107744 -0.317474
v -0.347215 -0.130561 -0.348356
v -0.350701 -0.114984 -0.337513
v -0.351883 -0.173921 -0.258490
v -0.344901 -0.193733 -0.280488
v -0.347954 -0.169849 -0.280346
v -0.350223 -0.108349 -0.332941
v -0.352239 -0.162953 -0.273732
v -0.348793 -0.154295 -0.316122
v -0.347125 -0.137087 -0.332236
v -0.339960 -0.192528 -0.314949
v -0.349665 -0.149128 -0.277359
v -0.348310 -0.195394 -0.333060
v -0.346835 -0.130056 -0.341828
v -0.339470 -0.169999 -0.346146
v -0.350451 -0.184440 -0.276980
v -0.339867 -0.214327 -0.284393
v -0.349282 -0.188410 -0.270216
v -0.342515 -0.181684 -0.295438
v -0.335403 -0.215030 -0.331658
v -0.339199 -0.188064 -0.320700
v -0.340870 -0.215918 -0.348311
v -0.335248 -0.203875 -0.347335
v -0.342719 -0.165363 -0.330845
v -0.356489 -0.122291 -0.298358
v -0.342787 -0.155430 -0.331779
v -0.342796 -0.193132 -0.380501
v -0.346999 -0.123991 -0.343392
v -0.339409 -0.147723 -0.364890
v -0.350062 -0.114990 -0.330237
v -0.346927 -0.173137 -0.293979
v -0.345699 -0.193069 -0.290155
v -0.344956 -0.181285 -0.305154
v -0.354779 -0.132696 -0.276611
v -0.340605 -0.173349 -0.334860
v -0.356162 -0.124801 -0.287769
v -0.353336 -0.117579 -0.282003
v -0.349707 -0.129847 -0.296987
v -0.350629 -0.147070 -0.280789
v -0.344993 -0.196843 -0.283952
v -0.348549 -0.146016 -0.320670
v -0.344669 -0.185680 -0.299069
v -0.351278 -0.136473 -0.302255
v -0.350801 -0.129692 -0.310314
v -0.340905 -0.162366 -0.350118
v -0.344583 -0.170137 -0.320517
v -0.348171 -0.139150 -0.329556
v -0.344119 -0.151493 -0.345024
v -0.350486 -0.135851 -0.295891
v -0.346928 -0.128023 -0.329072
v -0.348286 -0.178207 -0.263897
v -0.347914 -0.145200 -0.314543
v -0.350302 -0.157457 -0.260439
v -0.340011 -0.200041 -0.298332
v -0.348640 -0.173386 -0.283707
v -0.348442 -0.161698 -0.298695
v -0.352739 -0.148400 -0.287133
v -0.343622 -0.173493 -0.314221
v -0.344305 -0.158392 -0.334815
v -0.341666 -0.148631 -0.357789
v -0.343997 -0.141816 -0.357656
v -0.353889 -0.104107 -0.315184
v -0.347440 -0.126609 -0.346333
v -0.350847 -0.111141 -0.335312
v -0.351904 -0.170917 -0.256920
v -0.345053 -0.190511 -0.279154
v -0.348042 -0.166622 -0.278745
v -0.350335 -0.104556 -0.330670
v -0.352285 -0.159786 -0.272043
v -0.348967 -0.150683 -0.314349
v -0.347310 -0.133308 -0.330284
v -0.340230 -0.188949 -0.313617
v -0.349687 -0.145930 -0.275530
v -0.348652 -0.191599 -0.331728
v -0.347036 -0.126175 -0.339801
v -0.339792 -0.166089 -0.344573
v -0.350566 -0.181241 -0.275526
v -0.340087 -0.211075 -0.283297
v -0.349383 -0.185287 -0.268810
v -0.342687 -0.178309 -0.293982
v -0.335793 -0.211283 -0.330582
v -0.339478 -0.184426 -0.319323
v -0.341321 -0.211979 -0.347225
v -0.335664 -0.199961 -0.346140
v -0.342974 -0.161608 -0.329212
v -0.356515 -0.118851 -0.296216
v -0.343019 -0.151666 -0.330039
v -0.343301 -0.188843 -0.379162
v -0.347189 -0.120093 -0.341300
v -0.339738 -0.143613 -0.363077
v -0.350182 -0.111226 -0.328038
v -0.346927 -0.173137 -0.293979
v -0.345699 -0.193069 -0.290155
v -0.344956 -0.181285 -0.305154
v -0.354779 -0.132696 -0.276611
v -0.340605 -0.173349 -0.334860
v -0.356162 -0.124801 -0.287769
v -0.353336 -0.117579 -0.282003
v -0.349707 -0.129847 -0.296987
v -0.350629 -0.147070 -0.280789
v -0.344993 -0.196843 -0.283952
v -0.348549 -0.146016 -0.320670
v -0.344669 -0.185680 -0.299069
v -0.351278 -0.136473 -0.302255
v -0.350801 -0.129692 -0.310314
v -0.340905 -0.162366 -0.350118
v -0.344583 -0.170137 -0.320517
v -0.348171 -0.139150 -0.329556
v -0.344119 -0.151493 -0.345024
v -0.350486 -0.135851 -0.295891
v -0.346928 -0.128023 -0.329072
v -0.348286 -0.178207 -0.263897
v -0.347914 -0.145200 -0.314543
v -0.350302 -0.157457 -0.260439
v -0.340011 -0.200041 -0.298332
v -0.348640 -0.173386 -0.283707
v -0.348442 -0.161698 -0.298695
v -0.352739 -0.148400 -0.287133
v -0.343622 -0.173493 -0.314221
v -0.344305 -0.158392 -0.334815
v -0.341666 -0.148631 -0.357789
v -0.343997 -0.141816 -0.357656
v -0.353889 -0.104107 -0.315184
v -0.347440 -0.126609 -0.346333
v -0.350847 -0.111141 -0.335312
v -0.351904 -0.170917 -0.256920
v -0.345053 -0.190511 -0.279154
v -0.348042 -0.166622 -0.278745
v -0.350335 -0.104556 -0.330670
v -0.352285 -0.159786 -0.272043
v -0.348967 -0.150683 -0.314349
v -0.347310 -0.133308 -0.330284
v -0.340230 -0.188949 -0.313617
v -0.349687 -0.145930 -0.275530
v -0.348652 -0.191599 -0.331728
v -0.347036 -0.126175 -0.339801
v -0.339792 -0.166089 -0.344573
v -0.350566 -0.181241 -0.275526
v -0.340087 -0.211075 -0.283297
v -0.349383 -0.185287 -0.268810
v -0.342687 -0.178309 -0.293982
v -0.335793 -0.211283 -0.330582
v -0.339478 -0.184426 -0.319323
v -0.341321 -0.211979 -0.347225
v -0.335664 -0.199961 -0.346140
v -0.342974 -0.161608 -0.329212
v -0.356515 -0.118851 -0.296216
v -0.343019 -0.151666 -0.330039
v -0.343301 -0.188843 -0.379162
v -0.347189 -0.120093 -0.341300
v -0.339738 -0.143613 -0.363077
v -0.350182 -0.111226 -0.328038
v -0.345818 -0.166575 -0.293721
v -0.344520 -0.186605 -0.290477
v -0.343828 -0.174388 -0.305129
v -0.353793 -0.126681 -0.275182
v -0.339526 -0.165579 -0.334595
v -0.355211 -0.118470 -0.286105
v -0.352405 -0.111409 -0.280134
v -0.348746 -0.123225 -0.295470
v -0.349598 -0.140914 -0.279777
v -0.343797 -0.190555 -0.284387
v -0.347552 -0.138696 -0.319612
v -0.343522 -0.178957 -0.299174
v -0.350299 -0.129700 -0.300926
v -0.349850 -0.122687 -0.308786
v -0.339875 -0.154159 -0.349528
v -0.343504 -0.162797 -0.320162
v -0.347203 -0.131574 -0.328295
v -0.343122 -0.143450 -0.344118
v -0.349504 -0.129261 -0.294547
v -0.345998 -0.120462 -0.327490
v -0.347138 -0.172520 -0.263798
v -0.346914 -0.138056 -0.313465
v -0.349220 -0.151886 -0.259737
v -0.338814 -0.193318 -0.298857
v -0.347523 -0.167127 -0.283459
v -0.347375 -0.155008 -0.298101
v -0.351708 -0.142066 -0.286156
v -0.342528 -0.166332 -0.313967
v -0.343277 -0.150642 -0.334113
v -0.340688 -0.140210 -0.356796
v -0.343042 -0.133409 -0.356464
v -0.353028 -0.096982 -0.312909
v -0.346527 -0.118549 -0.344702
v -0.349978 -0.103419 -0.333234
v -0.350774 -0.165448 -0.256610
v -0.343874 -0.184365 -0.279407
v -0.346943 -0.160508 -0.278303
v -0.349484 -0.096970 -0.328404
v -0.351205 -0.153884 -0.271403
v -0.347949 -0.143546 -0.313429
v -0.346363 -0.125711 -0.328854
v -0.339083 -0.181788 -0.313814
v -0.348656 -0.139924 -0.274489
v -0.347509 -0.183939 -0.331988
v -0.346119 -0.118303 -0.338161
v -0.338745 -0.158038 -0.344094
v -0.349415 -0.175223 -0.275508
v -0.338842 -0.204783 -0.284149
v -0.348214 -0.179458 -0.268913
v -0.341561 -0.171730 -0.293877
v -0.334583 -0.203604 -0.331423
v -0.338351 -0.177098 -0.319386
v -0.340121 -0.203836 -0.348075
v -0.334504 -0.191835 -0.346645
v -0.341930 -0.154015 -0.328607
v -0.355590 -0.112280 -0.294375
v -0.342010 -0.144053 -0.329145
v -0.342203 -0.179790 -0.379325
v -0.346294 -0.112181 -0.339482
v -0.338781 -0.135034 -0.361938
v -0.349307 -0.103713 -0.325967
v -0.345818 -0.166575 -0.293721
v -0.344520 -0.186605 -0.290477
v -0.343828 -0.174388 -0.305129
v -0.353793 -0.126681 -0.275182
v -0.339526 -0.165579 -0.334595
v -0.355211 -0.118470 -0.286105
v -0.352405 -0.111409 -0.280134
v -0.348746 -0.123225 -0.295470
v -0.349598 -0.140914 -0.279777
v -0.343797 -0.190555 -0.284387
v -0.347552 -0.138696 -0.319612
v -0.343522 -0.178957 -0.299174
v -0.350299 -0.129700 -0.300926
v -0.349850 -0.122687 -0.308786
v -0.339875 -0.154159 -0.349528
v -0.343504 -0.162797 -0.320162
v -0.347203 -0.131574 -0.328295
v -0.343122 -0.143450 -0.344118
v -0.349504 -0.129261 -0.294547
v -0.345998 -0.120462 -0.327490
v -0.347138 -0.172520 -0.263798
v -0.346914 -0.138056 -0.313465
v -0.349220 -0.151886 -0.259737
v -0.338814 -0.193318 -0.298857
v -0.347523 -0.167127 -0.283459
v -0.347375 -0.155008 -0.298101
v -0.351708 -0.142066 -0.286156
v -0.342528 -0.166332 -0.313967
v -0.343277 -0.150642 -0.334113
v -0.340688 -0.140210 -0.356796
v -0.343042 -0.133409 -0.356464
v -0.353028 -0.096982 -0.312909
v -0.346527 -0.118549 -0.344702
v -0.349978 -0.103419 -0.333234
v -0.350774 -0.165448 -0.256610
v -0.343874 -0.184365 -0.279407
v -0.346943 -0.160508 -0.278303
v -0.349484 -0.096970 -0.328404
v -0.351205 -0.153884 -0.271403
v -0.347949 -0.143546 -0.313429
v -0.346363 -0.125711 -0.328854
v -0.339083 -0.181788 -0.313814
v -0.348656 -0.139924 -0.274489
v -0.347509 -0.183939 -0.331988
v -0.346119 -0.118303 -0.338161
v -0.338745 -0.158038 -0.344094
v -0.349415 -0.175223 -0.275508
v -0.338842 -0.204783 -0.284149
v -0.348214 -0.179458 -0.268913
v -0.341561 -0.171730 -0.293877
v -0.334583 -0.203604 -0.331423
v -0.338351 -0.177098 -0.319386
v -0.340121 -0.203836 -0.348075
v -0.334504 -0.191835 -0.346645
v -0.341930 -0.154015 -0.328607
v -0.355590 -0.112280 -0.294375
v -0.342010 -0.144053 -0.329145
v -0.342203 -0.179790 -0.379325
v -0.346294 -0.112181 -0.339482
v -0.338781 -0.135034 -0.361938
v -0.349307 -0.103713 -0.325967
v -0.344061 -0.160706 -0.292924
v -0.342308 -0.168064 -0.304924
v -0.352491 -0.121138 -0.273684
v -0.337783 -0.158347 -0.334096
v -0.353783 -0.112612 -0.284397
v -0.350875 -0.105676 -0.278217
v -0.347220 -0.117123 -0.293895
v -0.348001 -0.135191 -0.278640
v -0.342115 -0.184732 -0.284584
v -0.346008 -0.131958 -0.318460
v -0.342264 -0.172395 -0.298833
v -0.349031 -0.123570 -0.299044
v -0.348680 -0.115681 -0.307086
v -0.345451 -0.124483 -0.326882
v -0.347956 -0.123131 -0.293110
v -0.344171 -0.113367 -0.325748
v -0.345361 -0.167168 -0.263486
v -0.345211 -0.131394 -0.312233
v -0.347684 -0.146755 -0.258920
v -0.337036 -0.187046 -0.299101
v -0.345922 -0.161353 -0.283045
v -0.345770 -0.148832 -0.297364
v -0.350137 -0.136218 -0.285079
v -0.341013 -0.159782 -0.313568
v -0.338963 -0.132408 -0.355607
v -0.341429 -0.125655 -0.355150
v -0.351557 -0.090421 -0.310651
v -0.344966 -0.111121 -0.343004
v -0.348399 -0.096293 -0.331115
v -0.342055 -0.178747 -0.279222
v -0.345139 -0.154774 -0.277581
v -0.347912 -0.090096 -0.325818
v -0.349940 -0.148524 -0.270625
v -0.346313 -0.136901 -0.312372
v -0.344567 -0.118588 -0.327266
v -0.337145 -0.175014 -0.313689
v -0.347142 -0.134367 -0.273330
v -0.345782 -0.176822 -0.332003
v -0.344459 -0.110982 -0.336408
v -0.336741 -0.150430 -0.343271
v -0.347925 -0.169729 -0.275327
v -0.348002 -0.128373 -0.292834
v -0.348988 -0.083951 -0.325271
v -0.337124 -0.198951 -0.284716
v -0.346716 -0.174140 -0.268838
v -0.339819 -0.165600 -0.293551
v -0.332684 -0.196395 -0.331887
v -0.336700 -0.170344 -0.319232
v -0.338391 -0.196316 -0.348631
v -0.332556 -0.184188 -0.346754
v -0.340441 -0.147068 -0.327895
v -0.354139 -0.106231 -0.292528
v -0.340190 -0.136952 -0.328027
v -0.340483 -0.171426 -0.379240
v -0.344683 -0.104877 -0.337585
v -0.340305 -0.128829 -0.344322
v -0.337104 -0.127106 -0.360632
v -0.347811 -0.096795 -0.323885
v -0.349453 -0.141173 -0.278297
v -0.379832 -0.267356 -0.385371
v -0.333837 -0.193359 -0.337246
v -0.338272 -0.178441 -0.320407
v -0.337968 -0.165756 -0.334755
v -0.344061 -0.160706 -0.292924
v -0.342308 -0.168064 -0.304924
v -0.352491 -0.121138 -0.273684
v -0.337783 -0.158347 -0.334096
v -0.353783 -0.112612 -0.284397
v -0.350875 -0.105676 -0.278217
v -0.347220 -0.117123 -0.293895
v -0.348001 -0.135191 -0.278640
v -0.342115 -0.184732 -0.284584
v -0.346008 -0.131958 -0.318460
v -0.342264 -0.172395 -0.298833
v -0.349031 -0.123570 -0.299044
v -0.348680 -0.115681 -0.307086
v -0.345451 -0.124483 -0.326882
v -0.347956 -0.123131 -0.293110
v -0.344171 -0.113367 -0.325748
v -0.345361 -0.167168 -0.263486
v -0.345211 -0.131394 -0.312233
v -0.347684 -0.146755 -0.258920
v -0.337036 -0.187046 -0.299101
v -0.345922 -0.161353 -0.283045
v -0.345770 -0.148832 -0.297364
v -0.350137 -0.136218 -0.285079
v -0.341013 -0.159782 -0.313568
v -0.338963 -0.132408 -0.355607
v -0.341429 -0.125655 -0.355150
v -0.351557 -0.090421 -0.310651
v -0.344966 -0.111121 -0.343004
v -0.348399 -0.096293 -0.331115
v -0.342055 -0.178747 -0.279222
v -0.345139 -0.154774 -0.277581
v -0.347912 -0.090096 -0.325818
v -0.349940 -0.148524 -0.270625
v -0.346313 -0.136901 -0.312372
v -0.344567 -0.118588 -0.327266
v -0.337145 -0.175014 -0.313689
v -0.347142 -0.134367 -0.273330
v -0.345782 -0.176822 -0.332003
v -0.344459 -0.110982 -0.336408
v -0.336741 -0.150430 -0.343271
v -0.347925 -0.169729 -0.275327
v -0.348002 -0.128373 -0.292834
v -0.348988 -0.083951 -0.325271
v -0.337124 -0.198951 -0.284716
v -0.346716 -0.174140 -0.268838
v -0.339819 -0.165600 -0.293551
v -0.332684 -0.196395 -0.331887
v -0.336700 -0.170344 -0.319232
v -0.338391 -0.196316 -0.348631
v -0.332556 -0.184188 -0.346754
v -0.340441 -0.147068 -0.327895
v -0.354139 -0.106231 -0.292528
v -0.340190 -0.136952 -0.328027
v -0.340483 -0.171426 -0.379240
v -0.344683 -0.104877 -0.337585
v -0.340305 -0.128829 -0.344322
v -0.337104 -0.127106 -0.360632
v -0.347811 -0.096795 -0.323885
v -0.349453 -0.141173 -0.278297
v -0.379832 -0.267356 -0.385371
v -0.333837 -0.193359 -0.337246
v -0.338272 -0.178441 -0.320407
v -0.337968 -0.165756 -0.334755
v -0.343715 -0.159030 -0.289243
v -0.341998 -0.166277 -0.301315
v -0.352125 -0.119650 -0.269613
v -0.337606 -0.156291 -0.330417
v -0.353474 -0.111030 -0.280244
v -0.350551 -0.104145 -0.274013
v -0.346942 -0.115446 -0.289809
v -0.347634 -0.133651 -0.274714
v -0.341699 -0.183127 -0.281127
v -0.345808 -0.130057 -0.314511
v -0.341923 -0.170663 -0.295265
v -0.348764 -0.121848 -0.295008
v -0.348458 -0.113887 -0.302980
v -0.345295 -0.122505 -0.322868
v -0.347665 -0.121461 -0.289074
v -0.344028 -0.111398 -0.321638
v -0.344885 -0.165759 -0.259859
v -0.344986 -0.129548 -0.308283
v -0.347220 -0.145392 -0.255100
v -0.336675 -0.185303 -0.295685
v -0.345534 -0.159769 -0.279363
v -0.345459 -0.147120 -0.293569
v -0.349795 -0.134623 -0.281154
v -0.340751 -0.157916 -0.309890
v -0.338912 -0.130161 -0.351688
v -0.341386 -0.123417 -0.351161
v -0.351387 -0.088600 -0.306305
v -0.344895 -0.108997 -0.338870
v -0.348303 -0.094283 -0.326834
v -0.341626 -0.177191 -0.275713
v -0.344739 -0.153239 -0.273843
v -0.347803 -0.088133 -0.321483
v -0.349521 -0.147059 -0.266812
v -0.346080 -0.135054 -0.308466
v -0.344421 -0.116606 -0.323202
v -0.336861 -0.173140 -0.310164
v -0.346755 -0.132874 -0.269400
v -0.345569 -0.174797 -0.328458
v -0.344362 -0.108917 -0.332275
v -0.336613 -0.148290 -0.339525
v -0.347494 -0.168218 -0.271713
v -0.347702 -0.126705 -0.288846
v -0.348886 -0.081994 -0.320877
v -0.336686 -0.197337 -0.281408
v -0.346252 -0.172685 -0.265269
v -0.339467 -0.163912 -0.289931
v -0.332442 -0.194349 -0.328572
v -0.336445 -0.168419 -0.315667
v -0.338216 -0.194128 -0.345291
v -0.332392 -0.182009 -0.343328
v -0.340255 -0.145073 -0.324104
v -0.353871 -0.104577 -0.288316
v -0.340021 -0.134955 -0.324146
v -0.340469 -0.168966 -0.375666
v -0.344599 -0.102802 -0.333396
v -0.340214 -0.126686 -0.340366
v -0.337081 -0.124811 -0.356673
v -0.347684 -0.094848 -0.319611
v -0.349076 -0.139638 -0.274419
v -0.379699 -0.264897 -0.382503
v -0.333620 -0.191267 -0.333898
v -0.338010 -0.176508 -0.316907
v -0.337782 -0.163694 -0.331142
v -0.343715 -0.159030 -0.289243
v -0.341998 -0.166277 -0.301315
v -0.352125 -0.119650 -0.269613
v -0.337606 -0.156291 -0.330417
v -0.353474 -0.111030 -0.280244
v -0.350551 -0.104145 -0.274013
v -0.346942 -0.115446 -0.289809
v -0.347634 -0.133651 -0.274714
v -0.341699 -0.183127 -0.281127
v -0.345808 -0.130057 -0.314511
v -0.341923 -0.170663 -0.295265
v -0.348764 -0.121848 -0.295008
v -0.348458 -0.113887 -0.302980
v -0.345295 -0.122505 -0.322868
v -0.347665 -0.121461 -0.289074
v -0.344028 -0.111398 -0.321638
v -0.344885 -0.165759 -0.259859
v -0.344986 -0.129548 -0.308283
v -0.347220 -0.145392 -0.255100
v -0.336675 -0.185303 -0.295685
v -0.345534 -0.159769 -0.279363
v -0.345459 -0.147120 -0.293569
v -0.349795 -0.134623 -0.281154
v -0.340751 -0.157916 -0.309890
v -0.338912 -0.130161 -0.351688
v -0.341386 -0.123417 -0.351161
v -0.351387 -0.088600 -0.306305
v -0.344895 -0.108997 -0.338870
v -0.348303 -0.094283 -0.326834
v -0.341626 -0.177191 -0.275713
v -0.344739 -0.153239 -0.273843
v -0.347803 -0.088133 -0.321483
v -0.349521 -0.147059 -0.266812
v -0.346080 -0.135054 -0.308466
v -0.344421 -0.116606 -0.323202
v -0.336861 -0.173140 -0.310164
v -0.346755 -0.132874 -0.269400
v -0.345569 -0.174797 -0.328458
v -0.344362 -0.108917 -0.332275
v -0.336613 -0.148290 -0.339525
v -0.347494 -0.168218 -0.271713
v -0.347702 -0.126705 -0.288846
v -0.348886 -0.081994 -0.320877
v -0.336686 -0.197337 -0.281408
v -0.346252 -0.172685 -0.265269
v -0.339467 -0.163912 -0.289931
v -0.332442 -0.194349 -0.328572
v -0.336445 -0.168419 -0.315667
v -0.338216 -0.194128 -0.345291
v -0.332392 -0.182009 -0.343328
v -0.340255 -0.145073 -0.324104
v -0.353871 -0.104577 -0.288316
v -0.340021 -0.134955 -0.324146
v -0.340469 -0.168966 -0.375666
v -0.344599 -0.102802 -0.333396
v -0.340214 -0.126686 -0.340366
v -0.337081 -0.124811 -0.356673
v -0.347684 -0.094848 -0.319611
v -0.349076 -0.139638 -0.274419
v -0.379699 -0.264897 -0.382503
v -0.333620 -0.191267 -0.333898
v -0.338010 -0.176508 -0.316907
v -0.337782 -0.163694 -0.331142
v -0.344678 -0.158505 -0.283777
v -0.343078 -0.165745 -0.295870
v -0.352831 -0.119124 -0.264042
v -0.338898 -0.155741 -0.324997
v -0.354243 -0.110490 -0.274653
v -0.351253 -0.103618 -0.268439
v -0.347801 -0.114912 -0.284275
v -0.348416 -0.133131 -0.269192
v -0.342657 -0.182615 -0.275702
v -0.346904 -0.129502 -0.308999
v -0.342965 -0.170137 -0.289825
v -0.349681 -0.121305 -0.289465
v -0.349419 -0.113337 -0.297431
v -0.346440 -0.121943 -0.317353
v -0.348533 -0.120927 -0.283540
v -0.345135 -0.110840 -0.316123
v -0.345627 -0.165260 -0.254391
v -0.346030 -0.129001 -0.302777
v -0.347872 -0.144892 -0.249594
v -0.337758 -0.184790 -0.290302
v -0.346420 -0.159249 -0.273884
v -0.346428 -0.146586 -0.288077
v -0.350631 -0.134091 -0.275615
v -0.341879 -0.157378 -0.304446
v -0.340311 -0.129586 -0.346232
v -0.342763 -0.122837 -0.345678
v -0.352312 -0.088039 -0.300708
v -0.346137 -0.108421 -0.333344
v -0.349409 -0.093710 -0.321267
v -0.342525 -0.176685 -0.270282
v -0.345563 -0.152726 -0.268363
v -0.348851 -0.087566 -0.315915
v -0.350272 -0.146542 -0.261288
v -0.347139 -0.134504 -0.302957
v -0.345554 -0.116046 -0.317688
v -0.338030 -0.172612 -0.304767
v -0.347491 -0.132361 -0.263885
v -0.346891 -0.174229 -0.322991
v -0.345549 -0.108349 -0.326754
v -0.337958 -0.147733 -0.334105
v -0.348338 -0.167701 -0.266226
v -0.348582 -0.126171 -0.283316
v -0.349914 -0.081426 -0.315293
v -0.337683 -0.196837 -0.276037
v -0.347055 -0.172178 -0.259796
v -0.340449 -0.163397 -0.284505
v -0.333814 -0.193814 -0.323230
v -0.337648 -0.167887 -0.310268
v -0.339724 -0.193562 -0.339902
v -0.333853 -0.181459 -0.337975
v -0.341468 -0.144522 -0.318652
v -0.354691 -0.104028 -0.282715
v -0.341208 -0.134405 -0.318686
v -0.342160 -0.168364 -0.370234
v -0.345781 -0.102232 -0.327868
v -0.341512 -0.126120 -0.334896
v -0.338507 -0.124236 -0.351226
v -0.348733 -0.094284 -0.314050
v -0.349870 -0.139114 -0.268892
v -0.381685 -0.264190 -0.376844
v -0.335028 -0.190723 -0.328544
v -0.339242 -0.175970 -0.311504
v -0.339098 -0.163143 -0.325728
v -0.344591 -0.156081 -0.280237
v -0.343019 -0.163154 -0.292432
v -0.352764 -0.116987 -0.259945
v -0.338972 -0.152750 -0.321438
v -0.354237 -0.108216 -0.270434
v -0.351240 -0.101421 -0.264140
v -0.347820 -0.112493 -0.280138
v -0.348335 -0.130914 -0.265299
v -0.342481 -0.180292 -0.272493
v -0.346981 -0.126748 -0.305059
v -0.342873 -0.167626 -0.286446
v -0.349705 -0.118820 -0.285407
v -0.349492 -0.110746 -0.293267
v -0.346567 -0.119077 -0.313313
v -0.348536 -0.118519 -0.279482
v -0.345284 -0.107988 -0.311939
v -0.345413 -0.163231 -0.250941
v -0.346085 -0.126328 -0.298835
v -0.347690 -0.142935 -0.245863
v -0.337631 -0.182259 -0.287139
v -0.346293 -0.156962 -0.270348
v -0.346386 -0.144110 -0.284371
v -0.350572 -0.131793 -0.271726
v -0.341872 -0.154670 -0.300900
v -0.340527 -0.126317 -0.342314
v -0.342994 -0.119582 -0.341660
v -0.352458 -0.085414 -0.296194
v -0.346356 -0.105341 -0.329123
v -0.349618 -0.090801 -0.316837
v -0.342344 -0.174435 -0.266995
v -0.345432 -0.150511 -0.264744
v -0.349054 -0.084728 -0.311405
v -0.350129 -0.144434 -0.257569
v -0.347182 -0.131832 -0.299084
v -0.345696 -0.113173 -0.313572
v -0.337988 -0.169888 -0.301439
v -0.347392 -0.130213 -0.259986
v -0.346913 -0.171283 -0.319650
v -0.345744 -0.105355 -0.322534
v -0.338086 -0.144619 -0.330440
v -0.348162 -0.165520 -0.262797
v -0.348570 -0.123765 -0.279328
v -0.350130 -0.078599 -0.310697
v -0.337474 -0.194496 -0.273038
v -0.346845 -0.170079 -0.256433
v -0.340352 -0.160953 -0.281046
v -0.333790 -0.190831 -0.320200
v -0.337637 -0.165089 -0.306878
v -0.339762 -0.190370 -0.336845
v -0.333914 -0.178280 -0.334777
v -0.341545 -0.141624 -0.314933
v -0.354730 -0.101648 -0.278407
v -0.341309 -0.131507 -0.314832
v -0.342373 -0.164775 -0.366827
v -0.345994 -0.099225 -0.323565
v -0.341694 -0.123006 -0.330929
v -0.338755 -0.120896 -0.347243
v -0.348914 -0.091470 -0.309631
v -0.349774 -0.136904 -0.265074
v -0.381692 -0.260600 -0.374574
v -0.335031 -0.187672 -0.325467
v -0.339217 -0.173160 -0.308216
v -0.339157 -0.160142 -0.322267
v -0.344591 -0.156081 -0.280237
v -0.343019 -0.163154 -0.292432
v -0.352764 -0.116987 -0.259945
v -0.338972 -0.152750 -0.321438
v -0.354237 -0.108216 -0.270434
v -0.351240 -0.101421 -0.264140
v -0.347820 -0.112493 -0.280138
v -0.348335 -0.130914 -0.265299
v -0.342481 -0.180292 -0.272493
v -0.346981 -0.126748 -0.305059
v -0.342873 -0.167626 -0.286446
v -0.349705 -0.118820 -0.285407
v -0.349492 -0.110746 -0.293267
v -0.346567 -0.119077 -0.313313
v -0.348536 -0.118519 -0.279482
v -0.345284 -0.107988 -0.311939
v -0.345413 -0.163231 -0.250941
v -0.346085 -0.126328 -0.298835
v -0.347690 -0.142935 -0.245863
v -0.337631 -0.182259 -0.287139
v -0.346293 -0.156962 -0.270348
v -0.346386 -0.144110 -0.284371
v -0.350572 -0.131793 -0.271726
v -0.341872 -0.154670 -0.300900
v -0.340527 -0.126317 -0.342314
v -0.342994 -0.119582 -0.341660
v -0.352458 -0.085414 -0.296194
v -0.346356 -0.105341 -0.329123
v -0.349618 -0.090801 -0.316837
v -0.342344 -0.174435 -0.266995
v -0.345432 -0.150511 -0.264744
v -0.349054 -0.084728 -0.311405
v -0.350129 -0.144434 -0.257569
v -0.347182 -0.131832 -0.299084
v -0.345696 -0.113173 -0.313572
v -0.337988 -0.169888 -0.301439
v -0.347392 -0.130213 -0.259986
v -0.346913 -0.171283 -0.319650
v -0.345744 -0.105355 -0.322534
v -0.338086 -0.144619 -0.330440
v -0.348162 -0.165520 -0.262797
v -0.348570 -0.123765 -0.279328
v -0.350130 -0.078599 -0.310697
v -0.337474 -0.194496 -0.273038
v -0.346845 -0.170079 -0.256433
v -0.340352 -0.160953 -0.281046
v -0.333790 -0.190831 -0.320200
v -0.337637 -0.165089 -0.306878
v -0.339762 -0.190370 -0.336845
v -0.333914 -0.178280 -0.334777
v -0.341545 -0.141624 -0.314933
v -0.354730 -0.101648 -0.278407
v -0.341309 -0.131507 -0.314832
v -0.342373 -0.164775 -0.366827
v -0.345994 -0.099225 -0.323565
v -0.341694 -0.123006 -0.330929
v -0.338755 -0.120896 -0.347243
v -0.348914 -0.091470 -0.309631
v -0.349774 -0.136904 -0.265074
v -0.381692 -0.260600 -0.374574
v -0.335031 -0.187672 -0.325467
v -0.339217 -0.173160 -0.308216
v -0.339157 -0.160142 -0.322267
v -0.352975 -0.115973 -0.260012
v -0.354382 -0.107751 -0.270501
v -0.351192 -0.100917 -0.264168
v -0.347898 -0.112030 -0.280226
v -0.348533 -0.130524 -0.265392
v -0.342878 -0.167169 -0.286598
v -0.349436 -0.110255 -0.293338
v -0.348630 -0.117761 -0.279452
v -0.345304 -0.107778 -0.311534
v -0.344963 -0.162614 -0.251011
v -0.346266 -0.125865 -0.298989
v -0.347743 -0.142557 -0.245946
v -0.337479 -0.181712 -0.287253
v -0.350774 -0.131408 -0.271847
v -0.340629 -0.125770 -0.342482
v -0.352706 -0.084913 -0.296315
v -0.349786 -0.090265 -0.316969
v -0.349813 -0.156419 -0.242939
v -0.342057 -0.173839 -0.267095
v -0.345327 -0.150043 -0.264856
v -0.348122 -0.104121 -0.293895
v -0.348938 -0.084200 -0.311419
v -0.337525 -0.169156 -0.301457
v -0.347368 -0.129757 -0.260047
v -0.337688 -0.156259 -0.316253
v -0.348754 -0.123382 -0.279480
v -0.346831 -0.157191 -0.333624
v -0.351272 -0.093752 -0.272472
v -0.343280 -0.149984 -0.301076
v -0.343854 -0.136892 -0.315219
v -0.349890 -0.077977 -0.310681
v -0.337438 -0.194054 -0.273192
v -0.339613 -0.160122 -0.280999
v -0.333400 -0.190052 -0.320204
v -0.340324 -0.190191 -0.337303
v -0.333574 -0.177524 -0.334768
v -0.355059 -0.101224 -0.278528
v -0.345862 -0.098630 -0.323587
v -0.338293 -0.120155 -0.347093
v -0.349796 -0.136492 -0.265194
v -0.381939 -0.260114 -0.374886
v -0.339373 -0.172752 -0.308432
v -0.339254 -0.159668 -0.322448
v -0.372777 -0.282691 -0.365688
v -0.343895 -0.124238 -0.293421
v -0.338186 -0.142059 -0.364718
v -0.352406 -0.112076 -0.256041
v -0.353870 -0.103623 -0.266336
v -0.350693 -0.096922 -0.259857
v -0.347391 -0.107653 -0.276171
v -0.347917 -0.126483 -0.261761
v -0.342161 -0.162613 -0.283808
v -0.348966 -0.105587 -0.289235
v -0.348097 -0.113403 -0.275526
v -0.344886 -0.102680 -0.307379
v -0.344183 -0.158877 -0.248122
v -0.345746 -0.121051 -0.295248
v -0.347033 -0.138952 -0.242595
v -0.336704 -0.177114 -0.284805
v -0.350168 -0.127229 -0.268228
v -0.340208 -0.119944 -0.338740
v -0.352346 -0.080198 -0.291628
v -0.349452 -0.085066 -0.312405
v -0.349040 -0.152887 -0.239900
v -0.341268 -0.169721 -0.264463
v -0.344630 -0.145995 -0.261676
v -0.347678 -0.099437 -0.289656
v -0.348615 -0.079125 -0.306720
v -0.336834 -0.164239 -0.298719
v -0.346743 -0.125832 -0.256402
v -0.337083 -0.151010 -0.313218
v -0.348199 -0.119023 -0.275682
v -0.346263 -0.151584 -0.330585
v -0.350821 -0.089570 -0.267995
v -0.342666 -0.145104 -0.297889
v -0.343326 -0.131696 -0.311729
v -0.349591 -0.072925 -0.305839
v -0.336581 -0.189773 -0.271028
v -0.338912 -0.155681 -0.278057
v -0.332667 -0.184686 -0.317946
v -0.339629 -0.184464 -0.335029
v -0.332925 -0.171830 -0.332221
v -0.354592 -0.096919 -0.274212
v -0.345508 -0.093262 -0.319220
v -0.337905 -0.114215 -0.343227
v -0.349155 -0.132459 -0.261695
v -0.381045 -0.253685 -0.374101
v -0.338683 -0.167682 -0.305771
v -0.338649 -0.154282 -0.319485
v -0.371771 -0.276428 -0.365440
v -0.343368 -0.119542 -0.289649
v -0.337750 -0.135713 -0.361345
v -0.352406 -0.112076 -0.256041
v -0.353870 -0.103623 -0.266336
v -0.350693 -0.096922 -0.259857
v -0.347391 -0.107653 -0.276171
v -0.347917 -0.126483 -0.261761
v -0.342161 -0.162613 -0.283808
v -0.348966 -0.105587 -0.289235
v -0.348097 -0.113403 -0.275526
v -0.344886 -0.102680 -0.307379
v -0.344183 -0.158877 -0.248122
v -0.345746 -0.121051 -0.295248
v -0.347033 -0.138952 -0.242595
v -0.336704 -0.177114 -0.284805
v -0.350168 -0.127229 -0.268228
v -0.340208 -0.119944 -0.338740
v -0.352346 -0.080198 -0.291628
v -0.349452 -0.085066 -0.312405
v -0.349040 -0.152887 -0.239900
v -0.341268 -0.169721 -0.264463
v -0.344630 -0.145995 -0.261676
v -0.347678 -0.099437 -0.289656
v -0.348615 -0.079125 -0.306720
v -0.336834 -0.164239 -0.298719
v -0.346743 -0.125832 -0.256402
v -0.337083 -0.151010 -0.313218
v -0.348199 -0.119023 -0.275682
v -0.346263 -0.151584 -0.330585
v -0.350821 -0.089570 -0.267995
v -0.342666 -0.145104 -0.297889
v -0.343326 -0.131696 -0.311729
v -0.349591 -0.072925 -0.305839
v -0.336581 -0.189773 -0.271028
v -0.338912 -0.155681 -0.278057
v -0.332667 -0.184686 -0.317946
v -0.339629 -0.184464 -0.335029
v -0.332925 -0.171830 -0.332221
v -0.354592 -0.096919 -0.274212
v -0.345508 -0.093262 -0.319220
v -0.337905 -0.114215 -0.343227
v -0.349155 -0.132459 -0.261695
v -0.381045 -0.253685 -0.374101
v -0.338683 -0.167682 -0.305771
v -0.338649 -0.154282 -0.319485
v -0.371771 -0.276428 -0.365440
v -0.343368 -0.119542 -0.289649
v -0.337750 -0.135713 -0.361345
v -0.351510 -0.108100 -0.252135
v -0.353019 -0.099419 -0.262233
v -0.349866 -0.092855 -0.255603
v -0.346530 -0.103193 -0.272162
v -0.346963 -0.122351 -0.258188
v -0.341068 -0.157939 -0.281065
v -0.348123 -0.100834 -0.285174
v -0.347210 -0.108959 -0.271649
v -0.344070 -0.097492 -0.303249
v -0.343079 -0.155034 -0.245301
v -0.344840 -0.116141 -0.291543
v -0.346011 -0.135254 -0.239315
v -0.335549 -0.172390 -0.282399
v -0.349216 -0.122958 -0.264670
v -0.339340 -0.114009 -0.335001
v -0.351615 -0.075411 -0.286979
v -0.348715 -0.079787 -0.307864
v -0.347955 -0.149256 -0.236940
v -0.340130 -0.165487 -0.261889
v -0.343592 -0.141846 -0.258555
v -0.346862 -0.094669 -0.285453
v -0.347900 -0.073975 -0.302045
v -0.335745 -0.159198 -0.296013
v -0.345788 -0.121819 -0.252817
v -0.336062 -0.145640 -0.310203
v -0.347288 -0.114574 -0.271933
v -0.345252 -0.145854 -0.327573
v -0.350032 -0.085318 -0.263570
v -0.341659 -0.140113 -0.294739
v -0.342387 -0.126393 -0.308266
v -0.348902 -0.067801 -0.301021
v -0.335360 -0.185361 -0.268918
v -0.337845 -0.151127 -0.275158
v -0.331503 -0.179179 -0.315708
v -0.338480 -0.178594 -0.332777
v -0.331828 -0.166000 -0.329683
v -0.353775 -0.092538 -0.269951
v -0.344741 -0.087807 -0.314869
v -0.337066 -0.108169 -0.339357
v -0.348175 -0.128332 -0.258260
v -0.379625 -0.247077 -0.373406
v -0.337584 -0.162486 -0.303141
v -0.337619 -0.148774 -0.316543
v -0.370245 -0.269972 -0.365276
v -0.342466 -0.114751 -0.285912
v -0.336831 -0.129242 -0.357965
v -0.351510 -0.108100 -0.252135
v -0.353019 -0.099419 -0.262233
v -0.349866 -0.092855 -0.255603
v -0.346530 -0.103193 -0.272162
v -0.346963 -0.122351 -0.258188
v -0.341068 -0.157939 -0.281065
v -0.348123 -0.100834 -0.285174
v -0.347210 -0.108959 -0.271649
v -0.344070 -0.097492 -0.303249
v -0.343079 -0.155034 -0.245301
v -0.344840 -0.116141 -0.291543
v -0.346011 -0.135254 -0.239315
v -0.335549 -0.172390 -0.282399
v -0.349216 -0.122958 -0.264670
v -0.339340 -0.114009 -0.335001
v -0.351615 -0.075411 -0.286979
v -0.348715 -0.079787 -0.307864
v -0.347955 -0.149256 -0.236940
v -0.340130 -0.165487 -0.261889
v -0.343592 -0.141846 -0.258555
v -0.346862 -0.094669 -0.285453
v -0.347900 -0.073975 -0.302045
v -0.335745 -0.159198 -0.296013
v -0.345788 -0.121819 -0.252817
v -0.336062 -0.145640 -0.310203
v -0.347288 -0.114574 -0.271933
v -0.345252 -0.145854 -0.327573
v -0.350032 -0.085318 -0.263570
v -0.341659 -0.140113 -0.294739
v -0.342387 -0.126393 -0.308266
v -0.348902 -0.067801 -0.301021
v -0.335360 -0.185361 -0.268918
v -0.337845 -0.151127 -0.275158
v -0.331503 -0.179179 -0.315708
v -0.338480 -0.178594 -0.332777
v -0.331828 -0.166000 -0.329683
v -0.353775 -0.092538 -0.269951
v -0.344741 -0.087807 -0.314869
v -0.337066 -0.108169 -0.339357
v -0.348175 -0.128332 -0.258260
v -0.379625 -0.247077 -0.373406
v -0.337584 -0.162486 -0.303141
v -0.337619 -0.148774 -0.316543
v -0.370245 -0.269972 -0.365276
v -0.342466 -0.114751 -0.285912
v -0.336831 -0.129242 -0.357965
v -0.351061 -0.102400 -0.246956
v -0.350001 -0.087398 -0.249526
v -0.347280 -0.116421 -0.253188
v -0.348252 -0.094243 -0.279908
v -0.347044 -0.102733 -0.266567
v -0.341842 -0.149073 -0.241749
v -0.344723 -0.108809 -0.286757
v -0.345332 -0.129873 -0.234925
v -0.334971 -0.165718 -0.279145
v -0.339723 -0.105948 -0.330305
v -0.347946 -0.144303 -0.233056
v -0.342856 -0.135813 -0.254338
v -0.347728 -0.066768 -0.295819
v -0.348845 -0.131007 -0.246281
v -0.344185 -0.094212 -0.300516
v -0.345122 -0.115960 -0.248054
v -0.335528 -0.138029 -0.306053
v -0.349755 -0.079297 -0.257728
v -0.341382 -0.133145 -0.290566
v -0.342116 -0.118981 -0.303634
v -0.349655 -0.060864 -0.294414
v -0.334664 -0.179080 -0.266043
v -0.337073 -0.144551 -0.271202
v -0.330719 -0.171295 -0.312519
v -0.338013 -0.141464 -0.312964
v -0.332115 -0.200016 -0.286037
v -0.337016 -0.120448 -0.353624
v -0.339844 -0.167899 -0.273045
v -0.336404 -0.130539 -0.284547
v -0.345276 -0.088398 -0.274164
v -0.351061 -0.102400 -0.246956
v -0.350001 -0.087398 -0.249526
v -0.347280 -0.116421 -0.253188
v -0.348252 -0.094243 -0.279908
v -0.347044 -0.102733 -0.266567
v -0.341842 -0.149073 -0.241749
v -0.344723 -0.108809 -0.286757
v -0.345332 -0.129873 -0.234925
v -0.334971 -0.165718 -0.279145
v -0.339723 -0.105948 -0.330305
v -0.347946 -0.144303 -0.233056
v -0.342856 -0.135813 -0.254338
v -0.347728 -0.066768 -0.295819
v -0.348845 -0.131007 -0.246281
v -0.344185 -0.094212 -0.300516
v -0.345122 -0.115960 -0.248054
v -0.335528 -0.138029 -0.306053
v -0.349755 -0.079297 -0.257728
v -0.341382 -0.133145 -0.290566
v -0.342116 -0.118981 -0.303634
v -0.349655 -0.060864 -0.294414
v -0.334664 -0.179080 -0.266043
v -0.337073 -0.144551 -0.271202
v -0.330719 -0.171295 -0.312519
v -0.338013 -0.141464 -0.312964
v -0.332115 -0.200016 -0.286037
v -0.337016 -0.120448 -0.353624
v -0.339844 -0.167899 -0.273045
v -0.336404 -0.130539 -0.284547
v -0.345276 -0.088398 -0.274164
v -0.350566 -0.098434 -0.241841
v -0.349582 -0.083369 -0.244044
v -0.346731 -0.112280 -0.248422
v -0.347858 -0.089457 -0.274588
v -0.346584 -0.098266 -0.261461
v -0.341117 -0.145176 -0.237799
v -0.344273 -0.103834 -0.281799
v -0.344684 -0.126166 -0.230499
v -0.334237 -0.160865 -0.275604
v -0.339369 -0.099881 -0.325273
v -0.347227 -0.140650 -0.228981
v -0.342217 -0.131617 -0.250056
v -0.347494 -0.061598 -0.289820
v -0.348213 -0.127038 -0.241873
v -0.343831 -0.088901 -0.295197
v -0.344565 -0.111935 -0.243283
v -0.334976 -0.132527 -0.301823
v -0.349391 -0.075068 -0.252046
v -0.340824 -0.128052 -0.286211
v -0.341650 -0.113576 -0.298926
v -0.349447 -0.055739 -0.288268
v -0.333842 -0.174543 -0.262835
v -0.336424 -0.139910 -0.267140
v -0.330021 -0.165600 -0.309113
v -0.337458 -0.135803 -0.308812
v -0.331232 -0.194969 -0.283342
v -0.336637 -0.113790 -0.348945
v -0.339088 -0.163219 -0.269551
v -0.335847 -0.125572 -0.280138
v -0.344899 -0.083741 -0.268707
v -0.350566 -0.098434 -0.241841
v -0.349582 -0.083369 -0.244044
v -0.346731 -0.112280 -0.248422
v -0.347858 -0.089457 -0.274588
v -0.346584 -0.098266 -0.261461
v -0.341117 -0.145176 -0.237799
v -0.344273 -0.103834 -0.281799
v -0.344684 -0.126166 -0.230499
v -0.334237 -0.160865 -0.275604
v -0.339369 -0.099881 -0.325273
v -0.347227 -0.140650 -0.228981
v -0.342217 -0.131617 -0.250056
v -0.347494 -0.061598 -0.289820
v -0.348213 -0.127038 -0.241873
v -0.343831 -0.088901 -0.295197
v -0.344565 -0.111935 -0.243283
v -0.334976 -0.132527 -0.301823
v -0.349391 -0.075068 -0.252046
v -0.340824 -0.128052 -0.286211
v -0.341650 -0.113576 -0.298926
v -0.349447 -0.055739 -0.288268
v -0.333842 -0.174543 -0.262835
v -0.336424 -0.139910 -0.267140
v -0.330021 -0.165600 -0.309113
v -0.337458 -0.135803 -0.308812
v -0.331232 -0.194969 -0.283342
v -0.336637 -0.113790 -0.348945
v -0.339088 -0.163219 -0.269551
v -0.335847 -0.125572 -0.280138
v -0.344899 -0.083741 -0.268707
v -0.349847 -0.094367 -0.236039
v -0.348886 -0.079258 -0.237919
v -0.346008 -0.108063 -0.242924
v -0.347212 -0.084684 -0.268590
v -0.345903 -0.093773 -0.255659
v -0.340334 -0.141174 -0.233021
v -0.343623 -0.098898 -0.276116
v -0.343910 -0.122330 -0.225308
v -0.333507 -0.156037 -0.271169
v -0.338806 -0.094004 -0.319503
v -0.346433 -0.136847 -0.224097
v -0.341473 -0.127355 -0.244982
v -0.346911 -0.056503 -0.283219
v -0.347460 -0.122961 -0.236691
v -0.343225 -0.083680 -0.289189
v -0.343833 -0.107827 -0.237782
v -0.334330 -0.127142 -0.296770
v -0.348720 -0.070786 -0.245740
v -0.340153 -0.123012 -0.281054
v -0.341021 -0.108266 -0.293453
v -0.348868 -0.050682 -0.281537
v -0.333071 -0.169986 -0.258698
v -0.335703 -0.135272 -0.262251
v -0.329348 -0.160044 -0.304779
v -0.336820 -0.130270 -0.303824
v -0.330474 -0.189963 -0.279645
v -0.336103 -0.107397 -0.343475
v -0.338343 -0.158526 -0.265159
v -0.335168 -0.120656 -0.274939
v -0.344249 -0.079092 -0.262593
v -0.349847 -0.094367 -0.236039
v -0.348886 -0.079258 -0.237919
v -0.346008 -0.108063 -0.242924
v -0.347212 -0.084684 -0.268590
v -0.345903 -0.093773 -0.255659
v -0.340334 -0.141174 -0.233021
v -0.343623 -0.098898 -0.276116
v -0.343910 -0.122330 -0.225308
v -0.333507 -0.156037 -0.271169
v -0.338806 -0.094004 -0.319503
v -0.346433 -0.136847 -0.224097
v -0.341473 -0.127355 -0.244982
v -0.346911 -0.056503 -0.283219
v -0.347460 -0.122961 -0.236691
v -0.343225 -0.083680 -0.289189
v -0.343833 -0.107827 -0.237782
v -0.334330 -0.127142 -0.296770
v -0.348720 -0.070786 -0.245740
v -0.340153 -0.123012 -0.281054
v -0.341021 -0.108266 -0.293453
v -0.348868 -0.050682 -0.281537
v -0.333071 -0.169986 -0.258698
v -0.335703 -0.135272 -0.262251
v -0.329348 -0.160044 -0.304779
v -0.336820 -0.130270 -0.303824
v -0.330474 -0.189963 -0.279645
v -0.336103 -0.107397 -0.343475
v -0.338343 -0.158526 -0.265159
v -0.335168 -0.120656 -0.274939
v -0.344249 -0.079092 -0.262593
v -0.353107 -0.082577 -0.236486
v -0.349550 -0.076396 -0.229496
v -0.347002 -0.090741 -0.247529
v -0.341186 -0.138399 -0.225340
v -0.344873 -0.095685 -0.268008
v -0.344285 -0.119458 -0.217650
v -0.341611 -0.090423 -0.311404
v -0.344905 -0.080364 -0.281134
v -0.344489 -0.104933 -0.229674
v -0.346167 -0.071298 -0.288759
v -0.341906 -0.119880 -0.273438
v -0.342549 -0.104845 -0.285540
v -0.339998 -0.083849 -0.316013
v -0.332300 -0.186908 -0.272761
v -0.383303 -0.255162 -0.347831
v -0.338662 -0.103661 -0.336044
v -0.339497 -0.155350 -0.257634
v -0.341314 -0.133817 -0.260373
v -0.344799 -0.075864 -0.254047
v -0.344118 -0.094989 -0.337467
v -0.382315 -0.272596 -0.371701
v -0.347992 -0.111466 -0.256757
v -0.353107 -0.082577 -0.236486
v -0.349550 -0.076396 -0.229496
v -0.347002 -0.090741 -0.247529
v -0.341186 -0.138399 -0.225340
v -0.344873 -0.095685 -0.268008
v -0.344285 -0.119458 -0.217650
v -0.341611 -0.090423 -0.311404
v -0.344905 -0.080364 -0.281134
v -0.344489 -0.104933 -0.229674
v -0.346167 -0.071298 -0.288759
v -0.341906 -0.119880 -0.273438
v -0.342549 -0.104845 -0.285540
v -0.339998 -0.083849 -0.316013
v -0.332300 -0.186908 -0.272761
v -0.383303 -0.255162 -0.347831
v -0.338662 -0.103661 -0.336044
v -0.339497 -0.155350 -0.257634
v -0.341314 -0.133817 -0.260373
v -0.344799 -0.075864 -0.254047
v -0.344118 -0.094989 -0.337467
v -0.382315 -0.272596 -0.371701
v -0.347992 -0.111466 -0.256757
v -0.354355 -0.081412 -0.228654
v -0.350705 -0.075272 -0.221676
v -0.348390 -0.089562 -0.239783
v -0.342573 -0.137325 -0.217824
v -0.346476 -0.094440 -0.260299
v -0.345517 -0.118399 -0.210036
v -0.343600 -0.089032 -0.303705
v -0.346565 -0.079070 -0.273369
v -0.345771 -0.103830 -0.222005
v -0.347860 -0.069971 -0.280949
v -0.343666 -0.118627 -0.265846
v -0.344358 -0.103545 -0.277886
v -0.342003 -0.082448 -0.308306
v -0.334345 -0.185697 -0.265504
v -0.386351 -0.253454 -0.340336
v -0.340942 -0.102191 -0.328420
v -0.341262 -0.154165 -0.250194
v -0.343011 -0.132614 -0.252838
v -0.346184 -0.074670 -0.246268
v -0.346373 -0.093490 -0.329760
v -0.385664 -0.270804 -0.364278
v -0.349557 -0.110248 -0.249077
v -0.354355 -0.081412 -0.228654
v -0.350705 -0.075272 -0.221676
v -0.348390 -0.089562 -0.239783
v -0.342573 -0.137325 -0.217824
v -0.346476 -0.094440 -0.260299
v -0.345517 -0.118399 -0.210036
v -0.343600 -0.089032 -0.303705
v -0.346565 -0.079070 -0.273369
v -0.345771 -0.103830 -0.222005
v -0.347860 -0.069971 -0.280949
v -0.343666 -0.118627 -0.265846
v -0.344358 -0.103545 -0.277886
v -0.342003 -0.082448 -0.308306
v -0.334345 -0.185697 -0.265504
v -0.386351 -0.253454 -0.340336
v -0.340942 -0.102191 -0.328420
v -0.341262 -0.154165 -0.250194
v -0.343011 -0.132614 -0.252838
v -0.346184 -0.074670 -0.246268
v -0.346373 -0.093490 -0.329760
v -0.385664 -0.270804 -0.364278
v -0.349557 -0.110248 -0.249077
v -0.355849 -0.079898 -0.220905
v -0.352105 -0.073812 -0.213930
v -0.350029 -0.088008 -0.232140
v -0.344179 -0.135917 -0.210509
v -0.348341 -0.092777 -0.252701
v -0.346969 -0.117025 -0.202585
v -0.345881 -0.087135 -0.296103
v -0.348501 -0.077333 -0.265683
v -0.347287 -0.102387 -0.214469
v -0.349836 -0.068187 -0.273198
v -0.345682 -0.116943 -0.258411
v -0.346436 -0.101791 -0.270359
v -0.344304 -0.080532 -0.300682
v -0.336622 -0.184050 -0.258540
v -0.389646 -0.251180 -0.333223
v -0.343523 -0.100165 -0.320916
v -0.343261 -0.152579 -0.242984
v -0.344951 -0.131007 -0.245489
v -0.347830 -0.073088 -0.238562
v -0.348934 -0.091435 -0.322152
v -0.389268 -0.268397 -0.357268
v -0.351371 -0.108636 -0.241538
v -0.355849 -0.079898 -0.220905
v -0.352105 -0.073812 -0.213930
v -0.350029 -0.088008 -0.232140
v -0.344179 -0.135917 -0.210509
v -0.348341 -0.092777 -0.252701
v -0.346969 -0.117025 -0.202585
v -0.345881 -0.087135 -0.296103
v -0.348501 -0.077333 -0.265683
v -0.347287 -0.102387 -0.214469
v -0.349836 -0.068187 -0.273198
v -0.345682 -0.116943 -0.258411
v -0.346436 -0.101791 -0.270359
v -0.344304 -0.080532 -0.300682
v -0.336622 -0.184050 -0.258540
v -0.389646 -0.251180 -0.333223
v -0.343523 -0.100165 -0.320916
v -0.343261 -0.152579 -0.242984
v -0.344951 -0.131007 -0.245489
v -0.347830 -0.073088 -0.238562
v -0.348934 -0.091435 -0.322152
v -0.389268 -0.268397 -0.357268
v -0.351371 -0.108636 -0.241538
v -0.355849 -0.079898 -0.220905
v -0.352105 -0.073812 -0.213930
v -0.350029 -0.088008 -0.232140
v -0.344179 -0.135917 -0.210509
v -0.348341 -0.092777 -0.252701
v -0.346969 -0.117025 -0.202585
v -0.345881 -0.087135 -0.296103
v -0.348501 -0.077333 -0.265683
v -0.347287 -0.102387 -0.214469
v -0.349836 -0.068187 -0.273198
v -0.345682 -0.116943 -0.258411
v -0.346436 -0.101791 -0.270359
v -0.344304 -0.080532 -0.300682
v -0.336622 -0.184050 -0.258540
v -0.389646 -0.251180 -0.333223
v -0.343523 -0.100165 -0.320916
v -0.343261 -0.152579 -0.242984
v -0.344951 -0.131007 -0.245489
v -0.347830 -0.073088 -0.238562
v -0.348934 -0.091435 -0.322152
v -0.389268 -0.268397 -0.357268
v -0.351371 -0.108636 -0.241538
v -0.352262 -0.073161 -0.207884
v -0.348692 -0.082805 -0.225802
v -0.350054 -0.101907 -0.213666
v -0.350816 -0.087444 -0.226307
v -0.349092 -0.092140 -0.246896
v -0.347148 -0.116443 -0.196687
v -0.346608 -0.086322 -0.290154
v -0.350376 -0.067377 -0.267181
v -0.351970 -0.064388 -0.215484
v -0.346631 -0.116361 -0.252741
v -0.347302 -0.101092 -0.264604
v -0.337909 -0.162446 -0.231649
v -0.339809 -0.127991 -0.234973
v -0.358518 -0.070448 -0.222975
v -0.345017 -0.079698 -0.294701
v -0.346232 -0.123441 -0.276360
v -0.392274 -0.278892 -0.339149
v -0.343405 -0.151626 -0.237083
v -0.345427 -0.130281 -0.239673
v -0.390314 -0.266967 -0.351380
v -0.351719 -0.107921 -0.235563
v -0.359937 -0.056184 -0.216762
v -0.352473 -0.091631 -0.192615
v -0.352262 -0.073161 -0.207884
v -0.348692 -0.082805 -0.225802
v -0.350054 -0.101907 -0.213666
v -0.350816 -0.087444 -0.226307
v -0.349092 -0.092140 -0.246896
v -0.347148 -0.116443 -0.196687
v -0.346608 -0.086322 -0.290154
v -0.350376 -0.067377 -0.267181
v -0.351970 -0.064388 -0.215484
v -0.346631 -0.116361 -0.252741
v -0.347302 -0.101092 -0.264604
v -0.337909 -0.162446 -0.231649
v -0.339809 -0.127991 -0.234973
v -0.358518 -0.070448 -0.222975
v -0.345017 -0.079698 -0.294701
v -0.346232 -0.123441 -0.276360
v -0.392274 -0.278892 -0.339149
v -0.343405 -0.151626 -0.237083
v -0.345427 -0.130281 -0.239673
v -0.390314 -0.266967 -0.351380
v -0.351719 -0.107921 -0.235563
v -0.359937 -0.056184 -0.216762
v -0.352473 -0.091631 -0.192615
v -0.353382 -0.073632 -0.201835
v -0.350009 -0.083375 -0.219737
v -0.351353 -0.102414 -0.207501
v -0.352157 -0.088007 -0.220203
v -0.350630 -0.092806 -0.240784
v -0.348367 -0.116884 -0.190479
v -0.348490 -0.087200 -0.284088
v -0.351976 -0.068131 -0.261173
v -0.353115 -0.064895 -0.209478
v -0.348328 -0.117064 -0.246536
v -0.349032 -0.101847 -0.258464
v -0.339633 -0.163090 -0.225303
v -0.341407 -0.128642 -0.228772
v -0.359754 -0.070961 -0.216884
v -0.346908 -0.080604 -0.288679
v -0.348162 -0.124256 -0.270124
v -0.395437 -0.279786 -0.331791
v -0.345126 -0.152271 -0.230742
v -0.347075 -0.130929 -0.233413
v -0.393528 -0.267927 -0.344093
v -0.353231 -0.108522 -0.229355
v -0.361056 -0.056662 -0.210726
v -0.353545 -0.092030 -0.186478
v -0.353375 -0.075687 -0.197212
v -0.350113 -0.085643 -0.215017
v -0.351492 -0.104539 -0.202566
v -0.352284 -0.090270 -0.215423
v -0.350857 -0.095304 -0.235955
v -0.348501 -0.118832 -0.185396
v -0.348862 -0.090188 -0.279327
v -0.352177 -0.070851 -0.256612
v -0.353100 -0.067037 -0.204952
v -0.348683 -0.119634 -0.241446
v -0.349367 -0.104548 -0.253540
v -0.340102 -0.165459 -0.219738
v -0.341742 -0.131045 -0.223582
v -0.359794 -0.073156 -0.212265
v -0.347270 -0.083650 -0.283997
v -0.348640 -0.127088 -0.264954
v -0.396823 -0.283086 -0.324706
v -0.345571 -0.154677 -0.225275
v -0.347437 -0.133358 -0.228176
v -0.394911 -0.271372 -0.337147
v -0.353481 -0.110881 -0.224342
v -0.361011 -0.058783 -0.206261
v -0.353557 -0.093913 -0.181651
v -0.353375 -0.075687 -0.197212
v -0.350113 -0.085643 -0.215017
v -0.351492 -0.104539 -0.202566
v -0.352284 -0.090270 -0.215423
v -0.350857 -0.095304 -0.235955
v -0.348501 -0.118832 -0.185396
v -0.348862 -0.090188 -0.279327
v -0.352177 -0.070851 -0.256612
v -0.353100 -0.067037 -0.204952
v -0.348683 -0.119634 -0.241446
v -0.349367 -0.104548 -0.253540
v -0.340102 -0.165459 -0.219738
v -0.341742 -0.131045 -0.223582
v -0.359794 -0.073156 -0.212265
v -0.347270 -0.083650 -0.283997
v -0.348640 -0.127088 -0.264954
v -0.396823 -0.283086 -0.324706
v -0.345571 -0.154677 -0.225275
v -0.347437 -0.133358 -0.228176
v -0.394911 -0.271372 -0.337147
v -0.353481 -0.110881 -0.224342
v -0.361011 -0.058783 -0.206261
v -0.353557 -0.093913 -0.181651
v -0.351171 -0.105803 -0.198072
v -0.352672 -0.091683 -0.210581
v -0.348338 -0.091854 -0.274836
v -0.351779 -0.072404 -0.252431
v -0.349398 -0.121101 -0.236875
v -0.341493 -0.132516 -0.218879
v -0.346764 -0.085364 -0.279587
v -0.348157 -0.128628 -0.260037
v -0.398402 -0.257231 -0.309499
v -0.397721 -0.285439 -0.319152
v -0.344469 -0.155547 -0.220046
v -0.347494 -0.134981 -0.223614
v -0.394619 -0.272673 -0.330757
v -0.352784 -0.112094 -0.219593
v -0.360025 -0.059822 -0.201761
v -0.346971 -0.133585 -0.168007
v -0.351738 -0.085690 -0.184671
v -0.351171 -0.105803 -0.198072
v -0.352672 -0.091683 -0.210581
v -0.348338 -0.091854 -0.274836
v -0.351779 -0.072404 -0.252431
v -0.349398 -0.121101 -0.236875
v -0.341493 -0.132516 -0.218879
v -0.346764 -0.085364 -0.279587
v -0.348157 -0.128628 -0.260037
v -0.398402 -0.257231 -0.309499
v -0.397721 -0.285439 -0.319152
v -0.344469 -0.155547 -0.220046
v -0.347494 -0.134981 -0.223614
v -0.394619 -0.272673 -0.330757
v -0.352784 -0.112094 -0.219593
v -0.360025 -0.059822 -0.201761
v -0.346971 -0.133585 -0.168007
v -0.351738 -0.085690 -0.184671
v -0.351251 -0.107940 -0.192799
v -0.352819 -0.093845 -0.205328
v -0.348724 -0.094127 -0.269598
v -0.352109 -0.074641 -0.247216
v -0.349602 -0.123307 -0.231580
v -0.341614 -0.134678 -0.213593
v -0.347178 -0.087644 -0.274367
v -0.348436 -0.130874 -0.254733
v -0.398683 -0.259638 -0.303773
v -0.397998 -0.287863 -0.313378
v -0.344561 -0.157714 -0.214708
v -0.347629 -0.137159 -0.218302
v -0.394957 -0.275113 -0.325018
v -0.352936 -0.114273 -0.214302
v -0.360184 -0.061979 -0.196539
v -0.346900 -0.135662 -0.162699
v -0.351797 -0.087804 -0.179433
v -0.351251 -0.107940 -0.192799
v -0.352819 -0.093845 -0.205328
v -0.348724 -0.094127 -0.269598
v -0.352109 -0.074641 -0.247216
v -0.349602 -0.123307 -0.231580
v -0.341614 -0.134678 -0.213593
v -0.347178 -0.087644 -0.274367
v -0.348436 -0.130874 -0.254733
v -0.398683 -0.259638 -0.303773
v -0.397998 -0.287863 -0.313378
v -0.344561 -0.157714 -0.214708
v -0.347629 -0.137159 -0.218302
v -0.394957 -0.275113 -0.325018
v -0.352936 -0.114273 -0.214302
v -0.360184 -0.061979 -0.196539
v -0.346900 -0.135662 -0.162699
v -0.351797 -0.087804 -0.179433
v -0.351086 -0.109418 -0.187601
v -0.352701 -0.095309 -0.200109
v -0.348728 -0.095499 -0.264387
v -0.352102 -0.076048 -0.241972
v -0.349486 -0.124730 -0.226406
v -0.341444 -0.136112 -0.208449
v -0.347201 -0.089007 -0.269150
v -0.348352 -0.132265 -0.249571
v -0.398483 -0.261045 -0.298686
v -0.397770 -0.289256 -0.308329
v -0.344357 -0.159152 -0.209589
v -0.347465 -0.138597 -0.213149
v -0.394772 -0.276486 -0.319958
v -0.352802 -0.115725 -0.209109
v -0.360101 -0.063466 -0.191263
v -0.346632 -0.137172 -0.157546
v -0.351639 -0.089300 -0.174208
v -0.351086 -0.109418 -0.187601
v -0.352701 -0.095309 -0.200109
v -0.348728 -0.095499 -0.264387
v -0.352102 -0.076048 -0.241972
v -0.349486 -0.124730 -0.226406
v -0.341444 -0.136112 -0.208449
v -0.347201 -0.089007 -0.269150
v -0.348352 -0.132265 -0.249571
v -0.398483 -0.261045 -0.298686
v -0.397770 -0.289256 -0.308329
v -0.344357 -0.159152 -0.209589
v -0.347465 -0.138597 -0.213149
v -0.394772 -0.276486 -0.319958
v -0.352802 -0.115725 -0.209109
v -0.360101 -0.063466 -0.191263
v -0.346632 -0.137172 -0.157546
v -0.351639 -0.089300 -0.174208
v -0.352256 -0.110841 -0.180457
v -0.352633 -0.096538 -0.193082
v -0.349432 -0.097193 -0.257687
v -0.352055 -0.087235 -0.226366
v -0.348102 -0.090763 -0.262597
v -0.348890 -0.133896 -0.242761
v -0.399197 -0.291100 -0.301510
v -0.342933 -0.160287 -0.202502
v -0.394727 -0.277532 -0.312062
v -0.360083 -0.064836 -0.184292
v -0.355471 -0.076351 -0.225671
v -0.350184 -0.090223 -0.166900
v -0.356730 -0.077081 -0.199757
v -0.359257 -0.068888 -0.205900
v -0.352437 -0.119028 -0.162181
v -0.351253 -0.114083 -0.175636
v -0.351648 -0.099854 -0.188343
v -0.348373 -0.100875 -0.252940
v -0.351054 -0.090742 -0.221680
v -0.347051 -0.094470 -0.257885
v -0.347765 -0.137491 -0.237801
v -0.397647 -0.295145 -0.295697
v -0.341793 -0.163635 -0.197384
v -0.393196 -0.281627 -0.306323
v -0.359180 -0.068119 -0.179745
v -0.354496 -0.079863 -0.221051
v -0.349243 -0.093383 -0.162195
v -0.355782 -0.080446 -0.195135
v -0.358321 -0.072294 -0.201328
v -0.351437 -0.122165 -0.157313
v -0.351253 -0.114083 -0.175636
v -0.351648 -0.099854 -0.188343
v -0.348373 -0.100875 -0.252940
v -0.351054 -0.090742 -0.221680
v -0.347051 -0.094470 -0.257885
v -0.347765 -0.137491 -0.237801
v -0.397647 -0.295145 -0.295697
v -0.341793 -0.163635 -0.197384
v -0.393196 -0.281627 -0.306323
v -0.359180 -0.068119 -0.179745
v -0.354496 -0.079863 -0.221051
v -0.349243 -0.093383 -0.162195
v -0.355782 -0.080446 -0.195135
v -0.358321 -0.072294 -0.201328
v -0.351437 -0.122165 -0.157313
v -0.351253 -0.114083 -0.175636
v -0.351648 -0.099854 -0.188343
v -0.348373 -0.100875 -0.252940
v -0.351054 -0.090742 -0.221680
v -0.347051 -0.094470 -0.257885
v -0.347765 -0.137491 -0.237801
v -0.397647 -0.295145 -0.295697
v -0.341793 -0.163635 -0.197384
v -0.393196 -0.281627 -0.306323
v -0.359180 -0.068119 -0.179745
v -0.354496 -0.079863 -0.221051
v -0.349243 -0.093383 -0.162195
v -0.355782 -0.080446 -0.195135
v -0.358321 -0.072294 -0.201328
v -0.351437 -0.122165 -0.157313
v -0.351542 -0.116201 -0.169344
v -0.351977 -0.102048 -0.182135
v -0.349005 -0.103468 -0.246739
v -0.351526 -0.093141 -0.215530
v -0.347698 -0.097095 -0.251730
v -0.348377 -0.139991 -0.231381
v -0.398749 -0.297925 -0.288081
v -0.342253 -0.165897 -0.190833
v -0.394329 -0.284478 -0.298809
v -0.359425 -0.070251 -0.173696
v -0.354950 -0.082253 -0.214951
v -0.349441 -0.095421 -0.156039
v -0.356116 -0.082676 -0.189027
v -0.358672 -0.074559 -0.195257
v -0.351652 -0.124170 -0.150971
v -0.352531 -0.117051 -0.162291
v -0.353078 -0.102883 -0.175062
v -0.350487 -0.104212 -0.239684
v -0.352849 -0.093932 -0.208447
v -0.349226 -0.097830 -0.244674
v -0.349672 -0.140753 -0.224377
v -0.399967 -0.298746 -0.280982
v -0.343240 -0.166695 -0.183900
v -0.395646 -0.285274 -0.291719
v -0.360559 -0.071116 -0.166537
v -0.356297 -0.083053 -0.207834
v -0.350404 -0.096283 -0.148973
v -0.357309 -0.083513 -0.181904
v -0.359923 -0.075395 -0.188108
v -0.352510 -0.125044 -0.143929
v -0.351339 -0.089226 -0.157613
v -0.352015 -0.116856 -0.162311
v -0.352837 -0.102796 -0.175142
v -0.352634 -0.108655 -0.195729
v -0.352663 -0.093863 -0.208586
v -0.346173 -0.115543 -0.157961
v -0.350100 -0.097962 -0.244601
v -0.349690 -0.140815 -0.224591
v -0.397809 -0.268475 -0.269958
v -0.399485 -0.298617 -0.281083
v -0.342802 -0.166574 -0.183978
v -0.394796 -0.284488 -0.291602
v -0.360294 -0.071012 -0.166556
v -0.370086 -0.232524 -0.259595
v -0.356945 -0.083246 -0.208377
v -0.335530 -0.188303 -0.164982
v -0.358178 -0.083641 -0.182067
v -0.360152 -0.165763 -0.131350
v -0.352955 -0.125299 -0.144162
v -0.352753 -0.132300 -0.150881
v -0.352103 -0.089343 -0.152143
v -0.352799 -0.116960 -0.156913
v -0.353688 -0.102865 -0.169701
v -0.353588 -0.108667 -0.190305
v -0.353684 -0.093841 -0.203121
v -0.346934 -0.115657 -0.152590
v -0.351303 -0.097840 -0.239160
v -0.350785 -0.140747 -0.219269
v -0.399111 -0.268292 -0.264743
v -0.400838 -0.298403 -0.275941
v -0.343687 -0.166616 -0.178763
v -0.396205 -0.284244 -0.286445
v -0.361106 -0.071106 -0.160991
v -0.371343 -0.232364 -0.254421
v -0.357968 -0.083225 -0.202862
v -0.336315 -0.188396 -0.159863
v -0.359067 -0.083692 -0.176547
v -0.360770 -0.165953 -0.126045
v -0.353645 -0.125453 -0.138783
v -0.353476 -0.132435 -0.145522
v -0.352103 -0.089343 -0.152143
v -0.352799 -0.116960 -0.156913
v -0.353688 -0.102865 -0.169701
v -0.353588 -0.108667 -0.190305
v -0.353684 -0.093841 -0.203121
v -0.346934 -0.115657 -0.152590
v -0.351303 -0.097840 -0.239160
v -0.350785 -0.140747 -0.219269
v -0.399111 -0.268292 -0.264743
v -0.400838 -0.298403 -0.275941
v -0.343687 -0.166616 -0.178763
v -0.396205 -0.284244 -0.286445
v -0.361106 -0.071106 -0.160991
v -0.371343 -0.232364 -0.254421
v -0.357968 -0.083225 -0.202862
v -0.336315 -0.188396 -0.159863
v -0.359067 -0.083692 -0.176547
v -0.360770 -0.165953 -0.126045
v -0.353645 -0.125453 -0.138783
v -0.353476 -0.132435 -0.145522
v -0.353127 -0.089774 -0.147308
v -0.353821 -0.117388 -0.152094
v -0.354799 -0.103285 -0.164867
v -0.354812 -0.109072 -0.185475
v -0.354997 -0.094236 -0.198279
v -0.347933 -0.116083 -0.147804
v -0.352820 -0.098206 -0.234334
v -0.352141 -0.141127 -0.214479
v -0.400594 -0.268689 -0.259769
v -0.402353 -0.298794 -0.270980
v -0.344783 -0.167019 -0.174034
v -0.397795 -0.284622 -0.281500
v -0.362201 -0.071540 -0.156090
v -0.372804 -0.232740 -0.249581
v -0.359290 -0.083625 -0.197987
v -0.337279 -0.188805 -0.155193
v -0.360238 -0.084112 -0.171666
v -0.361563 -0.166413 -0.121218
v -0.354554 -0.125896 -0.133966
v -0.354417 -0.132873 -0.140711
v -0.353127 -0.089774 -0.147308
v -0.353821 -0.117388 -0.152094
v -0.354799 -0.103285 -0.164867
v -0.354812 -0.109072 -0.185475
v -0.354997 -0.094236 -0.198279
v -0.347933 -0.116083 -0.147804
v -0.352820 -0.098206 -0.234334
v -0.352141 -0.141127 -0.214479
v -0.400594 -0.268689 -0.259769
v -0.402353 -0.298794 -0.270980
v -0.344783 -0.167019 -0.174034
v -0.397795 -0.284622 -0.281500
v -0.362201 -0.071540 -0.156090
v -0.372804 -0.232740 -0.249581
v -0.359290 -0.083625 -0.197987
v -0.337279 -0.188805 -0.155193
v -0.360238 -0.084112 -0.171666
v -0.361563 -0.166413 -0.121218
v -0.354554 -0.125896 -0.133966
v -0.354417 -0.132873 -0.140711
v -0.352604 -0.090574 -0.145272
v -0.353335 -0.118208 -0.149935
v -0.354281 -0.104161 -0.162771
v -0.354286 -0.110040 -0.183353
v -0.354440 -0.095261 -0.196224
v -0.347448 -0.116892 -0.145645
v -0.352240 -0.099397 -0.232259
v -0.351640 -0.142229 -0.212211
v -0.400244 -0.269922 -0.256967
v -0.402038 -0.300074 -0.268045
v -0.344351 -0.167950 -0.171644
v -0.397451 -0.285957 -0.278624
v -0.361644 -0.072367 -0.154142
v -0.372409 -0.233968 -0.246918
v -0.358718 -0.084643 -0.195983
v -0.336895 -0.189662 -0.152700
v -0.359687 -0.085011 -0.169661
v -0.361173 -0.167082 -0.118845
v -0.354094 -0.126633 -0.131769
v -0.353962 -0.133641 -0.138483
v -0.352604 -0.090574 -0.145272
v -0.353335 -0.118208 -0.149935
v -0.354281 -0.104161 -0.162771
v -0.354286 -0.110040 -0.183353
v -0.354440 -0.095261 -0.196224
v -0.347448 -0.116892 -0.145645
v -0.352240 -0.099397 -0.232259
v -0.351640 -0.142229 -0.212211
v -0.400244 -0.269922 -0.256967
v -0.402038 -0.300074 -0.268045
v -0.344351 -0.167950 -0.171644
v -0.397451 -0.285957 -0.278624
v -0.361644 -0.072367 -0.154142
v -0.372409 -0.233968 -0.246918
v -0.358718 -0.084643 -0.195983
v -0.336895 -0.189662 -0.152700
v -0.359687 -0.085011 -0.169661
v -0.361173 -0.167082 -0.118845
v -0.354094 -0.126633 -0.131769
v -0.353962 -0.133641 -0.138483
v -0.353980 -0.111242 -0.180857
v -0.344395 -0.169220 -0.168670
v -0.397687 -0.287972 -0.274135
v -0.361455 -0.073505 -0.151939
v -0.372582 -0.235635 -0.243028
v -0.359068 -0.086025 -0.167323
v -0.341622 -0.195692 -0.142727
v -0.354857 -0.127655 -0.129121
v -0.353980 -0.111242 -0.180857
v -0.344395 -0.169220 -0.168670
v -0.397687 -0.287972 -0.274135
v -0.361455 -0.073505 -0.151939
v -0.372582 -0.235635 -0.243028
v -0.359068 -0.086025 -0.167323
v -0.341622 -0.195692 -0.142727
v -0.354857 -0.127655 -0.129121
v -0.353074 -0.115170 -0.180240
v -0.343627 -0.172962 -0.167102
v -0.396983 -0.293295 -0.270726
v -0.360521 -0.076955 -0.151948
v -0.371824 -0.240513 -0.240425
v -0.358134 -0.089727 -0.167124
v -0.340952 -0.199017 -0.140730
v -0.354071 -0.130743 -0.128247
v -0.353074 -0.115170 -0.180240
v -0.343627 -0.172962 -0.167102
v -0.396983 -0.293295 -0.270726
v -0.360521 -0.076955 -0.151948
v -0.371824 -0.240513 -0.240425
v -0.358134 -0.089727 -0.167124
v -0.340952 -0.199017 -0.140730
v -0.354071 -0.130743 -0.128247
v -0.353074 -0.115170 -0.180240
v -0.343627 -0.172962 -0.167102
v -0.396983 -0.293295 -0.270726
v -0.360521 -0.076955 -0.151948
v -0.371824 -0.240513 -0.240425
v -0.358134 -0.089727 -0.167124
v -0.340952 -0.199017 -0.140730
v -0.354071 -0.130743 -0.128247
v -0.394455 -0.300123 -0.267882
v -0.358509 -0.081745 -0.153049
v -0.370474 -0.247467 -0.239139
v -0.356186 -0.094885 -0.168098
v -0.339145 -0.203578 -0.139429
v -0.352230 -0.135058 -0.128300
v -0.350430 -0.082520 -0.158526
v -0.394455 -0.300123 -0.267882
v -0.358509 -0.081745 -0.153049
v -0.370474 -0.247467 -0.239139
v -0.356186 -0.094885 -0.168098
v -0.339145 -0.203578 -0.139429
v -0.352230 -0.135058 -0.128300
v -0.350430 -0.082520 -0.158526
v -0.391796 -0.307165 -0.265237
v -0.356238 -0.086535 -0.154668
v -0.367917 -0.253972 -0.237414
v -0.353835 -0.099985 -0.169427
v -0.337204 -0.208095 -0.138409
v -0.350235 -0.139338 -0.128784
v -0.348123 -0.087436 -0.160071
v -0.391796 -0.307165 -0.265237
v -0.356238 -0.086535 -0.154668
v -0.367917 -0.253972 -0.237414
v -0.353835 -0.099985 -0.169427
v -0.337204 -0.208095 -0.138409
v -0.350235 -0.139338 -0.128784
v -0.348123 -0.087436 -0.160071
v -0.392329 -0.314437 -0.260293
v -0.356508 -0.092008 -0.153476
v -0.368383 -0.260786 -0.233423
v -0.354146 -0.105698 -0.168019
v -0.337376 -0.213279 -0.135283
v -0.350403 -0.144377 -0.126747
v -0.348410 -0.092995 -0.158889
v -0.393071 -0.321112 -0.254766
v -0.357335 -0.097145 -0.150926
v -0.369510 -0.267247 -0.228925
v -0.355022 -0.111091 -0.165337
v -0.338341 -0.218667 -0.131518
v -0.350914 -0.149106 -0.123537
v -0.349429 -0.098255 -0.156455
v -0.393071 -0.321112 -0.254766
v -0.357335 -0.097145 -0.150926
v -0.369510 -0.267247 -0.228925
v -0.355022 -0.111091 -0.165337
v -0.338341 -0.218667 -0.131518
v -0.350914 -0.149106 -0.123537
v -0.349429 -0.098255 -0.156455
v -0.393071 -0.321112 -0.254766
v -0.357335 -0.097145 -0.150926
v -0.369510 -0.267247 -0.228925
v -0.355022 -0.111091 -0.165337
v -0.338341 -0.218667 -0.131518
v -0.350914 -0.149106 -0.123537
v -0.349429 -0.098255 -0.156455
v -0.392753 -0.325950 -0.252249
v -0.357380 -0.101145 -0.150108
v -0.369279 -0.271853 -0.226816
v -0.355043 -0.115196 -0.164413
v -0.338200 -0.222487 -0.129776
v -0.350881 -0.152887 -0.122325
v -0.349472 -0.102284 -0.155628
v -0.392753 -0.325950 -0.252249
v -0.357380 -0.101145 -0.150108
v -0.369279 -0.271853 -0.226816
v -0.355043 -0.115196 -0.164413
v -0.338200 -0.222487 -0.129776
v -0.350881 -0.152887 -0.122325
v -0.349472 -0.102284 -0.155628
v -0.390519 -0.331227 -0.251369
v -0.356221 -0.105462 -0.150995
v -0.367309 -0.276858 -0.226276
v -0.353772 -0.119632 -0.165164
v -0.336891 -0.226579 -0.129496
v -0.349767 -0.156945 -0.122725
v -0.348280 -0.106631 -0.156460
v -0.390519 -0.331227 -0.251369
v -0.356221 -0.105462 -0.150995
v -0.367309 -0.276858 -0.226276
v -0.353772 -0.119632 -0.165164
v -0.336891 -0.226579 -0.129496
v -0.349767 -0.156945 -0.122725
v -0.348280 -0.106631 -0.156460
v -0.391937 -0.336549 -0.247574
v -0.356923 -0.109176 -0.149403
v -0.354671 -0.123749 -0.163240
v -0.337972 -0.230678 -0.127096
v -0.350286 -0.160359 -0.120657
v -0.349158 -0.110464 -0.154966
v -0.391981 -0.339865 -0.245355
v -0.357238 -0.111856 -0.148575
v -0.354976 -0.126507 -0.162327
v -0.338068 -0.233192 -0.125564
v -0.350489 -0.162855 -0.119531
v -0.349476 -0.113164 -0.154138
v -0.391981 -0.339865 -0.245355
v -0.357238 -0.111856 -0.148575
v -0.354976 -0.126507 -0.162327
v -0.338068 -0.233192 -0.125564
v -0.350489 -0.162855 -0.119531
v -0.349476 -0.113164 -0.154138
v -0.390732 -0.340310 -0.245991
v -0.356197 -0.112277 -0.149192
v -0.353892 -0.126937 -0.162928
v -0.337205 -0.233615 -0.126046
v -0.349598 -0.163267 -0.120097
v -0.348415 -0.113594 -0.154725
v -0.390732 -0.340310 -0.245991
v -0.356197 -0.112277 -0.149192
v -0.353892 -0.126937 -0.162928
v -0.337205 -0.233615 -0.126046
v -0.349598 -0.163267 -0.120097
v -0.348415 -0.113594 -0.154725
v -0.389312 -0.339853 -0.246737
v -0.355114 -0.111951 -0.149512
v -0.352759 -0.126593 -0.163259
v -0.336224 -0.233321 -0.126452
v -0.348631 -0.162979 -0.120459
v -0.347311 -0.113261 -0.155018
v -0.388658 -0.339506 -0.246651
v -0.354624 -0.112220 -0.149375
v -0.352291 -0.126258 -0.163189
v -0.336967 -0.233680 -0.126406
v -0.348232 -0.163010 -0.120351
v -0.347434 -0.113581 -0.154690
v -0.386016 -0.340158 -0.247829
v -0.352503 -0.112701 -0.150771
v -0.350083 -0.126769 -0.164540
v -0.335100 -0.234128 -0.127434
v -0.346355 -0.163438 -0.121600
v -0.345276 -0.114078 -0.156032
v -0.386016 -0.340158 -0.247829
v -0.352503 -0.112701 -0.150771
v -0.350083 -0.126769 -0.164540
v -0.335100 -0.234128 -0.127434
v -0.346355 -0.163438 -0.121600
v -0.345276 -0.114078 -0.156032
v -0.383438 -0.340730 -0.248786
v -0.350128 -0.113123 -0.152011
v -0.347639 -0.127228 -0.165729
v -0.333170 -0.234533 -0.128265
v -0.344309 -0.163805 -0.122679
v -0.342866 -0.114528 -0.157216
v -0.383438 -0.340730 -0.248786
v -0.350128 -0.113123 -0.152011
v -0.347639 -0.127228 -0.165729
v -0.333170 -0.234533 -0.128265
v -0.344309 -0.163805 -0.122679
v -0.342866 -0.114528 -0.157216
v -0.380121 -0.343835 -0.248583
v -0.347809 -0.115611 -0.152929
v -0.345203 -0.129794 -0.166544
v -0.330859 -0.236854 -0.128340
v -0.342133 -0.166110 -0.123254
v -0.340508 -0.117037 -0.158073
v -0.379588 -0.343799 -0.248228
v -0.347468 -0.115500 -0.152690
v -0.344926 -0.129824 -0.166384
v -0.330476 -0.236737 -0.128046
v -0.341782 -0.165988 -0.122994
v -0.340237 -0.116962 -0.157880
v -0.377623 -0.345899 -0.246938
v -0.345556 -0.117060 -0.152682
v -0.342961 -0.131480 -0.166265
v -0.329024 -0.238175 -0.127139
v -0.340187 -0.167367 -0.122621
v -0.338295 -0.118574 -0.157814
v -0.377623 -0.345899 -0.246938
v -0.345556 -0.117060 -0.152682
v -0.342961 -0.131480 -0.166265
v -0.329024 -0.238175 -0.127139
v -0.340187 -0.167367 -0.122621
v -0.338295 -0.118574 -0.157814
v -0.376911 -0.348917 -0.244233
v -0.344541 -0.119360 -0.151847
v -0.341953 -0.133898 -0.165305
v -0.328285 -0.240289 -0.125266
v -0.339316 -0.169424 -0.121358
v -0.337275 -0.120931 -0.156956
v -0.376911 -0.348917 -0.244233
v -0.344541 -0.119360 -0.151847
v -0.341953 -0.133898 -0.165305
v -0.328285 -0.240289 -0.125266
v -0.339316 -0.169424 -0.121358
v -0.337275 -0.120931 -0.156956
v -0.376911 -0.348917 -0.244233
v -0.344541 -0.119360 -0.151847
v -0.341953 -0.133898 -0.165305
v -0.328285 -0.240289 -0.125266
v -0.339316 -0.169424 -0.121358
v -0.337275 -0.120931 -0.156956
v -0.374981 -0.351262 -0.243313
v -0.339804 -0.135684 -0.165859
v -0.337594 -0.170882 -0.121589
v -0.335254 -0.122713 -0.157629
v -0.372415 -0.353017 -0.243129
v -0.336482 -0.136859 -0.167665
v -0.335006 -0.171581 -0.122991
v -0.331924 -0.123831 -0.159529
v -0.372415 -0.353017 -0.243129
v -0.336482 -0.136859 -0.167665
v -0.335006 -0.171581 -0.122991
v -0.331924 -0.123831 -0.159529
v -0.372144 -0.354230 -0.242122
v -0.335506 -0.137696 -0.168086
v -0.334238 -0.172115 -0.123172
v -0.330912 -0.124630 -0.160033
v -0.372144 -0.354230 -0.242122
v -0.335506 -0.137696 -0.168086
v -0.334238 -0.172115 -0.123172
v -0.330912 -0.124630 -0.160033
v -0.372955 -0.355138 -0.241075
v -0.336349 -0.138519 -0.167560
v -0.334795 -0.172859 -0.122779
v -0.331515 -0.125426 -0.159750
v -0.372955 -0.355138 -0.241075
v -0.336349 -0.138519 -0.167560
v -0.334795 -0.172859 -0.122779
v -0.331515 -0.125426 -0.159750
v -0.372955 -0.355138 -0.241075
v -0.336349 -0.138519 -0.167560
v -0.334795 -0.172859 -0.122779
v -0.331515 -0.125426 -0.159750
v -0.373155 -0.355039 -0.241432
v -0.336163 -0.138360 -0.168290
v -0.334672 -0.172625 -0.123450
v -0.331306 -0.125262 -0.160503
v -0.372923 -0.354212 -0.243152
v -0.335742 -0.137644 -0.169777
v -0.334339 -0.171951 -0.124966
v -0.330877 -0.124559 -0.161973
v -0.372923 -0.354212 -0.243152
v -0.335742 -0.137644 -0.169777
v -0.334339 -0.171951 -0.124966
v -0.330877 -0.124559 -0.161973
v -0.372923 -0.354212 -0.243152
v -0.335742 -0.137644 -0.169777
v -0.334339 -0.171951 -0.124966
v -0.330877 -0.124559 -0.161973
v -0.372410 -0.353610 -0.246029
v -0.334915 -0.137239 -0.172585
v -0.333890 -0.171362 -0.127452
v -0.330194 -0.123535 -0.164332
v -0.373239 -0.352032 -0.249307
v -0.334970 -0.135857 -0.175690
v -0.334031 -0.170023 -0.130589
v -0.330197 -0.122176 -0.167427
v -0.373239 -0.352032 -0.249307
v -0.334970 -0.135857 -0.175690
v -0.334031 -0.170023 -0.130589
v -0.330197 -0.122176 -0.167427
v -0.373975 -0.350347 -0.252386
v -0.335312 -0.134377 -0.178372
v -0.334327 -0.168643 -0.133347
v -0.330507 -0.120719 -0.170088
v -0.373975 -0.350347 -0.252386
v -0.335312 -0.134377 -0.178372
v -0.334327 -0.168643 -0.133347
v -0.330507 -0.120719 -0.170088
v -0.373466 -0.346219 -0.259568
v -0.334477 -0.131554 -0.184677
v -0.334004 -0.166190 -0.140121
v -0.373466 -0.346219 -0.259568
v -0.334477 -0.131554 -0.184677
v -0.334004 -0.166190 -0.140121
v -0.373045 -0.341847 -0.266837
v -0.333819 -0.127797 -0.190328
v -0.333522 -0.162749 -0.146019
v -0.373045 -0.341847 -0.266837
v -0.333819 -0.127797 -0.190328
v -0.333522 -0.162749 -0.146019
v -0.371911 -0.338131 -0.274451
v -0.332167 -0.124384 -0.197361
v -0.332303 -0.159407 -0.153107
v -0.371911 -0.338131 -0.274451
v -0.332167 -0.124384 -0.197361
v -0.332303 -0.159407 -0.153107
v -0.371911 -0.338131 -0.274451
v -0.332167 -0.124384 -0.197361
v -0.332303 -0.159407 -0.153107
v -0.370752 -0.334830 -0.279752
v -0.331991 -0.157344 -0.159511
v -0.370752 -0.334830 -0.279752
v -0.331991 -0.157344 -0.159511
v -0.368669 -0.332507 -0.288525
v -0.330375 -0.155016 -0.168142
v -0.366330 -0.327947 -0.296658
v -0.328295 -0.151136 -0.175197
v -0.366330 -0.327947 -0.296658
v -0.328295 -0.151136 -0.175197
v -0.366330 -0.327947 -0.296658
v -0.328295 -0.151136 -0.175197
v -0.363971 -0.322785 -0.303806
v -0.326914 -0.147902 -0.181811
v -0.360738 -0.318309 -0.311727
v -0.324589 -0.144358 -0.188139
v -0.360738 -0.318309 -0.311727
v -0.324589 -0.144358 -0.188139
v -0.357623 -0.315690 -0.318439
v -0.322561 -0.142162 -0.193947
v -0.357623 -0.315690 -0.318439
v -0.322561 -0.142162 -0.193947
v -0.357623 -0.315690 -0.318439
v -0.322561 -0.142162 -0.193947
v -0.356246 -0.314506 -0.324046
v -0.366238 -0.299178 -0.435381
v -0.321907 -0.141187 -0.198936
v -0.352794 -0.313260 -0.330863
v -0.361797 -0.297728 -0.442255
v -0.320027 -0.140115 -0.205092
v -0.352794 -0.313260 -0.330863
v -0.361797 -0.297728 -0.442255
v -0.320027 -0.140115 -0.205092
v -0.349397 -0.311571 -0.337984
v -0.357245 -0.295944 -0.449450
v -0.317849 -0.138544 -0.211740
v -0.349397 -0.311571 -0.337984
v -0.357245 -0.295944 -0.449450
v -0.317849 -0.138544 -0.211740
v -0.349397 -0.311571 -0.337984
v -0.357245 -0.295944 -0.449450
v -0.317849 -0.138544 -0.211740
v -0.349070 -0.309433 -0.343891
v -0.355448 -0.291700 -0.453447
v -0.317938 -0.136823 -0.216858
v -0.322062 -0.161919 -0.188228
v -0.348438 -0.305381 -0.350371
v -0.354539 -0.286852 -0.459811
v -0.317829 -0.133675 -0.221993
v -0.322004 -0.158984 -0.193560
v -0.348438 -0.305381 -0.350371
v -0.354539 -0.286852 -0.459811
v -0.317829 -0.133675 -0.221993
v -0.322004 -0.158984 -0.193560
v -0.346717 -0.300910 -0.357858
v -0.352302 -0.281426 -0.467160
v -0.317117 -0.130283 -0.227813
v -0.321383 -0.155852 -0.199627
v -0.346717 -0.300910 -0.357858
v -0.352302 -0.281426 -0.467160
v -0.317117 -0.130283 -0.227813
v -0.321383 -0.155852 -0.199627
v -0.316607 -0.103684 -0.286062
v -0.344799 -0.299059 -0.364535
v -0.349576 -0.279009 -0.473544
v -0.316167 -0.128496 -0.233784
v -0.320446 -0.154263 -0.205548
v -0.318016 -0.141206 -0.219365
v -0.316607 -0.103684 -0.286062
v -0.344799 -0.299059 -0.364535
v -0.349576 -0.279009 -0.473544
v -0.316167 -0.128496 -0.233784
v -0.320446 -0.154263 -0.205548
v -0.318016 -0.141206 -0.219365
v -0.315832 -0.101847 -0.291210
v -0.343551 -0.297255 -0.369771
v -0.347924 -0.277221 -0.478800
v -0.315573 -0.126653 -0.238928
v -0.319939 -0.152422 -0.210706
v -0.317467 -0.139364 -0.224515
v -0.315832 -0.101847 -0.291210
v -0.343551 -0.297255 -0.369771
v -0.347924 -0.277221 -0.478800
v -0.315573 -0.126653 -0.238928
v -0.319939 -0.152422 -0.210706
v -0.317467 -0.139364 -0.224515
v -0.314027 -0.100287 -0.296836
v -0.341072 -0.295790 -0.375395
v -0.344679 -0.275868 -0.484473
v -0.314126 -0.125041 -0.244528
v -0.318679 -0.150783 -0.216313
v -0.316116 -0.137738 -0.230117
v -0.314027 -0.100287 -0.296836
v -0.341072 -0.295790 -0.375395
v -0.344679 -0.275868 -0.484473
v -0.314126 -0.125041 -0.244528
v -0.318679 -0.150783 -0.216313
v -0.316116 -0.137738 -0.230117
v -0.311776 -0.098082 -0.302114
v -0.338908 -0.293614 -0.380571
v -0.341622 -0.273852 -0.489703
v -0.312356 -0.122752 -0.249770
v -0.317211 -0.148433 -0.221550
v -0.314499 -0.135419 -0.235355
v -0.311947 -0.098344 -0.302284
v -0.339189 -0.294335 -0.381460
v -0.342044 -0.274399 -0.490037
v -0.316289 -0.087198 -0.262046
v -0.309941 -0.097054 -0.306348
v -0.337086 -0.293105 -0.385409
v -0.339302 -0.273312 -0.494027
v -0.314487 -0.085846 -0.266149
v -0.309941 -0.097054 -0.306348
v -0.337086 -0.293105 -0.385409
v -0.339302 -0.273312 -0.494027
v -0.314487 -0.085846 -0.266149
v -0.309941 -0.097054 -0.306348
v -0.337086 -0.293105 -0.385409
v -0.339302 -0.273312 -0.494027
v -0.314487 -0.085846 -0.266149
v -0.308542 -0.098788 -0.308758
v -0.335781 -0.295468 -0.386208
v -0.337693 -0.276602 -0.494997
v -0.313173 -0.087229 -0.268669
v -0.308542 -0.098788 -0.308758
v -0.335781 -0.295468 -0.386208
v -0.337693 -0.276602 -0.494997
v -0.313173 -0.087229 -0.268669
v -0.289795 -0.414044 -0.442851
v -0.286329 -0.336457 -0.400876
v -0.289591 -0.354718 -0.427681
v -0.260554 -0.191839 -0.277836
v -0.252537 -0.220658 -0.300020
v -0.289795 -0.414044 -0.442851
v -0.286329 -0.336457 -0.400876
v -0.289591 -0.354718 -0.427681
v -0.260554 -0.191839 -0.277836
v -0.252537 -0.220658 -0.300020
v -0.285082 -0.416863 -0.440242
v -0.281705 -0.339202 -0.398398
v -0.284971 -0.357513 -0.425169
v -0.256026 -0.194334 -0.275633
v -0.247987 -0.223173 -0.297782
v -0.285082 -0.416863 -0.440242
v -0.281705 -0.339202 -0.398398
v -0.284971 -0.357513 -0.425169
v -0.256026 -0.194334 -0.275633
v -0.247987 -0.223173 -0.297782
v -0.279098 -0.416541 -0.440534
v -0.275821 -0.339005 -0.398450
v -0.279029 -0.357237 -0.425282
v -0.250425 -0.194503 -0.275196
v -0.242334 -0.223275 -0.297415
v -0.273429 -0.329960 -0.346879
v -0.272317 -0.356014 -0.425663
v -0.273429 -0.329960 -0.346879
v -0.272317 -0.356014 -0.425663
v -0.268360 -0.329276 -0.344769
v -0.267133 -0.355347 -0.423546
v -0.268360 -0.329276 -0.344769
v -0.267133 -0.355347 -0.423546
v -0.262603 -0.329888 -0.345328
v -0.261085 -0.356116 -0.424047
v -0.262603 -0.329888 -0.345328
v -0.261085 -0.356116 -0.424047
v -0.254351 -0.330073 -0.344939
v -0.254351 -0.330073 -0.344939
v -0.254351 -0.330073 -0.344939
v -0.249179 -0.331841 -0.344867
v -0.249179 -0.331841 -0.344867
v -0.241839 -0.333385 -0.346524
v -0.204027 -0.316371 -0.200618
v -0.205835 -0.264459 -0.229115
v -0.204027 -0.316371 -0.200618
v -0.205835 -0.264459 -0.229115
v -0.197477 -0.316600 -0.202685
v -0.198941 -0.264629 -0.231095
v -0.197477 -0.316600 -0.202685
v -0.198941 -0.264629 -0.231095
v -0.191891 -0.317813 -0.203572
v -0.193341 -0.265815 -0.231933
v -0.191891 -0.317813 -0.203572
v -0.193341 -0.265815 -0.231933
v -0.184835 -0.319114 -0.205957
v -0.185925 -0.267142 -0.234381
v -0.184835 -0.319114 -0.205957
v -0.185925 -0.267142 -0.234381
v -0.179054 -0.269732 -0.235595
v -0.203927 -0.371844 -0.342085
v -0.179054 -0.269732 -0.235595
v -0.203927 -0.371844 -0.342085
v -0.172518 -0.272237 -0.237369
v -0.196369 -0.374849 -0.343611
v -0.172518 -0.272237 -0.237369
v -0.196369 -0.374849 -0.343611
v -0.392140 -0.189376 -0.148583
v -0.392140 -0.189376 -0.148583
v -0.386371 -0.191131 -0.155308
v -0.386371 -0.191131 -0.155308
v -0.381008 -0.193579 -0.161169
v -0.381008 -0.193579 -0.161169
v -0.374081 -0.196039 -0.164242
v -0.374081 -0.196039 -0.164242
v -0.369561 -0.198530 -0.167997
v -0.369561 -0.198530 -0.167997
v -0.365017 -0.199514 -0.172920
v -0.365017 -0.199514 -0.172920
v -0.360403 -0.200941 -0.175536
v -0.360403 -0.200941 -0.175536
v -0.354868 -0.202259 -0.178958
v -0.354868 -0.202259 -0.178958
v -0.349575 -0.203639 -0.184021
v -0.349575 -0.203639 -0.184021
v -0.093509 -0.512533 -0.241457
v -0.093509 -0.512533 -0.241457
v -0.090452 -0.511617 -0.243614
v -0.090452 -0.511617 -0.243614
v -0.085587 -0.511571 -0.246188
v -0.085587 -0.511571 -0.246188
v -0.079368 -0.511071 -0.250060
v -0.079368 -0.511071 -0.250060
v -0.077006 -0.509673 -0.252932
v -0.077006 -0.509673 -0.252932
v -0.075591 -0.509700 -0.253630
v -0.075591 -0.509700 -0.253630
v -0.075092 -0.509601 -0.254391
v -0.075092 -0.509601 -0.254391
v -0.072986 -0.509583 -0.256414
v -0.072986 -0.509583 -0.256414
v -0.071794 -0.510251 -0.257083
v -0.071794 -0.510251 -0.257083
v -0.073328 -0.510648 -0.255699
v -0.073328 -0.510648 -0.255699
v -0.073470 -0.510648 -0.256201
v -0.073470 -0.510648 -0.256201
v -0.075014 -0.509643 -0.256865
v -0.075014 -0.509643 -0.256865
v -0.077001 -0.507994 -0.257392
v -0.077001 -0.507994 -0.257392

# Texture Coordinates (placeholder)
vt 0.0 0.0
vt 0.0 0.0
vt 0.0 0.0
vt 0.0 0.0
vt 0.0 0.0
vt 0.0 0.0
vt 0.0 0.0
vt 0.0 0.0
vt 0.0 0.0
vt 0.0 0.0
vt 0.0 0.0
vt 0.0 0.0
vt 0.0 0.0
vt 0.0 0.0
vt 0.0 0.0
vt 0.0 0.0
vt 0.0 0.0
vt 0.0 0.0
vt 0.0 0.0
vt 0.0 0.0
vt 0.0 0.0
vt 0.0 0.0
vt 0.0 0.0
vt 0.0 0.0
vt 0.0 0.0
vt 0.0 0.0
vt 0.0 0.0
vt 0.0 0.0
vt 0.0 0.0
vt 0.0 0.0
vt 0.0 0.0
vt 0.0 0.0
vt 0.0 0.0
vt 0.0 0.0
vt 0.0 0.0
vt 0.0 0.0
vt 0.0 0.0
vt 0.0 0.0
vt 0.0 0.0
vt 0.0 0.0
vt 0.0 0.0
vt 0.0 0.0
vt 0.0 0.0
vt 0.0 0.0
vt 0.0 0.0
vt 0.0 0.0
vt 0.0 0.0
vt 0.0 0.0
vt 0.0 0.0
vt 0.0 0.0
vt 0.0 0.0
vt 0.0 0.0
vt 0.0 0.0
vt 0.0 0.0
vt 0.0 0.0
vt 0.0 0.0
vt 0.0 0.0
vt 0.0 0.0
vt 0.0 0.0
vt 0.0 0.0
vt 0.0 0.0
vt 0.0 0.0
vt 0.0 0.0
vt 0.0 0.0
vt 0.0 0.0
vt 0.0 0.0
vt 0.0 0.0
vt 0.0 0.0
vt 0.0 0.0
vt 0.0 0.0
vt 0.0 0.0
vt 0.0 0.0
vt 0.0 0.0
vt 0.0 0.0
vt 0.0 0.0
vt 0.0 0.0
vt 0.0 0.0
vt 0.0 0.0
vt 0.0 0.0
vt 0.0 0.0
vt 0.0 0.0
vt 0.0 0.0
vt 0.0 0.0
vt 0.0 0.0
vt 0.0 0.0
vt 0.0 0.0
vt 0.0 0.0
vt 0.0 0.0
vt 0.0 0.0
vt 0.0 0.0
vt 0.0 0.0
vt 0.0 0.0
vt 0.0 0.0
vt 0.0 0.0
vt 0.0 0.0
vt 0.0 0.0
vt 0.0 0.0
vt 0.0 0.0
vt 0.0 0.0
vt 0.0 0.0
vt 0.0 0.0
vt 0.0 0.0
vt 0.0 0.0
vt 0.0 0.0
vt 0.0 0.0
vt 0.0 0.0
vt 0.0 0.0
vt 0.0 0.0
vt 0.0 0.0
vt 0.0 0.0
vt 0.0 0.0
vt 0.0 0.0
vt 0.0 0.0
vt 0.0 0.0
vt 0.0 0.0
vt 0.0 0.0
vt 0.0 0.0
vt 0.0 0.0
vt 0.0 0.0
vt 0.0 0.0
vt 0.0 0.0
vt 0.0 0.0
vt 0.0 0.0
vt 0.0 0.0
vt 0.0 0.0
vt 0.0 0.0
vt 0.0 0.0
vt 0.0 0.0
vt 0.0 0.0
vt 0.0 0.0
vt 0.0 0.0
vt 0.0 0.0
vt 0.0 0.0
vt 0.0 0.0
vt 0.0 0.0
vt 0.0 0.0
vt 0.0 0.0
vt 0.0 0.0
vt 0.0 0.0
vt 0.0 0.0
vt 0.0 0.0
vt 0.0 0.0
vt 0.0 0.0
vt 0.0 0.0
vt 0.0 0.0
vt 0.0 0.0
vt 0.0 0.0
vt 0.0 0.0
vt 0.0 0.0
vt 0.0 0.0
vt 0.0 0.0
vt 0.0 0.0
vt 0.0 0.0
vt 0.0 0.0
vt 0.0 0.0
vt 0.0 0.0
vt 0.0 0.0
vt 0.0 0.0
vt 0.0 0.0
vt 0.0 0.0
vt 0.0 0.0
vt 0.0 0.0
vt 0.0 0.0
vt 0.0 0.0
vt 0.0 0.0
vt 0.0 0.0
vt 0.0 0.0
vt 0.0 0.0
vt 0.0 0.0
vt 0.0 0.0
vt 0.0 0.0
vt 0.0 0.0
vt 0.0 0.0
vt 0.0 0.0
vt 0.0 0.0
vt 0.0 0.0
vt 0.0 0.0
vt 0.0 0.0
vt 0.0 0.0
vt 0.0 0.0
vt 0.0 0.0
vt 0.0 0.0
vt 0.0 0.0
vt 0.0 0.0
vt 0.0 0.0
vt 0.0 0.0
vt 0.0 0.0
vt 0.0 0.0
vt 0.0 0.0
vt 0.0 0.0
vt 0.0 0.0
vt 0.0 0.0
vt 0.0 0.0
vt 0.0 0.0
vt 0.0 0.0
vt 0.0 0.0
vt 0.0 0.0
vt 0.0 0.0
vt 0.0 0.0
vt 0.0 0.0
vt 0.0 0.0
vt 0.0 0.0
vt 0.0 0.0
vt 0.0 0.0
vt 0.0 0.0
vt 0.0 0.0
vt 0.0 0.0
vt 0.0 0.0
vt 0.0 0.0
vt 0.0 0.0
vt 0.0 0.0
vt 0.0 0.0
vt 0.0 0.0
vt 0.0 0.0
vt 0.0 0.0
vt 0.0 0.0
vt 0.0 0.0
vt 0.0 0.0
vt 0.0 0.0
vt 0.0 0.0
vt 0.0 0.0
vt 0.0 0.0
vt 0.0 0.0
vt 0.0 0.0
vt 0.0 0.0
vt 0.0 0.0
vt 0.0 0.0
vt 0.0 0.0
vt 0.0 0.0
vt 0.0 0.0
vt 0.0 0.0
vt 0.0 0.0
vt 0.0 0.0
vt 0.0 0.0
vt 0.0 0.0
vt 0.0 0.0
vt 0.0 0.0
vt 0.0 0.0
vt 0.0 0.0
vt 0.0 0.0
vt 0.0 0.0
vt 0.0 0.0
vt 0.0 0.0
vt 0.0 0.0
vt 0.0 0.0
vt 0.0 0.0
vt 0.0 0.0
vt 0.0 0.0
vt 0.0 0.0
vt 0.0 0.0
vt 0.0 0.0
vt 0.0 0.0
vt 0.0 0.0
vt 0.0 0.0
vt 0.0 0.0
vt 0.0 0.0
vt 0.0 0.0
vt 0.0 0.0
vt 0.0 0.0
vt 0.0 0.0
vt 0.0 0.0
vt 0.0 0.0
vt 0.0 0.0
vt 0.0 0.0
vt 0.0 0.0
vt 0.0 0.0
vt 0.0 0.0
vt 0.0 0.0
vt 0.0 0.0
vt 0.0 0.0
vt 0.0 0.0
vt 0.0 0.0
vt 0.0 0.0
vt 0.0 0.0
vt 0.0 0.0
vt 0.0 0.0
vt 0.0 0.0
vt 0.0 0.0
vt 0.0 0.0
vt 0.0 0.0
vt 0.0 0.0
vt 0.0 0.0
vt 0.0 0.0
vt 0.0 0.0
vt 0.0 0.0
vt 0.0 0.0
vt 0.0 0.0
vt 0.0 0.0
vt 0.0 0.0
vt 0.0 0.0
vt 0.0 0.0
vt 0.0 0.0
vt 0.0 0.0
vt 0.0 0.0
vt 0.0 0.0
vt 0.0 0.0
vt 0.0 0.0
vt 0.0 0.0
vt 0.0 0.0
vt 0.0 0.0
vt 0.0 0.0
vt 0.0 0.0
vt 0.0 0.0
vt 0.0 0.0
vt 0.0 0.0
vt 0.0 0.0
vt 0.0 0.0
vt 0.0 0.0
vt 0.0 0.0
vt 0.0 0.0
vt 0.0 0.0
vt 0.0 0.0
vt 0.0 0.0
vt 0.0 0.0
vt 0.0 0.0
vt 0.0 0.0
vt 0.0 0.0
vt 0.0 0.0
vt 0.0 0.0
vt 0.0 0.0
vt 0.0 0.0
vt 0.0 0.0
vt 0.0 0.0
vt 0.0 0.0
vt 0.0 0.0
vt 0.0 0.0
vt 0.0 0.0
vt 0.0 0.0
vt 0.0 0.0
vt 0.0 0.0
vt 0.0 0.0
vt 0.0 0.0
vt 0.0 0.0
vt 0.0 0.0
vt 0.0 0.0
vt 0.0 0.0
vt 0.0 0.0
vt 0.0 0.0
vt 0.0 0.0
vt 0.0 0.0
vt 0.0 0.0
vt 0.0 0.0
vt 0.0 0.0
vt 0.0 0.0
vt 0.0 0.0
vt 0.0 0.0
vt 0.0 0.0
vt 0.0 0.0
vt 0.0 0.0
vt 0.0 0.0
vt 0.0 0.0
vt 0.0 0.0
vt 0.0 0.0
vt 0.0 0.0
vt 0.0 0.0
vt 0.0 0.0
vt 0.0 0.0
vt 0.0 0.0
vt 0.0 0.0
vt 0.0 0.0
vt 0.0 0.0
vt 0.0 0.0
vt 0.0 0.0
vt 0.0 0.0
vt 0.0 0.0
vt 0.0 0.0
vt 0.0 0.0
vt 0.0 0.0
vt 0.0 0.0
vt 0.0 0.0
vt 0.0 0.0
vt 0.0 0.0
vt 0.0 0.0
vt 0.0 0.0
vt 0.0 0.0
vt 0.0 0.0
vt 0.0 0.0
vt 0.0 0.0
vt 0.0 0.0
vt 0.0 0.0
vt 0.0 0.0
vt 0.0 0.0
vt 0.0 0.0
vt 0.0 0.0
vt 0.0 0.0
vt 0.0 0.0
vt 0.0 0.0
vt 0.0 0.0
vt 0.0 0.0
vt 0.0 0.0
vt 0.0 0.0
vt 0.0 0.0
vt 0.0 0.0
vt 0.0 0.0
vt 0.0 0.0
vt 0.0 0.0
vt 0.0 0.0
vt 0.0 0.0
vt 0.0 0.0
vt 0.0 0.0
vt 0.0 0.0
vt 0.0 0.0
vt 0.0 0.0
vt 0.0 0.0
vt 0.0 0.0
vt 0.0 0.0
vt 0.0 0.0
vt 0.0 0.0
vt 0.0 0.0
vt 0.0 0.0
vt 0.0 0.0
vt 0.0 0.0
vt 0.0 0.0
vt 0.0 0.0
vt 0.0 0.0
vt 0.0 0.0
vt 0.0 0.0
vt 0.0 0.0
vt 0.0 0.0
vt 0.0 0.0
vt 0.0 0.0
vt 0.0 0.0
vt 0.0 0.0
vt 0.0 0.0
vt 0.0 0.0
vt 0.0 0.0
vt 0.0 0.0
vt 0.0 0.0
vt 0.0 0.0
vt 0.0 0.0
vt 0.0 0.0
vt 0.0 0.0
vt 0.0 0.0
vt 0.0 0.0
vt 0.0 0.0
vt 0.0 0.0
vt 0.0 0.0
vt 0.0 0.0
vt 0.0 0.0
vt 0.0 0.0
vt 0.0 0.0
vt 0.0 0.0
vt 0.0 0.0
vt 0.0 0.0
vt 0.0 0.0
vt 0.0 0.0
vt 0.0 0.0
vt 0.0 0.0
vt 0.0 0.0
vt 0.0 0.0
vt 0.0 0.0
vt 0.0 0.0
vt 0.0 0.0
vt 0.0 0.0
vt 0.0 0.0
vt 0.0 0.0
vt 0.0 0.0
vt 0.0 0.0
vt 0.0 0.0
vt 0.0 0.0
vt 0.0 0.0
vt 0.0 0.0
vt 0.0 0.0
vt 0.0 0.0
vt 0.0 0.0
vt 0.0 0.0
vt 0.0 0.0
vt 0.0 0.0
vt 0.0 0.0
vt 0.0 0.0
vt 0.0 0.0
vt 0.0 0.0
vt 0.0 0.0
vt 0.0 0.0
vt 0.0 0.0
vt 0.0 0.0
vt 0.0 0.0
vt 0.0 0.0
vt 0.0 0.0
vt 0.0 0.0
vt 0.0 0.0
vt 0.0 0.0
vt 0.0 0.0
vt 0.0 0.0
vt 0.0 0.0
vt 0.0 0.0
vt 0.0 0.0
vt 0.0 0.0
vt 0.0 0.0
vt 0.0 0.0
vt 0.0 0.0
vt 0.0 0.0
vt 0.0 0.0
vt 0.0 0.0
vt 0.0 0.0
vt 0.0 0.0
vt 0.0 0.0
vt 0.0 0.0
vt 0.0 0.0
vt 0.0 0.0
vt 0.0 0.0
vt 0.0 0.0
vt 0.0 0.0
vt 0.0 0.0
vt 0.0 0.0
vt 0.0 0.0
vt 0.0 0.0
vt 0.0 0.0
vt 0.0 0.0
vt 0.0 0.0
vt 0.0 0.0
vt 0.0 0.0
vt 0.0 0.0
vt 0.0 0.0
vt 0.0 0.0
vt 0.0 0.0
vt 0.0 0.0
vt 0.0 0.0
vt 0.0 0.0
vt 0.0 0.0
vt 0.0 0.0
vt 0.0 0.0
vt 0.0 0.0
vt 0.0 0.0
vt 0.0 0.0
vt 0.0 0.0
vt 0.0 0.0
vt 0.0 0.0
vt 0.0 0.0
vt 0.0 0.0
vt 0.0 0.0
vt 0.0 0.0
vt 0.0 0.0
vt 0.0 0.0
vt 0.0 0.0
vt 0.0 0.0
vt 0.0 0.0
vt 0.0 0.0
vt 0.0 0.0
vt 0.0 0.0
vt 0.0 0.0
vt 0.0 0.0
vt 0.0 0.0
vt 0.0 0.0
vt 0.0 0.0
vt 0.0 0.0
vt 0.0 0.0
vt 0.0 0.0
vt 0.0 0.0
vt 0.0 0.0
vt 0.0 0.0
vt 0.0 0.0
vt 0.0 0.0
vt 0.0 0.0
vt 0.0 0.0
vt 0.0 0.0
vt 0.0 0.0
vt 0.0 0.0
vt 0.0 0.0
vt 0.0 0.0
vt 0.0 0.0
vt 0.0 0.0
vt 0.0 0.0
vt 0.0 0.0
vt 0.0 0.0
vt 0.0 0.0
vt 0.0 0.0
vt 0.0 0.0
vt 0.0 0.0
vt 0.0 0.0
vt 0.0 0.0
vt 0.0 0.0
vt 0.0 0.0
vt 0.0 0.0
vt 0.0 0.0
vt 0.0 0.0
vt 0.0 0.0
vt 0.0 0.0
vt 0.0 0.0
vt 0.0 0.0
vt 0.0 0.0
vt 0.0 0.0
vt 0.0 0.0
vt 0.0 0.0
vt 0.0 0.0
vt 0.0 0.0
vt 0.0 0.0
vt 0.0 0.0
vt 0.0 0.0
vt 0.0 0.0
vt 0.0 0.0
vt 0.0 0.0
vt 0.0 0.0
vt 0.0 0.0
vt 0.0 0.0
vt 0.0 0.0
vt 0.0 0.0
vt 0.0 0.0
vt 0.0 0.0
vt 0.0 0.0
vt 0.0 0.0
vt 0.0 0.0
vt 0.0 0.0
vt 0.0 0.0
vt 0.0 0.0
vt 0.0 0.0
vt 0.0 0.0
vt 0.0 0.0
vt 0.0 0.0
vt 0.0 0.0
vt 0.0 0.0
vt 0.0 0.0
vt 0.0 0.0
vt 0.0 0.0
vt 0.0 0.0
vt 0.0 0.0
vt 0.0 0.0
vt 0.0 0.0
vt 0.0 0.0
vt 0.0 0.0
vt 0.0 0.0
vt 0.0 0.0
vt 0.0 0.0
vt 0.0 0.0
vt 0.0 0.0
vt 0.0 0.0
vt 0.0 0.0
vt 0.0 0.0
vt 0.0 0.0
vt 0.0 0.0
vt 0.0 0.0
vt 0.0 0.0
vt 0.0 0.0
vt 0.0 0.0
vt 0.0 0.0
vt 0.0 0.0
vt 0.0 0.0
vt 0.0 0.0
vt 0.0 0.0
vt 0.0 0.0
vt 0.0 0.0
vt 0.0 0.0
vt 0.0 0.0
vt 0.0 0.0
vt 0.0 0.0
vt 0.0 0.0
vt 0.0 0.0
vt 0.0 0.0
vt 0.0 0.0
vt 0.0 0.0
vt 0.0 0.0
vt 0.0 0.0
vt 0.0 0.0
vt 0.0 0.0
vt 0.0 0.0
vt 0.0 0.0
vt 0.0 0.0
vt 0.0 0.0
vt 0.0 0.0
vt 0.0 0.0
vt 0.0 0.0
vt 0.0 0.0
vt 0.0 0.0
vt 0.0 0.0
vt 0.0 0.0
vt 0.0 0.0
vt 0.0 0.0
vt 0.0 0.0
vt 0.0 0.0
vt 0.0 0.0
vt 0.0 0.0
vt 0.0 0.0
vt 0.0 0.0
vt 0.0 0.0
vt 0.0 0.0
vt 0.0 0.0
vt 0.0 0.0
vt 0.0 0.0
vt 0.0 0.0
vt 0.0 0.0
vt 0.0 0.0
vt 0.0 0.0
vt 0.0 0.0
vt 0.0 0.0
vt 0.0 0.0
vt 0.0 0.0
vt 0.0 0.0
vt 0.0 0.0
vt 0.0 0.0
vt 0.0 0.0
vt 0.0 0.0
vt 0.0 0.0
vt 0.0 0.0
vt 0.0 0.0
vt 0.0 0.0
vt 0.0 0.0
vt 0.0 0.0
vt 0.0 0.0
vt 0.0 0.0
vt 0.0 0.0
vt 0.0 0.0
vt 0.0 0.0
vt 0.0 0.0
vt 0.0 0.0
vt 0.0 0.0
vt 0.0 0.0
vt 0.0 0.0
vt 0.0 0.0
vt 0.0 0.0
vt 0.0 0.0
vt 0.0 0.0
vt 0.0 0.0
vt 0.0 0.0
vt 0.0 0.0
vt 0.0 0.0
vt 0.0 0.0
vt 0.0 0.0
vt 0.0 0.0
vt 0.0 0.0
vt 0.0 0.0
vt 0.0 0.0
vt 0.0 0.0
vt 0.0 0.0
vt 0.0 0.0
vt 0.0 0.0
vt 0.0 0.0
vt 0.0 0.0
vt 0.0 0.0
vt 0.0 0.0
vt 0.0 0.0
vt 0.0 0.0
vt 0.0 0.0
vt 0.0 0.0
vt 0.0 0.0
vt 0.0 0.0
vt 0.0 0.0
vt 0.0 0.0
vt 0.0 0.0
vt 0.0 0.0
vt 0.0 0.0
vt 0.0 0.0
vt 0.0 0.0
vt 0.0 0.0
vt 0.0 0.0
vt 0.0 0.0
vt 0.0 0.0
vt 0.0 0.0
vt 0.0 0.0
vt 0.0 0.0
vt 0.0 0.0
vt 0.0 0.0
vt 0.0 0.0
vt 0.0 0.0
vt 0.0 0.0
vt 0.0 0.0
vt 0.0 0.0
vt 0.0 0.0
vt 0.0 0.0
vt 0.0 0.0
vt 0.0 0.0
vt 0.0 0.0
vt 0.0 0.0
vt 0.0 0.0
vt 0.0 0.0
vt 0.0 0.0
vt 0.0 0.0
vt 0.0 0.0
vt 0.0 0.0
vt 0.0 0.0
vt 0.0 0.0
vt 0.0 0.0
vt 0.0 0.0
vt 0.0 0.0
vt 0.0 0.0
vt 0.0 0.0
vt 0.0 0.0
vt 0.0 0.0
vt 0.0 0.0
vt 0.0 0.0
vt 0.0 0.0
vt 0.0 0.0
vt 0.0 0.0
vt 0.0 0.0
vt 0.0 0.0
vt 0.0 0.0
vt 0.0 0.0
vt 0.0 0.0
vt 0.0 0.0
vt 0.0 0.0
vt 0.0 0.0
vt 0.0 0.0
vt 0.0 0.0
vt 0.0 0.0
vt 0.0 0.0
vt 0.0 0.0
vt 0.0 0.0
vt 0.0 0.0
vt 0.0 0.0
vt 0.0 0.0
vt 0.0 0.0
vt 0.0 0.0
vt 0.0 0.0
vt 0.0 0.0
vt 0.0 0.0
vt 0.0 0.0
vt 0.0 0.0
vt 0.0 0.0
vt 0.0 0.0
vt 0.0 0.0
vt 0.0 0.0
vt 0.0 0.0
vt 0.0 0.0
vt 0.0 0.0
vt 0.0 0.0
vt 0.0 0.0
vt 0.0 0.0
vt 0.0 0.0
vt 0.0 0.0
vt 0.0 0.0
vt 0.0 0.0
vt 0.0 0.0
vt 0.0 0.0
vt 0.0 0.0
vt 0.0 0.0
vt 0.0 0.0
vt 0.0 0.0
vt 0.0 0.0
vt 0.0 0.0
vt 0.0 0.0
vt 0.0 0.0
vt 0.0 0.0
vt 0.0 0.0
vt 0.0 0.0
vt 0.0 0.0
vt 0.0 0.0
vt 0.0 0.0
vt 0.0 0.0
vt 0.0 0.0
vt 0.0 0.0
vt 0.0 0.0
vt 0.0 0.0
vt 0.0 0.0
vt 0.0 0.0
vt 0.0 0.0
vt 0.0 0.0
vt 0.0 0.0
vt 0.0 0.0
vt 0.0 0.0
vt 0.0 0.0
vt 0.0 0.0
vt 0.0 0.0
vt 0.0 0.0
vt 0.0 0.0
vt 0.0 0.0
vt 0.0 0.0
vt 0.0 0.0
vt 0.0 0.0
vt 0.0 0.0
vt 0.0 0.0
vt 0.0 0.0
vt 0.0 0.0
vt 0.0 0.0
vt 0.0 0.0
vt 0.0 0.0
vt 0.0 0.0
vt 0.0 0.0
vt 0.0 0.0
vt 0.0 0.0
vt 0.0 0.0
vt 0.0 0.0
vt 0.0 0.0
vt 0.0 0.0
vt 0.0 0.0
vt 0.0 0.0
vt 0.0 0.0
vt 0.0 0.0
vt 0.0 0.0
vt 0.0 0.0
vt 0.0 0.0
vt 0.0 0.0
vt 0.0 0.0
vt 0.0 0.0
vt 0.0 0.0
vt 0.0 0.0
vt 0.0 0.0
vt 0.0 0.0
vt 0.0 0.0
vt 0.0 0.0
vt 0.0 0.0
vt 0.0 0.0
vt 0.0 0.0
vt 0.0 0.0
vt 0.0 0.0
vt 0.0 0.0
vt 0.0 0.0
vt 0.0 0.0
vt 0.0 0.0
vt 0.0 0.0
vt 0.0 0.0
vt 0.0 0.0
vt 0.0 0.0
vt 0.0 0.0
vt 0.0 0.0
vt 0.0 0.0
vt 0.0 0.0
vt 0.0 0.0
vt 0.0 0.0
vt 0.0 0.0
vt 0.0 0.0
vt 0.0 0.0
vt 0.0 0.0
vt 0.0 0.0
vt 0.0 0.0
vt 0.0 0.0
vt 0.0 0.0
vt 0.0 0.0
vt 0.0 0.0
vt 0.0 0.0
vt 0.0 0.0
vt 0.0 0.0
vt 0.0 0.0
vt 0.0 0.0
vt 0.0 0.0
vt 0.0 0.0
vt 0.0 0.0
vt 0.0 0.0
vt 0.0 0.0
vt 0.0 0.0
vt 0.0 0.0
vt 0.0 0.0
vt 0.0 0.0
vt 0.0 0.0
vt 0.0 0.0
vt 0.0 0.0
vt 0.0 0.0
vt 0.0 0.0
vt 0.0 0.0
vt 0.0 0.0
vt 0.0 0.0
vt 0.0 0.0
vt 0.0 0.0
vt 0.0 0.0
vt 0.0 0.0
vt 0.0 0.0
vt 0.0 0.0
vt 0.0 0.0
vt 0.0 0.0
vt 0.0 0.0
vt 0.0 0.0
vt 0.0 0.0
vt 0.0 0.0
vt 0.0 0.0
vt 0.0 0.0
vt 0.0 0.0
vt 0.0 0.0
vt 0.0 0.0
vt 0.0 0.0
vt 0.0 0.0
vt 0.0 0.0
vt 0.0 0.0
vt 0.0 0.0
vt 0.0 0.0
vt 0.0 0.0
vt 0.0 0.0
vt 0.0 0.0
vt 0.0 0.0
vt 0.0 0.0
vt 0.0 0.0
vt 0.0 0.0
vt 0.0 0.0
vt 0.0 0.0
vt 0.0 0.0
vt 0.0 0.0
vt 0.0 0.0
vt 0.0 0.0
vt 0.0 0.0
vt 0.0 0.0
vt 0.0 0.0
vt 0.0 0.0
vt 0.0 0.0
vt 0.0 0.0
vt 0.0 0.0
vt 0.0 0.0
vt 0.0 0.0
vt 0.0 0.0
vt 0.0 0.0
vt 0.0 0.0
vt 0.0 0.0
vt 0.0 0.0
vt 0.0 0.0
vt 0.0 0.0
vt 0.0 0.0
vt 0.0 0.0
vt 0.0 0.0
vt 0.0 0.0
vt 0.0 0.0
vt 0.0 0.0
vt 0.0 0.0
vt 0.0 0.0
vt 0.0 0.0
vt 0.0 0.0
vt 0.0 0.0
vt 0.0 0.0
vt 0.0 0.0
vt 0.0 0.0
vt 0.0 0.0
vt 0.0 0.0
vt 0.0 0.0
vt 0.0 0.0
vt 0.0 0.0
vt 0.0 0.0
vt 0.0 0.0
vt 0.0 0.0
vt 0.0 0.0
vt 0.0 0.0
vt 0.0 0.0
vt 0.0 0.0
vt 0.0 0.0
vt 0.0 0.0
vt 0.0 0.0
vt 0.0 0.0
vt 0.0 0.0
vt 0.0 0.0
vt 0.0 0.0
vt 0.0 0.0
vt 0.0 0.0
vt 0.0 0.0
vt 0.0 0.0
vt 0.0 0.0
vt 0.0 0.0
vt 0.0 0.0
vt 0.0 0.0
vt 0.0 0.0
vt 0.0 0.0
vt 0.0 0.0
vt 0.0 0.0
vt 0.0 0.0
vt 0.0 0.0
vt 0.0 0.0
vt 0.0 0.0
vt 0.0 0.0
vt 0.0 0.0
vt 0.0 0.0
vt 0.0 0.0
vt 0.0 0.0
vt 0.0 0.0
vt 0.0 0.0
vt 0.0 0.0
vt 0.0 0.0
vt 0.0 0.0
vt 0.0 0.0
vt 0.0 0.0
vt 0.0 0.0
vt 0.0 0.0
vt 0.0 0.0
vt 0.0 0.0
vt 0.0 0.0
vt 0.0 0.0
vt 0.0 0.0
vt 0.0 0.0
vt 0.0 0.0
vt 0.0 0.0
vt 0.0 0.0
vt 0.0 0.0
vt 0.0 0.0
vt 0.0 0.0
vt 0.0 0.0
vt 0.0 0.0
vt 0.0 0.0
vt 0.0 0.0
vt 0.0 0.0
vt 0.0 0.0
vt 0.0 0.0
vt 0.0 0.0
vt 0.0 0.0
vt 0.0 0.0
vt 0.0 0.0
vt 0.0 0.0
vt 0.0 0.0
vt 0.0 0.0
vt 0.0 0.0
vt 0.0 0.0
vt 0.0 0.0
vt 0.0 0.0
vt 0.0 0.0
vt 0.0 0.0
vt 0.0 0.0
vt 0.0 0.0
vt 0.0 0.0
vt 0.0 0.0
vt 0.0 0.0
vt 0.0 0.0
vt 0.0 0.0
vt 0.0 0.0
vt 0.0 0.0
vt 0.0 0.0
vt 0.0 0.0
vt 0.0 0.0
vt 0.0 0.0
vt 0.0 0.0
vt 0.0 0.0
vt 0.0 0.0
vt 0.0 0.0
vt 0.0 0.0
vt 0.0 0.0
vt 0.0 0.0
vt 0.0 0.0
vt 0.0 0.0
vt 0.0 0.0
vt 0.0 0.0
vt 0.0 0.0
vt 0.0 0.0
vt 0.0 0.0
vt 0.0 0.0
vt 0.0 0.0
vt 0.0 0.0
vt 0.0 0.0
vt 0.0 0.0
vt 0.0 0.0
vt 0.0 0.0
vt 0.0 0.0
vt 0.0 0.0
vt 0.0 0.0
vt 0.0 0.0
vt 0.0 0.0
vt 0.0 0.0
vt 0.0 0.0
vt 0.0 0.0
vt 0.0 0.0
vt 0.0 0.0
vt 0.0 0.0
vt 0.0 0.0
vt 0.0 0.0
vt 0.0 0.0
vt 0.0 0.0
vt 0.0 0.0
vt 0.0 0.0
vt 0.0 0.0
vt 0.0 0.0
vt 0.0 0.0
vt 0.0 0.0
vt 0.0 0.0
vt 0.0 0.0
vt 0.0 0.0
vt 0.0 0.0
vt 0.0 0.0
vt 0.0 0.0
vt 0.0 0.0
vt 0.0 0.0
vt 0.0 0.0
vt 0.0 0.0
vt 0.0 0.0
vt 0.0 0.0
vt 0.0 0.0
vt 0.0 0.0
vt 0.0 0.0
vt 0.0 0.0
vt 0.0 0.0
vt 0.0 0.0
vt 0.0 0.0
vt 0.0 0.0
vt 0.0 0.0
vt 0.0 0.0
vt 0.0 0.0
vt 0.0 0.0
vt 0.0 0.0
vt 0.0 0.0
vt 0.0 0.0
vt 0.0 0.0
vt 0.0 0.0
vt 0.0 0.0
vt 0.0 0.0
vt 0.0 0.0
vt 0.0 0.0
vt 0.0 0.0
vt 0.0 0.0
vt 0.0 0.0
vt 0.0 0.0
vt 0.0 0.0
vt 0.0 0.0
vt 0.0 0.0
vt 0.0 0.0
vt 0.0 0.0
vt 0.0 0.0
vt 0.0 0.0
vt 0.0 0.0
vt 0.0 0.0
vt 0.0 0.0
vt 0.0 0.0
vt 0.0 0.0
vt 0.0 0.0
vt 0.0 0.0
vt 0.0 0.0
vt 0.0 0.0
vt 0.0 0.0
vt 0.0 0.0
vt 0.0 0.0
vt 0.0 0.0
vt 0.0 0.0
vt 0.0 0.0
vt 0.0 0.0
vt 0.0 0.0
vt 0.0 0.0
vt 0.0 0.0
vt 0.0 0.0
vt 0.0 0.0
vt 0.0 0.0
vt 0.0 0.0
vt 0.0 0.0
vt 0.0 0.0
vt 0.0 0.0
vt 0.0 0.0
vt 0.0 0.0
vt 0.0 0.0
vt 0.0 0.0
vt 0.0 0.0
vt 0.0 0.0
vt 0.0 0.0
vt 0.0 0.0
vt 0.0 0.0
vt 0.0 0.0
vt 0.0 0.0
vt 0.0 0.0
vt 0.0 0.0
vt 0.0 0.0
vt 0.0 0.0
vt 0.0 0.0
vt 0.0 0.0
vt 0.0 0.0
vt 0.0 0.0
vt 0.0 0.0
vt 0.0 0.0
vt 0.0 0.0
vt 0.0 0.0
vt 0.0 0.0
vt 0.0 0.0
vt 0.0 0.0
vt 0.0 0.0
vt 0.0 0.0
vt 0.0 0.0
vt 0.0 0.0
vt 0.0 0.0
vt 0.0 0.0
vt 0.0 0.0
vt 0.0 0.0
vt 0.0 0.0
vt 0.0 0.0
vt 0.0 0.0
vt 0.0 0.0
vt 0.0 0.0
vt 0.0 0.0
vt 0.0 0.0
vt 0.0 0.0
vt 0.0 0.0
vt 0.0 0.0
vt 0.0 0.0
vt 0.0 0.0
vt 0.0 0.0
vt 0.0 0.0
vt 0.0 0.0
vt 0.0 0.0
vt 0.0 0.0
vt 0.0 0.0
vt 0.0 0.0
vt 0.0 0.0
vt 0.0 0.0
vt 0.0 0.0
vt 0.0 0.0
vt 0.0 0.0
vt 0.0 0.0
vt 0.0 0.0
vt 0.0 0.0
vt 0.0 0.0
vt 0.0 0.0
vt 0.0 0.0
vt 0.0 0.0
vt 0.0 0.0
vt 0.0 0.0
vt 0.0 0.0
vt 0.0 0.0
vt 0.0 0.0
vt 0.0 0.0
vt 0.0 0.0
vt 0.0 0.0
vt 0.0 0.0
vt 0.0 0.0
vt 0.0 0.0
vt 0.0 0.0
vt 0.0 0.0
vt 0.0 0.0
vt 0.0 0.0
vt 0.0 0.0
vt 0.0 0.0
vt 0.0 0.0
vt 0.0 0.0
vt 0.0 0.0
vt 0.0 0.0
vt 0.0 0.0
vt 0.0 0.0
vt 0.0 0.0
vt 0.0 0.0
vt 0.0 0.0
vt 0.0 0.0
vt 0.0 0.0
vt 0.0 0.0
vt 0.0 0.0
vt 0.0 0.0
vt 0.0 0.0
vt 0.0 0.0
vt 0.0 0.0
vt 0.0 0.0
vt 0.0 0.0
vt 0.0 0.0
vt 0.0 0.0
vt 0.0 0.0
vt 0.0 0.0
vt 0.0 0.0
vt 0.0 0.0
vt 0.0 0.0
vt 0.0 0.0
vt 0.0 0.0
vt 0.0 0.0
vt 0.0 0.0
vt 0.0 0.0
vt 0.0 0.0
vt 0.0 0.0
vt 0.0 0.0
vt 0.0 0.0
vt 0.0 0.0
vt 0.0 0.0
vt 0.0 0.0
vt 0.0 0.0
vt 0.0 0.0
vt 0.0 0.0
vt 0.0 0.0
vt 0.0 0.0
vt 0.0 0.0
vt 0.0 0.0
vt 0.0 0.0
vt 0.0 0.0
vt 0.0 0.0
vt 0.0 0.0
vt 0.0 0.0
vt 0.0 0.0
vt 0.0 0.0
vt 0.0 0.0
vt 0.0 0.0
vt 0.0 0.0
vt 0.0 0.0
vt 0.0 0.0
vt 0.0 0.0
vt 0.0 0.0
vt 0.0 0.0
vt 0.0 0.0
vt 0.0 0.0
vt 0.0 0.0
vt 0.0 0.0
vt 0.0 0.0
vt 0.0 0.0
vt 0.0 0.0
vt 0.0 0.0
vt 0.0 0.0
vt 0.0 0.0
vt 0.0 0.0
vt 0.0 0.0
vt 0.0 0.0
vt 0.0 0.0
vt 0.0 0.0
vt 0.0 0.0
vt 0.0 0.0
vt 0.0 0.0
vt 0.0 0.0
vt 0.0 0.0
vt 0.0 0.0
vt 0.0 0.0
vt 0.0 0.0
vt 0.0 0.0
vt 0.0 0.0
vt 0.0 0.0
vt 0.0 0.0
vt 0.0 0.0
vt 0.0 0.0
vt 0.0 0.0
vt 0.0 0.0
vt 0.0 0.0
vt 0.0 0.0
vt 0.0 0.0
vt 0.0 0.0
vt 0.0 0.0
vt 0.0 0.0
vt 0.0 0.0
vt 0.0 0.0
vt 0.0 0.0
vt 0.0 0.0
vt 0.0 0.0
vt 0.0 0.0
vt 0.0 0.0
vt 0.0 0.0
vt 0.0 0.0
vt 0.0 0.0
vt 0.0 0.0
vt 0.0 0.0
vt 0.0 0.0
vt 0.0 0.0
vt 0.0 0.0
vt 0.0 0.0
vt 0.0 0.0
vt 0.0 0.0
vt 0.0 0.0
vt 0.0 0.0
vt 0.0 0.0
vt 0.0 0.0
vt 0.0 0.0
vt 0.0 0.0
vt 0.0 0.0
vt 0.0 0.0
vt 0.0 0.0
vt 0.0 0.0
vt 0.0 0.0
vt 0.0 0.0
vt 0.0 0.0
vt 0.0 0.0
vt 0.0 0.0
vt 0.0 0.0
vt 0.0 0.0
vt 0.0 0.0
vt 0.0 0.0
vt 0.0 0.0
vt 0.0 0.0
vt 0.0 0.0
vt 0.0 0.0
vt 0.0 0.0
vt 0.0 0.0
vt 0.0 0.0
vt 0.0 0.0
vt 0.0 0.0
vt 0.0 0.0
vt 0.0 0.0
vt 0.0 0.0
vt 0.0 0.0
vt 0.0 0.0
vt 0.0 0.0
vt 0.0 0.0
vt 0.0 0.0
vt 0.0 0.0
vt 0.0 0.0
vt 0.0 0.0
vt 0.0 0.0
vt 0.0 0.0
vt 0.0 0.0
vt 0.0 0.0
vt 0.0 0.0
vt 0.0 0.0
vt 0.0 0.0
vt 0.0 0.0
vt 0.0 0.0
vt 0.0 0.0
vt 0.0 0.0
vt 0.0 0.0
vt 0.0 0.0
vt 0.0 0.0
vt 0.0 0.0
vt 0.0 0.0
vt 0.0 0.0
vt 0.0 0.0
vt 0.0 0.0
vt 0.0 0.0
vt 0.0 0.0
vt 0.0 0.0
vt 0.0 0.0
vt 0.0 0.0
vt 0.0 0.0
vt 0.0 0.0
vt 0.0 0.0
vt 0.0 0.0
vt 0.0 0.0
vt 0.0 0.0
vt 0.0 0.0
vt 0.0 0.0
vt 0.0 0.0
vt 0.0 0.0
vt 0.0 0.0
vt 0.0 0.0
vt 0.0 0.0
vt 0.0 0.0
vt 0.0 0.0
vt 0.0 0.0
vt 0.0 0.0
vt 0.0 0.0
vt 0.0 0.0
vt 0.0 0.0
vt 0.0 0.0
vt 0.0 0.0
vt 0.0 0.0
vt 0.0 0.0
vt 0.0 0.0
vt 0.0 0.0
vt 0.0 0.0
vt 0.0 0.0
vt 0.0 0.0
vt 0.0 0.0
vt 0.0 0.0
vt 0.0 0.0
vt 0.0 0.0
vt 0.0 0.0
vt 0.0 0.0
vt 0.0 0.0
vt 0.0 0.0
vt 0.0 0.0
vt 0.0 0.0
vt 0.0 0.0
vt 0.0 0.0
vt 0.0 0.0
vt 0.0 0.0
vt 0.0 0.0
vt 0.0 0.0
vt 0.0 0.0
vt 0.0 0.0
vt 0.0 0.0
vt 0.0 0.0
vt 0.0 0.0
vt 0.0 0.0
vt 0.0 0.0
vt 0.0 0.0
vt 0.0 0.0
vt 0.0 0.0
vt 0.0 0.0
vt 0.0 0.0
vt 0.0 0.0
vt 0.0 0.0
vt 0.0 0.0
vt 0.0 0.0
vt 0.0 0.0
vt 0.0 0.0
vt 0.0 0.0
vt 0.0 0.0
vt 0.0 0.0
vt 0.0 0.0
vt 0.0 0.0
vt 0.0 0.0
vt 0.0 0.0
vt 0.0 0.0
vt 0.0 0.0
vt 0.0 0.0
vt 0.0 0.0
vt 0.0 0.0
vt 0.0 0.0
vt 0.0 0.0
vt 0.0 0.0
vt 0.0 0.0
vt 0.0 0.0
vt 0.0 0.0
vt 0.0 0.0
vt 0.0 0.0
vt 0.0 0.0
vt 0.0 0.0
vt 0.0 0.0
vt 0.0 0.0
vt 0.0 0.0
vt 0.0 0.0
vt 0.0 0.0
vt 0.0 0.0
vt 0.0 0.0
vt 0.0 0.0
vt 0.0 0.0
vt 0.0 0.0
vt 0.0 0.0
vt 0.0 0.0
vt 0.0 0.0
vt 0.0 0.0
vt 0.0 0.0
vt 0.0 0.0
vt 0.0 0.0
vt 0.0 0.0
vt 0.0 0.0
vt 0.0 0.0
vt 0.0 0.0
vt 0.0 0.0
vt 0.0 0.0
vt 0.0 0.0
vt 0.0 0.0
vt 0.0 0.0
vt 0.0 0.0
vt 0.0 0.0
vt 0.0 0.0
vt 0.0 0.0
vt 0.0 0.0
vt 0.0 0.0
vt 0.0 0.0
vt 0.0 0.0
vt 0.0 0.0
vt 0.0 0.0
vt 0.0 0.0
vt 0.0 0.0
vt 0.0 0.0
vt 0.0 0.0
vt 0.0 0.0
vt 0.0 0.0
vt 0.0 0.0
vt 0.0 0.0
vt 0.0 0.0
vt 0.0 0.0
vt 0.0 0.0
vt 0.0 0.0
vt 0.0 0.0
vt 0.0 0.0
vt 0.0 0.0
vt 0.0 0.0
vt 0.0 0.0
vt 0.0 0.0
vt 0.0 0.0
vt 0.0 0.0
vt 0.0 0.0
vt 0.0 0.0
vt 0.0 0.0
vt 0.0 0.0
vt 0.0 0.0
vt 0.0 0.0
vt 0.0 0.0
vt 0.0 0.0
vt 0.0 0.0
vt 0.0 0.0
vt 0.0 0.0
vt 0.0 0.0
vt 0.0 0.0
vt 0.0 0.0
vt 0.0 0.0
vt 0.0 0.0
vt 0.0 0.0
vt 0.0 0.0
vt 0.0 0.0
vt 0.0 0.0
vt 0.0 0.0
vt 0.0 0.0
vt 0.0 0.0
vt 0.0 0.0
vt 0.0 0.0
vt 0.0 0.0
vt 0.0 0.0
vt 0.0 0.0
vt 0.0 0.0
vt 0.0 0.0
vt 0.0 0.0
vt 0.0 0.0
vt 0.0 0.0
vt 0.0 0.0
vt 0.0 0.0
vt 0.0 0.0
vt 0.0 0.0
vt 0.0 0.0
vt 0.0 0.0
vt 0.0 0.0
vt 0.0 0.0
vt 0.0 0.0
vt 0.0 0.0
vt 0.0 0.0
vt 0.0 0.0
vt 0.0 0.0
vt 0.0 0.0
vt 0.0 0.0
vt 0.0 0.0
vt 0.0 0.0
vt 0.0 0.0
vt 0.0 0.0
vt 0.0 0.0
vt 0.0 0.0
vt 0.0 0.0
vt 0.0 0.0
vt 0.0 0.0
vt 0.0 0.0
vt 0.0 0.0
vt 0.0 0.0
vt 0.0 0.0
vt 0.0 0.0
vt 0.0 0.0
vt 0.0 0.0
vt 0.0 0.0
vt 0.0 0.0
vt 0.0 0.0
vt 0.0 0.0
vt 0.0 0.0
vt 0.0 0.0
vt 0.0 0.0
vt 0.0 0.0
vt 0.0 0.0
vt 0.0 0.0
vt 0.0 0.0
vt 0.0 0.0
vt 0.0 0.0
vt 0.0 0.0
vt 0.0 0.0
vt 0.0 0.0
vt 0.0 0.0
vt 0.0 0.0
vt 0.0 0.0
vt 0.0 0.0
vt 0.0 0.0
vt 0.0 0.0
vt 0.0 0.0
vt 0.0 0.0
vt 0.0 0.0
vt 0.0 0.0
vt 0.0 0.0
vt 0.0 0.0
vt 0.0 0.0
vt 0.0 0.0
vt 0.0 0.0
vt 0.0 0.0
vt 0.0 0.0
vt 0.0 0.0
vt 0.0 0.0
vt 0.0 0.0
vt 0.0 0.0
vt 0.0 0.0
vt 0.0 0.0
vt 0.0 0.0
vt 0.0 0.0
vt 0.0 0.0
vt 0.0 0.0
vt 0.0 0.0
vt 0.0 0.0
vt 0.0 0.0
vt 0.0 0.0
vt 0.0 0.0
vt 0.0 0.0
vt 0.0 0.0
vt 0.0 0.0
vt 0.0 0.0
vt 0.0 0.0
vt 0.0 0.0
vt 0.0 0.0
vt 0.0 0.0
vt 0.0 0.0
vt 0.0 0.0
vt 0.0 0.0
vt 0.0 0.0
vt 0.0 0.0
vt 0.0 0.0
vt 0.0 0.0
vt 0.0 0.0
vt 0.0 0.0
vt 0.0 0.0
vt 0.0 0.0
vt 0.0 0.0
vt 0.0 0.0
vt 0.0 0.0
vt 0.0 0.0
vt 0.0 0.0
vt 0.0 0.0
vt 0.0 0.0
vt 0.0 0.0
vt 0.0 0.0
vt 0.0 0.0
vt 0.0 0.0
vt 0.0 0.0
vt 0.0 0.0
vt 0.0 0.0
vt 0.0 0.0
vt 0.0 0.0
vt 0.0 0.0
vt 0.0 0.0
vt 0.0 0.0
vt 0.0 0.0
vt 0.0 0.0
vt 0.0 0.0
vt 0.0 0.0
vt 0.0 0.0
vt 0.0 0.0
vt 0.0 0.0
vt 0.0 0.0
vt 0.0 0.0
vt 0.0 0.0
vt 0.0 0.0
vt 0.0 0.0
vt 0.0 0.0
vt 0.0 0.0
vt 0.0 0.0
vt 0.0 0.0
vt 0.0 0.0
vt 0.0 0.0
vt 0.0 0.0
vt 0.0 0.0
vt 0.0 0.0
vt 0.0 0.0
vt 0.0 0.0
vt 0.0 0.0
vt 0.0 0.0
vt 0.0 0.0
vt 0.0 0.0
vt 0.0 0.0
vt 0.0 0.0
vt 0.0 0.0
vt 0.0 0.0
vt 0.0 0.0
vt 0.0 0.0
vt 0.0 0.0
vt 0.0 0.0
vt 0.0 0.0
vt 0.0 0.0
vt 0.0 0.0
vt 0.0 0.0
vt 0.0 0.0
vt 0.0 0.0
vt 0.0 0.0
vt 0.0 0.0
vt 0.0 0.0
vt 0.0 0.0
vt 0.0 0.0
vt 0.0 0.0
vt 0.0 0.0
vt 0.0 0.0
vt 0.0 0.0
vt 0.0 0.0
vt 0.0 0.0
vt 0.0 0.0
vt 0.0 0.0
vt 0.0 0.0
vt 0.0 0.0
vt 0.0 0.0
vt 0.0 0.0
vt 0.0 0.0
vt 0.0 0.0
vt 0.0 0.0
vt 0.0 0.0
vt 0.0 0.0
vt 0.0 0.0
vt 0.0 0.0
vt 0.0 0.0
vt 0.0 0.0
vt 0.0 0.0
vt 0.0 0.0
vt 0.0 0.0
vt 0.0 0.0
vt 0.0 0.0
vt 0.0 0.0
vt 0.0 0.0
vt 0.0 0.0
vt 0.0 0.0
vt 0.0 0.0
vt 0.0 0.0
vt 0.0 0.0
vt 0.0 0.0
vt 0.0 0.0
vt 0.0 0.0
vt 0.0 0.0
vt 0.0 0.0
vt 0.0 0.0
vt 0.0 0.0
vt 0.0 0.0
vt 0.0 0.0
vt 0.0 0.0
vt 0.0 0.0
vt 0.0 0.0
vt 0.0 0.0
vt 0.0 0.0
vt 0.0 0.0
vt 0.0 0.0
vt 0.0 0.0
vt 0.0 0.0
vt 0.0 0.0
vt 0.0 0.0
vt 0.0 0.0
vt 0.0 0.0
vt 0.0 0.0
vt 0.0 0.0
vt 0.0 0.0
vt 0.0 0.0
vt 0.0 0.0
vt 0.0 0.0
vt 0.0 0.0
vt 0.0 0.0
vt 0.0 0.0
vt 0.0 0.0
vt 0.0 0.0
vt 0.0 0.0
vt 0.0 0.0
vt 0.0 0.0
vt 0.0 0.0
vt 0.0 0.0
vt 0.0 0.0
vt 0.0 0.0
vt 0.0 0.0
vt 0.0 0.0
vt 0.0 0.0
vt 0.0 0.0
vt 0.0 0.0
vt 0.0 0.0
vt 0.0 0.0
vt 0.0 0.0
vt 0.0 0.0
vt 0.0 0.0
vt 0.0 0.0
vt 0.0 0.0
vt 0.0 0.0
vt 0.0 0.0
vt 0.0 0.0
vt 0.0 0.0
vt 0.0 0.0
vt 0.0 0.0
vt 0.0 0.0
vt 0.0 0.0
vt 0.0 0.0
vt 0.0 0.0
vt 0.0 0.0
vt 0.0 0.0
vt 0.0 0.0
vt 0.0 0.0
vt 0.0 0.0
vt 0.0 0.0
vt 0.0 0.0
vt 0.0 0.0
vt 0.0 0.0
vt 0.0 0.0
vt 0.0 0.0
vt 0.0 0.0
vt 0.0 0.0
vt 0.0 0.0
vt 0.0 0.0
vt 0.0 0.0
vt 0.0 0.0
vt 0.0 0.0
vt 0.0 0.0
vt 0.0 0.0
vt 0.0 0.0
vt 0.0 0.0
vt 0.0 0.0
vt 0.0 0.0
vt 0.0 0.0
vt 0.0 0.0
vt 0.0 0.0
vt 0.0 0.0
vt 0.0 0.0
vt 0.0 0.0
vt 0.0 0.0
vt 0.0 0.0
vt 0.0 0.0
vt 0.0 0.0
vt 0.0 0.0
vt 0.0 0.0
vt 0.0 0.0
vt 0.0 0.0
vt 0.0 0.0
vt 0.0 0.0
vt 0.0 0.0
vt 0.0 0.0
vt 0.0 0.0
vt 0.0 0.0
vt 0.0 0.0
vt 0.0 0.0
vt 0.0 0.0
vt 0.0 0.0
vt 0.0 0.0
vt 0.0 0.0
vt 0.0 0.0
vt 0.0 0.0
vt 0.0 0.0
vt 0.0 0.0
vt 0.0 0.0
vt 0.0 0.0
vt 0.0 0.0
vt 0.0 0.0
vt 0.0 0.0
vt 0.0 0.0
vt 0.0 0.0
vt 0.0 0.0
vt 0.0 0.0
vt 0.0 0.0
vt 0.0 0.0
vt 0.0 0.0
vt 0.0 0.0
vt 0.0 0.0
vt 0.0 0.0
vt 0.0 0.0
vt 0.0 0.0
vt 0.0 0.0
vt 0.0 0.0
vt 0.0 0.0
vt 0.0 0.0
vt 0.0 0.0
vt 0.0 0.0
vt 0.0 0.0
vt 0.0 0.0
vt 0.0 0.0
vt 0.0 0.0
vt 0.0 0.0
vt 0.0 0.0
vt 0.0 0.0
vt 0.0 0.0
vt 0.0 0.0
vt 0.0 0.0
vt 0.0 0.0
vt 0.0 0.0
vt 0.0 0.0
vt 0.0 0.0
vt 0.0 0.0
vt 0.0 0.0
vt 0.0 0.0
vt 0.0 0.0
vt 0.0 0.0
vt 0.0 0.0
vt 0.0 0.0
vt 0.0 0.0
vt 0.0 0.0
vt 0.0 0.0
vt 0.0 0.0
vt 0.0 0.0
vt 0.0 0.0
vt 0.0 0.0
vt 0.0 0.0
vt 0.0 0.0
vt 0.0 0.0
vt 0.0 0.0
vt 0.0 0.0
vt 0.0 0.0
vt 0.0 0.0
vt 0.0 0.0
vt 0.0 0.0
vt 0.0 0.0
vt 0.0 0.0
vt 0.0 0.0
vt 0.0 0.0
vt 0.0 0.0
vt 0.0 0.0
vt 0.0 0.0
vt 0.0 0.0
vt 0.0 0.0
vt 0.0 0.0
vt 0.0 0.0
vt 0.0 0.0
vt 0.0 0.0
vt 0.0 0.0
vt 0.0 0.0
vt 0.0 0.0
vt 0.0 0.0
vt 0.0 0.0
vt 0.0 0.0
vt 0.0 0.0
vt 0.0 0.0
vt 0.0 0.0
vt 0.0 0.0
vt 0.0 0.0
vt 0.0 0.0
vt 0.0 0.0
vt 0.0 0.0
vt 0.0 0.0
vt 0.0 0.0
vt 0.0 0.0
vt 0.0 0.0
vt 0.0 0.0
vt 0.0 0.0
vt 0.0 0.0
vt 0.0 0.0
vt 0.0 0.0
vt 0.0 0.0
vt 0.0 0.0
vt 0.0 0.0
vt 0.0 0.0
vt 0.0 0.0
vt 0.0 0.0
vt 0.0 0.0
vt 0.0 0.0
vt 0.0 0.0
vt 0.0 0.0
vt 0.0 0.0
vt 0.0 0.0
vt 0.0 0.0
vt 0.0 0.0
vt 0.0 0.0
vt 0.0 0.0
vt 0.0 0.0
vt 0.0 0.0
vt 0.0 0.0
vt 0.0 0.0
vt 0.0 0.0
vt 0.0 0.0
vt 0.0 0.0
vt 0.0 0.0
vt 0.0 0.0
vt 0.0 0.0
vt 0.0 0.0
vt 0.0 0.0
vt 0.0 0.0
vt 0.0 0.0
vt 0.0 0.0
vt 0.0 0.0
vt 0.0 0.0
vt 0.0 0.0
vt 0.0 0.0
vt 0.0 0.0
vt 0.0 0.0
vt 0.0 0.0
vt 0.0 0.0
vt 0.0 0.0
vt 0.0 0.0
vt 0.0 0.0
vt 0.0 0.0
vt 0.0 0.0
vt 0.0 0.0
vt 0.0 0.0
vt 0.0 0.0
vt 0.0 0.0
vt 0.0 0.0
vt 0.0 0.0
vt 0.0 0.0
vt 0.0 0.0
vt 0.0 0.0
vt 0.0 0.0
vt 0.0 0.0
vt 0.0 0.0
vt 0.0 0.0
vt 0.0 0.0
vt 0.0 0.0
vt 0.0 0.0
vt 0.0 0.0
vt 0.0 0.0
vt 0.0 0.0
vt 0.0 0.0
vt 0.0 0.0
vt 0.0 0.0
vt 0.0 0.0
vt 0.0 0.0
vt 0.0 0.0
vt 0.0 0.0
vt 0.0 0.0
vt 0.0 0.0
vt 0.0 0.0
vt 0.0 0.0
vt 0.0 0.0
vt 0.0 0.0
vt 0.0 0.0
vt 0.0 0.0
vt 0.0 0.0
vt 0.0 0.0
vt 0.0 0.0
vt 0.0 0.0
vt 0.0 0.0
vt 0.0 0.0
vt 0.0 0.0
vt 0.0 0.0
vt 0.0 0.0
vt 0.0 0.0
vt 0.0 0.0
vt 0.0 0.0
vt 0.0 0.0
vt 0.0 0.0
vt 0.0 0.0
vt 0.0 0.0
vt 0.0 0.0
vt 0.0 0.0
vt 0.0 0.0
vt 0.0 0.0
vt 0.0 0.0
vt 0.0 0.0
vt 0.0 0.0
vt 0.0 0.0
vt 0.0 0.0
vt 0.0 0.0
vt 0.0 0.0
vt 0.0 0.0
vt 0.0 0.0
vt 0.0 0.0
vt 0.0 0.0
vt 0.0 0.0
vt 0.0 0.0
vt 0.0 0.0
vt 0.0 0.0
vt 0.0 0.0
vt 0.0 0.0
vt 0.0 0.0
vt 0.0 0.0
vt 0.0 0.0
vt 0.0 0.0
vt 0.0 0.0
vt 0.0 0.0
vt 0.0 0.0
vt 0.0 0.0
vt 0.0 0.0
vt 0.0 0.0
vt 0.0 0.0
vt 0.0 0.0
vt 0.0 0.0
vt 0.0 0.0
vt 0.0 0.0
vt 0.0 0.0
vt 0.0 0.0
vt 0.0 0.0
vt 0.0 0.0
vt 0.0 0.0
vt 0.0 0.0
vt 0.0 0.0
vt 0.0 0.0
vt 0.0 0.0
vt 0.0 0.0
vt 0.0 0.0
vt 0.0 0.0
vt 0.0 0.0
vt 0.0 0.0
vt 0.0 0.0
vt 0.0 0.0
vt 0.0 0.0
vt 0.0 0.0
vt 0.0 0.0
vt 0.0 0.0
vt 0.0 0.0
vt 0.0 0.0
vt 0.0 0.0
vt 0.0 0.0
vt 0.0 0.0
vt 0.0 0.0
vt 0.0 0.0
vt 0.0 0.0
vt 0.0 0.0
vt 0.0 0.0
vt 0.0 0.0
vt 0.0 0.0
vt 0.0 0.0
vt 0.0 0.0
vt 0.0 0.0
vt 0.0 0.0
vt 0.0 0.0
vt 0.0 0.0
vt 0.0 0.0
vt 0.0 0.0
vt 0.0 0.0
vt 0.0 0.0
vt 0.0 0.0
vt 0.0 0.0
vt 0.0 0.0
vt 0.0 0.0
vt 0.0 0.0
vt 0.0 0.0
vt 0.0 0.0
vt 0.0 0.0
vt 0.0 0.0
vt 0.0 0.0
vt 0.0 0.0
vt 0.0 0.0
vt 0.0 0.0
vt 0.0 0.0
vt 0.0 0.0
vt 0.0 0.0
vt 0.0 0.0
vt 0.0 0.0
vt 0.0 0.0
vt 0.0 0.0
vt 0.0 0.0
vt 0.0 0.0
vt 0.0 0.0
vt 0.0 0.0
vt 0.0 0.0
vt 0.0 0.0
vt 0.0 0.0
vt 0.0 0.0
vt 0.0 0.0
vt 0.0 0.0
vt 0.0 0.0
vt 0.0 0.0
vt 0.0 0.0
vt 0.0 0.0
vt 0.0 0.0
vt 0.0 0.0
vt 0.0 0.0
vt 0.0 0.0
vt 0.0 0.0
vt 0.0 0.0
vt 0.0 0.0
vt 0.0 0.0
vt 0.0 0.0
vt 0.0 0.0
vt 0.0 0.0
vt 0.0 0.0
vt 0.0 0.0
vt 0.0 0.0
vt 0.0 0.0
vt 0.0 0.0
vt 0.0 0.0
vt 0.0 0.0
vt 0.0 0.0
vt 0.0 0.0
vt 0.0 0.0
vt 0.0 0.0
vt 0.0 0.0
vt 0.0 0.0
vt 0.0 0.0
vt 0.0 0.0
vt 0.0 0.0
vt 0.0 0.0
vt 0.0 0.0
vt 0.0 0.0
vt 0.0 0.0
vt 0.0 0.0
vt 0.0 0.0
vt 0.0 0.0
vt 0.0 0.0
vt 0.0 0.0
vt 0.0 0.0
vt 0.0 0.0
vt 0.0 0.0
vt 0.0 0.0
vt 0.0 0.0
vt 0.0 0.0
vt 0.0 0.0
vt 0.0 0.0
vt 0.0 0.0
vt 0.0 0.0
vt 0.0 0.0
vt 0.0 0.0
vt 0.0 0.0
vt 0.0 0.0
vt 0.0 0.0
vt 0.0 0.0
vt 0.0 0.0
vt 0.0 0.0
vt 0.0 0.0
vt 0.0 0.0
vt 0.0 0.0
vt 0.0 0.0
vt 0.0 0.0
vt 0.0 0.0
vt 0.0 0.0
vt 0.0 0.0
vt 0.0 0.0
vt 0.0 0.0
vt 0.0 0.0
vt 0.0 0.0
vt 0.0 0.0
vt 0.0 0.0
vt 0.0 0.0
vt 0.0 0.0
vt 0.0 0.0
vt 0.0 0.0
vt 0.0 0.0
vt 0.0 0.0
vt 0.0 0.0
vt 0.0 0.0
vt 0.0 0.0
vt 0.0 0.0
vt 0.0 0.0
vt 0.0 0.0
vt 0.0 0.0
vt 0.0 0.0
vt 0.0 0.0
vt 0.0 0.0
vt 0.0 0.0
vt 0.0 0.0
vt 0.0 0.0
vt 0.0 0.0
vt 0.0 0.0
vt 0.0 0.0
vt 0.0 0.0
vt 0.0 0.0
vt 0.0 0.0
vt 0.0 0.0
vt 0.0 0.0
vt 0.0 0.0
vt 0.0 0.0
vt 0.0 0.0
vt 0.0 0.0
vt 0.0 0.0
vt 0.0 0.0
vt 0.0 0.0
vt 0.0 0.0
vt 0.0 0.0
vt 0.0 0.0
vt 0.0 0.0
vt 0.0 0.0
vt 0.0 0.0
vt 0.0 0.0
vt 0.0 0.0
vt 0.0 0.0
vt 0.0 0.0
vt 0.0 0.0
vt 0.0 0.0
vt 0.0 0.0
vt 0.0 0.0
vt 0.0 0.0
vt 0.0 0.0
vt 0.0 0.0
vt 0.0 0.0
vt 0.0 0.0
vt 0.0 0.0
vt 0.0 0.0
vt 0.0 0.0
vt 0.0 0.0
vt 0.0 0.0
vt 0.0 0.0
vt 0.0 0.0
vt 0.0 0.0
vt 0.0 0.0
vt 0.0 0.0
vt 0.0 0.0
vt 0.0 0.0
vt 0.0 0.0
vt 0.0 0.0
vt 0.0 0.0
vt 0.0 0.0
vt 0.0 0.0
vt 0.0 0.0
vt 0.0 0.0
vt 0.0 0.0
vt 0.0 0.0
vt 0.0 0.0
vt 0.0 0.0
vt 0.0 0.0
vt 0.0 0.0
vt 0.0 0.0
vt 0.0 0.0
vt 0.0 0.0
vt 0.0 0.0
vt 0.0 0.0
vt 0.0 0.0
vt 0.0 0.0
vt 0.0 0.0
vt 0.0 0.0
vt 0.0 0.0
vt 0.0 0.0
vt 0.0 0.0
vt 0.0 0.0
vt 0.0 0.0
vt 0.0 0.0
vt 0.0 0.0
vt 0.0 0.0
vt 0.0 0.0
vt 0.0 0.0
vt 0.0 0.0
vt 0.0 0.0
vt 0.0 0.0
vt 0.0 0.0
vt 0.0 0.0
vt 0.0 0.0
vt 0.0 0.0
vt 0.0 0.0
vt 0.0 0.0
vt 0.0 0.0
vt 0.0 0.0
vt 0.0 0.0
vt 0.0 0.0
vt 0.0 0.0
vt 0.0 0.0
vt 0.0 0.0
vt 0.0 0.0
vt 0.0 0.0
vt 0.0 0.0
vt 0.0 0.0
vt 0.0 0.0
vt 0.0 0.0
vt 0.0 0.0
vt 0.0 0.0
vt 0.0 0.0
vt 0.0 0.0
vt 0.0 0.0
vt 0.0 0.0
vt 0.0 0.0
vt 0.0 0.0
vt 0.0 0.0
vt 0.0 0.0
vt 0.0 0.0
vt 0.0 0.0
vt 0.0 0.0
vt 0.0 0.0
vt 0.0 0.0
vt 0.0 0.0
vt 0.0 0.0
vt 0.0 0.0
vt 0.0 0.0
vt 0.0 0.0
vt 0.0 0.0
vt 0.0 0.0
vt 0.0 0.0
vt 0.0 0.0
vt 0.0 0.0
vt 0.0 0.0
vt 0.0 0.0
vt 0.0 0.0
vt 0.0 0.0
vt 0.0 0.0
vt 0.0 0.0
vt 0.0 0.0
vt 0.0 0.0
vt 0.0 0.0
vt 0.0 0.0
vt 0.0 0.0
vt 0.0 0.0
vt 0.0 0.0
vt 0.0 0.0
vt 0.0 0.0
vt 0.0 0.0
vt 0.0 0.0
vt 0.0 0.0
vt 0.0 0.0
vt 0.0 0.0
vt 0.0 0.0
vt 0.0 0.0
vt 0.0 0.0
vt 0.0 0.0
vt 0.0 0.0
vt 0.0 0.0
vt 0.0 0.0
vt 0.0 0.0
vt 0.0 0.0
vt 0.0 0.0
vt 0.0 0.0
vt 0.0 0.0
vt 0.0 0.0
vt 0.0 0.0
vt 0.0 0.0
vt 0.0 0.0
vt 0.0 0.0
vt 0.0 0.0
vt 0.0 0.0
vt 0.0 0.0
vt 0.0 0.0
vt 0.0 0.0
vt 0.0 0.0
vt 0.0 0.0
vt 0.0 0.0
vt 0.0 0.0
vt 0.0 0.0
vt 0.0 0.0
vt 0.0 0.0
vt 0.0 0.0
vt 0.0 0.0
vt 0.0 0.0
vt 0.0 0.0
vt 0.0 0.0
vt 0.0 0.0
vt 0.0 0.0
vt 0.0 0.0
vt 0.0 0.0
vt 0.0 0.0
vt 0.0 0.0
vt 0.0 0.0
vt 0.0 0.0
vt 0.0 0.0
vt 0.0 0.0
vt 0.0 0.0
vt 0.0 0.0
vt 0.0 0.0
vt 0.0 0.0
vt 0.0 0.0
vt 0.0 0.0
vt 0.0 0.0
vt 0.0 0.0
vt 0.0 0.0
vt 0.0 0.0
vt 0.0 0.0
vt 0.0 0.0
vt 0.0 0.0
vt 0.0 0.0
vt 0.0 0.0
vt 0.0 0.0
vt 0.0 0.0
vt 0.0 0.0
vt 0.0 0.0
vt 0.0 0.0
vt 0.0 0.0
vt 0.0 0.0
vt 0.0 0.0
vt 0.0 0.0
vt 0.0 0.0
vt 0.0 0.0
vt 0.0 0.0
vt 0.0 0.0
vt 0.0 0.0
vt 0.0 0.0
vt 0.0 0.0
vt 0.0 0.0
vt 0.0 0.0
vt 0.0 0.0
vt 0.0 0.0
vt 0.0 0.0
vt 0.0 0.0
vt 0.0 0.0
vt 0.0 0.0
vt 0.0 0.0
vt 0.0 0.0
vt 0.0 0.0
vt 0.0 0.0
vt 0.0 0.0
vt 0.0 0.0
vt 0.0 0.0
vt 0.0 0.0
vt 0.0 0.0
vt 0.0 0.0
vt 0.0 0.0
vt 0.0 0.0
vt 0.0 0.0
vt 0.0 0.0
vt 0.0 0.0
vt 0.0 0.0
vt 0.0 0.0
vt 0.0 0.0
vt 0.0 0.0
vt 0.0 0.0
vt 0.0 0.0
vt 0.0 0.0
vt 0.0 0.0
vt 0.0 0.0
vt 0.0 0.0
vt 0.0 0.0
vt 0.0 0.0
vt 0.0 0.0
vt 0.0 0.0
vt 0.0 0.0
vt 0.0 0.0
vt 0.0 0.0
vt 0.0 0.0
vt 0.0 0.0
vt 0.0 0.0
vt 0.0 0.0
vt 0.0 0.0
vt 0.0 0.0
vt 0.0 0.0
vt 0.0 0.0
vt 0.0 0.0
vt 0.0 0.0
vt 0.0 0.0
vt 0.0 0.0
vt 0.0 0.0
vt 0.0 0.0
vt 0.0 0.0
vt 0.0 0.0
vt 0.0 0.0
vt 0.0 0.0
vt 0.0 0.0
vt 0.0 0.0
vt 0.0 0.0
vt 0.0 0.0
vt 0.0 0.0
vt 0.0 0.0
vt 0.0 0.0
vt 0.0 0.0
vt 0.0 0.0
vt 0.0 0.0
vt 0.0 0.0
vt 0.0 0.0
vt 0.0 0.0
vt 0.0 0.0
vt 0.0 0.0
vt 0.0 0.0
vt 0.0 0.0
vt 0.0 0.0
vt 0.0 0.0
vt 0.0 0.0
vt 0.0 0.0
vt 0.0 0.0
vt 0.0 0.0
vt 0.0 0.0
vt 0.0 0.0
vt 0.0 0.0
vt 0.0 0.0
vt 0.0 0.0
vt 0.0 0.0
vt 0.0 0.0
vt 0.0 0.0
vt 0.0 0.0
vt 0.0 0.0
vt 0.0 0.0
vt 0.0 0.0
vt 0.0 0.0
vt 0.0 0.0
vt 0.0 0.0
vt 0.0 0.0
vt 0.0 0.0
vt 0.0 0.0
vt 0.0 0.0
vt 0.0 0.0
vt 0.0 0.0
vt 0.0 0.0
vt 0.0 0.0
vt 0.0 0.0
vt 0.0 0.0
vt 0.0 0.0
vt 0.0 0.0
vt 0.0 0.0
vt 0.0 0.0
vt 0.0 0.0
vt 0.0 0.0
vt 0.0 0.0
vt 0.0 0.0
vt 0.0 0.0
vt 0.0 0.0
vt 0.0 0.0
vt 0.0 0.0
vt 0.0 0.0
vt 0.0 0.0
vt 0.0 0.0
vt 0.0 0.0
vt 0.0 0.0
vt 0.0 0.0
vt 0.0 0.0
vt 0.0 0.0
vt 0.0 0.0
vt 0.0 0.0
vt 0.0 0.0
vt 0.0 0.0
vt 0.0 0.0
vt 0.0 0.0
vt 0.0 0.0
vt 0.0 0.0
vt 0.0 0.0
vt 0.0 0.0
vt 0.0 0.0
vt 0.0 0.0
vt 0.0 0.0
vt 0.0 0.0
vt 0.0 0.0
vt 0.0 0.0
vt 0.0 0.0
vt 0.0 0.0
vt 0.0 0.0
vt 0.0 0.0
vt 0.0 0.0
vt 0.0 0.0
vt 0.0 0.0
vt 0.0 0.0
vt 0.0 0.0
vt 0.0 0.0
vt 0.0 0.0
vt 0.0 0.0
vt 0.0 0.0
vt 0.0 0.0
vt 0.0 0.0
vt 0.0 0.0
vt 0.0 0.0
vt 0.0 0.0
vt 0.0 0.0
vt 0.0 0.0
vt 0.0 0.0
vt 0.0 0.0
vt 0.0 0.0
vt 0.0 0.0
vt 0.0 0.0
vt 0.0 0.0
vt 0.0 0.0
vt 0.0 0.0
vt 0.0 0.0
vt 0.0 0.0
vt 0.0 0.0
vt 0.0 0.0
vt 0.0 0.0
vt 0.0 0.0
vt 0.0 0.0
vt 0.0 0.0
vt 0.0 0.0
vt 0.0 0.0
vt 0.0 0.0
vt 0.0 0.0
vt 0.0 0.0
vt 0.0 0.0
vt 0.0 0.0
vt 0.0 0.0
vt 0.0 0.0
vt 0.0 0.0
vt 0.0 0.0
vt 0.0 0.0
vt 0.0 0.0
vt 0.0 0.0
vt 0.0 0.0
vt 0.0 0.0
vt 0.0 0.0
vt 0.0 0.0
vt 0.0 0.0
vt 0.0 0.0
vt 0.0 0.0
vt 0.0 0.0
vt 0.0 0.0
vt 0.0 0.0
vt 0.0 0.0
vt 0.0 0.0
vt 0.0 0.0
vt 0.0 0.0
vt 0.0 0.0
vt 0.0 0.0
vt 0.0 0.0
vt 0.0 0.0
vt 0.0 0.0
vt 0.0 0.0
vt 0.0 0.0
vt 0.0 0.0
vt 0.0 0.0
vt 0.0 0.0
vt 0.0 0.0
vt 0.0 0.0
vt 0.0 0.0
vt 0.0 0.0
vt 0.0 0.0
vt 0.0 0.0
vt 0.0 0.0
vt 0.0 0.0
vt 0.0 0.0
vt 0.0 0.0
vt 0.0 0.0
vt 0.0 0.0
vt 0.0 0.0
vt 0.0 0.0
vt 0.0 0.0
vt 0.0 0.0
vt 0.0 0.0
vt 0.0 0.0
vt 0.0 0.0
vt 0.0 0.0
vt 0.0 0.0
vt 0.0 0.0
vt 0.0 0.0
vt 0.0 0.0
vt 0.0 0.0
vt 0.0 0.0
vt 0.0 0.0
vt 0.0 0.0
vt 0.0 0.0
vt 0.0 0.0
vt 0.0 0.0
vt 0.0 0.0
vt 0.0 0.0
vt 0.0 0.0
vt 0.0 0.0
vt 0.0 0.0
vt 0.0 0.0
vt 0.0 0.0
vt 0.0 0.0
vt 0.0 0.0
vt 0.0 0.0
vt 0.0 0.0
vt 0.0 0.0
vt 0.0 0.0
vt 0.0 0.0
vt 0.0 0.0
vt 0.0 0.0
vt 0.0 0.0
vt 0.0 0.0
vt 0.0 0.0
vt 0.0 0.0
vt 0.0 0.0
vt 0.0 0.0
vt 0.0 0.0
vt 0.0 0.0
vt 0.0 0.0
vt 0.0 0.0
vt 0.0 0.0
vt 0.0 0.0
vt 0.0 0.0
vt 0.0 0.0
vt 0.0 0.0
vt 0.0 0.0
vt 0.0 0.0
vt 0.0 0.0
vt 0.0 0.0
vt 0.0 0.0
vt 0.0 0.0
vt 0.0 0.0
vt 0.0 0.0
vt 0.0 0.0
vt 0.0 0.0
vt 0.0 0.0
vt 0.0 0.0
vt 0.0 0.0
vt 0.0 0.0
vt 0.0 0.0
vt 0.0 0.0
vt 0.0 0.0
vt 0.0 0.0
vt 0.0 0.0
vt 0.0 0.0
vt 0.0 0.0
vt 0.0 0.0
vt 0.0 0.0
vt 0.0 0.0
vt 0.0 0.0
vt 0.0 0.0
vt 0.0 0.0
vt 0.0 0.0
vt 0.0 0.0
vt 0.0 0.0
vt 0.0 0.0
vt 0.0 0.0
vt 0.0 0.0
vt 0.0 0.0
vt 0.0 0.0
vt 0.0 0.0
vt 0.0 0.0
vt 0.0 0.0
vt 0.0 0.0
vt 0.0 0.0
vt 0.0 0.0
vt 0.0 0.0
vt 0.0 0.0
vt 0.0 0.0
vt 0.0 0.0
vt 0.0 0.0
vt 0.0 0.0
vt 0.0 0.0
vt 0.0 0.0
vt 0.0 0.0
vt 0.0 0.0
vt 0.0 0.0
vt 0.0 0.0
vt 0.0 0.0
vt 0.0 0.0
vt 0.0 0.0
vt 0.0 0.0
vt 0.0 0.0
vt 0.0 0.0
vt 0.0 0.0
vt 0.0 0.0
vt 0.0 0.0
vt 0.0 0.0
vt 0.0 0.0
vt 0.0 0.0
vt 0.0 0.0
vt 0.0 0.0
vt 0.0 0.0
vt 0.0 0.0
vt 0.0 0.0
vt 0.0 0.0
vt 0.0 0.0
vt 0.0 0.0
vt 0.0 0.0
vt 0.0 0.0
vt 0.0 0.0
vt 0.0 0.0
vt 0.0 0.0
vt 0.0 0.0
vt 0.0 0.0
vt 0.0 0.0
vt 0.0 0.0
vt 0.0 0.0
vt 0.0 0.0
vt 0.0 0.0
vt 0.0 0.0
vt 0.0 0.0
vt 0.0 0.0
vt 0.0 0.0
vt 0.0 0.0
vt 0.0 0.0
vt 0.0 0.0
vt 0.0 0.0
vt 0.0 0.0
vt 0.0 0.0
vt 0.0 0.0
vt 0.0 0.0
vt 0.0 0.0
vt 0.0 0.0
vt 0.0 0.0
vt 0.0 0.0
vt 0.0 0.0
vt 0.0 0.0
vt 0.0 0.0
vt 0.0 0.0
vt 0.0 0.0
vt 0.0 0.0
vt 0.0 0.0
vt 0.0 0.0
vt 0.0 0.0
vt 0.0 0.0
vt 0.0 0.0
vt 0.0 0.0
vt 0.0 0.0
vt 0.0 0.0
vt 0.0 0.0
vt 0.0 0.0
vt 0.0 0.0
vt 0.0 0.0
vt 0.0 0.0
vt 0.0 0.0
vt 0.0 0.0
vt 0.0 0.0
vt 0.0 0.0
vt 0.0 0.0
vt 0.0 0.0
vt 0.0 0.0
vt 0.0 0.0
vt 0.0 0.0
vt 0.0 0.0
vt 0.0 0.0
vt 0.0 0.0
vt 0.0 0.0
vt 0.0 0.0
vt 0.0 0.0
vt 0.0 0.0
vt 0.0 0.0
vt 0.0 0.0
vt 0.0 0.0
vt 0.0 0.0
vt 0.0 0.0
vt 0.0 0.0
vt 0.0 0.0
vt 0.0 0.0
vt 0.0 0.0
vt 0.0 0.0
vt 0.0 0.0
vt 0.0 0.0
vt 0.0 0.0
vt 0.0 0.0
vt 0.0 0.0
vt 0.0 0.0
vt 0.0 0.0
vt 0.0 0.0
vt 0.0 0.0
vt 0.0 0.0
vt 0.0 0.0
vt 0.0 0.0
vt 0.0 0.0
vt 0.0 0.0
vt 0.0 0.0
vt 0.0 0.0
vt 0.0 0.0
vt 0.0 0.0
vt 0.0 0.0
vt 0.0 0.0
vt 0.0 0.0
vt 0.0 0.0
vt 0.0 0.0
vt 0.0 0.0
vt 0.0 0.0
vt 0.0 0.0
vt 0.0 0.0
vt 0.0 0.0
vt 0.0 0.0
vt 0.0 0.0
vt 0.0 0.0
vt 0.0 0.0
vt 0.0 0.0
vt 0.0 0.0
vt 0.0 0.0
vt 0.0 0.0
vt 0.0 0.0
vt 0.0 0.0
vt 0.0 0.0
vt 0.0 0.0
vt 0.0 0.0
vt 0.0 0.0
vt 0.0 0.0
vt 0.0 0.0
vt 0.0 0.0
vt 0.0 0.0
vt 0.0 0.0
vt 0.0 0.0
vt 0.0 0.0
vt 0.0 0.0
vt 0.0 0.0
vt 0.0 0.0
vt 0.0 0.0
vt 0.0 0.0
vt 0.0 0.0
vt 0.0 0.0
vt 0.0 0.0
vt 0.0 0.0
vt 0.0 0.0
vt 0.0 0.0
vt 0.0 0.0
vt 0.0 0.0
vt 0.0 0.0
vt 0.0 0.0
vt 0.0 0.0
vt 0.0 0.0
vt 0.0 0.0
vt 0.0 0.0
vt 0.0 0.0
vt 0.0 0.0
vt 0.0 0.0
vt 0.0 0.0
vt 0.0 0.0
vt 0.0 0.0
vt 0.0 0.0
vt 0.0 0.0
vt 0.0 0.0
vt 0.0 0.0
vt 0.0 0.0
vt 0.0 0.0
vt 0.0 0.0
vt 0.0 0.0
vt 0.0 0.0
vt 0.0 0.0
vt 0.0 0.0
vt 0.0 0.0
vt 0.0 0.0
vt 0.0 0.0
vt 0.0 0.0
vt 0.0 0.0
vt 0.0 0.0
vt 0.0 0.0
vt 0.0 0.0
vt 0.0 0.0
vt 0.0 0.0
vt 0.0 0.0
vt 0.0 0.0
vt 0.0 0.0
vt 0.0 0.0
vt 0.0 0.0
vt 0.0 0.0
vt 0.0 0.0
vt 0.0 0.0
vt 0.0 0.0
vt 0.0 0.0
vt 0.0 0.0
vt 0.0 0.0
vt 0.0 0.0
vt 0.0 0.0
vt 0.0 0.0
vt 0.0 0.0
vt 0.0 0.0
vt 0.0 0.0
vt 0.0 0.0
vt 0.0 0.0
vt 0.0 0.0
vt 0.0 0.0
vt 0.0 0.0
vt 0.0 0.0
vt 0.0 0.0
vt 0.0 0.0
vt 0.0 0.0
vt 0.0 0.0
vt 0.0 0.0
vt 0.0 0.0
vt 0.0 0.0
vt 0.0 0.0
vt 0.0 0.0
vt 0.0 0.0
vt 0.0 0.0
vt 0.0 0.0
vt 0.0 0.0
vt 0.0 0.0
vt 0.0 0.0
vt 0.0 0.0
vt 0.0 0.0
vt 0.0 0.0
vt 0.0 0.0
vt 0.0 0.0
vt 0.0 0.0
vt 0.0 0.0
vt 0.0 0.0
vt 0.0 0.0
vt 0.0 0.0
vt 0.0 0.0
vt 0.0 0.0
vt 0.0 0.0
vt 0.0 0.0
vt 0.0 0.0
vt 0.0 0.0
vt 0.0 0.0
vt 0.0 0.0
vt 0.0 0.0
vt 0.0 0.0
vt 0.0 0.0
vt 0.0 0.0
vt 0.0 0.0
vt 0.0 0.0
vt 0.0 0.0
vt 0.0 0.0
vt 0.0 0.0
vt 0.0 0.0
vt 0.0 0.0
vt 0.0 0.0
vt 0.0 0.0
vt 0.0 0.0
vt 0.0 0.0
vt 0.0 0.0
vt 0.0 0.0
vt 0.0 0.0
vt 0.0 0.0
vt 0.0 0.0
vt 0.0 0.0
vt 0.0 0.0
vt 0.0 0.0
vt 0.0 0.0
vt 0.0 0.0
vt 0.0 0.0
vt 0.0 0.0
vt 0.0 0.0
vt 0.0 0.0
vt 0.0 0.0
vt 0.0 0.0
vt 0.0 0.0
vt 0.0 0.0
vt 0.0 0.0
vt 0.0 0.0
vt 0.0 0.0
vt 0.0 0.0
vt 0.0 0.0
vt 0.0 0.0
vt 0.0 0.0
vt 0.0 0.0
vt 0.0 0.0
vt 0.0 0.0
vt 0.0 0.0
vt 0.0 0.0
vt 0.0 0.0
vt 0.0 0.0
vt 0.0 0.0
vt 0.0 0.0
vt 0.0 0.0
vt 0.0 0.0
vt 0.0 0.0
vt 0.0 0.0
vt 0.0 0.0
vt 0.0 0.0
vt 0.0 0.0
vt 0.0 0.0
vt 0.0 0.0
vt 0.0 0.0
vt 0.0 0.0
vt 0.0 0.0
vt 0.0 0.0
vt 0.0 0.0
vt 0.0 0.0
vt 0.0 0.0
vt 0.0 0.0
vt 0.0 0.0
vt 0.0 0.0
vt 0.0 0.0
vt 0.0 0.0
vt 0.0 0.0
vt 0.0 0.0
vt 0.0 0.0
vt 0.0 0.0
vt 0.0 0.0
vt 0.0 0.0
vt 0.0 0.0
vt 0.0 0.0
vt 0.0 0.0
vt 0.0 0.0
vt 0.0 0.0
vt 0.0 0.0
vt 0.0 0.0
vt 0.0 0.0
vt 0.0 0.0
vt 0.0 0.0
vt 0.0 0.0
vt 0.0 0.0
vt 0.0 0.0
vt 0.0 0.0
vt 0.0 0.0
vt 0.0 0.0
vt 0.0 0.0
vt 0.0 0.0
vt 0.0 0.0
vt 0.0 0.0
vt 0.0 0.0
vt 0.0 0.0
vt 0.0 0.0
vt 0.0 0.0
vt 0.0 0.0
vt 0.0 0.0
vt 0.0 0.0
vt 0.0 0.0
vt 0.0 0.0
vt 0.0 0.0
vt 0.0 0.0
vt 0.0 0.0
vt 0.0 0.0
vt 0.0 0.0
vt 0.0 0.0
vt 0.0 0.0
vt 0.0 0.0
vt 0.0 0.0
vt 0.0 0.0
vt 0.0 0.0
vt 0.0 0.0
vt 0.0 0.0
vt 0.0 0.0
vt 0.0 0.0
vt 0.0 0.0
vt 0.0 0.0
vt 0.0 0.0
vt 0.0 0.0
vt 0.0 0.0
vt 0.0 0.0
vt 0.0 0.0
vt 0.0 0.0
vt 0.0 0.0
vt 0.0 0.0
vt 0.0 0.0
vt 0.0 0.0
vt 0.0 0.0
vt 0.0 0.0
vt 0.0 0.0
vt 0.0 0.0
vt 0.0 0.0
vt 0.0 0.0
vt 0.0 0.0
vt 0.0 0.0
vt 0.0 0.0
vt 0.0 0.0
vt 0.0 0.0
vt 0.0 0.0
vt 0.0 0.0
vt 0.0 0.0
vt 0.0 0.0
vt 0.0 0.0
vt 0.0 0.0
vt 0.0 0.0
vt 0.0 0.0
vt 0.0 0.0
vt 0.0 0.0
vt 0.0 0.0
vt 0.0 0.0
vt 0.0 0.0
vt 0.0 0.0
vt 0.0 0.0
vt 0.0 0.0
vt 0.0 0.0
vt 0.0 0.0
vt 0.0 0.0
vt 0.0 0.0
vt 0.0 0.0
vt 0.0 0.0
vt 0.0 0.0
vt 0.0 0.0
vt 0.0 0.0
vt 0.0 0.0
vt 0.0 0.0
vt 0.0 0.0
vt 0.0 0.0
vt 0.0 0.0
vt 0.0 0.0
vt 0.0 0.0
vt 0.0 0.0
vt 0.0 0.0
vt 0.0 0.0
vt 0.0 0.0
vt 0.0 0.0
vt 0.0 0.0
vt 0.0 0.0
vt 0.0 0.0
vt 0.0 0.0
vt 0.0 0.0
vt 0.0 0.0
vt 0.0 0.0
vt 0.0 0.0
vt 0.0 0.0
vt 0.0 0.0
vt 0.0 0.0
vt 0.0 0.0
vt 0.0 0.0
vt 0.0 0.0
vt 0.0 0.0
vt 0.0 0.0
vt 0.0 0.0
vt 0.0 0.0
vt 0.0 0.0
vt 0.0 0.0
vt 0.0 0.0
vt 0.0 0.0
vt 0.0 0.0
vt 0.0 0.0
vt 0.0 0.0
vt 0.0 0.0
vt 0.0 0.0
vt 0.0 0.0
vt 0.0 0.0
vt 0.0 0.0
vt 0.0 0.0
vt 0.0 0.0
vt 0.0 0.0
vt 0.0 0.0
vt 0.0 0.0
vt 0.0 0.0
vt 0.0 0.0
vt 0.0 0.0
vt 0.0 0.0
vt 0.0 0.0
vt 0.0 0.0
vt 0.0 0.0
vt 0.0 0.0
vt 0.0 0.0
vt 0.0 0.0
vt 0.0 0.0
vt 0.0 0.0
vt 0.0 0.0
vt 0.0 0.0
vt 0.0 0.0
vt 0.0 0.0
vt 0.0 0.0
vt 0.0 0.0
vt 0.0 0.0
vt 0.0 0.0
vt 0.0 0.0
vt 0.0 0.0
vt 0.0 0.0
vt 0.0 0.0
vt 0.0 0.0
vt 0.0 0.0
vt 0.0 0.0
vt 0.0 0.0
vt 0.0 0.0
vt 0.0 0.0
vt 0.0 0.0
vt 0.0 0.0
vt 0.0 0.0
vt 0.0 0.0
vt 0.0 0.0
vt 0.0 0.0
vt 0.0 0.0
vt 0.0 0.0
vt 0.0 0.0
vt 0.0 0.0
vt 0.0 0.0
vt 0.0 0.0
vt 0.0 0.0
vt 0.0 0.0
vt 0.0 0.0
vt 0.0 0.0
vt 0.0 0.0
vt 0.0 0.0
vt 0.0 0.0
vt 0.0 0.0
vt 0.0 0.0
vt 0.0 0.0
vt 0.0 0.0
vt 0.0 0.0
vt 0.0 0.0
vt 0.0 0.0
vt 0.0 0.0
vt 0.0 0.0
vt 0.0 0.0
vt 0.0 0.0
vt 0.0 0.0
vt 0.0 0.0
vt 0.0 0.0
vt 0.0 0.0
vt 0.0 0.0
vt 0.0 0.0
vt 0.0 0.0
vt 0.0 0.0
vt 0.0 0.0
vt 0.0 0.0
vt 0.0 0.0
vt 0.0 0.0
vt 0.0 0.0
vt 0.0 0.0
vt 0.0 0.0
vt 0.0 0.0
vt 0.0 0.0
vt 0.0 0.0
vt 0.0 0.0
vt 0.0 0.0
vt 0.0 0.0
vt 0.0 0.0
vt 0.0 0.0
vt 0.0 0.0
vt 0.0 0.0
vt 0.0 0.0
vt 0.0 0.0
vt 0.0 0.0
vt 0.0 0.0
vt 0.0 0.0
vt 0.0 0.0
vt 0.0 0.0
vt 0.0 0.0
vt 0.0 0.0
vt 0.0 0.0
vt 0.0 0.0
vt 0.0 0.0
vt 0.0 0.0
vt 0.0 0.0
vt 0.0 0.0
vt 0.0 0.0
vt 0.0 0.0
vt 0.0 0.0
vt 0.0 0.0
vt 0.0 0.0
vt 0.0 0.0
vt 0.0 0.0
vt 0.0 0.0
vt 0.0 0.0
vt 0.0 0.0
vt 0.0 0.0
vt 0.0 0.0
vt 0.0 0.0
vt 0.0 0.0
vt 0.0 0.0
vt 0.0 0.0
vt 0.0 0.0
vt 0.0 0.0
vt 0.0 0.0
vt 0.0 0.0
vt 0.0 0.0
vt 0.0 0.0
vt 0.0 0.0
vt 0.0 0.0
vt 0.0 0.0
vt 0.0 0.0
vt 0.0 0.0
vt 0.0 0.0
vt 0.0 0.0
vt 0.0 0.0
vt 0.0 0.0
vt 0.0 0.0
vt 0.0 0.0
vt 0.0 0.0
vt 0.0 0.0
vt 0.0 0.0
vt 0.0 0.0
vt 0.0 0.0
vt 0.0 0.0
vt 0.0 0.0
vt 0.0 0.0
vt 0.0 0.0
vt 0.0 0.0
vt 0.0 0.0
vt 0.0 0.0
vt 0.0 0.0
vt 0.0 0.0
vt 0.0 0.0
vt 0.0 0.0
vt 0.0 0.0
vt 0.0 0.0
vt 0.0 0.0
vt 0.0 0.0
vt 0.0 0.0
vt 0.0 0.0
vt 0.0 0.0
vt 0.0 0.0
vt 0.0 0.0
vt 0.0 0.0
vt 0.0 0.0
vt 0.0 0.0
vt 0.0 0.0
vt 0.0 0.0
vt 0.0 0.0
vt 0.0 0.0
vt 0.0 0.0
vt 0.0 0.0
vt 0.0 0.0
vt 0.0 0.0
vt 0.0 0.0
vt 0.0 0.0
vt 0.0 0.0
vt 0.0 0.0
vt 0.0 0.0
vt 0.0 0.0
vt 0.0 0.0
vt 0.0 0.0
vt 0.0 0.0
vt 0.0 0.0
vt 0.0 0.0
vt 0.0 0.0
vt 0.0 0.0
vt 0.0 0.0
vt 0.0 0.0
vt 0.0 0.0
vt 0.0 0.0
vt 0.0 0.0
vt 0.0 0.0
vt 0.0 0.0
vt 0.0 0.0
vt 0.0 0.0
vt 0.0 0.0
vt 0.0 0.0
vt 0.0 0.0
vt 0.0 0.0
vt 0.0 0.0
vt 0.0 0.0
vt 0.0 0.0
vt 0.0 0.0
vt 0.0 0.0
vt 0.0 0.0
vt 0.0 0.0
vt 0.0 0.0
vt 0.0 0.0
vt 0.0 0.0
vt 0.0 0.0
vt 0.0 0.0
vt 0.0 0.0
vt 0.0 0.0
vt 0.0 0.0
vt 0.0 0.0
vt 0.0 0.0
vt 0.0 0.0
vt 0.0 0.0
vt 0.0 0.0
vt 0.0 0.0
vt 0.0 0.0
vt 0.0 0.0
vt 0.0 0.0
vt 0.0 0.0
vt 0.0 0.0
vt 0.0 0.0
vt 0.0 0.0
vt 0.0 0.0
vt 0.0 0.0
vt 0.0 0.0
vt 0.0 0.0
vt 0.0 0.0
vt 0.0 0.0
vt 0.0 0.0
vt 0.0 0.0
vt 0.0 0.0
vt 0.0 0.0
vt 0.0 0.0
vt 0.0 0.0
vt 0.0 0.0
vt 0.0 0.0
vt 0.0 0.0
vt 0.0 0.0
vt 0.0 0.0
vt 0.0 0.0
vt 0.0 0.0
vt 0.0 0.0
vt 0.0 0.0
vt 0.0 0.0
vt 0.0 0.0
vt 0.0 0.0
vt 0.0 0.0
vt 0.0 0.0
vt 0.0 0.0
vt 0.0 0.0
vt 0.0 0.0
vt 0.0 0.0
vt 0.0 0.0
vt 0.0 0.0
vt 0.0 0.0
vt 0.0 0.0
vt 0.0 0.0
vt 0.0 0.0
vt 0.0 0.0
vt 0.0 0.0
vt 0.0 0.0
vt 0.0 0.0
vt 0.0 0.0
vt 0.0 0.0
vt 0.0 0.0
vt 0.0 0.0
vt 0.0 0.0
vt 0.0 0.0
vt 0.0 0.0
vt 0.0 0.0
vt 0.0 0.0
vt 0.0 0.0
vt 0.0 0.0
vt 0.0 0.0
vt 0.0 0.0
vt 0.0 0.0
vt 0.0 0.0
vt 0.0 0.0
vt 0.0 0.0
vt 0.0 0.0
vt 0.0 0.0
vt 0.0 0.0
vt 0.0 0.0
vt 0.0 0.0
vt 0.0 0.0
vt 0.0 0.0
vt 0.0 0.0
vt 0.0 0.0
vt 0.0 0.0
vt 0.0 0.0
vt 0.0 0.0
vt 0.0 0.0
vt 0.0 0.0
vt 0.0 0.0
vt 0.0 0.0
vt 0.0 0.0
vt 0.0 0.0
vt 0.0 0.0
vt 0.0 0.0
vt 0.0 0.0
vt 0.0 0.0
vt 0.0 0.0
vt 0.0 0.0
vt 0.0 0.0
vt 0.0 0.0
vt 0.0 0.0
vt 0.0 0.0
vt 0.0 0.0
vt 0.0 0.0
vt 0.0 0.0
vt 0.0 0.0
vt 0.0 0.0
vt 0.0 0.0
vt 0.0 0.0
vt 0.0 0.0
vt 0.0 0.0
vt 0.0 0.0
vt 0.0 0.0
vt 0.0 0.0
vt 0.0 0.0
vt 0.0 0.0
vt 0.0 0.0
vt 0.0 0.0
vt 0.0 0.0
vt 0.0 0.0
vt 0.0 0.0
vt 0.0 0.0
vt 0.0 0.0
vt 0.0 0.0
vt 0.0 0.0
vt 0.0 0.0
vt 0.0 0.0
vt 0.0 0.0
vt 0.0 0.0
vt 0.0 0.0
vt 0.0 0.0
vt 0.0 0.0
vt 0.0 0.0
vt 0.0 0.0
vt 0.0 0.0
vt 0.0 0.0
vt 0.0 0.0
vt 0.0 0.0
vt 0.0 0.0
vt 0.0 0.0
vt 0.0 0.0
vt 0.0 0.0
vt 0.0 0.0
vt 0.0 0.0
vt 0.0 0.0
vt 0.0 0.0
vt 0.0 0.0
vt 0.0 0.0
vt 0.0 0.0
vt 0.0 0.0
vt 0.0 0.0
vt 0.0 0.0
vt 0.0 0.0
vt 0.0 0.0
vt 0.0 0.0
vt 0.0 0.0
vt 0.0 0.0
vt 0.0 0.0
vt 0.0 0.0
vt 0.0 0.0
vt 0.0 0.0
vt 0.0 0.0
vt 0.0 0.0
vt 0.0 0.0
vt 0.0 0.0
vt 0.0 0.0
vt 0.0 0.0
vt 0.0 0.0
vt 0.0 0.0
vt 0.0 0.0
vt 0.0 0.0
vt 0.0 0.0
vt 0.0 0.0
vt 0.0 0.0
vt 0.0 0.0
vt 0.0 0.0
vt 0.0 0.0
vt 0.0 0.0
vt 0.0 0.0
vt 0.0 0.0
vt 0.0 0.0
vt 0.0 0.0
vt 0.0 0.0
vt 0.0 0.0
vt 0.0 0.0
vt 0.0 0.0
vt 0.0 0.0
vt 0.0 0.0
vt 0.0 0.0
vt 0.0 0.0
vt 0.0 0.0
vt 0.0 0.0
vt 0.0 0.0
vt 0.0 0.0
vt 0.0 0.0
vt 0.0 0.0
vt 0.0 0.0
vt 0.0 0.0
vt 0.0 0.0
vt 0.0 0.0
vt 0.0 0.0
vt 0.0 0.0
vt 0.0 0.0
vt 0.0 0.0
vt 0.0 0.0
vt 0.0 0.0
vt 0.0 0.0
vt 0.0 0.0
vt 0.0 0.0
vt 0.0 0.0
vt 0.0 0.0
vt 0.0 0.0
vt 0.0 0.0
vt 0.0 0.0
vt 0.0 0.0
vt 0.0 0.0
vt 0.0 0.0
vt 0.0 0.0
vt 0.0 0.0
vt 0.0 0.0
vt 0.0 0.0
vt 0.0 0.0
vt 0.0 0.0
vt 0.0 0.0
vt 0.0 0.0
vt 0.0 0.0
vt 0.0 0.0
vt 0.0 0.0
vt 0.0 0.0
vt 0.0 0.0
vt 0.0 0.0
vt 0.0 0.0
vt 0.0 0.0
vt 0.0 0.0
vt 0.0 0.0
vt 0.0 0.0
vt 0.0 0.0
vt 0.0 0.0
vt 0.0 0.0
vt 0.0 0.0
vt 0.0 0.0
vt 0.0 0.0
vt 0.0 0.0
vt 0.0 0.0
vt 0.0 0.0
vt 0.0 0.0
vt 0.0 0.0
vt 0.0 0.0
vt 0.0 0.0
vt 0.0 0.0
vt 0.0 0.0
vt 0.0 0.0
vt 0.0 0.0
vt 0.0 0.0
vt 0.0 0.0
vt 0.0 0.0
vt 0.0 0.0
vt 0.0 0.0
vt 0.0 0.0
vt 0.0 0.0
vt 0.0 0.0
vt 0.0 0.0
vt 0.0 0.0
vt 0.0 0.0
vt 0.0 0.0
vt 0.0 0.0
vt 0.0 0.0
vt 0.0 0.0
vt 0.0 0.0
vt 0.0 0.0
vt 0.0 0.0
vt 0.0 0.0
vt 0.0 0.0
vt 0.0 0.0
vt 0.0 0.0
vt 0.0 0.0
vt 0.0 0.0
vt 0.0 0.0
vt 0.0 0.0
vt 0.0 0.0
vt 0.0 0.0
vt 0.0 0.0
vt 0.0 0.0
vt 0.0 0.0
vt 0.0 0.0
vt 0.0 0.0
vt 0.0 0.0
vt 0.0 0.0
vt 0.0 0.0
vt 0.0 0.0
vt 0.0 0.0
vt 0.0 0.0
vt 0.0 0.0
vt 0.0 0.0
vt 0.0 0.0
vt 0.0 0.0
vt 0.0 0.0
vt 0.0 0.0
vt 0.0 0.0
vt 0.0 0.0
vt 0.0 0.0
vt 0.0 0.0
vt 0.0 0.0
vt 0.0 0.0
vt 0.0 0.0
vt 0.0 0.0
vt 0.0 0.0
vt 0.0 0.0
vt 0.0 0.0
vt 0.0 0.0
vt 0.0 0.0
vt 0.0 0.0
vt 0.0 0.0
vt 0.0 0.0
vt 0.0 0.0
vt 0.0 0.0
vt 0.0 0.0
vt 0.0 0.0
vt 0.0 0.0
vt 0.0 0.0
vt 0.0 0.0
vt 0.0 0.0
vt 0.0 0.0
vt 0.0 0.0
vt 0.0 0.0
vt 0.0 0.0
vt 0.0 0.0
vt 0.0 0.0
vt 0.0 0.0
vt 0.0 0.0
vt 0.0 0.0
vt 0.0 0.0
vt 0.0 0.0
vt 0.0 0.0
vt 0.0 0.0
vt 0.0 0.0
vt 0.0 0.0
vt 0.0 0.0
vt 0.0 0.0
vt 0.0 0.0
vt 0.0 0.0
vt 0.0 0.0
vt 0.0 0.0
vt 0.0 0.0
vt 0.0 0.0
vt 0.0 0.0
vt 0.0 0.0
vt 0.0 0.0
vt 0.0 0.0
vt 0.0 0.0
vt 0.0 0.0
vt 0.0 0.0
vt 0.0 0.0
vt 0.0 0.0
vt 0.0 0.0
vt 0.0 0.0
vt 0.0 0.0
vt 0.0 0.0
vt 0.0 0.0
vt 0.0 0.0
vt 0.0 0.0
vt 0.0 0.0
vt 0.0 0.0
vt 0.0 0.0
vt 0.0 0.0
vt 0.0 0.0
vt 0.0 0.0
vt 0.0 0.0
vt 0.0 0.0
vt 0.0 0.0
vt 0.0 0.0
vt 0.0 0.0
vt 0.0 0.0
vt 0.0 0.0
vt 0.0 0.0
vt 0.0 0.0
vt 0.0 0.0
vt 0.0 0.0
vt 0.0 0.0
vt 0.0 0.0
vt 0.0 0.0
vt 0.0 0.0
vt 0.0 0.0
vt 0.0 0.0
vt 0.0 0.0
vt 0.0 0.0
vt 0.0 0.0
vt 0.0 0.0
vt 0.0 0.0
vt 0.0 0.0
vt 0.0 0.0
vt 0.0 0.0
vt 0.0 0.0
vt 0.0 0.0
vt 0.0 0.0
vt 0.0 0.0
vt 0.0 0.0
vt 0.0 0.0
vt 0.0 0.0
vt 0.0 0.0
vt 0.0 0.0
vt 0.0 0.0
vt 0.0 0.0
vt 0.0 0.0
vt 0.0 0.0
vt 0.0 0.0
vt 0.0 0.0
vt 0.0 0.0
vt 0.0 0.0
vt 0.0 0.0
vt 0.0 0.0
vt 0.0 0.0
vt 0.0 0.0
vt 0.0 0.0
vt 0.0 0.0
vt 0.0 0.0
vt 0.0 0.0
vt 0.0 0.0
vt 0.0 0.0
vt 0.0 0.0
vt 0.0 0.0
vt 0.0 0.0
vt 0.0 0.0
vt 0.0 0.0
vt 0.0 0.0
vt 0.0 0.0
vt 0.0 0.0
vt 0.0 0.0
vt 0.0 0.0
vt 0.0 0.0
vt 0.0 0.0
vt 0.0 0.0
vt 0.0 0.0
vt 0.0 0.0
vt 0.0 0.0
vt 0.0 0.0
vt 0.0 0.0
vt 0.0 0.0
vt 0.0 0.0
vt 0.0 0.0
vt 0.0 0.0
vt 0.0 0.0
vt 0.0 0.0
vt 0.0 0.0
vt 0.0 0.0
vt 0.0 0.0
vt 0.0 0.0
vt 0.0 0.0
vt 0.0 0.0
vt 0.0 0.0
vt 0.0 0.0
vt 0.0 0.0
vt 0.0 0.0
vt 0.0 0.0
vt 0.0 0.0
vt 0.0 0.0
vt 0.0 0.0
vt 0.0 0.0
vt 0.0 0.0
vt 0.0 0.0
vt 0.0 0.0
vt 0.0 0.0
vt 0.0 0.0
vt 0.0 0.0
vt 0.0 0.0
vt 0.0 0.0
vt 0.0 0.0
vt 0.0 0.0
vt 0.0 0.0
vt 0.0 0.0
vt 0.0 0.0
vt 0.0 0.0
vt 0.0 0.0
vt 0.0 0.0
vt 0.0 0.0
vt 0.0 0.0
vt 0.0 0.0
vt 0.0 0.0
vt 0.0 0.0
vt 0.0 0.0
vt 0.0 0.0
vt 0.0 0.0
vt 0.0 0.0
vt 0.0 0.0
vt 0.0 0.0
vt 0.0 0.0
vt 0.0 0.0
vt 0.0 0.0
vt 0.0 0.0
vt 0.0 0.0
vt 0.0 0.0
vt 0.0 0.0
vt 0.0 0.0
vt 0.0 0.0
vt 0.0 0.0
vt 0.0 0.0
vt 0.0 0.0
vt 0.0 0.0
vt 0.0 0.0
vt 0.0 0.0
vt 0.0 0.0
vt 0.0 0.0
vt 0.0 0.0
vt 0.0 0.0
vt 0.0 0.0
vt 0.0 0.0
vt 0.0 0.0
vt 0.0 0.0
vt 0.0 0.0
vt 0.0 0.0
vt 0.0 0.0
vt 0.0 0.0
vt 0.0 0.0
vt 0.0 0.0
vt 0.0 0.0
vt 0.0 0.0
vt 0.0 0.0
vt 0.0 0.0
vt 0.0 0.0
vt 0.0 0.0
vt 0.0 0.0
vt 0.0 0.0
vt 0.0 0.0
vt 0.0 0.0
vt 0.0 0.0
vt 0.0 0.0
vt 0.0 0.0
vt 0.0 0.0
vt 0.0 0.0
vt 0.0 0.0
vt 0.0 0.0
vt 0.0 0.0
vt 0.0 0.0
vt 0.0 0.0
vt 0.0 0.0
vt 0.0 0.0
vt 0.0 0.0
vt 0.0 0.0
vt 0.0 0.0
vt 0.0 0.0
vt 0.0 0.0
vt 0.0 0.0
vt 0.0 0.0
vt 0.0 0.0
vt 0.0 0.0
vt 0.0 0.0
vt 0.0 0.0
vt 0.0 0.0
vt 0.0 0.0
vt 0.0 0.0
vt 0.0 0.0
vt 0.0 0.0
vt 0.0 0.0
vt 0.0 0.0
vt 0.0 0.0
vt 0.0 0.0
vt 0.0 0.0
vt 0.0 0.0
vt 0.0 0.0
vt 0.0 0.0
vt 0.0 0.0
vt 0.0 0.0
vt 0.0 0.0
vt 0.0 0.0
vt 0.0 0.0
vt 0.0 0.0
vt 0.0 0.0
vt 0.0 0.0
vt 0.0 0.0
vt 0.0 0.0
vt 0.0 0.0
vt 0.0 0.0
vt 0.0 0.0
vt 0.0 0.0
vt 0.0 0.0
vt 0.0 0.0
vt 0.0 0.0
vt 0.0 0.0
vt 0.0 0.0
vt 0.0 0.0
vt 0.0 0.0
vt 0.0 0.0
vt 0.0 0.0
vt 0.0 0.0
vt 0.0 0.0
vt 0.0 0.0
vt 0.0 0.0
vt 0.0 0.0
vt 0.0 0.0
vt 0.0 0.0
vt 0.0 0.0
vt 0.0 0.0
vt 0.0 0.0
vt 0.0 0.0
vt 0.0 0.0
vt 0.0 0.0
vt 0.0 0.0
vt 0.0 0.0
vt 0.0 0.0
vt 0.0 0.0
vt 0.0 0.0
vt 0.0 0.0
vt 0.0 0.0
vt 0.0 0.0
vt 0.0 0.0
vt 0.0 0.0
vt 0.0 0.0
vt 0.0 0.0
vt 0.0 0.0
vt 0.0 0.0
vt 0.0 0.0
vt 0.0 0.0
vt 0.0 0.0
vt 0.0 0.0
vt 0.0 0.0
vt 0.0 0.0
vt 0.0 0.0
vt 0.0 0.0
vt 0.0 0.0
vt 0.0 0.0
vt 0.0 0.0
vt 0.0 0.0
vt 0.0 0.0
vt 0.0 0.0
vt 0.0 0.0
vt 0.0 0.0
vt 0.0 0.0
vt 0.0 0.0
vt 0.0 0.0
vt 0.0 0.0
vt 0.0 0.0
vt 0.0 0.0
vt 0.0 0.0
vt 0.0 0.0
vt 0.0 0.0
vt 0.0 0.0
vt 0.0 0.0
vt 0.0 0.0
vt 0.0 0.0
vt 0.0 0.0
vt 0.0 0.0
vt 0.0 0.0
vt 0.0 0.0
vt 0.0 0.0
vt 0.0 0.0
vt 0.0 0.0
vt 0.0 0.0
vt 0.0 0.0
vt 0.0 0.0
vt 0.0 0.0
vt 0.0 0.0
vt 0.0 0.0
vt 0.0 0.0
vt 0.0 0.0
vt 0.0 0.0
vt 0.0 0.0
vt 0.0 0.0
vt 0.0 0.0
vt 0.0 0.0
vt 0.0 0.0
vt 0.0 0.0
vt 0.0 0.0
vt 0.0 0.0
vt 0.0 0.0
vt 0.0 0.0
vt 0.0 0.0
vt 0.0 0.0
vt 0.0 0.0
vt 0.0 0.0
vt 0.0 0.0
vt 0.0 0.0
vt 0.0 0.0
vt 0.0 0.0
vt 0.0 0.0
vt 0.0 0.0
vt 0.0 0.0
vt 0.0 0.0
vt 0.0 0.0
vt 0.0 0.0
vt 0.0 0.0
vt 0.0 0.0
vt 0.0 0.0
vt 0.0 0.0
vt 0.0 0.0
vt 0.0 0.0
vt 0.0 0.0
vt 0.0 0.0
vt 0.0 0.0
vt 0.0 0.0
vt 0.0 0.0
vt 0.0 0.0
vt 0.0 0.0
vt 0.0 0.0
vt 0.0 0.0
vt 0.0 0.0
vt 0.0 0.0
vt 0.0 0.0
vt 0.0 0.0
vt 0.0 0.0
vt 0.0 0.0
vt 0.0 0.0
vt 0.0 0.0
vt 0.0 0.0
vt 0.0 0.0
vt 0.0 0.0
vt 0.0 0.0
vt 0.0 0.0
vt 0.0 0.0
vt 0.0 0.0
vt 0.0 0.0
vt 0.0 0.0
vt 0.0 0.0
vt 0.0 0.0
vt 0.0 0.0
vt 0.0 0.0
vt 0.0 0.0
vt 0.0 0.0
vt 0.0 0.0
vt 0.0 0.0
vt 0.0 0.0
vt 0.0 0.0
vt 0.0 0.0
vt 0.0 0.0
vt 0.0 0.0
vt 0.0 0.0
vt 0.0 0.0
vt 0.0 0.0
vt 0.0 0.0
vt 0.0 0.0
vt 0.0 0.0
vt 0.0 0.0
vt 0.0 0.0
vt 0.0 0.0
vt 0.0 0.0
vt 0.0 0.0
vt 0.0 0.0
vt 0.0 0.0
vt 0.0 0.0
vt 0.0 0.0
vt 0.0 0.0
vt 0.0 0.0
vt 0.0 0.0
vt 0.0 0.0
vt 0.0 0.0
vt 0.0 0.0
vt 0.0 0.0
vt 0.0 0.0
vt 0.0 0.0
vt 0.0 0.0
vt 0.0 0.0
vt 0.0 0.0
vt 0.0 0.0
vt 0.0 0.0
vt 0.0 0.0
vt 0.0 0.0
vt 0.0 0.0
vt 0.0 0.0
vt 0.0 0.0
vt 0.0 0.0
vt 0.0 0.0
vt 0.0 0.0
vt 0.0 0.0
vt 0.0 0.0
vt 0.0 0.0
vt 0.0 0.0
vt 0.0 0.0
vt 0.0 0.0
vt 0.0 0.0
vt 0.0 0.0
vt 0.0 0.0
vt 0.0 0.0
vt 0.0 0.0
vt 0.0 0.0
vt 0.0 0.0
vt 0.0 0.0
vt 0.0 0.0
vt 0.0 0.0
vt 0.0 0.0
vt 0.0 0.0
vt 0.0 0.0
vt 0.0 0.0
vt 0.0 0.0
vt 0.0 0.0
vt 0.0 0.0
vt 0.0 0.0
vt 0.0 0.0
vt 0.0 0.0
vt 0.0 0.0
vt 0.0 0.0
vt 0.0 0.0
vt 0.0 0.0
vt 0.0 0.0
vt 0.0 0.0
vt 0.0 0.0
vt 0.0 0.0
vt 0.0 0.0
vt 0.0 0.0
vt 0.0 0.0
vt 0.0 0.0
vt 0.0 0.0
vt 0.0 0.0
vt 0.0 0.0
vt 0.0 0.0
vt 0.0 0.0
vt 0.0 0.0
vt 0.0 0.0
vt 0.0 0.0
vt 0.0 0.0
vt 0.0 0.0
vt 0.0 0.0
vt 0.0 0.0
vt 0.0 0.0
vt 0.0 0.0
vt 0.0 0.0
vt 0.0 0.0
vt 0.0 0.0
vt 0.0 0.0
vt 0.0 0.0
vt 0.0 0.0
vt 0.0 0.0
vt 0.0 0.0
vt 0.0 0.0
vt 0.0 0.0
vt 0.0 0.0
vt 0.0 0.0
vt 0.0 0.0
vt 0.0 0.0
vt 0.0 0.0
vt 0.0 0.0
vt 0.0 0.0
vt 0.0 0.0
vt 0.0 0.0
vt 0.0 0.0
vt 0.0 0.0
vt 0.0 0.0
vt 0.0 0.0
vt 0.0 0.0
vt 0.0 0.0
vt 0.0 0.0
vt 0.0 0.0
vt 0.0 0.0
vt 0.0 0.0
vt 0.0 0.0
vt 0.0 0.0
vt 0.0 0.0
vt 0.0 0.0
vt 0.0 0.0
vt 0.0 0.0
vt 0.0 0.0
vt 0.0 0.0
vt 0.0 0.0
vt 0.0 0.0
vt 0.0 0.0
vt 0.0 0.0
vt 0.0 0.0
vt 0.0 0.0
vt 0.0 0.0
vt 0.0 0.0
vt 0.0 0.0
vt 0.0 0.0
vt 0.0 0.0
vt 0.0 0.0
vt 0.0 0.0
vt 0.0 0.0
vt 0.0 0.0
vt 0.0 0.0
vt 0.0 0.0
vt 0.0 0.0
vt 0.0 0.0
vt 0.0 0.0
vt 0.0 0.0
vt 0.0 0.0
vt 0.0 0.0
vt 0.0 0.0
vt 0.0 0.0
vt 0.0 0.0
vt 0.0 0.0
vt 0.0 0.0
vt 0.0 0.0
vt 0.0 0.0
vt 0.0 0.0
vt 0.0 0.0
vt 0.0 0.0
vt 0.0 0.0
vt 0.0 0.0
vt 0.0 0.0
vt 0.0 0.0
vt 0.0 0.0
vt 0.0 0.0
vt 0.0 0.0
vt 0.0 0.0
vt 0.0 0.0
vt 0.0 0.0
vt 0.0 0.0
vt 0.0 0.0
vt 0.0 0.0
vt 0.0 0.0
vt 0.0 0.0
vt 0.0 0.0
vt 0.0 0.0
vt 0.0 0.0
vt 0.0 0.0
vt 0.0 0.0
vt 0.0 0.0
vt 0.0 0.0
vt 0.0 0.0
vt 0.0 0.0
vt 0.0 0.0
vt 0.0 0.0
vt 0.0 0.0
vt 0.0 0.0
vt 0.0 0.0
vt 0.0 0.0
vt 0.0 0.0
vt 0.0 0.0
vt 0.0 0.0
vt 0.0 0.0
vt 0.0 0.0
vt 0.0 0.0
vt 0.0 0.0
vt 0.0 0.0
vt 0.0 0.0
vt 0.0 0.0
vt 0.0 0.0
vt 0.0 0.0
vt 0.0 0.0
vt 0.0 0.0
vt 0.0 0.0
vt 0.0 0.0
vt 0.0 0.0
vt 0.0 0.0
vt 0.0 0.0
vt 0.0 0.0
vt 0.0 0.0
vt 0.0 0.0
vt 0.0 0.0
vt 0.0 0.0
vt 0.0 0.0
vt 0.0 0.0
vt 0.0 0.0
vt 0.0 0.0
vt 0.0 0.0
vt 0.0 0.0
vt 0.0 0.0
vt 0.0 0.0
vt 0.0 0.0
vt 0.0 0.0
vt 0.0 0.0
vt 0.0 0.0
vt 0.0 0.0
vt 0.0 0.0
vt 0.0 0.0
vt 0.0 0.0
vt 0.0 0.0
vt 0.0 0.0
vt 0.0 0.0
vt 0.0 0.0
vt 0.0 0.0
vt 0.0 0.0
vt 0.0 0.0
vt 0.0 0.0
vt 0.0 0.0
vt 0.0 0.0
vt 0.0 0.0
vt 0.0 0.0
vt 0.0 0.0
vt 0.0 0.0
vt 0.0 0.0
vt 0.0 0.0
vt 0.0 0.0
vt 0.0 0.0
vt 0.0 0.0
vt 0.0 0.0
vt 0.0 0.0
vt 0.0 0.0
vt 0.0 0.0
vt 0.0 0.0
vt 0.0 0.0
vt 0.0 0.0
vt 0.0 0.0
vt 0.0 0.0
vt 0.0 0.0
vt 0.0 0.0
vt 0.0 0.0
vt 0.0 0.0
vt 0.0 0.0
vt 0.0 0.0
vt 0.0 0.0
vt 0.0 0.0
vt 0.0 0.0
vt 0.0 0.0
vt 0.0 0.0
vt 0.0 0.0
vt 0.0 0.0
vt 0.0 0.0
vt 0.0 0.0
vt 0.0 0.0
vt 0.0 0.0
vt 0.0 0.0
vt 0.0 0.0
vt 0.0 0.0
vt 0.0 0.0
vt 0.0 0.0
vt 0.0 0.0
vt 0.0 0.0
vt 0.0 0.0
vt 0.0 0.0
vt 0.0 0.0
vt 0.0 0.0
vt 0.0 0.0
vt 0.0 0.0
vt 0.0 0.0
vt 0.0 0.0
vt 0.0 0.0
vt 0.0 0.0
vt 0.0 0.0
vt 0.0 0.0
vt 0.0 0.0
vt 0.0 0.0
vt 0.0 0.0
vt 0.0 0.0
vt 0.0 0.0
vt 0.0 0.0
vt 0.0 0.0
vt 0.0 0.0
vt 0.0 0.0
vt 0.0 0.0
vt 0.0 0.0
vt 0.0 0.0
vt 0.0 0.0
vt 0.0 0.0
vt 0.0 0.0
vt 0.0 0.0
vt 0.0 0.0
vt 0.0 0.0
vt 0.0 0.0
vt 0.0 0.0
vt 0.0 0.0
vt 0.0 0.0
vt 0.0 0.0
vt 0.0 0.0
vt 0.0 0.0
vt 0.0 0.0
vt 0.0 0.0
vt 0.0 0.0
vt 0.0 0.0
vt 0.0 0.0
vt 0.0 0.0
vt 0.0 0.0
vt 0.0 0.0
vt 0.0 0.0
vt 0.0 0.0
vt 0.0 0.0
vt 0.0 0.0
vt 0.0 0.0
vt 0.0 0.0
vt 0.0 0.0
vt 0.0 0.0
vt 0.0 0.0
vt 0.0 0.0
vt 0.0 0.0
vt 0.0 0.0
vt 0.0 0.0
vt 0.0 0.0
vt 0.0 0.0
vt 0.0 0.0
vt 0.0 0.0
vt 0.0 0.0
vt 0.0 0.0
vt 0.0 0.0
vt 0.0 0.0
vt 0.0 0.0
vt 0.0 0.0
vt 0.0 0.0
vt 0.0 0.0
vt 0.0 0.0
vt 0.0 0.0
vt 0.0 0.0
vt 0.0 0.0
vt 0.0 0.0
vt 0.0 0.0
vt 0.0 0.0
vt 0.0 0.0
vt 0.0 0.0
vt 0.0 0.0
vt 0.0 0.0
vt 0.0 0.0
vt 0.0 0.0
vt 0.0 0.0
vt 0.0 0.0
vt 0.0 0.0
vt 0.0 0.0
vt 0.0 0.0
vt 0.0 0.0
vt 0.0 0.0
vt 0.0 0.0
vt 0.0 0.0
vt 0.0 0.0
vt 0.0 0.0
vt 0.0 0.0
vt 0.0 0.0
vt 0.0 0.0
vt 0.0 0.0
vt 0.0 0.0
vt 0.0 0.0
vt 0.0 0.0
vt 0.0 0.0
vt 0.0 0.0
vt 0.0 0.0
vt 0.0 0.0
vt 0.0 0.0
vt 0.0 0.0
vt 0.0 0.0
vt 0.0 0.0
vt 0.0 0.0
vt 0.0 0.0
vt 0.0 0.0
vt 0.0 0.0
vt 0.0 0.0
vt 0.0 0.0
vt 0.0 0.0
vt 0.0 0.0
vt 0.0 0.0
vt 0.0 0.0
vt 0.0 0.0
vt 0.0 0.0
vt 0.0 0.0
vt 0.0 0.0
vt 0.0 0.0
vt 0.0 0.0
vt 0.0 0.0
vt 0.0 0.0
vt 0.0 0.0
vt 0.0 0.0
vt 0.0 0.0
vt 0.0 0.0
vt 0.0 0.0
vt 0.0 0.0
vt 0.0 0.0
vt 0.0 0.0
vt 0.0 0.0
vt 0.0 0.0
vt 0.0 0.0
vt 0.0 0.0
vt 0.0 0.0
vt 0.0 0.0
vt 0.0 0.0
vt 0.0 0.0
vt 0.0 0.0
vt 0.0 0.0
vt 0.0 0.0
vt 0.0 0.0
vt 0.0 0.0
vt 0.0 0.0
vt 0.0 0.0
vt 0.0 0.0
vt 0.0 0.0
vt 0.0 0.0
vt 0.0 0.0
vt 0.0 0.0
vt 0.0 0.0
vt 0.0 0.0
vt 0.0 0.0
vt 0.0 0.0
vt 0.0 0.0
vt 0.0 0.0
vt 0.0 0.0
vt 0.0 0.0
vt 0.0 0.0
vt 0.0 0.0
vt 0.0 0.0
vt 0.0 0.0
vt 0.0 0.0
vt 0.0 0.0
vt 0.0 0.0
vt 0.0 0.0
vt 0.0 0.0
vt 0.0 0.0
vt 0.0 0.0
vt 0.0 0.0
vt 0.0 0.0
vt 0.0 0.0
vt 0.0 0.0
vt 0.0 0.0
vt 0.0 0.0
vt 0.0 0.0
vt 0.0 0.0
vt 0.0 0.0
vt 0.0 0.0
vt 0.0 0.0
vt 0.0 0.0
vt 0.0 0.0
vt 0.0 0.0
vt 0.0 0.0
vt 0.0 0.0
vt 0.0 0.0
vt 0.0 0.0
vt 0.0 0.0
vt 0.0 0.0
vt 0.0 0.0
vt 0.0 0.0
vt 0.0 0.0
vt 0.0 0.0
vt 0.0 0.0
vt 0.0 0.0
vt 0.0 0.0
vt 0.0 0.0
vt 0.0 0.0
vt 0.0 0.0
vt 0.0 0.0
vt 0.0 0.0
vt 0.0 0.0
vt 0.0 0.0
vt 0.0 0.0
vt 0.0 0.0
vt 0.0 0.0
vt 0.0 0.0
vt 0.0 0.0
vt 0.0 0.0
vt 0.0 0.0
vt 0.0 0.0
vt 0.0 0.0
vt 0.0 0.0
vt 0.0 0.0
vt 0.0 0.0
vt 0.0 0.0
vt 0.0 0.0
vt 0.0 0.0
vt 0.0 0.0
vt 0.0 0.0
vt 0.0 0.0
vt 0.0 0.0
vt 0.0 0.0
vt 0.0 0.0
vt 0.0 0.0
vt 0.0 0.0
vt 0.0 0.0
vt 0.0 0.0
vt 0.0 0.0
vt 0.0 0.0
vt 0.0 0.0
vt 0.0 0.0
vt 0.0 0.0
vt 0.0 0.0
vt 0.0 0.0
vt 0.0 0.0
vt 0.0 0.0
vt 0.0 0.0
vt 0.0 0.0
vt 0.0 0.0
vt 0.0 0.0
vt 0.0 0.0
vt 0.0 0.0
vt 0.0 0.0
vt 0.0 0.0
vt 0.0 0.0
vt 0.0 0.0
vt 0.0 0.0
vt 0.0 0.0
vt 0.0 0.0
vt 0.0 0.0
vt 0.0 0.0
vt 0.0 0.0
vt 0.0 0.0
vt 0.0 0.0
vt 0.0 0.0
vt 0.0 0.0
vt 0.0 0.0
vt 0.0 0.0
vt 0.0 0.0
vt 0.0 0.0
vt 0.0 0.0
vt 0.0 0.0
vt 0.0 0.0
vt 0.0 0.0
vt 0.0 0.0
vt 0.0 0.0
vt 0.0 0.0
vt 0.0 0.0
vt 0.0 0.0
vt 0.0 0.0
vt 0.0 0.0
vt 0.0 0.0
vt 0.0 0.0
vt 0.0 0.0
vt 0.0 0.0
vt 0.0 0.0
vt 0.0 0.0
vt 0.0 0.0
vt 0.0 0.0
vt 0.0 0.0
vt 0.0 0.0
vt 0.0 0.0
vt 0.0 0.0
vt 0.0 0.0
vt 0.0 0.0
vt 0.0 0.0
vt 0.0 0.0
vt 0.0 0.0
vt 0.0 0.0
vt 0.0 0.0
vt 0.0 0.0
vt 0.0 0.0
vt 0.0 0.0
vt 0.0 0.0
vt 0.0 0.0
vt 0.0 0.0
vt 0.0 0.0
vt 0.0 0.0
vt 0.0 0.0
vt 0.0 0.0
vt 0.0 0.0
vt 0.0 0.0
vt 0.0 0.0
vt 0.0 0.0
vt 0.0 0.0
vt 0.0 0.0
vt 0.0 0.0
vt 0.0 0.0
vt 0.0 0.0
vt 0.0 0.0
vt 0.0 0.0
vt 0.0 0.0
vt 0.0 0.0
vt 0.0 0.0
vt 0.0 0.0
vt 0.0 0.0
vt 0.0 0.0
vt 0.0 0.0
vt 0.0 0.0
vt 0.0 0.0
vt 0.0 0.0
vt 0.0 0.0
vt 0.0 0.0
vt 0.0 0.0
vt 0.0 0.0
vt 0.0 0.0
vt 0.0 0.0
vt 0.0 0.0
vt 0.0 0.0
vt 0.0 0.0
vt 0.0 0.0
vt 0.0 0.0
vt 0.0 0.0
vt 0.0 0.0
vt 0.0 0.0
vt 0.0 0.0
vt 0.0 0.0
vt 0.0 0.0
vt 0.0 0.0
vt 0.0 0.0
vt 0.0 0.0
vt 0.0 0.0
vt 0.0 0.0
vt 0.0 0.0
vt 0.0 0.0
vt 0.0 0.0
vt 0.0 0.0
vt 0.0 0.0
vt 0.0 0.0
vt 0.0 0.0
vt 0.0 0.0
vt 0.0 0.0
vt 0.0 0.0
vt 0.0 0.0
vt 0.0 0.0
vt 0.0 0.0
vt 0.0 0.0
vt 0.0 0.0
vt 0.0 0.0
vt 0.0 0.0
vt 0.0 0.0
vt 0.0 0.0
vt 0.0 0.0
vt 0.0 0.0
vt 0.0 0.0
vt 0.0 0.0
vt 0.0 0.0
vt 0.0 0.0
vt 0.0 0.0
vt 0.0 0.0
vt 0.0 0.0
vt 0.0 0.0
vt 0.0 0.0
vt 0.0 0.0
vt 0.0 0.0
vt 0.0 0.0
vt 0.0 0.0
vt 0.0 0.0
vt 0.0 0.0
vt 0.0 0.0
vt 0.0 0.0
vt 0.0 0.0
vt 0.0 0.0
vt 0.0 0.0
vt 0.0 0.0
vt 0.0 0.0
vt 0.0 0.0
vt 0.0 0.0
vt 0.0 0.0
vt 0.0 0.0
vt 0.0 0.0
vt 0.0 0.0
vt 0.0 0.0
vt 0.0 0.0
vt 0.0 0.0
vt 0.0 0.0
vt 0.0 0.0
vt 0.0 0.0
vt 0.0 0.0
vt 0.0 0.0
vt 0.0 0.0
vt 0.0 0.0
vt 0.0 0.0
vt 0.0 0.0
vt 0.0 0.0
vt 0.0 0.0
vt 0.0 0.0
vt 0.0 0.0
vt 0.0 0.0
vt 0.0 0.0
vt 0.0 0.0
vt 0.0 0.0
vt 0.0 0.0
vt 0.0 0.0
vt 0.0 0.0
vt 0.0 0.0
vt 0.0 0.0
vt 0.0 0.0
vt 0.0 0.0
vt 0.0 0.0
vt 0.0 0.0
vt 0.0 0.0
vt 0.0 0.0
vt 0.0 0.0
vt 0.0 0.0
vt 0.0 0.0
vt 0.0 0.0
vt 0.0 0.0
vt 0.0 0.0
vt 0.0 0.0
vt 0.0 0.0
vt 0.0 0.0
vt 0.0 0.0
vt 0.0 0.0
vt 0.0 0.0
vt 0.0 0.0
vt 0.0 0.0
vt 0.0 0.0
vt 0.0 0.0
vt 0.0 0.0
vt 0.0 0.0
vt 0.0 0.0
vt 0.0 0.0
vt 0.0 0.0
vt 0.0 0.0
vt 0.0 0.0
vt 0.0 0.0
vt 0.0 0.0
vt 0.0 0.0
vt 0.0 0.0
vt 0.0 0.0
vt 0.0 0.0
vt 0.0 0.0
vt 0.0 0.0
vt 0.0 0.0
vt 0.0 0.0
vt 0.0 0.0
vt 0.0 0.0
vt 0.0 0.0
vt 0.0 0.0
vt 0.0 0.0
vt 0.0 0.0
vt 0.0 0.0
vt 0.0 0.0
vt 0.0 0.0
vt 0.0 0.0
vt 0.0 0.0
vt 0.0 0.0
vt 0.0 0.0
vt 0.0 0.0
vt 0.0 0.0
vt 0.0 0.0
vt 0.0 0.0
vt 0.0 0.0
vt 0.0 0.0
vt 0.0 0.0
vt 0.0 0.0
vt 0.0 0.0
vt 0.0 0.0
vt 0.0 0.0
vt 0.0 0.0
vt 0.0 0.0
vt 0.0 0.0
vt 0.0 0.0
vt 0.0 0.0
vt 0.0 0.0
vt 0.0 0.0
vt 0.0 0.0
vt 0.0 0.0
vt 0.0 0.0
vt 0.0 0.0
vt 0.0 0.0
vt 0.0 0.0
vt 0.0 0.0
vt 0.0 0.0
vt 0.0 0.0
vt 0.0 0.0
vt 0.0 0.0
vt 0.0 0.0
vt 0.0 0.0
vt 0.0 0.0
vt 0.0 0.0
vt 0.0 0.0
vt 0.0 0.0
vt 0.0 0.0
vt 0.0 0.0
vt 0.0 0.0
vt 0.0 0.0
vt 0.0 0.0
vt 0.0 0.0
vt 0.0 0.0
vt 0.0 0.0
vt 0.0 0.0
vt 0.0 0.0
vt 0.0 0.0
vt 0.0 0.0
vt 0.0 0.0
vt 0.0 0.0
vt 0.0 0.0
vt 0.0 0.0
vt 0.0 0.0
vt 0.0 0.0
vt 0.0 0.0
vt 0.0 0.0
vt 0.0 0.0
vt 0.0 0.0
vt 0.0 0.0
vt 0.0 0.0
vt 0.0 0.0
vt 0.0 0.0
vt 0.0 0.0
vt 0.0 0.0
vt 0.0 0.0
vt 0.0 0.0
vt 0.0 0.0
vt 0.0 0.0
vt 0.0 0.0
vt 0.0 0.0
vt 0.0 0.0
vt 0.0 0.0
vt 0.0 0.0
vt 0.0 0.0
vt 0.0 0.0
vt 0.0 0.0
vt 0.0 0.0
vt 0.0 0.0
vt 0.0 0.0
vt 0.0 0.0
vt 0.0 0.0
vt 0.0 0.0
vt 0.0 0.0
vt 0.0 0.0
vt 0.0 0.0
vt 0.0 0.0
vt 0.0 0.0
vt 0.0 0.0
vt 0.0 0.0
vt 0.0 0.0
vt 0.0 0.0
vt 0.0 0.0
vt 0.0 0.0
vt 0.0 0.0
vt 0.0 0.0
vt 0.0 0.0
vt 0.0 0.0
vt 0.0 0.0
vt 0.0 0.0
vt 0.0 0.0
vt 0.0 0.0
vt 0.0 0.0
vt 0.0 0.0
vt 0.0 0.0
vt 0.0 0.0
vt 0.0 0.0
vt 0.0 0.0
vt 0.0 0.0
vt 0.0 0.0
vt 0.0 0.0
vt 0.0 0.0
vt 0.0 0.0
vt 0.0 0.0
vt 0.0 0.0
vt 0.0 0.0
vt 0.0 0.0
vt 0.0 0.0
vt 0.0 0.0
vt 0.0 0.0
vt 0.0 0.0
vt 0.0 0.0
vt 0.0 0.0
vt 0.0 0.0
vt 0.0 0.0
vt 0.0 0.0
vt 0.0 0.0
vt 0.0 0.0
vt 0.0 0.0
vt 0.0 0.0
vt 0.0 0.0
vt 0.0 0.0
vt 0.0 0.0
vt 0.0 0.0
vt 0.0 0.0
vt 0.0 0.0
vt 0.0 0.0
vt 0.0 0.0
vt 0.0 0.0
vt 0.0 0.0
vt 0.0 0.0
vt 0.0 0.0
vt 0.0 0.0
vt 0.0 0.0
vt 0.0 0.0
vt 0.0 0.0
vt 0.0 0.0
vt 0.0 0.0
vt 0.0 0.0
vt 0.0 0.0
vt 0.0 0.0
vt 0.0 0.0
vt 0.0 0.0
vt 0.0 0.0
vt 0.0 0.0
vt 0.0 0.0
vt 0.0 0.0
vt 0.0 0.0
vt 0.0 0.0
vt 0.0 0.0
vt 0.0 0.0
vt 0.0 0.0
vt 0.0 0.0
vt 0.0 0.0
vt 0.0 0.0
vt 0.0 0.0
vt 0.0 0.0
vt 0.0 0.0
vt 0.0 0.0
vt 0.0 0.0
vt 0.0 0.0
vt 0.0 0.0
vt 0.0 0.0
vt 0.0 0.0
vt 0.0 0.0
vt 0.0 0.0
vt 0.0 0.0
vt 0.0 0.0
vt 0.0 0.0
vt 0.0 0.0
vt 0.0 0.0
vt 0.0 0.0
vt 0.0 0.0
vt 0.0 0.0
vt 0.0 0.0
vt 0.0 0.0
vt 0.0 0.0
vt 0.0 0.0
vt 0.0 0.0
vt 0.0 0.0
vt 0.0 0.0
vt 0.0 0.0
vt 0.0 0.0
vt 0.0 0.0
vt 0.0 0.0
vt 0.0 0.0
vt 0.0 0.0
vt 0.0 0.0
vt 0.0 0.0
vt 0.0 0.0
vt 0.0 0.0
vt 0.0 0.0
vt 0.0 0.0
vt 0.0 0.0
vt 0.0 0.0
vt 0.0 0.0
vt 0.0 0.0
vt 0.0 0.0
vt 0.0 0.0
vt 0.0 0.0
vt 0.0 0.0
vt 0.0 0.0
vt 0.0 0.0
vt 0.0 0.0
vt 0.0 0.0
vt 0.0 0.0
vt 0.0 0.0
vt 0.0 0.0
vt 0.0 0.0
vt 0.0 0.0
vt 0.0 0.0
vt 0.0 0.0
vt 0.0 0.0
vt 0.0 0.0
vt 0.0 0.0
vt 0.0 0.0
vt 0.0 0.0
vt 0.0 0.0
vt 0.0 0.0
vt 0.0 0.0
vt 0.0 0.0
vt 0.0 0.0
vt 0.0 0.0
vt 0.0 0.0
vt 0.0 0.0
vt 0.0 0.0
vt 0.0 0.0
vt 0.0 0.0
vt 0.0 0.0
vt 0.0 0.0
vt 0.0 0.0
vt 0.0 0.0
vt 0.0 0.0
vt 0.0 0.0
vt 0.0 0.0
vt 0.0 0.0
vt 0.0 0.0
vt 0.0 0.0
vt 0.0 0.0
vt 0.0 0.0
vt 0.0 0.0
vt 0.0 0.0
vt 0.0 0.0
vt 0.0 0.0
vt 0.0 0.0
vt 0.0 0.0
vt 0.0 0.0
vt 0.0 0.0
vt 0.0 0.0
vt 0.0 0.0
vt 0.0 0.0
vt 0.0 0.0
vt 0.0 0.0
vt 0.0 0.0
vt 0.0 0.0
vt 0.0 0.0
vt 0.0 0.0
vt 0.0 0.0
vt 0.0 0.0
vt 0.0 0.0
vt 0.0 0.0
vt 0.0 0.0
vt 0.0 0.0
vt 0.0 0.0
vt 0.0 0.0
vt 0.0 0.0
vt 0.0 0.0
vt 0.0 0.0
vt 0.0 0.0
vt 0.0 0.0
vt 0.0 0.0
vt 0.0 0.0
vt 0.0 0.0
vt 0.0 0.0
vt 0.0 0.0
vt 0.0 0.0
vt 0.0 0.0
vt 0.0 0.0
vt 0.0 0.0
vt 0.0 0.0
vt 0.0 0.0
vt 0.0 0.0
vt 0.0 0.0
vt 0.0 0.0
vt 0.0 0.0
vt 0.0 0.0
vt 0.0 0.0
vt 0.0 0.0
vt 0.0 0.0
vt 0.0 0.0
vt 0.0 0.0
vt 0.0 0.0
vt 0.0 0.0
vt 0.0 0.0
vt 0.0 0.0
vt 0.0 0.0
vt 0.0 0.0
vt 0.0 0.0
vt 0.0 0.0
vt 0.0 0.0
vt 0.0 0.0
vt 0.0 0.0
vt 0.0 0.0
vt 0.0 0.0
vt 0.0 0.0
vt 0.0 0.0
vt 0.0 0.0
vt 0.0 0.0
vt 0.0 0.0
vt 0.0 0.0
vt 0.0 0.0
vt 0.0 0.0
vt 0.0 0.0
vt 0.0 0.0
vt 0.0 0.0
vt 0.0 0.0
vt 0.0 0.0
vt 0.0 0.0
vt 0.0 0.0
vt 0.0 0.0
vt 0.0 0.0
vt 0.0 0.0
vt 0.0 0.0
vt 0.0 0.0
vt 0.0 0.0
vt 0.0 0.0
vt 0.0 0.0
vt 0.0 0.0
vt 0.0 0.0
vt 0.0 0.0
vt 0.0 0.0
vt 0.0 0.0
vt 0.0 0.0
vt 0.0 0.0
vt 0.0 0.0
vt 0.0 0.0
vt 0.0 0.0
vt 0.0 0.0
vt 0.0 0.0
vt 0.0 0.0
vt 0.0 0.0
vt 0.0 0.0
vt 0.0 0.0
vt 0.0 0.0
vt 0.0 0.0
vt 0.0 0.0
vt 0.0 0.0
vt 0.0 0.0
vt 0.0 0.0
vt 0.0 0.0
vt 0.0 0.0
vt 0.0 0.0
vt 0.0 0.0
vt 0.0 0.0
vt 0.0 0.0
vt 0.0 0.0
vt 0.0 0.0
vt 0.0 0.0
vt 0.0 0.0
vt 0.0 0.0
vt 0.0 0.0
vt 0.0 0.0
vt 0.0 0.0
vt 0.0 0.0
vt 0.0 0.0
vt 0.0 0.0
vt 0.0 0.0
vt 0.0 0.0
vt 0.0 0.0
vt 0.0 0.0
vt 0.0 0.0
vt 0.0 0.0
vt 0.0 0.0
vt 0.0 0.0
vt 0.0 0.0
vt 0.0 0.0
vt 0.0 0.0
vt 0.0 0.0
vt 0.0 0.0
vt 0.0 0.0
vt 0.0 0.0
vt 0.0 0.0
vt 0.0 0.0
vt 0.0 0.0
vt 0.0 0.0
vt 0.0 0.0
vt 0.0 0.0
vt 0.0 0.0
vt 0.0 0.0
vt 0.0 0.0
vt 0.0 0.0
vt 0.0 0.0
vt 0.0 0.0
vt 0.0 0.0
vt 0.0 0.0
vt 0.0 0.0
vt 0.0 0.0
vt 0.0 0.0
vt 0.0 0.0
vt 0.0 0.0
vt 0.0 0.0
vt 0.0 0.0
vt 0.0 0.0
vt 0.0 0.0
vt 0.0 0.0
vt 0.0 0.0
vt 0.0 0.0
vt 0.0 0.0
vt 0.0 0.0
vt 0.0 0.0
vt 0.0 0.0
vt 0.0 0.0
vt 0.0 0.0
vt 0.0 0.0
vt 0.0 0.0
vt 0.0 0.0
vt 0.0 0.0
vt 0.0 0.0
vt 0.0 0.0
vt 0.0 0.0
vt 0.0 0.0
vt 0.0 0.0
vt 0.0 0.0
vt 0.0 0.0
vt 0.0 0.0
vt 0.0 0.0
vt 0.0 0.0
vt 0.0 0.0
vt 0.0 0.0
vt 0.0 0.0
vt 0.0 0.0
vt 0.0 0.0
vt 0.0 0.0
vt 0.0 0.0
vt 0.0 0.0
vt 0.0 0.0
vt 0.0 0.0
vt 0.0 0.0
vt 0.0 0.0
vt 0.0 0.0
vt 0.0 0.0
vt 0.0 0.0
vt 0.0 0.0
vt 0.0 0.0
vt 0.0 0.0
vt 0.0 0.0
vt 0.0 0.0
vt 0.0 0.0
vt 0.0 0.0
vt 0.0 0.0
vt 0.0 0.0
vt 0.0 0.0
vt 0.0 0.0
vt 0.0 0.0
vt 0.0 0.0
vt 0.0 0.0
vt 0.0 0.0
vt 0.0 0.0
vt 0.0 0.0
vt 0.0 0.0
vt 0.0 0.0
vt 0.0 0.0
vt 0.0 0.0
vt 0.0 0.0
vt 0.0 0.0
vt 0.0 0.0
vt 0.0 0.0
vt 0.0 0.0
vt 0.0 0.0
vt 0.0 0.0
vt 0.0 0.0
vt 0.0 0.0
vt 0.0 0.0
vt 0.0 0.0
vt 0.0 0.0
vt 0.0 0.0
vt 0.0 0.0
vt 0.0 0.0
vt 0.0 0.0
vt 0.0 0.0
vt 0.0 0.0
vt 0.0 0.0
vt 0.0 0.0
vt 0.0 0.0
vt 0.0 0.0
vt 0.0 0.0
vt 0.0 0.0
vt 0.0 0.0
vt 0.0 0.0
vt 0.0 0.0
vt 0.0 0.0
vt 0.0 0.0
vt 0.0 0.0
vt 0.0 0.0
vt 0.0 0.0
vt 0.0 0.0
vt 0.0 0.0
vt 0.0 0.0
vt 0.0 0.0
vt 0.0 0.0
vt 0.0 0.0
vt 0.0 0.0
vt 0.0 0.0
vt 0.0 0.0
vt 0.0 0.0
vt 0.0 0.0
vt 0.0 0.0
vt 0.0 0.0
vt 0.0 0.0
vt 0.0 0.0
vt 0.0 0.0
vt 0.0 0.0
vt 0.0 0.0
vt 0.0 0.0
vt 0.0 0.0
vt 0.0 0.0
vt 0.0 0.0
vt 0.0 0.0
vt 0.0 0.0
vt 0.0 0.0
vt 0.0 0.0
vt 0.0 0.0
vt 0.0 0.0
vt 0.0 0.0
vt 0.0 0.0
vt 0.0 0.0
vt 0.0 0.0
vt 0.0 0.0
vt 0.0 0.0
vt 0.0 0.0
vt 0.0 0.0
vt 0.0 0.0
vt 0.0 0.0
vt 0.0 0.0
vt 0.0 0.0
vt 0.0 0.0
vt 0.0 0.0
vt 0.0 0.0
vt 0.0 0.0
vt 0.0 0.0
vt 0.0 0.0
vt 0.0 0.0
vt 0.0 0.0
vt 0.0 0.0
vt 0.0 0.0
vt 0.0 0.0
vt 0.0 0.0
vt 0.0 0.0
vt 0.0 0.0
vt 0.0 0.0
vt 0.0 0.0
vt 0.0 0.0
vt 0.0 0.0
vt 0.0 0.0
vt 0.0 0.0
vt 0.0 0.0
vt 0.0 0.0
vt 0.0 0.0
vt 0.0 0.0
vt 0.0 0.0
vt 0.0 0.0
vt 0.0 0.0
vt 0.0 0.0
vt 0.0 0.0
vt 0.0 0.0
vt 0.0 0.0
vt 0.0 0.0
vt 0.0 0.0
vt 0.0 0.0
vt 0.0 0.0
vt 0.0 0.0
vt 0.0 0.0
vt 0.0 0.0
vt 0.0 0.0
vt 0.0 0.0
vt 0.0 0.0
vt 0.0 0.0
vt 0.0 0.0
vt 0.0 0.0
vt 0.0 0.0
vt 0.0 0.0
vt 0.0 0.0
vt 0.0 0.0
vt 0.0 0.0
vt 0.0 0.0
vt 0.0 0.0
vt 0.0 0.0
vt 0.0 0.0
vt 0.0 0.0
vt 0.0 0.0
vt 0.0 0.0
vt 0.0 0.0
vt 0.0 0.0
vt 0.0 0.0
vt 0.0 0.0
vt 0.0 0.0
vt 0.0 0.0
vt 0.0 0.0
vt 0.0 0.0
vt 0.0 0.0
vt 0.0 0.0
vt 0.0 0.0
vt 0.0 0.0
vt 0.0 0.0
vt 0.0 0.0
vt 0.0 0.0
vt 0.0 0.0
vt 0.0 0.0
vt 0.0 0.0
vt 0.0 0.0
vt 0.0 0.0
vt 0.0 0.0
vt 0.0 0.0
vt 0.0 0.0
vt 0.0 0.0
vt 0.0 0.0
vt 0.0 0.0
vt 0.0 0.0
vt 0.0 0.0
vt 0.0 0.0
vt 0.0 0.0
vt 0.0 0.0
vt 0.0 0.0
vt 0.0 0.0
vt 0.0 0.0
vt 0.0 0.0
vt 0.0 0.0
vt 0.0 0.0
vt 0.0 0.0
vt 0.0 0.0
vt 0.0 0.0
vt 0.0 0.0
vt 0.0 0.0
vt 0.0 0.0
vt 0.0 0.0
vt 0.0 0.0
vt 0.0 0.0
vt 0.0 0.0
vt 0.0 0.0
vt 0.0 0.0
vt 0.0 0.0
vt 0.0 0.0
vt 0.0 0.0
vt 0.0 0.0
vt 0.0 0.0
vt 0.0 0.0
vt 0.0 0.0
vt 0.0 0.0
vt 0.0 0.0
vt 0.0 0.0
vt 0.0 0.0
vt 0.0 0.0
vt 0.0 0.0
vt 0.0 0.0
vt 0.0 0.0
vt 0.0 0.0
vt 0.0 0.0
vt 0.0 0.0
vt 0.0 0.0
vt 0.0 0.0
vt 0.0 0.0
vt 0.0 0.0
vt 0.0 0.0
vt 0.0 0.0
vt 0.0 0.0
vt 0.0 0.0
vt 0.0 0.0
vt 0.0 0.0
vt 0.0 0.0
vt 0.0 0.0
vt 0.0 0.0
vt 0.0 0.0
vt 0.0 0.0
vt 0.0 0.0
vt 0.0 0.0
vt 0.0 0.0
vt 0.0 0.0
vt 0.0 0.0
vt 0.0 0.0
vt 0.0 0.0
vt 0.0 0.0
vt 0.0 0.0
vt 0.0 0.0
vt 0.0 0.0
vt 0.0 0.0
vt 0.0 0.0
vt 0.0 0.0
vt 0.0 0.0
vt 0.0 0.0
vt 0.0 0.0
vt 0.0 0.0
vt 0.0 0.0
vt 0.0 0.0
vt 0.0 0.0
vt 0.0 0.0
vt 0.0 0.0
vt 0.0 0.0
vt 0.0 0.0
vt 0.0 0.0
vt 0.0 0.0
vt 0.0 0.0
vt 0.0 0.0
vt 0.0 0.0
vt 0.0 0.0
vt 0.0 0.0
vt 0.0 0.0
vt 0.0 0.0
vt 0.0 0.0
vt 0.0 0.0
vt 0.0 0.0
vt 0.0 0.0
vt 0.0 0.0
vt 0.0 0.0
vt 0.0 0.0
vt 0.0 0.0
vt 0.0 0.0
vt 0.0 0.0
vt 0.0 0.0
vt 0.0 0.0
vt 0.0 0.0
vt 0.0 0.0
vt 0.0 0.0
vt 0.0 0.0
vt 0.0 0.0
vt 0.0 0.0
vt 0.0 0.0
vt 0.0 0.0
vt 0.0 0.0
vt 0.0 0.0
vt 0.0 0.0
vt 0.0 0.0
vt 0.0 0.0
vt 0.0 0.0
vt 0.0 0.0
vt 0.0 0.0
vt 0.0 0.0
vt 0.0 0.0
vt 0.0 0.0
vt 0.0 0.0
vt 0.0 0.0
vt 0.0 0.0
vt 0.0 0.0
vt 0.0 0.0
vt 0.0 0.0
vt 0.0 0.0
vt 0.0 0.0
vt 0.0 0.0
vt 0.0 0.0
vt 0.0 0.0
vt 0.0 0.0
vt 0.0 0.0
vt 0.0 0.0
vt 0.0 0.0
vt 0.0 0.0
vt 0.0 0.0
vt 0.0 0.0
vt 0.0 0.0
vt 0.0 0.0
vt 0.0 0.0
vt 0.0 0.0
vt 0.0 0.0
vt 0.0 0.0
vt 0.0 0.0
vt 0.0 0.0
vt 0.0 0.0
vt 0.0 0.0
vt 0.0 0.0
vt 0.0 0.0
vt 0.0 0.0
vt 0.0 0.0
vt 0.0 0.0
vt 0.0 0.0
vt 0.0 0.0
vt 0.0 0.0
vt 0.0 0.0
vt 0.0 0.0
vt 0.0 0.0
vt 0.0 0.0
vt 0.0 0.0
vt 0.0 0.0
vt 0.0 0.0
vt 0.0 0.0
vt 0.0 0.0
vt 0.0 0.0
vt 0.0 0.0
vt 0.0 0.0
vt 0.0 0.0
vt 0.0 0.0
vt 0.0 0.0
vt 0.0 0.0
vt 0.0 0.0
vt 0.0 0.0
vt 0.0 0.0
vt 0.0 0.0
vt 0.0 0.0
vt 0.0 0.0
vt 0.0 0.0
vt 0.0 0.0
vt 0.0 0.0
vt 0.0 0.0
vt 0.0 0.0
vt 0.0 0.0
vt 0.0 0.0
vt 0.0 0.0
vt 0.0 0.0
vt 0.0 0.0
vt 0.0 0.0
vt 0.0 0.0
vt 0.0 0.0
vt 0.0 0.0
vt 0.0 0.0
vt 0.0 0.0
vt 0.0 0.0
vt 0.0 0.0
vt 0.0 0.0
vt 0.0 0.0
vt 0.0 0.0
vt 0.0 0.0
vt 0.0 0.0
vt 0.0 0.0
vt 0.0 0.0
vt 0.0 0.0
vt 0.0 0.0
vt 0.0 0.0
vt 0.0 0.0
vt 0.0 0.0
vt 0.0 0.0
vt 0.0 0.0
vt 0.0 0.0
vt 0.0 0.0
vt 0.0 0.0
vt 0.0 0.0
vt 0.0 0.0
vt 0.0 0.0
vt 0.0 0.0
vt 0.0 0.0
vt 0.0 0.0
vt 0.0 0.0
vt 0.0 0.0
vt 0.0 0.0
vt 0.0 0.0
vt 0.0 0.0
vt 0.0 0.0
vt 0.0 0.0
vt 0.0 0.0
vt 0.0 0.0
vt 0.0 0.0
vt 0.0 0.0
vt 0.0 0.0
vt 0.0 0.0
vt 0.0 0.0
vt 0.0 0.0
vt 0.0 0.0
vt 0.0 0.0
vt 0.0 0.0
vt 0.0 0.0
vt 0.0 0.0
vt 0.0 0.0
vt 0.0 0.0
vt 0.0 0.0
vt 0.0 0.0
vt 0.0 0.0
vt 0.0 0.0
vt 0.0 0.0
vt 0.0 0.0
vt 0.0 0.0
vt 0.0 0.0
vt 0.0 0.0
vt 0.0 0.0
vt 0.0 0.0
vt 0.0 0.0
vt 0.0 0.0
vt 0.0 0.0
vt 0.0 0.0
vt 0.0 0.0
vt 0.0 0.0
vt 0.0 0.0
vt 0.0 0.0
vt 0.0 0.0
vt 0.0 0.0
vt 0.0 0.0
vt 0.0 0.0
vt 0.0 0.0
vt 0.0 0.0
vt 0.0 0.0
vt 0.0 0.0
vt 0.0 0.0
vt 0.0 0.0
vt 0.0 0.0
vt 0.0 0.0
vt 0.0 0.0
vt 0.0 0.0
vt 0.0 0.0
vt 0.0 0.0
vt 0.0 0.0
vt 0.0 0.0
vt 0.0 0.0
vt 0.0 0.0
vt 0.0 0.0
vt 0.0 0.0
vt 0.0 0.0
vt 0.0 0.0
vt 0.0 0.0
vt 0.0 0.0
vt 0.0 0.0
vt 0.0 0.0
vt 0.0 0.0
vt 0.0 0.0
vt 0.0 0.0
vt 0.0 0.0
vt 0.0 0.0
vt 0.0 0.0
vt 0.0 0.0
vt 0.0 0.0
vt 0.0 0.0
vt 0.0 0.0
vt 0.0 0.0
vt 0.0 0.0
vt 0.0 0.0
vt 0.0 0.0
vt 0.0 0.0
vt 0.0 0.0
vt 0.0 0.0
vt 0.0 0.0
vt 0.0 0.0
vt 0.0 0.0
vt 0.0 0.0
vt 0.0 0.0
vt 0.0 0.0
vt 0.0 0.0
vt 0.0 0.0
vt 0.0 0.0
vt 0.0 0.0
vt 0.0 0.0
vt 0.0 0.0
vt 0.0 0.0
vt 0.0 0.0
vt 0.0 0.0
vt 0.0 0.0
vt 0.0 0.0
vt 0.0 0.0
vt 0.0 0.0
vt 0.0 0.0
vt 0.0 0.0
vt 0.0 0.0
vt 0.0 0.0
vt 0.0 0.0
vt 0.0 0.0
vt 0.0 0.0
vt 0.0 0.0
vt 0.0 0.0
vt 0.0 0.0
vt 0.0 0.0
vt 0.0 0.0
vt 0.0 0.0
vt 0.0 0.0
vt 0.0 0.0
vt 0.0 0.0
vt 0.0 0.0
vt 0.0 0.0
vt 0.0 0.0
vt 0.0 0.0
vt 0.0 0.0
vt 0.0 0.0
vt 0.0 0.0
vt 0.0 0.0
vt 0.0 0.0
vt 0.0 0.0
vt 0.0 0.0
vt 0.0 0.0
vt 0.0 0.0
vt 0.0 0.0
vt 0.0 0.0
vt 0.0 0.0
vt 0.0 0.0
vt 0.0 0.0
vt 0.0 0.0
vt 0.0 0.0
vt 0.0 0.0
vt 0.0 0.0
vt 0.0 0.0
vt 0.0 0.0
vt 0.0 0.0
vt 0.0 0.0
vt 0.0 0.0
vt 0.0 0.0
vt 0.0 0.0
vt 0.0 0.0
vt 0.0 0.0
vt 0.0 0.0
vt 0.0 0.0
vt 0.0 0.0
vt 0.0 0.0
vt 0.0 0.0
vt 0.0 0.0
vt 0.0 0.0
vt 0.0 0.0
vt 0.0 0.0
vt 0.0 0.0
vt 0.0 0.0
vt 0.0 0.0
vt 0.0 0.0
vt 0.0 0.0
vt 0.0 0.0
vt 0.0 0.0
vt 0.0 0.0
vt 0.0 0.0
vt 0.0 0.0
vt 0.0 0.0
vt 0.0 0.0
vt 0.0 0.0
vt 0.0 0.0
vt 0.0 0.0
vt 0.0 0.0
vt 0.0 0.0
vt 0.0 0.0
vt 0.0 0.0
vt 0.0 0.0
vt 0.0 0.0
vt 0.0 0.0
vt 0.0 0.0
vt 0.0 0.0
vt 0.0 0.0
vt 0.0 0.0
vt 0.0 0.0
vt 0.0 0.0
vt 0.0 0.0
vt 0.0 0.0
vt 0.0 0.0
vt 0.0 0.0
vt 0.0 0.0
vt 0.0 0.0
vt 0.0 0.0
vt 0.0 0.0
vt 0.0 0.0
vt 0.0 0.0
vt 0.0 0.0
vt 0.0 0.0
vt 0.0 0.0
vt 0.0 0.0
vt 0.0 0.0
vt 0.0 0.0
vt 0.0 0.0
vt 0.0 0.0
vt 0.0 0.0
vt 0.0 0.0
vt 0.0 0.0
vt 0.0 0.0
vt 0.0 0.0
vt 0.0 0.0
vt 0.0 0.0
vt 0.0 0.0
vt 0.0 0.0
vt 0.0 0.0
vt 0.0 0.0
vt 0.0 0.0
vt 0.0 0.0
vt 0.0 0.0
vt 0.0 0.0
vt 0.0 0.0
vt 0.0 0.0
vt 0.0 0.0
vt 0.0 0.0
vt 0.0 0.0
vt 0.0 0.0
vt 0.0 0.0
vt 0.0 0.0
vt 0.0 0.0
vt 0.0 0.0
vt 0.0 0.0
vt 0.0 0.0
vt 0.0 0.0
vt 0.0 0.0
vt 0.0 0.0
vt 0.0 0.0
vt 0.0 0.0
vt 0.0 0.0
vt 0.0 0.0
vt 0.0 0.0
vt 0.0 0.0
vt 0.0 0.0
vt 0.0 0.0
vt 0.0 0.0
vt 0.0 0.0
vt 0.0 0.0
vt 0.0 0.0
vt 0.0 0.0
vt 0.0 0.0
vt 0.0 0.0
vt 0.0 0.0
vt 0.0 0.0
vt 0.0 0.0
vt 0.0 0.0
vt 0.0 0.0
vt 0.0 0.0
vt 0.0 0.0
vt 0.0 0.0
vt 0.0 0.0
vt 0.0 0.0
vt 0.0 0.0
vt 0.0 0.0
vt 0.0 0.0
vt 0.0 0.0
vt 0.0 0.0
vt 0.0 0.0
vt 0.0 0.0
vt 0.0 0.0
vt 0.0 0.0
vt 0.0 0.0
vt 0.0 0.0
vt 0.0 0.0
vt 0.0 0.0
vt 0.0 0.0
vt 0.0 0.0
vt 0.0 0.0
vt 0.0 0.0
vt 0.0 0.0
vt 0.0 0.0
vt 0.0 0.0
vt 0.0 0.0
vt 0.0 0.0
vt 0.0 0.0
vt 0.0 0.0
vt 0.0 0.0
vt 0.0 0.0
vt 0.0 0.0
vt 0.0 0.0
vt 0.0 0.0
vt 0.0 0.0
vt 0.0 0.0
vt 0.0 0.0
vt 0.0 0.0
vt 0.0 0.0
vt 0.0 0.0
vt 0.0 0.0
vt 0.0 0.0
vt 0.0 0.0
vt 0.0 0.0
vt 0.0 0.0
vt 0.0 0.0
vt 0.0 0.0
vt 0.0 0.0
vt 0.0 0.0
vt 0.0 0.0
vt 0.0 0.0
vt 0.0 0.0
vt 0.0 0.0
vt 0.0 0.0
vt 0.0 0.0
vt 0.0 0.0
vt 0.0 0.0
vt 0.0 0.0
vt 0.0 0.0
vt 0.0 0.0
vt 0.0 0.0
vt 0.0 0.0
vt 0.0 0.0
vt 0.0 0.0
vt 0.0 0.0
vt 0.0 0.0
vt 0.0 0.0
vt 0.0 0.0
vt 0.0 0.0
vt 0.0 0.0
vt 0.0 0.0
vt 0.0 0.0
vt 0.0 0.0
vt 0.0 0.0
vt 0.0 0.0
vt 0.0 0.0
vt 0.0 0.0
vt 0.0 0.0
vt 0.0 0.0
vt 0.0 0.0
vt 0.0 0.0
vt 0.0 0.0
vt 0.0 0.0
vt 0.0 0.0
vt 0.0 0.0
vt 0.0 0.0
vt 0.0 0.0
vt 0.0 0.0
vt 0.0 0.0
vt 0.0 0.0
vt 0.0 0.0
vt 0.0 0.0
vt 0.0 0.0
vt 0.0 0.0
vt 0.0 0.0
vt 0.0 0.0
vt 0.0 0.0
vt 0.0 0.0
vt 0.0 0.0
vt 0.0 0.0
vt 0.0 0.0
vt 0.0 0.0
vt 0.0 0.0
vt 0.0 0.0
vt 0.0 0.0
vt 0.0 0.0
vt 0.0 0.0
vt 0.0 0.0
vt 0.0 0.0
vt 0.0 0.0
vt 0.0 0.0
vt 0.0 0.0
vt 0.0 0.0
vt 0.0 0.0
vt 0.0 0.0
vt 0.0 0.0
vt 0.0 0.0
vt 0.0 0.0
vt 0.0 0.0
vt 0.0 0.0
vt 0.0 0.0
vt 0.0 0.0
vt 0.0 0.0
vt 0.0 0.0
vt 0.0 0.0
vt 0.0 0.0
vt 0.0 0.0
vt 0.0 0.0
vt 0.0 0.0
vt 0.0 0.0
vt 0.0 0.0
vt 0.0 0.0
vt 0.0 0.0
vt 0.0 0.0
vt 0.0 0.0
vt 0.0 0.0
vt 0.0 0.0
vt 0.0 0.0
vt 0.0 0.0
vt 0.0 0.0
vt 0.0 0.0
vt 0.0 0.0
vt 0.0 0.0
vt 0.0 0.0
vt 0.0 0.0
vt 0.0 0.0
vt 0.0 0.0
vt 0.0 0.0
vt 0.0 0.0
vt 0.0 0.0
vt 0.0 0.0
vt 0.0 0.0
vt 0.0 0.0
vt 0.0 0.0
vt 0.0 0.0
vt 0.0 0.0
vt 0.0 0.0
vt 0.0 0.0
vt 0.0 0.0
vt 0.0 0.0
vt 0.0 0.0
vt 0.0 0.0
vt 0.0 0.0
vt 0.0 0.0
vt 0.0 0.0
vt 0.0 0.0
vt 0.0 0.0
vt 0.0 0.0
vt 0.0 0.0
vt 0.0 0.0
vt 0.0 0.0
vt 0.0 0.0
vt 0.0 0.0
vt 0.0 0.0
vt 0.0 0.0
vt 0.0 0.0
vt 0.0 0.0
vt 0.0 0.0
vt 0.0 0.0
vt 0.0 0.0
vt 0.0 0.0
vt 0.0 0.0
vt 0.0 0.0
vt 0.0 0.0
vt 0.0 0.0
vt 0.0 0.0
vt 0.0 0.0
vt 0.0 0.0
vt 0.0 0.0
vt 0.0 0.0
vt 0.0 0.0
vt 0.0 0.0
vt 0.0 0.0
vt 0.0 0.0
vt 0.0 0.0
vt 0.0 0.0
vt 0.0 0.0
vt 0.0 0.0
vt 0.0 0.0
vt 0.0 0.0
vt 0.0 0.0
vt 0.0 0.0
vt 0.0 0.0
vt 0.0 0.0
vt 0.0 0.0
vt 0.0 0.0
vt 0.0 0.0
vt 0.0 0.0
vt 0.0 0.0
vt 0.0 0.0
vt 0.0 0.0
vt 0.0 0.0
vt 0.0 0.0
vt 0.0 0.0
vt 0.0 0.0
vt 0.0 0.0
vt 0.0 0.0
vt 0.0 0.0
vt 0.0 0.0
vt 0.0 0.0
vt 0.0 0.0
vt 0.0 0.0
vt 0.0 0.0
vt 0.0 0.0
vt 0.0 0.0
vt 0.0 0.0
vt 0.0 0.0
vt 0.0 0.0
vt 0.0 0.0
vt 0.0 0.0
vt 0.0 0.0
vt 0.0 0.0
vt 0.0 0.0
vt 0.0 0.0
vt 0.0 0.0
vt 0.0 0.0
vt 0.0 0.0
vt 0.0 0.0
vt 0.0 0.0
vt 0.0 0.0
vt 0.0 0.0
vt 0.0 0.0
vt 0.0 0.0
vt 0.0 0.0
vt 0.0 0.0
vt 0.0 0.0
vt 0.0 0.0
vt 0.0 0.0
vt 0.0 0.0
vt 0.0 0.0
vt 0.0 0.0
vt 0.0 0.0
vt 0.0 0.0
vt 0.0 0.0
vt 0.0 0.0
vt 0.0 0.0
vt 0.0 0.0
vt 0.0 0.0
vt 0.0 0.0
vt 0.0 0.0
vt 0.0 0.0
vt 0.0 0.0
vt 0.0 0.0
vt 0.0 0.0
vt 0.0 0.0
vt 0.0 0.0
vt 0.0 0.0
vt 0.0 0.0
vt 0.0 0.0
vt 0.0 0.0
vt 0.0 0.0
vt 0.0 0.0
vt 0.0 0.0
vt 0.0 0.0
vt 0.0 0.0
vt 0.0 0.0
vt 0.0 0.0
vt 0.0 0.0
vt 0.0 0.0
vt 0.0 0.0
vt 0.0 0.0
vt 0.0 0.0
vt 0.0 0.0
vt 0.0 0.0
vt 0.0 0.0
vt 0.0 0.0
vt 0.0 0.0
vt 0.0 0.0
vt 0.0 0.0
vt 0.0 0.0
vt 0.0 0.0
vt 0.0 0.0
vt 0.0 0.0
vt 0.0 0.0
vt 0.0 0.0
vt 0.0 0.0
vt 0.0 0.0
vt 0.0 0.0
vt 0.0 0.0
vt 0.0 0.0
vt 0.0 0.0
vt 0.0 0.0
vt 0.0 0.0
vt 0.0 0.0
vt 0.0 0.0
vt 0.0 0.0
vt 0.0 0.0
vt 0.0 0.0
vt 0.0 0.0
vt 0.0 0.0
vt 0.0 0.0
vt 0.0 0.0
vt 0.0 0.0
vt 0.0 0.0
vt 0.0 0.0
vt 0.0 0.0
vt 0.0 0.0
vt 0.0 0.0
vt 0.0 0.0
vt 0.0 0.0
vt 0.0 0.0
vt 0.0 0.0
vt 0.0 0.0
vt 0.0 0.0
vt 0.0 0.0
vt 0.0 0.0
vt 0.0 0.0
vt 0.0 0.0
vt 0.0 0.0
vt 0.0 0.0
vt 0.0 0.0
vt 0.0 0.0
vt 0.0 0.0
vt 0.0 0.0
vt 0.0 0.0
vt 0.0 0.0
vt 0.0 0.0
vt 0.0 0.0
vt 0.0 0.0
vt 0.0 0.0
vt 0.0 0.0
vt 0.0 0.0
vt 0.0 0.0
vt 0.0 0.0
vt 0.0 0.0
vt 0.0 0.0
vt 0.0 0.0
vt 0.0 0.0
vt 0.0 0.0
vt 0.0 0.0
vt 0.0 0.0
vt 0.0 0.0
vt 0.0 0.0
vt 0.0 0.0
vt 0.0 0.0
vt 0.0 0.0
vt 0.0 0.0
vt 0.0 0.0
vt 0.0 0.0
vt 0.0 0.0
vt 0.0 0.0
vt 0.0 0.0
vt 0.0 0.0
vt 0.0 0.0
vt 0.0 0.0
vt 0.0 0.0
vt 0.0 0.0
vt 0.0 0.0
vt 0.0 0.0
vt 0.0 0.0
vt 0.0 0.0
vt 0.0 0.0
vt 0.0 0.0
vt 0.0 0.0
vt 0.0 0.0
vt 0.0 0.0
vt 0.0 0.0
vt 0.0 0.0
vt 0.0 0.0
vt 0.0 0.0
vt 0.0 0.0
vt 0.0 0.0
vt 0.0 0.0
vt 0.0 0.0
vt 0.0 0.0
vt 0.0 0.0
vt 0.0 0.0
vt 0.0 0.0
vt 0.0 0.0
vt 0.0 0.0
vt 0.0 0.0
vt 0.0 0.0
vt 0.0 0.0
vt 0.0 0.0
vt 0.0 0.0
vt 0.0 0.0
vt 0.0 0.0
vt 0.0 0.0
vt 0.0 0.0
vt 0.0 0.0
vt 0.0 0.0
vt 0.0 0.0
vt 0.0 0.0
vt 0.0 0.0
vt 0.0 0.0
vt 0.0 0.0
vt 0.0 0.0
vt 0.0 0.0
vt 0.0 0.0
vt 0.0 0.0
vt 0.0 0.0
vt 0.0 0.0
vt 0.0 0.0
vt 0.0 0.0
vt 0.0 0.0
vt 0.0 0.0
vt 0.0 0.0
vt 0.0 0.0
vt 0.0 0.0
vt 0.0 0.0
vt 0.0 0.0
vt 0.0 0.0
vt 0.0 0.0
vt 0.0 0.0
vt 0.0 0.0
vt 0.0 0.0
vt 0.0 0.0
vt 0.0 0.0
vt 0.0 0.0
vt 0.0 0.0
vt 0.0 0.0
vt 0.0 0.0
vt 0.0 0.0
vt 0.0 0.0
vt 0.0 0.0
vt 0.0 0.0
vt 0.0 0.0
vt 0.0 0.0
vt 0.0 0.0
vt 0.0 0.0
vt 0.0 0.0
vt 0.0 0.0
vt 0.0 0.0
vt 0.0 0.0
vt 0.0 0.0
vt 0.0 0.0
vt 0.0 0.0
vt 0.0 0.0
vt 0.0 0.0
vt 0.0 0.0
vt 0.0 0.0
vt 0.0 0.0
vt 0.0 0.0
vt 0.0 0.0
vt 0.0 0.0
vt 0.0 0.0
vt 0.0 0.0
vt 0.0 0.0
vt 0.0 0.0
vt 0.0 0.0
vt 0.0 0.0
vt 0.0 0.0
vt 0.0 0.0
vt 0.0 0.0
vt 0.0 0.0
vt 0.0 0.0
vt 0.0 0.0
vt 0.0 0.0
vt 0.0 0.0
vt 0.0 0.0
vt 0.0 0.0
vt 0.0 0.0
vt 0.0 0.0
vt 0.0 0.0
vt 0.0 0.0
vt 0.0 0.0
vt 0.0 0.0
vt 0.0 0.0
vt 0.0 0.0
vt 0.0 0.0
vt 0.0 0.0
vt 0.0 0.0
vt 0.0 0.0
vt 0.0 0.0
vt 0.0 0.0
vt 0.0 0.0
vt 0.0 0.0
vt 0.0 0.0
vt 0.0 0.0
vt 0.0 0.0
vt 0.0 0.0
vt 0.0 0.0
vt 0.0 0.0
vt 0.0 0.0
vt 0.0 0.0
vt 0.0 0.0
vt 0.0 0.0
vt 0.0 0.0
vt 0.0 0.0
vt 0.0 0.0
vt 0.0 0.0
vt 0.0 0.0
vt 0.0 0.0
vt 0.0 0.0
vt 0.0 0.0
vt 0.0 0.0
vt 0.0 0.0
vt 0.0 0.0
vt 0.0 0.0
vt 0.0 0.0
vt 0.0 0.0
vt 0.0 0.0
vt 0.0 0.0
vt 0.0 0.0
vt 0.0 0.0
vt 0.0 0.0
vt 0.0 0.0
vt 0.0 0.0
vt 0.0 0.0
vt 0.0 0.0
vt 0.0 0.0
vt 0.0 0.0
vt 0.0 0.0
vt 0.0 0.0
vt 0.0 0.0
vt 0.0 0.0
vt 0.0 0.0
vt 0.0 0.0
vt 0.0 0.0
vt 0.0 0.0
vt 0.0 0.0
vt 0.0 0.0
vt 0.0 0.0
vt 0.0 0.0
vt 0.0 0.0
vt 0.0 0.0
vt 0.0 0.0
vt 0.0 0.0
vt 0.0 0.0
vt 0.0 0.0
vt 0.0 0.0
vt 0.0 0.0
vt 0.0 0.0
vt 0.0 0.0
vt 0.0 0.0
vt 0.0 0.0
vt 0.0 0.0
vt 0.0 0.0
vt 0.0 0.0
vt 0.0 0.0
vt 0.0 0.0
vt 0.0 0.0
vt 0.0 0.0
vt 0.0 0.0
vt 0.0 0.0
vt 0.0 0.0
vt 0.0 0.0
vt 0.0 0.0
vt 0.0 0.0
vt 0.0 0.0
vt 0.0 0.0
vt 0.0 0.0
vt 0.0 0.0
vt 0.0 0.0
vt 0.0 0.0
vt 0.0 0.0
vt 0.0 0.0
vt 0.0 0.0
vt 0.0 0.0
vt 0.0 0.0
vt 0.0 0.0
vt 0.0 0.0
vt 0.0 0.0
vt 0.0 0.0
vt 0.0 0.0
vt 0.0 0.0
vt 0.0 0.0
vt 0.0 0.0
vt 0.0 0.0
vt 0.0 0.0
vt 0.0 0.0
vt 0.0 0.0
vt 0.0 0.0
vt 0.0 0.0
vt 0.0 0.0
vt 0.0 0.0
vt 0.0 0.0
vt 0.0 0.0
vt 0.0 0.0
vt 0.0 0.0
vt 0.0 0.0
vt 0.0 0.0
vt 0.0 0.0
vt 0.0 0.0
vt 0.0 0.0
vt 0.0 0.0
vt 0.0 0.0
vt 0.0 0.0
vt 0.0 0.0
vt 0.0 0.0
vt 0.0 0.0
vt 0.0 0.0
vt 0.0 0.0
vt 0.0 0.0
vt 0.0 0.0
vt 0.0 0.0
vt 0.0 0.0
vt 0.0 0.0
vt 0.0 0.0
vt 0.0 0.0
vt 0.0 0.0
vt 0.0 0.0
vt 0.0 0.0
vt 0.0 0.0
vt 0.0 0.0
vt 0.0 0.0
vt 0.0 0.0
vt 0.0 0.0
vt 0.0 0.0
vt 0.0 0.0
vt 0.0 0.0
vt 0.0 0.0
vt 0.0 0.0
vt 0.0 0.0
vt 0.0 0.0
vt 0.0 0.0
vt 0.0 0.0
vt 0.0 0.0
vt 0.0 0.0
vt 0.0 0.0
vt 0.0 0.0
vt 0.0 0.0
vt 0.0 0.0
vt 0.0 0.0
vt 0.0 0.0
vt 0.0 0.0
vt 0.0 0.0
vt 0.0 0.0
vt 0.0 0.0
vt 0.0 0.0
vt 0.0 0.0
vt 0.0 0.0
vt 0.0 0.0
vt 0.0 0.0
vt 0.0 0.0
vt 0.0 0.0
vt 0.0 0.0
vt 0.0 0.0
vt 0.0 0.0
vt 0.0 0.0
vt 0.0 0.0
vt 0.0 0.0
vt 0.0 0.0
vt 0.0 0.0
vt 0.0 0.0
vt 0.0 0.0
vt 0.0 0.0
vt 0.0 0.0
vt 0.0 0.0
vt 0.0 0.0
vt 0.0 0.0
vt 0.0 0.0
vt 0.0 0.0
vt 0.0 0.0
vt 0.0 0.0
vt 0.0 0.0
vt 0.0 0.0
vt 0.0 0.0
vt 0.0 0.0
vt 0.0 0.0
vt 0.0 0.0
vt 0.0 0.0
vt 0.0 0.0
vt 0.0 0.0
vt 0.0 0.0
vt 0.0 0.0
vt 0.0 0.0
vt 0.0 0.0
vt 0.0 0.0
vt 0.0 0.0
vt 0.0 0.0
vt 0.0 0.0
vt 0.0 0.0
vt 0.0 0.0
vt 0.0 0.0
vt 0.0 0.0
vt 0.0 0.0
vt 0.0 0.0
vt 0.0 0.0
vt 0.0 0.0
vt 0.0 0.0
vt 0.0 0.0
vt 0.0 0.0
vt 0.0 0.0
vt 0.0 0.0
vt 0.0 0.0
vt 0.0 0.0
vt 0.0 0.0
vt 0.0 0.0
vt 0.0 0.0
vt 0.0 0.0
vt 0.0 0.0
vt 0.0 0.0
vt 0.0 0.0
vt 0.0 0.0
vt 0.0 0.0
vt 0.0 0.0
vt 0.0 0.0
vt 0.0 0.0
vt 0.0 0.0
vt 0.0 0.0
vt 0.0 0.0
vt 0.0 0.0
vt 0.0 0.0
vt 0.0 0.0
vt 0.0 0.0
vt 0.0 0.0
vt 0.0 0.0
vt 0.0 0.0
vt 0.0 0.0
vt 0.0 0.0
vt 0.0 0.0
vt 0.0 0.0
vt 0.0 0.0
vt 0.0 0.0
vt 0.0 0.0
vt 0.0 0.0
vt 0.0 0.0
vt 0.0 0.0
vt 0.0 0.0
vt 0.0 0.0
vt 0.0 0.0
vt 0.0 0.0
vt 0.0 0.0
vt 0.0 0.0
vt 0.0 0.0
vt 0.0 0.0
vt 0.0 0.0
vt 0.0 0.0
vt 0.0 0.0
vt 0.0 0.0
vt 0.0 0.0
vt 0.0 0.0
vt 0.0 0.0
vt 0.0 0.0
vt 0.0 0.0
vt 0.0 0.0
vt 0.0 0.0
vt 0.0 0.0
vt 0.0 0.0
vt 0.0 0.0
vt 0.0 0.0
vt 0.0 0.0
vt 0.0 0.0
vt 0.0 0.0
vt 0.0 0.0
vt 0.0 0.0
vt 0.0 0.0
vt 0.0 0.0
vt 0.0 0.0
vt 0.0 0.0
vt 0.0 0.0
vt 0.0 0.0
vt 0.0 0.0
vt 0.0 0.0
vt 0.0 0.0
vt 0.0 0.0
vt 0.0 0.0
vt 0.0 0.0
vt 0.0 0.0
vt 0.0 0.0
vt 0.0 0.0
vt 0.0 0.0
vt 0.0 0.0
vt 0.0 0.0
vt 0.0 0.0
vt 0.0 0.0
vt 0.0 0.0
vt 0.0 0.0
vt 0.0 0.0
vt 0.0 0.0
vt 0.0 0.0
vt 0.0 0.0
vt 0.0 0.0
vt 0.0 0.0
vt 0.0 0.0
vt 0.0 0.0
vt 0.0 0.0
vt 0.0 0.0
vt 0.0 0.0
vt 0.0 0.0
vt 0.0 0.0
vt 0.0 0.0
vt 0.0 0.0
vt 0.0 0.0
vt 0.0 0.0
vt 0.0 0.0
vt 0.0 0.0
vt 0.0 0.0
vt 0.0 0.0
vt 0.0 0.0
vt 0.0 0.0
vt 0.0 0.0
vt 0.0 0.0
vt 0.0 0.0
vt 0.0 0.0
vt 0.0 0.0
vt 0.0 0.0
vt 0.0 0.0
vt 0.0 0.0
vt 0.0 0.0
vt 0.0 0.0
vt 0.0 0.0
vt 0.0 0.0
vt 0.0 0.0
vt 0.0 0.0
vt 0.0 0.0
vt 0.0 0.0
vt 0.0 0.0
vt 0.0 0.0
vt 0.0 0.0
vt 0.0 0.0
vt 0.0 0.0
vt 0.0 0.0
vt 0.0 0.0
vt 0.0 0.0
vt 0.0 0.0
vt 0.0 0.0
vt 0.0 0.0
vt 0.0 0.0
vt 0.0 0.0
vt 0.0 0.0
vt 0.0 0.0
vt 0.0 0.0
vt 0.0 0.0
vt 0.0 0.0
vt 0.0 0.0
vt 0.0 0.0
vt 0.0 0.0
vt 0.0 0.0
vt 0.0 0.0
vt 0.0 0.0
vt 0.0 0.0
vt 0.0 0.0
vt 0.0 0.0
vt 0.0 0.0
vt 0.0 0.0
vt 0.0 0.0
vt 0.0 0.0
vt 0.0 0.0
vt 0.0 0.0
vt 0.0 0.0
vt 0.0 0.0
vt 0.0 0.0
vt 0.0 0.0
vt 0.0 0.0
vt 0.0 0.0
vt 0.0 0.0
vt 0.0 0.0
vt 0.0 0.0
vt 0.0 0.0
vt 0.0 0.0
vt 0.0 0.0
vt 0.0 0.0
vt 0.0 0.0
vt 0.0 0.0
vt 0.0 0.0
vt 0.0 0.0
vt 0.0 0.0
vt 0.0 0.0
vt 0.0 0.0
vt 0.0 0.0
vt 0.0 0.0
vt 0.0 0.0
vt 0.0 0.0
vt 0.0 0.0
vt 0.0 0.0
vt 0.0 0.0
vt 0.0 0.0
vt 0.0 0.0
vt 0.0 0.0
vt 0.0 0.0
vt 0.0 0.0
vt 0.0 0.0
vt 0.0 0.0
vt 0.0 0.0
vt 0.0 0.0
vt 0.0 0.0
vt 0.0 0.0
vt 0.0 0.0
vt 0.0 0.0
vt 0.0 0.0
vt 0.0 0.0
vt 0.0 0.0
vt 0.0 0.0
vt 0.0 0.0
vt 0.0 0.0
vt 0.0 0.0
vt 0.0 0.0
vt 0.0 0.0
vt 0.0 0.0
vt 0.0 0.0
vt 0.0 0.0
vt 0.0 0.0
vt 0.0 0.0
vt 0.0 0.0
vt 0.0 0.0
vt 0.0 0.0
vt 0.0 0.0
vt 0.0 0.0
vt 0.0 0.0
vt 0.0 0.0
vt 0.0 0.0
vt 0.0 0.0
vt 0.0 0.0
vt 0.0 0.0
vt 0.0 0.0
vt 0.0 0.0
vt 0.0 0.0
vt 0.0 0.0
vt 0.0 0.0
vt 0.0 0.0
vt 0.0 0.0
vt 0.0 0.0
vt 0.0 0.0
vt 0.0 0.0
vt 0.0 0.0
vt 0.0 0.0
vt 0.0 0.0
vt 0.0 0.0
vt 0.0 0.0
vt 0.0 0.0
vt 0.0 0.0
vt 0.0 0.0
vt 0.0 0.0
vt 0.0 0.0
vt 0.0 0.0
vt 0.0 0.0
vt 0.0 0.0
vt 0.0 0.0
vt 0.0 0.0
vt 0.0 0.0
vt 0.0 0.0
vt 0.0 0.0
vt 0.0 0.0
vt 0.0 0.0
vt 0.0 0.0
vt 0.0 0.0
vt 0.0 0.0
vt 0.0 0.0
vt 0.0 0.0
vt 0.0 0.0
vt 0.0 0.0
vt 0.0 0.0
vt 0.0 0.0
vt 0.0 0.0
vt 0.0 0.0
vt 0.0 0.0
vt 0.0 0.0
vt 0.0 0.0
vt 0.0 0.0
vt 0.0 0.0
vt 0.0 0.0
vt 0.0 0.0
vt 0.0 0.0
vt 0.0 0.0
vt 0.0 0.0
vt 0.0 0.0
vt 0.0 0.0
vt 0.0 0.0
vt 0.0 0.0
vt 0.0 0.0
vt 0.0 0.0
vt 0.0 0.0
vt 0.0 0.0
vt 0.0 0.0
vt 0.0 0.0
vt 0.0 0.0
vt 0.0 0.0
vt 0.0 0.0
vt 0.0 0.0
vt 0.0 0.0
vt 0.0 0.0
vt 0.0 0.0
vt 0.0 0.0
vt 0.0 0.0
vt 0.0 0.0
vt 0.0 0.0
vt 0.0 0.0
vt 0.0 0.0
vt 0.0 0.0
vt 0.0 0.0
vt 0.0 0.0
vt 0.0 0.0
vt 0.0 0.0
vt 0.0 0.0
vt 0.0 0.0
vt 0.0 0.0
vt 0.0 0.0
vt 0.0 0.0
vt 0.0 0.0
vt 0.0 0.0
vt 0.0 0.0
vt 0.0 0.0
vt 0.0 0.0
vt 0.0 0.0
vt 0.0 0.0
vt 0.0 0.0
vt 0.0 0.0
vt 0.0 0.0
vt 0.0 0.0
vt 0.0 0.0
vt 0.0 0.0
vt 0.0 0.0
vt 0.0 0.0
vt 0.0 0.0
vt 0.0 0.0
vt 0.0 0.0
vt 0.0 0.0
vt 0.0 0.0
vt 0.0 0.0
vt 0.0 0.0
vt 0.0 0.0
vt 0.0 0.0
vt 0.0 0.0
vt 0.0 0.0
vt 0.0 0.0
vt 0.0 0.0
vt 0.0 0.0
vt 0.0 0.0
vt 0.0 0.0
vt 0.0 0.0
vt 0.0 0.0
vt 0.0 0.0
vt 0.0 0.0
vt 0.0 0.0
vt 0.0 0.0
vt 0.0 0.0
vt 0.0 0.0
vt 0.0 0.0
vt 0.0 0.0
vt 0.0 0.0
vt 0.0 0.0
vt 0.0 0.0
vt 0.0 0.0
vt 0.0 0.0
vt 0.0 0.0
vt 0.0 0.0
vt 0.0 0.0
vt 0.0 0.0
vt 0.0 0.0
vt 0.0 0.0
vt 0.0 0.0
vt 0.0 0.0
vt 0.0 0.0
vt 0.0 0.0
vt 0.0 0.0
vt 0.0 0.0
vt 0.0 0.0
vt 0.0 0.0
vt 0.0 0.0
vt 0.0 0.0
vt 0.0 0.0
vt 0.0 0.0
vt 0.0 0.0
vt 0.0 0.0
vt 0.0 0.0
vt 0.0 0.0
vt 0.0 0.0
vt 0.0 0.0
vt 0.0 0.0
vt 0.0 0.0
vt 0.0 0.0
vt 0.0 0.0
vt 0.0 0.0
vt 0.0 0.0
vt 0.0 0.0
vt 0.0 0.0
vt 0.0 0.0
vt 0.0 0.0
vt 0.0 0.0
vt 0.0 0.0
vt 0.0 0.0
vt 0.0 0.0
vt 0.0 0.0
vt 0.0 0.0
vt 0.0 0.0
vt 0.0 0.0
vt 0.0 0.0
vt 0.0 0.0
vt 0.0 0.0
vt 0.0 0.0
vt 0.0 0.0
vt 0.0 0.0
vt 0.0 0.0
vt 0.0 0.0
vt 0.0 0.0
vt 0.0 0.0
vt 0.0 0.0
vt 0.0 0.0
vt 0.0 0.0
vt 0.0 0.0
vt 0.0 0.0
vt 0.0 0.0
vt 0.0 0.0
vt 0.0 0.0
vt 0.0 0.0
vt 0.0 0.0
vt 0.0 0.0
vt 0.0 0.0
vt 0.0 0.0
vt 0.0 0.0
vt 0.0 0.0
vt 0.0 0.0
vt 0.0 0.0
vt 0.0 0.0
vt 0.0 0.0
vt 0.0 0.0
vt 0.0 0.0
vt 0.0 0.0
vt 0.0 0.0
vt 0.0 0.0
vt 0.0 0.0
vt 0.0 0.0
vt 0.0 0.0
vt 0.0 0.0
vt 0.0 0.0
vt 0.0 0.0
vt 0.0 0.0
vt 0.0 0.0
vt 0.0 0.0
vt 0.0 0.0
vt 0.0 0.0
vt 0.0 0.0
vt 0.0 0.0
vt 0.0 0.0
vt 0.0 0.0
vt 0.0 0.0
vt 0.0 0.0
vt 0.0 0.0
vt 0.0 0.0
vt 0.0 0.0
vt 0.0 0.0
vt 0.0 0.0
vt 0.0 0.0
vt 0.0 0.0
vt 0.0 0.0
vt 0.0 0.0
vt 0.0 0.0
vt 0.0 0.0
vt 0.0 0.0
vt 0.0 0.0
vt 0.0 0.0
vt 0.0 0.0
vt 0.0 0.0
vt 0.0 0.0
vt 0.0 0.0
vt 0.0 0.0
vt 0.0 0.0
vt 0.0 0.0
vt 0.0 0.0
vt 0.0 0.0
vt 0.0 0.0
vt 0.0 0.0
vt 0.0 0.0
vt 0.0 0.0
vt 0.0 0.0
vt 0.0 0.0
vt 0.0 0.0
vt 0.0 0.0
vt 0.0 0.0
vt 0.0 0.0
vt 0.0 0.0
vt 0.0 0.0
vt 0.0 0.0
vt 0.0 0.0
vt 0.0 0.0
vt 0.0 0.0
vt 0.0 0.0
vt 0.0 0.0
vt 0.0 0.0
vt 0.0 0.0
vt 0.0 0.0
vt 0.0 0.0
vt 0.0 0.0
vt 0.0 0.0
vt 0.0 0.0
vt 0.0 0.0
vt 0.0 0.0
vt 0.0 0.0
vt 0.0 0.0
vt 0.0 0.0
vt 0.0 0.0
vt 0.0 0.0
vt 0.0 0.0
vt 0.0 0.0
vt 0.0 0.0
vt 0.0 0.0
vt 0.0 0.0
vt 0.0 0.0
vt 0.0 0.0
vt 0.0 0.0
vt 0.0 0.0
vt 0.0 0.0
vt 0.0 0.0
vt 0.0 0.0
vt 0.0 0.0
vt 0.0 0.0
vt 0.0 0.0
vt 0.0 0.0
vt 0.0 0.0
vt 0.0 0.0
vt 0.0 0.0
vt 0.0 0.0
vt 0.0 0.0
vt 0.0 0.0
vt 0.0 0.0
vt 0.0 0.0
vt 0.0 0.0
vt 0.0 0.0
vt 0.0 0.0
vt 0.0 0.0
vt 0.0 0.0
vt 0.0 0.0
vt 0.0 0.0
vt 0.0 0.0
vt 0.0 0.0
vt 0.0 0.0
vt 0.0 0.0
vt 0.0 0.0
vt 0.0 0.0
vt 0.0 0.0
vt 0.0 0.0
vt 0.0 0.0
vt 0.0 0.0
vt 0.0 0.0
vt 0.0 0.0
vt 0.0 0.0
vt 0.0 0.0
vt 0.0 0.0
vt 0.0 0.0
vt 0.0 0.0
vt 0.0 0.0
vt 0.0 0.0
vt 0.0 0.0
vt 0.0 0.0
vt 0.0 0.0
vt 0.0 0.0
vt 0.0 0.0
vt 0.0 0.0
vt 0.0 0.0
vt 0.0 0.0
vt 0.0 0.0
vt 0.0 0.0
vt 0.0 0.0
vt 0.0 0.0
vt 0.0 0.0
vt 0.0 0.0
vt 0.0 0.0
vt 0.0 0.0
vt 0.0 0.0
vt 0.0 0.0
vt 0.0 0.0
vt 0.0 0.0
vt 0.0 0.0
vt 0.0 0.0
vt 0.0 0.0
vt 0.0 0.0
vt 0.0 0.0
vt 0.0 0.0
vt 0.0 0.0
vt 0.0 0.0
vt 0.0 0.0
vt 0.0 0.0
vt 0.0 0.0
vt 0.0 0.0
vt 0.0 0.0
vt 0.0 0.0
vt 0.0 0.0
vt 0.0 0.0
vt 0.0 0.0
vt 0.0 0.0
vt 0.0 0.0
vt 0.0 0.0
vt 0.0 0.0
vt 0.0 0.0
vt 0.0 0.0
vt 0.0 0.0
vt 0.0 0.0
vt 0.0 0.0
vt 0.0 0.0
vt 0.0 0.0
vt 0.0 0.0
vt 0.0 0.0
vt 0.0 0.0
vt 0.0 0.0
vt 0.0 0.0
vt 0.0 0.0
vt 0.0 0.0
vt 0.0 0.0
vt 0.0 0.0
vt 0.0 0.0
vt 0.0 0.0
vt 0.0 0.0
vt 0.0 0.0
vt 0.0 0.0
vt 0.0 0.0
vt 0.0 0.0
vt 0.0 0.0
vt 0.0 0.0
vt 0.0 0.0
vt 0.0 0.0
vt 0.0 0.0
vt 0.0 0.0
vt 0.0 0.0
vt 0.0 0.0
vt 0.0 0.0
vt 0.0 0.0
vt 0.0 0.0
vt 0.0 0.0
vt 0.0 0.0
vt 0.0 0.0
vt 0.0 0.0
vt 0.0 0.0
vt 0.0 0.0
vt 0.0 0.0
vt 0.0 0.0
vt 0.0 0.0
vt 0.0 0.0
vt 0.0 0.0
vt 0.0 0.0
vt 0.0 0.0
vt 0.0 0.0
vt 0.0 0.0
vt 0.0 0.0
vt 0.0 0.0
vt 0.0 0.0
vt 0.0 0.0
vt 0.0 0.0
vt 0.0 0.0
vt 0.0 0.0
vt 0.0 0.0
vt 0.0 0.0
vt 0.0 0.0
vt 0.0 0.0
vt 0.0 0.0
vt 0.0 0.0
vt 0.0 0.0
vt 0.0 0.0
vt 0.0 0.0
vt 0.0 0.0
vt 0.0 0.0
vt 0.0 0.0
vt 0.0 0.0
vt 0.0 0.0
vt 0.0 0.0
vt 0.0 0.0
vt 0.0 0.0
vt 0.0 0.0
vt 0.0 0.0
vt 0.0 0.0
vt 0.0 0.0
vt 0.0 0.0
vt 0.0 0.0
vt 0.0 0.0
vt 0.0 0.0
vt 0.0 0.0
vt 0.0 0.0
vt 0.0 0.0
vt 0.0 0.0
vt 0.0 0.0
vt 0.0 0.0
vt 0.0 0.0
vt 0.0 0.0
vt 0.0 0.0
vt 0.0 0.0
vt 0.0 0.0
vt 0.0 0.0
vt 0.0 0.0
vt 0.0 0.0
vt 0.0 0.0
vt 0.0 0.0
vt 0.0 0.0
vt 0.0 0.0
vt 0.0 0.0
vt 0.0 0.0
vt 0.0 0.0
vt 0.0 0.0
vt 0.0 0.0
vt 0.0 0.0
vt 0.0 0.0
vt 0.0 0.0
vt 0.0 0.0
vt 0.0 0.0
vt 0.0 0.0
vt 0.0 0.0
vt 0.0 0.0
vt 0.0 0.0
vt 0.0 0.0
vt 0.0 0.0
vt 0.0 0.0
vt 0.0 0.0
vt 0.0 0.0
vt 0.0 0.0
vt 0.0 0.0
vt 0.0 0.0
vt 0.0 0.0
vt 0.0 0.0
vt 0.0 0.0
vt 0.0 0.0
vt 0.0 0.0
vt 0.0 0.0
vt 0.0 0.0
vt 0.0 0.0
vt 0.0 0.0
vt 0.0 0.0
vt 0.0 0.0
vt 0.0 0.0
vt 0.0 0.0
vt 0.0 0.0
vt 0.0 0.0
vt 0.0 0.0
vt 0.0 0.0
vt 0.0 0.0
vt 0.0 0.0
vt 0.0 0.0
vt 0.0 0.0
vt 0.0 0.0
vt 0.0 0.0
vt 0.0 0.0
vt 0.0 0.0
vt 0.0 0.0
vt 0.0 0.0
vt 0.0 0.0
vt 0.0 0.0
vt 0.0 0.0
vt 0.0 0.0
vt 0.0 0.0
vt 0.0 0.0
vt 0.0 0.0
vt 0.0 0.0
vt 0.0 0.0
vt 0.0 0.0
vt 0.0 0.0
vt 0.0 0.0
vt 0.0 0.0
vt 0.0 0.0
vt 0.0 0.0
vt 0.0 0.0
vt 0.0 0.0
vt 0.0 0.0
vt 0.0 0.0
vt 0.0 0.0
vt 0.0 0.0
vt 0.0 0.0
vt 0.0 0.0
vt 0.0 0.0
vt 0.0 0.0
vt 0.0 0.0
vt 0.0 0.0
vt 0.0 0.0
vt 0.0 0.0
vt 0.0 0.0
vt 0.0 0.0
vt 0.0 0.0
vt 0.0 0.0
vt 0.0 0.0
vt 0.0 0.0
vt 0.0 0.0
vt 0.0 0.0
vt 0.0 0.0
vt 0.0 0.0
vt 0.0 0.0
vt 0.0 0.0
vt 0.0 0.0
vt 0.0 0.0
vt 0.0 0.0
vt 0.0 0.0
vt 0.0 0.0
vt 0.0 0.0
vt 0.0 0.0
vt 0.0 0.0
vt 0.0 0.0
vt 0.0 0.0
vt 0.0 0.0
vt 0.0 0.0
vt 0.0 0.0
vt 0.0 0.0
vt 0.0 0.0
vt 0.0 0.0
vt 0.0 0.0
vt 0.0 0.0
vt 0.0 0.0
vt 0.0 0.0
vt 0.0 0.0
vt 0.0 0.0
vt 0.0 0.0
vt 0.0 0.0
vt 0.0 0.0
vt 0.0 0.0
vt 0.0 0.0
vt 0.0 0.0
vt 0.0 0.0
vt 0.0 0.0
vt 0.0 0.0
vt 0.0 0.0
vt 0.0 0.0
vt 0.0 0.0
vt 0.0 0.0
vt 0.0 0.0
vt 0.0 0.0
vt 0.0 0.0
vt 0.0 0.0
vt 0.0 0.0
vt 0.0 0.0
vt 0.0 0.0
vt 0.0 0.0
vt 0.0 0.0
vt 0.0 0.0
vt 0.0 0.0
vt 0.0 0.0
vt 0.0 0.0
vt 0.0 0.0
vt 0.0 0.0
vt 0.0 0.0
vt 0.0 0.0
vt 0.0 0.0
vt 0.0 0.0
vt 0.0 0.0
vt 0.0 0.0
vt 0.0 0.0
vt 0.0 0.0
vt 0.0 0.0
vt 0.0 0.0
vt 0.0 0.0
vt 0.0 0.0
vt 0.0 0.0
vt 0.0 0.0
vt 0.0 0.0
vt 0.0 0.0
vt 0.0 0.0
vt 0.0 0.0
vt 0.0 0.0
vt 0.0 0.0
vt 0.0 0.0
vt 0.0 0.0
vt 0.0 0.0
vt 0.0 0.0
vt 0.0 0.0
vt 0.0 0.0
vt 0.0 0.0
vt 0.0 0.0
vt 0.0 0.0
vt 0.0 0.0
vt 0.0 0.0
vt 0.0 0.0
vt 0.0 0.0
vt 0.0 0.0
vt 0.0 0.0
vt 0.0 0.0
vt 0.0 0.0
vt 0.0 0.0
vt 0.0 0.0
vt 0.0 0.0
vt 0.0 0.0
vt 0.0 0.0
vt 0.0 0.0
vt 0.0 0.0
vt 0.0 0.0
vt 0.0 0.0
vt 0.0 0.0
vt 0.0 0.0
vt 0.0 0.0
vt 0.0 0.0
vt 0.0 0.0
vt 0.0 0.0
vt 0.0 0.0
vt 0.0 0.0
vt 0.0 0.0
vt 0.0 0.0
vt 0.0 0.0
vt 0.0 0.0
vt 0.0 0.0
vt 0.0 0.0
vt 0.0 0.0
vt 0.0 0.0
vt 0.0 0.0
vt 0.0 0.0
vt 0.0 0.0
vt 0.0 0.0
vt 0.0 0.0
vt 0.0 0.0
vt 0.0 0.0
vt 0.0 0.0
vt 0.0 0.0
vt 0.0 0.0
vt 0.0 0.0
vt 0.0 0.0
vt 0.0 0.0
vt 0.0 0.0
vt 0.0 0.0
vt 0.0 0.0
vt 0.0 0.0
vt 0.0 0.0
vt 0.0 0.0
vt 0.0 0.0
vt 0.0 0.0
vt 0.0 0.0
vt 0.0 0.0
vt 0.0 0.0
vt 0.0 0.0
vt 0.0 0.0
vt 0.0 0.0
vt 0.0 0.0
vt 0.0 0.0
vt 0.0 0.0
vt 0.0 0.0
vt 0.0 0.0
vt 0.0 0.0
vt 0.0 0.0
vt 0.0 0.0
vt 0.0 0.0
vt 0.0 0.0
vt 0.0 0.0
vt 0.0 0.0
vt 0.0 0.0
vt 0.0 0.0
vt 0.0 0.0
vt 0.0 0.0
vt 0.0 0.0
vt 0.0 0.0
vt 0.0 0.0
vt 0.0 0.0
vt 0.0 0.0
vt 0.0 0.0
vt 0.0 0.0
vt 0.0 0.0
vt 0.0 0.0
vt 0.0 0.0
vt 0.0 0.0
vt 0.0 0.0
vt 0.0 0.0
vt 0.0 0.0
vt 0.0 0.0
vt 0.0 0.0
vt 0.0 0.0
vt 0.0 0.0
vt 0.0 0.0
vt 0.0 0.0
vt 0.0 0.0
vt 0.0 0.0
vt 0.0 0.0
vt 0.0 0.0
vt 0.0 0.0
vt 0.0 0.0
vt 0.0 0.0
vt 0.0 0.0
vt 0.0 0.0
vt 0.0 0.0
vt 0.0 0.0
vt 0.0 0.0
vt 0.0 0.0
vt 0.0 0.0
vt 0.0 0.0
vt 0.0 0.0
vt 0.0 0.0
vt 0.0 0.0
vt 0.0 0.0
vt 0.0 0.0
vt 0.0 0.0
vt 0.0 0.0
vt 0.0 0.0
vt 0.0 0.0
vt 0.0 0.0
vt 0.0 0.0
vt 0.0 0.0
vt 0.0 0.0
vt 0.0 0.0
vt 0.0 0.0
vt 0.0 0.0
vt 0.0 0.0
vt 0.0 0.0
vt 0.0 0.0
vt 0.0 0.0
vt 0.0 0.0
vt 0.0 0.0
vt 0.0 0.0
vt 0.0 0.0
vt 0.0 0.0
vt 0.0 0.0
vt 0.0 0.0
vt 0.0 0.0
vt 0.0 0.0
vt 0.0 0.0
vt 0.0 0.0
vt 0.0 0.0
vt 0.0 0.0
vt 0.0 0.0
vt 0.0 0.0
vt 0.0 0.0
vt 0.0 0.0
vt 0.0 0.0
vt 0.0 0.0
vt 0.0 0.0
vt 0.0 0.0
vt 0.0 0.0
vt 0.0 0.0
vt 0.0 0.0
vt 0.0 0.0
vt 0.0 0.0
vt 0.0 0.0
vt 0.0 0.0
vt 0.0 0.0
vt 0.0 0.0
vt 0.0 0.0
vt 0.0 0.0
vt 0.0 0.0
vt 0.0 0.0
vt 0.0 0.0
vt 0.0 0.0
vt 0.0 0.0
vt 0.0 0.0
vt 0.0 0.0
vt 0.0 0.0
vt 0.0 0.0
vt 0.0 0.0
vt 0.0 0.0
vt 0.0 0.0
vt 0.0 0.0
vt 0.0 0.0
vt 0.0 0.0
vt 0.0 0.0
vt 0.0 0.0
vt 0.0 0.0
vt 0.0 0.0
vt 0.0 0.0
vt 0.0 0.0
vt 0.0 0.0
vt 0.0 0.0
vt 0.0 0.0
vt 0.0 0.0
vt 0.0 0.0
vt 0.0 0.0
vt 0.0 0.0
vt 0.0 0.0
vt 0.0 0.0
vt 0.0 0.0
vt 0.0 0.0
vt 0.0 0.0
vt 0.0 0.0
vt 0.0 0.0
vt 0.0 0.0
vt 0.0 0.0
vt 0.0 0.0
vt 0.0 0.0
vt 0.0 0.0
vt 0.0 0.0
vt 0.0 0.0
vt 0.0 0.0
vt 0.0 0.0
vt 0.0 0.0
vt 0.0 0.0
vt 0.0 0.0
vt 0.0 0.0
vt 0.0 0.0
vt 0.0 0.0
vt 0.0 0.0
vt 0.0 0.0
vt 0.0 0.0
vt 0.0 0.0
vt 0.0 0.0
vt 0.0 0.0
vt 0.0 0.0
vt 0.0 0.0
vt 0.0 0.0
vt 0.0 0.0
vt 0.0 0.0
vt 0.0 0.0
vt 0.0 0.0
vt 0.0 0.0
vt 0.0 0.0
vt 0.0 0.0
vt 0.0 0.0
vt 0.0 0.0
vt 0.0 0.0
vt 0.0 0.0
vt 0.0 0.0
vt 0.0 0.0
vt 0.0 0.0
vt 0.0 0.0
vt 0.0 0.0
vt 0.0 0.0
vt 0.0 0.0
vt 0.0 0.0
vt 0.0 0.0
vt 0.0 0.0
vt 0.0 0.0
vt 0.0 0.0
vt 0.0 0.0
vt 0.0 0.0
vt 0.0 0.0
vt 0.0 0.0
vt 0.0 0.0
vt 0.0 0.0
vt 0.0 0.0
vt 0.0 0.0
vt 0.0 0.0
vt 0.0 0.0
vt 0.0 0.0
vt 0.0 0.0
vt 0.0 0.0
vt 0.0 0.0
vt 0.0 0.0
vt 0.0 0.0
vt 0.0 0.0
vt 0.0 0.0
vt 0.0 0.0
vt 0.0 0.0
vt 0.0 0.0
vt 0.0 0.0
vt 0.0 0.0
vt 0.0 0.0
vt 0.0 0.0
vt 0.0 0.0
vt 0.0 0.0
vt 0.0 0.0
vt 0.0 0.0
vt 0.0 0.0
vt 0.0 0.0
vt 0.0 0.0
vt 0.0 0.0
vt 0.0 0.0
vt 0.0 0.0
vt 0.0 0.0
vt 0.0 0.0
vt 0.0 0.0
vt 0.0 0.0
vt 0.0 0.0
vt 0.0 0.0
vt 0.0 0.0
vt 0.0 0.0
vt 0.0 0.0
vt 0.0 0.0
vt 0.0 0.0
vt 0.0 0.0
vt 0.0 0.0
vt 0.0 0.0
vt 0.0 0.0
vt 0.0 0.0
vt 0.0 0.0
vt 0.0 0.0
vt 0.0 0.0
vt 0.0 0.0
vt 0.0 0.0
vt 0.0 0.0
vt 0.0 0.0
vt 0.0 0.0
vt 0.0 0.0
vt 0.0 0.0
vt 0.0 0.0
vt 0.0 0.0
vt 0.0 0.0
vt 0.0 0.0
vt 0.0 0.0
vt 0.0 0.0
vt 0.0 0.0
vt 0.0 0.0
vt 0.0 0.0
vt 0.0 0.0
vt 0.0 0.0
vt 0.0 0.0
vt 0.0 0.0
vt 0.0 0.0
vt 0.0 0.0
vt 0.0 0.0
vt 0.0 0.0
vt 0.0 0.0
vt 0.0 0.0
vt 0.0 0.0
vt 0.0 0.0
vt 0.0 0.0
vt 0.0 0.0
vt 0.0 0.0
vt 0.0 0.0
vt 0.0 0.0
vt 0.0 0.0
vt 0.0 0.0
vt 0.0 0.0
vt 0.0 0.0
vt 0.0 0.0
vt 0.0 0.0
vt 0.0 0.0
vt 0.0 0.0
vt 0.0 0.0
vt 0.0 0.0
vt 0.0 0.0
vt 0.0 0.0
vt 0.0 0.0
vt 0.0 0.0
vt 0.0 0.0
vt 0.0 0.0
vt 0.0 0.0
vt 0.0 0.0
vt 0.0 0.0
vt 0.0 0.0
vt 0.0 0.0
vt 0.0 0.0
vt 0.0 0.0
vt 0.0 0.0
vt 0.0 0.0
vt 0.0 0.0
vt 0.0 0.0
vt 0.0 0.0
vt 0.0 0.0
vt 0.0 0.0
vt 0.0 0.0
vt 0.0 0.0
vt 0.0 0.0
vt 0.0 0.0
vt 0.0 0.0
vt 0.0 0.0
vt 0.0 0.0
vt 0.0 0.0
vt 0.0 0.0
vt 0.0 0.0
vt 0.0 0.0
vt 0.0 0.0
vt 0.0 0.0
vt 0.0 0.0
vt 0.0 0.0
vt 0.0 0.0
vt 0.0 0.0
vt 0.0 0.0
vt 0.0 0.0
vt 0.0 0.0
vt 0.0 0.0
vt 0.0 0.0
vt 0.0 0.0
vt 0.0 0.0
vt 0.0 0.0
vt 0.0 0.0
vt 0.0 0.0
vt 0.0 0.0
vt 0.0 0.0
vt 0.0 0.0
vt 0.0 0.0
vt 0.0 0.0
vt 0.0 0.0
vt 0.0 0.0
vt 0.0 0.0
vt 0.0 0.0
vt 0.0 0.0
vt 0.0 0.0
vt 0.0 0.0
vt 0.0 0.0
vt 0.0 0.0
vt 0.0 0.0
vt 0.0 0.0
vt 0.0 0.0
vt 0.0 0.0
vt 0.0 0.0
vt 0.0 0.0
vt 0.0 0.0
vt 0.0 0.0
vt 0.0 0.0
vt 0.0 0.0
vt 0.0 0.0
vt 0.0 0.0
vt 0.0 0.0
vt 0.0 0.0
vt 0.0 0.0
vt 0.0 0.0
vt 0.0 0.0
vt 0.0 0.0
vt 0.0 0.0
vt 0.0 0.0
vt 0.0 0.0
vt 0.0 0.0
vt 0.0 0.0
vt 0.0 0.0
vt 0.0 0.0
vt 0.0 0.0
vt 0.0 0.0
vt 0.0 0.0
vt 0.0 0.0
vt 0.0 0.0
vt 0.0 0.0
vt 0.0 0.0
vt 0.0 0.0
vt 0.0 0.0
vt 0.0 0.0
vt 0.0 0.0
vt 0.0 0.0
vt 0.0 0.0
vt 0.0 0.0
vt 0.0 0.0
vt 0.0 0.0
vt 0.0 0.0
vt 0.0 0.0
vt 0.0 0.0
vt 0.0 0.0
vt 0.0 0.0
vt 0.0 0.0
vt 0.0 0.0
vt 0.0 0.0
vt 0.0 0.0
vt 0.0 0.0
vt 0.0 0.0
vt 0.0 0.0
vt 0.0 0.0
vt 0.0 0.0
vt 0.0 0.0
vt 0.0 0.0
vt 0.0 0.0
vt 0.0 0.0
vt 0.0 0.0
vt 0.0 0.0
vt 0.0 0.0
vt 0.0 0.0
vt 0.0 0.0
vt 0.0 0.0
vt 0.0 0.0
vt 0.0 0.0
vt 0.0 0.0
vt 0.0 0.0
vt 0.0 0.0
vt 0.0 0.0
vt 0.0 0.0
vt 0.0 0.0
vt 0.0 0.0
vt 0.0 0.0
vt 0.0 0.0
vt 0.0 0.0
vt 0.0 0.0
vt 0.0 0.0
vt 0.0 0.0
vt 0.0 0.0
vt 0.0 0.0
vt 0.0 0.0
vt 0.0 0.0
vt 0.0 0.0
vt 0.0 0.0
vt 0.0 0.0
vt 0.0 0.0
vt 0.0 0.0
vt 0.0 0.0
vt 0.0 0.0
vt 0.0 0.0
vt 0.0 0.0
vt 0.0 0.0
vt 0.0 0.0
vt 0.0 0.0
vt 0.0 0.0
vt 0.0 0.0
vt 0.0 0.0
vt 0.0 0.0
vt 0.0 0.0
vt 0.0 0.0
vt 0.0 0.0
vt 0.0 0.0
vt 0.0 0.0
vt 0.0 0.0
vt 0.0 0.0
vt 0.0 0.0
vt 0.0 0.0
vt 0.0 0.0
vt 0.0 0.0
vt 0.0 0.0
vt 0.0 0.0
vt 0.0 0.0
vt 0.0 0.0
vt 0.0 0.0
vt 0.0 0.0
vt 0.0 0.0
vt 0.0 0.0
vt 0.0 0.0
vt 0.0 0.0
vt 0.0 0.0
vt 0.0 0.0
vt 0.0 0.0
vt 0.0 0.0
vt 0.0 0.0
vt 0.0 0.0
vt 0.0 0.0
vt 0.0 0.0
vt 0.0 0.0
vt 0.0 0.0
vt 0.0 0.0
vt 0.0 0.0
vt 0.0 0.0
vt 0.0 0.0
vt 0.0 0.0
vt 0.0 0.0
vt 0.0 0.0
vt 0.0 0.0
vt 0.0 0.0
vt 0.0 0.0
vt 0.0 0.0
vt 0.0 0.0
vt 0.0 0.0
vt 0.0 0.0
vt 0.0 0.0
vt 0.0 0.0
vt 0.0 0.0
vt 0.0 0.0
vt 0.0 0.0
vt 0.0 0.0
vt 0.0 0.0
vt 0.0 0.0
vt 0.0 0.0
vt 0.0 0.0
vt 0.0 0.0
vt 0.0 0.0
vt 0.0 0.0
vt 0.0 0.0
vt 0.0 0.0
vt 0.0 0.0
vt 0.0 0.0
vt 0.0 0.0
vt 0.0 0.0
vt 0.0 0.0

# Normals
vn 0.209704 0.281552 -0.936351
vn 0.209704 0.281552 -0.936351
vn 0.210659 0.260160 -0.942305
vn 0.210659 0.260160 -0.942305
vn 0.211950 0.237838 -0.947898
vn 0.211950 0.237838 -0.947898
vn 0.202681 0.273416 -0.940300
vn -0.144655 -0.275246 0.950429
vn 0.206342 0.255943 -0.944413
vn -0.148352 -0.257859 0.954725
vn 0.206342 0.255943 -0.944413
vn -0.148352 -0.257859 0.954725
vn 0.206342 0.255943 -0.944413
vn -0.148352 -0.257859 0.954725
vn 0.209721 0.242645 -0.947175
vn -0.151764 -0.244825 0.957616
vn 0.209721 0.242645 -0.947175
vn -0.151764 -0.244825 0.957616
vn 0.000000 1.000000 0.000000
vn 0.000000 1.000000 0.000000
vn 0.000000 1.000000 0.000000
vn -0.514373 0.371093 -0.773118
vn 0.435950 -0.413209 0.799504
vn 0.000000 1.000000 0.000000
vn 0.000000 1.000000 0.000000
vn 0.000000 1.000000 0.000000
vn 0.000000 1.000000 0.000000
vn 0.000000 1.000000 0.000000
vn 0.000000 1.000000 0.000000
vn 0.000000 1.000000 0.000000
vn 0.000000 1.000000 0.000000
vn 0.000000 1.000000 0.000000
vn 0.000000 1.000000 0.000000
vn 0.000000 1.000000 0.000000
vn -0.692903 -0.529136 0.489796
vn 0.995825 -0.029215 -0.086483
vn 0.000000 1.000000 0.000000
vn 0.423151 -0.733631 0.531723
vn 0.954215 -0.155931 0.255263
vn 0.004434 0.591949 -0.805963
vn 0.000000 1.000000 0.000000
vn 0.010819 0.583811 -0.811818
vn 0.000000 1.000000 0.000000
vn 0.000000 1.000000 0.000000
vn 0.000000 1.000000 0.000000
vn 0.891261 -0.449899 0.056960
vn -0.022963 0.951886 0.305591
vn 0.000000 1.000000 0.000000
vn 0.000000 1.000000 0.000000
vn -0.092346 -0.944073 -0.316540
vn 0.059350 0.948747 0.310415
vn 0.000000 1.000000 0.000000
vn 0.000000 1.000000 0.000000
vn 0.205808 -0.950426 -0.233095
vn -0.008540 0.959723 0.280817
vn 0.000000 1.000000 0.000000
vn -0.898913 -0.101453 -0.426219
vn -0.086440 0.345799 -0.934319
vn 0.098116 -0.325954 0.940280
vn -0.269745 -0.300096 0.914975
vn 0.451464 0.369801 -0.812051
vn 0.765355 -0.254943 0.590962
vn -0.580621 -0.344271 0.737806
vn -0.904497 -0.090114 -0.416851
vn 0.488521 -0.263746 0.831736
vn 0.926722 -0.008460 0.375653
vn -0.167809 -0.382345 0.908654
vn 0.651725 0.304334 -0.694719
vn -0.252142 0.344465 -0.904305
vn 0.763770 0.417415 -0.492361
vn 0.786343 -0.081176 0.612434
vn -0.973126 -0.187702 -0.133394
vn 0.962624 0.177097 0.204916
vn -0.898913 -0.101453 -0.426219
vn -0.086440 0.345799 -0.934319
vn 0.098116 -0.325954 0.940280
vn -0.269745 -0.300096 0.914975
vn 0.451464 0.369801 -0.812051
vn 0.765355 -0.254943 0.590962
vn -0.580621 -0.344271 0.737806
vn -0.904497 -0.090114 -0.416851
vn 0.488521 -0.263746 0.831736
vn 0.926722 -0.008460 0.375653
vn -0.167809 -0.382345 0.908654
vn 0.651725 0.304334 -0.694719
vn -0.252142 0.344465 -0.904305
vn 0.763770 0.417415 -0.492361
vn 0.786343 -0.081176 0.612434
vn -0.973126 -0.187702 -0.133394
vn 0.962624 0.177097 0.204916
vn -0.897833 -0.102930 -0.428137
vn -0.085778 0.348131 -0.933513
vn 0.097380 -0.328269 0.939551
vn -0.270502 -0.303429 0.913652
vn 0.451839 0.373389 -0.810199
vn 0.765040 -0.254312 0.591641
vn -0.580930 -0.348033 0.735795
vn -0.903471 -0.091634 -0.418741
vn 0.487796 -0.264605 0.831889
vn 0.926061 -0.006762 0.377313
vn -0.168321 -0.385359 0.907285
vn 0.652073 0.308188 -0.692691
vn -0.251536 0.346222 -0.903803
vn 0.763418 0.421038 -0.489815
vn 0.785475 -0.080544 0.613630
vn -0.972323 -0.190213 -0.135675
vn 0.961725 0.179380 0.207142
vn -0.897833 -0.102930 -0.428137
vn -0.085778 0.348131 -0.933513
vn 0.097380 -0.328269 0.939551
vn -0.270502 -0.303429 0.913652
vn 0.451839 0.373389 -0.810199
vn 0.765040 -0.254312 0.591641
vn -0.580930 -0.348033 0.735795
vn -0.903471 -0.091634 -0.418741
vn 0.487796 -0.264605 0.831889
vn 0.926061 -0.006762 0.377313
vn -0.168321 -0.385359 0.907285
vn 0.652073 0.308188 -0.692691
vn -0.251536 0.346222 -0.903803
vn 0.763418 0.421038 -0.489815
vn 0.785475 -0.080544 0.613630
vn -0.972323 -0.190213 -0.135675
vn 0.961725 0.179380 0.207142
vn -0.898419 -0.104177 -0.426603
vn -0.087795 0.347822 -0.933441
vn 0.099388 -0.327943 0.939455
vn -0.268584 -0.303584 0.914166
vn 0.450000 0.373798 -0.811033
vn 0.766358 -0.253200 0.590410
vn -0.579244 -0.348625 0.736842
vn -0.904044 -0.092875 -0.417228
vn 0.489531 -0.263801 0.831125
vn 0.926700 -0.005490 0.375762
vn -0.166304 -0.385384 0.907646
vn 0.650515 0.308880 -0.693847
vn -0.253481 0.345713 -0.903454
vn 0.762052 0.421916 -0.491185
vn 0.786608 -0.079401 0.612326
vn -0.972304 -0.191495 -0.133998
vn 0.961838 0.180659 0.205500
vn -0.898419 -0.104177 -0.426603
vn -0.087795 0.347822 -0.933441
vn 0.099388 -0.327943 0.939455
vn -0.268584 -0.303584 0.914166
vn 0.450000 0.373798 -0.811033
vn 0.766358 -0.253200 0.590410
vn -0.579244 -0.348625 0.736842
vn -0.904044 -0.092875 -0.417228
vn 0.489531 -0.263801 0.831125
vn 0.926700 -0.005490 0.375762
vn -0.166304 -0.385384 0.907646
vn 0.650515 0.308880 -0.693847
vn -0.253481 0.345713 -0.903454
vn 0.762052 0.421916 -0.491185
vn 0.786608 -0.079401 0.612326
vn -0.972304 -0.191495 -0.133998
vn 0.961838 0.180659 0.205500
vn -0.084986 0.334110 -0.938695
vn 0.034702 -0.349100 0.936443
vn 0.841534 0.438065 0.316099
vn 0.205596 -0.371221 0.905497
vn -0.179383 0.103042 -0.978368
vn 0.918910 0.346082 0.189294
vn -0.575374 -0.346901 0.740679
vn 0.121600 0.371409 -0.920472
vn -0.580074 -0.334229 0.742836
vn 0.957615 0.148719 0.246690
vn -0.165282 -0.383808 0.908500
vn 0.649890 0.307391 -0.695092
vn -0.264034 0.340082 -0.902569
vn 0.762169 0.420001 -0.492644
vn 0.963299 0.183714 0.195713
vn 0.921422 0.331645 -0.202468
vn 0.965611 0.198031 0.168464
vn 0.107454 -0.335255 0.935980
vn -0.076900 0.326333 -0.942122
vn 0.978304 0.206974 0.009078
vn -0.841521 -0.065136 -0.536283
vn 0.429300 0.254192 -0.866654
vn 0.947819 0.280934 0.150712
vn 0.632860 0.335922 -0.697599
vn -0.904646 -0.093000 -0.415894
vn 0.489264 -0.263626 0.831337
vn -0.858892 -0.500431 0.108963
vn -0.822495 -0.406091 0.398236
vn -0.293455 -0.371298 0.880921
vn 0.945823 0.149179 0.288383
vn 0.255737 0.403408 -0.878556
vn 0.959081 0.155615 0.236534
vn 0.976628 0.209939 0.046074
vn 0.960555 0.219273 0.171034
vn -0.089296 0.346212 -0.933897
vn 0.102290 -0.326070 0.939795
vn -0.269590 -0.302235 0.914317
vn 0.442666 0.371815 -0.815966
vn -0.276217 -0.282648 0.918594
vn 0.930685 0.126112 0.343397
vn 0.339283 0.298788 -0.891971
vn 0.911434 0.100839 0.398898
vn 0.696618 -0.099124 0.710561
vn 0.989476 0.036845 0.139930
vn 0.490134 0.460106 -0.740319
vn -0.697193 -0.542201 0.468978
vn -0.940721 -0.289207 0.177207
vn 0.053063 0.465284 -0.883569
vn -0.973408 -0.193847 -0.122069
vn 0.963111 0.182512 0.197755
vn -0.086371 0.333844 -0.938663
vn 0.036103 -0.348870 0.936476
vn 0.841624 0.438716 0.314956
vn 0.206977 -0.370878 0.905323
vn -0.180678 0.102697 -0.978166
vn 0.918904 0.346760 0.188074
vn -0.574216 -0.347134 0.741468
vn 0.120194 0.371287 -0.920706
vn -0.578923 -0.334464 0.743627
vn 0.957818 0.149438 0.245464
vn -0.163883 -0.383719 0.908791
vn 0.648814 0.307685 -0.695967
vn -0.265383 0.339701 -0.902317
vn 0.761264 0.420418 -0.493685
vn 0.963416 0.184434 0.194457
vn 0.920948 0.332228 -0.203667
vn 0.965672 0.198660 0.167368
vn 0.108641 -0.335326 0.935817
vn -0.078070 0.326468 -0.941978
vn 0.977888 0.208953 0.008615
vn -0.841675 -0.066671 -0.535853
vn 0.428309 0.255329 -0.866809
vn 0.947330 0.282807 0.150288
vn 0.631803 0.337420 -0.697835
vn -0.904679 -0.094701 -0.415436
vn 0.490246 -0.262893 0.830991
vn -0.857819 -0.502202 0.109270
vn -0.821447 -0.407883 0.398567
vn -0.292228 -0.372165 0.880963
vn 0.945674 0.151005 0.287919
vn 0.254443 0.404198 -0.878569
vn 0.958892 0.157484 0.236064
vn 0.976226 0.211902 0.045614
vn 0.960264 0.221051 0.170383
vn -0.089110 0.346590 -0.933774
vn 0.102070 -0.326436 0.939692
vn -0.269828 -0.303084 0.913966
vn 0.442740 0.372842 -0.815457
vn -0.276482 -0.283507 0.918249
vn 0.930274 0.127170 0.344119
vn 0.339511 0.299717 -0.891573
vn 0.911020 0.101843 0.399589
vn 0.696250 -0.098576 0.710999
vn 0.989327 0.038090 0.140646
vn 0.490039 0.461155 -0.739728
vn -0.696796 -0.543382 0.468201
vn -0.940459 -0.290557 0.176390
vn 0.053059 0.465825 -0.883284
vn -0.973062 -0.195080 -0.122857
vn 0.962727 0.183691 0.198530
vn -0.085818 0.333148 -0.938961
vn 0.039895 -0.347074 0.936989
vn 0.839201 0.443520 0.314693
vn 0.209408 -0.369396 0.905370
vn -0.169920 0.106893 -0.979643
vn 0.920308 0.345594 0.183295
vn -0.567675 -0.345842 0.747087
vn 0.120840 0.370877 -0.920786
vn 0.938185 0.127525 0.321785
vn 0.702202 -0.096917 0.705350
vn 0.989529 0.038397 0.139130
vn -0.553534 -0.458029 0.695564
vn -0.293603 -0.370987 0.881003
vn 0.939928 0.141692 0.310579
vn 0.254774 0.403183 -0.878939
vn 0.959862 0.154992 0.233756
vn 0.960589 0.277961 0.002365
vn -0.085818 0.333148 -0.938961
vn 0.039895 -0.347074 0.936989
vn 0.839201 0.443520 0.314693
vn 0.209408 -0.369396 0.905370
vn -0.169920 0.106893 -0.979643
vn 0.920308 0.345594 0.183295
vn -0.567675 -0.345842 0.747087
vn 0.120840 0.370877 -0.920786
vn 0.938185 0.127525 0.321785
vn 0.702202 -0.096917 0.705350
vn 0.989529 0.038397 0.139130
vn -0.553534 -0.458029 0.695564
vn -0.293603 -0.370987 0.881003
vn 0.939928 0.141692 0.310579
vn 0.254774 0.403183 -0.878939
vn 0.959862 0.154992 0.233756
vn 0.960589 0.277961 0.002365
vn -0.085247 0.333216 -0.938989
vn 0.039332 -0.347149 0.936985
vn 0.838923 0.443626 0.315284
vn 0.208865 -0.369441 0.905477
vn -0.169298 0.106947 -0.979745
vn 0.920131 0.345727 0.183935
vn -0.568113 -0.345998 0.746682
vn 0.121392 0.370976 -0.920674
vn 0.937951 0.127648 0.322418
vn 0.701755 -0.096861 0.705803
vn 0.989431 0.038543 0.139788
vn -0.553924 -0.458178 0.695156
vn -0.294125 -0.371110 0.880777
vn 0.939697 0.141814 0.311219
vn 0.255296 0.403300 -0.878734
vn 0.959683 0.155127 0.234400
vn 0.960544 0.278112 0.003026
vn -0.085247 0.333216 -0.938989
vn 0.039332 -0.347149 0.936985
vn 0.838923 0.443626 0.315284
vn 0.208865 -0.369441 0.905477
vn -0.169298 0.106947 -0.979745
vn 0.920131 0.345727 0.183935
vn -0.568113 -0.345998 0.746682
vn 0.121392 0.370976 -0.920674
vn 0.937951 0.127648 0.322418
vn 0.701755 -0.096861 0.705803
vn 0.989431 0.038543 0.139788
vn -0.553924 -0.458178 0.695156
vn -0.294125 -0.371110 0.880777
vn 0.939697 0.141814 0.311219
vn 0.255296 0.403300 -0.878734
vn 0.959683 0.155127 0.234400
vn 0.960544 0.278112 0.003026
vn -0.083200 0.331780 -0.939681
vn 0.037284 -0.345694 0.937606
vn 0.838502 0.443720 0.316270
vn 0.206872 -0.368116 0.906474
vn -0.167267 0.105493 -0.980251
vn 0.919928 0.345572 0.185234
vn -0.569774 -0.344549 0.746086
vn 0.123416 0.369469 -0.921011
vn 0.937365 0.127703 0.324096
vn 0.700291 -0.096090 0.707360
vn 0.989168 0.038288 0.141710
vn -0.555539 -0.456817 0.694763
vn -0.296069 -0.369582 0.880768
vn 0.939144 0.141853 0.312869
vn 0.257248 0.401794 -0.878854
vn 0.959287 0.155033 0.236080
vn 0.960671 0.277654 0.004514
vn -0.083200 0.331780 -0.939681
vn 0.037284 -0.345694 0.937606
vn 0.838502 0.443720 0.316270
vn 0.206872 -0.368116 0.906474
vn -0.167267 0.105493 -0.980251
vn 0.919928 0.345572 0.185234
vn -0.569774 -0.344549 0.746086
vn 0.123416 0.369469 -0.921011
vn 0.937365 0.127703 0.324096
vn 0.700291 -0.096090 0.707360
vn 0.989168 0.038288 0.141710
vn -0.555539 -0.456817 0.694763
vn -0.296069 -0.369582 0.880768
vn 0.939144 0.141853 0.312869
vn 0.257248 0.401794 -0.878854
vn 0.959287 0.155033 0.236080
vn 0.960671 0.277654 0.004514
vn -0.082639 0.331388 -0.939868
vn 0.036673 -0.345144 0.937833
vn 0.840244 0.441020 0.315423
vn 0.206156 -0.368181 0.906610
vn -0.167532 0.105361 -0.980220
vn 0.921244 0.342496 0.184408
vn -0.570504 -0.342020 0.746691
vn 0.124124 0.368371 -0.921356
vn 0.938009 0.124667 0.323416
vn 0.700400 -0.098018 0.706989
vn 0.989384 0.034940 0.141063
vn -0.556689 -0.454374 0.695443
vn -0.296801 -0.367910 0.881221
vn 0.939831 0.138806 0.312171
vn 0.258093 0.400259 -0.879307
vn 0.959970 0.151857 0.235368
vn 0.961635 0.274307 0.003710
vn -0.083658 0.330897 -0.939951
vn 0.041955 -0.343615 0.938173
vn 0.833534 0.453638 0.315332
vn 0.206784 -0.368445 0.906360
vn -0.161228 0.107448 -0.981051
vn 0.921516 0.347279 0.173797
vn -0.557750 -0.340908 0.756767
vn 0.124059 0.368592 -0.921276
vn 0.937972 0.121963 0.324552
vn 0.686440 -0.111068 0.718655
vn 0.989250 0.031733 0.142749
vn -0.558117 -0.453701 0.694738
vn -0.295845 -0.368150 0.881443
vn 0.113895 0.442572 -0.889471
vn 0.773387 0.410179 -0.483348
vn 0.967448 0.196269 0.159759
vn 0.973658 0.226000 0.030225
vn 0.962679 0.210687 0.169884
vn -0.091208 0.342788 -0.934975
vn 0.103286 -0.323493 0.940577
vn -0.285970 -0.299329 0.910287
vn 0.430958 0.365265 -0.825140
vn -0.275680 -0.278645 0.919977
vn 0.933503 0.120692 0.337648
vn 0.344642 0.294699 -0.891277
vn 0.922747 0.104838 0.370872
vn -0.933666 -0.312774 -0.174469
vn -0.861273 -0.496171 0.109645
vn -0.591084 -0.429925 0.682484
vn 0.653505 0.302753 -0.693738
vn -0.761072 0.003429 -0.648658
vn -0.937727 -0.288597 0.193338
vn 0.050827 0.463225 -0.884782
vn -0.976025 -0.190067 -0.106063
vn 0.969008 0.182102 0.166921
vn 0.107708 -0.333188 0.936688
vn -0.080473 0.323118 -0.942931
vn 0.979296 0.202129 -0.011090
vn -0.844355 -0.060720 -0.532332
vn 0.426288 0.248849 -0.869685
vn 0.950239 0.280636 0.135237
vn 0.626186 0.327679 -0.707473
vn -0.831127 -0.018427 -0.555777
vn 0.990725 0.040335 0.129754
vn 0.957198 0.132949 0.257094
vn -0.167434 -0.381580 0.909045
vn 0.506094 0.447326 -0.737406
vn 0.422928 0.431228 -0.796979
vn 0.929672 0.124285 0.346789
vn 0.256170 0.401054 -0.879507
vn 0.962717 0.151374 0.224194
vn 0.964516 0.263993 0.004121
vn -0.083393 0.336226 -0.938082
vn 0.041656 -0.348830 0.936260
vn 0.834849 0.449832 0.317298
vn 0.206398 -0.373900 0.904212
vn -0.161551 0.113197 -0.980351
vn 0.922483 0.344028 0.175130
vn -0.558149 -0.343640 0.755236
vn 0.124429 0.373301 -0.919328
vn 0.938465 0.117852 0.324644
vn 0.686586 -0.116697 0.717622
vn 0.989411 0.028489 0.142320
vn -0.558837 -0.456092 0.692591
vn -0.296248 -0.372214 0.879599
vn 0.114498 0.447138 -0.887106
vn 0.774123 0.410880 -0.481571
vn 0.968029 0.192981 0.160243
vn 0.974237 0.223405 0.030866
vn 0.962997 0.208228 0.171105
vn -0.090594 0.347279 -0.933376
vn 0.102714 -0.328025 0.939068
vn -0.286508 -0.303084 0.908875
vn 0.431602 0.368385 -0.823415
vn -0.276187 -0.282464 0.918659
vn 0.933683 0.117585 0.338246
vn 0.345168 0.298269 -0.889885
vn 0.922907 0.101602 0.371375
vn -0.934171 -0.310425 -0.175959
vn -0.862093 -0.495259 0.107303
vn -0.591826 -0.432118 0.680453
vn 0.654035 0.304899 -0.692297
vn -0.761027 0.007701 -0.648675
vn -0.938210 -0.287949 0.191956
vn 0.051633 0.467247 -0.882618
vn -0.976331 -0.187967 -0.106985
vn 0.969445 0.180826 0.165763
vn -0.147398 0.326695 -0.933565
vn 0.102441 -0.338299 0.935446
vn 0.816911 0.477757 0.323117
vn 0.195952 -0.383613 0.902465
vn -0.106551 0.140078 -0.984391
vn 0.917996 0.363423 0.158765
vn -0.526563 -0.353560 0.773128
vn 0.580722 0.187274 -0.792269
vn 0.755995 0.366390 -0.542430
vn 0.992427 0.030196 0.119070
vn -0.210206 0.339227 -0.916918
vn 0.989815 0.012807 0.141784
vn -0.949359 0.061666 0.308083
vn 0.669582 0.306196 -0.676686
vn -0.687897 0.067006 -0.722708
vn -0.924870 -0.299678 0.234112
vn 0.023465 0.469177 -0.882792
vn -0.974892 -0.173445 -0.139649
vn 0.972004 0.167968 0.164300
vn -0.147398 0.326695 -0.933565
vn 0.102441 -0.338299 0.935446
vn 0.816911 0.477757 0.323117
vn 0.195952 -0.383613 0.902465
vn -0.106551 0.140078 -0.984391
vn 0.917996 0.363423 0.158765
vn -0.526563 -0.353560 0.773128
vn 0.580722 0.187274 -0.792269
vn 0.755995 0.366390 -0.542430
vn 0.992427 0.030196 0.119070
vn -0.210206 0.339227 -0.916918
vn 0.989815 0.012807 0.141784
vn -0.949359 0.061666 0.308083
vn 0.669582 0.306196 -0.676686
vn -0.687897 0.067006 -0.722708
vn -0.924870 -0.299678 0.234112
vn 0.023465 0.469177 -0.882792
vn -0.974892 -0.173445 -0.139649
vn 0.971863 0.166852 0.166258
vn -0.145757 0.330066 -0.932637
vn 0.100789 -0.341625 0.934416
vn 0.817008 0.475719 0.325867
vn 0.194286 -0.386934 0.901407
vn -0.105043 0.143583 -0.984048
vn 0.918189 0.361835 0.161260
vn -0.528012 -0.355616 0.771195
vn 0.582013 0.189335 -0.790831
vn 0.757143 0.367393 -0.540144
vn 0.992297 0.028661 0.120523
vn -0.208568 0.342614 -0.916032
vn 0.989635 0.011197 0.143172
vn -0.949709 0.061690 0.306997
vn 0.670851 0.307758 -0.674718
vn -0.686828 0.070275 -0.723415
vn -0.925526 -0.299432 0.231824
vn 0.025202 0.472181 -0.881141
vn -0.974896 -0.171856 -0.141574
vn 0.971969 0.166298 0.166197
vn -0.145757 0.330066 -0.932637
vn 0.100789 -0.341625 0.934416
vn 0.817008 0.475719 0.325867
vn 0.194286 -0.386934 0.901407
vn -0.105043 0.143583 -0.984048
vn 0.918189 0.361835 0.161260
vn -0.528012 -0.355616 0.771195
vn 0.582013 0.189335 -0.790831
vn 0.757143 0.367393 -0.540144
vn 0.992297 0.028661 0.120523
vn -0.208568 0.342614 -0.916032
vn 0.989635 0.011197 0.143172
vn -0.949709 0.061690 0.306997
vn 0.670851 0.307758 -0.674718
vn -0.686828 0.070275 -0.723415
vn -0.925526 -0.299432 0.231824
vn 0.025202 0.472181 -0.881141
vn -0.974896 -0.171856 -0.141574
vn 0.971765 0.164727 0.168931
vn -0.143824 0.334229 -0.931454
vn 0.098823 -0.345705 0.933125
vn 0.817520 0.472712 0.328944
vn 0.192286 -0.391062 0.900054
vn -0.103425 0.147875 -0.983583
vn 0.918696 0.359308 0.164000
vn -0.529777 -0.357747 0.768995
vn 0.583471 0.191440 -0.789248
vn 0.758617 0.368102 -0.537588
vn 0.992188 0.026158 0.121979
vn -0.206635 0.346833 -0.914882
vn 0.989460 0.008606 0.144552
vn -0.949998 0.062330 0.305971
vn 0.672383 0.309201 -0.672529
vn -0.685704 0.074663 -0.724041
vn -0.926441 -0.298522 0.229328
vn 0.027348 0.475782 -0.879138
vn -0.975048 -0.169302 -0.143594
vn 0.972075 0.163644 0.168197
vn -0.143824 0.334229 -0.931454
vn 0.098823 -0.345705 0.933125
vn 0.817520 0.472712 0.328944
vn 0.192286 -0.391062 0.900054
vn -0.103425 0.147875 -0.983583
vn 0.918696 0.359308 0.164000
vn -0.529777 -0.357747 0.768995
vn 0.583471 0.191440 -0.789248
vn 0.758617 0.368102 -0.537588
vn 0.992188 0.026158 0.121979
vn -0.206635 0.346833 -0.914882
vn 0.989460 0.008606 0.144552
vn -0.949998 0.062330 0.305971
vn 0.672383 0.309201 -0.672529
vn -0.685704 0.074663 -0.724041
vn -0.926441 -0.298522 0.229328
vn 0.027348 0.475782 -0.879138
vn -0.975048 -0.169302 -0.143594
vn 0.971782 0.161460 0.171961
vn 0.163507 -0.338785 0.926547
vn -0.140537 0.322901 -0.935940
vn 0.978968 0.199994 -0.040291
vn -0.853525 -0.056733 -0.517954
vn 0.367816 0.256495 -0.893824
vn 0.950806 0.285151 0.121068
vn -0.166347 0.375495 -0.911774
vn 0.136097 0.389889 -0.910749
vn 0.413726 0.332181 -0.847636
vn -0.932920 -0.315313 -0.173893
vn 0.785836 -0.285997 0.548332
vn -0.143482 -0.402583 0.904068
vn 0.527582 0.462499 -0.712567
vn 0.480922 0.445817 -0.754958
vn 0.919930 0.095528 0.380268
vn 0.221475 0.416875 -0.881569
vn 0.963802 0.135437 0.229658
vn 0.966298 0.257392 -0.004323
vn 0.885833 -0.191908 0.422458
vn -0.967971 -0.230121 0.100380
vn -0.765431 0.416587 -0.490480
vn -0.910829 -0.224922 -0.346123
vn -0.969439 -0.223449 -0.101286
vn 0.528600 0.297774 -0.794930
vn 0.762759 0.436782 -0.476886
vn 0.964677 0.153803 0.213874
vn -0.141263 0.337302 -0.930737
vn 0.098937 -0.348939 0.931908
vn 0.819551 0.466912 0.332159
vn 0.192679 -0.394247 0.898579
vn -0.096103 0.154228 -0.983350
vn 0.919816 0.355600 0.165794
vn -0.530841 -0.359220 0.767573
vn 0.584258 0.193568 -0.788146
vn 0.761667 0.368918 -0.532694
vn 0.992392 0.026101 0.120317
vn -0.208756 0.349660 -0.913323
vn 0.989556 0.005697 0.144035
vn 0.013197 0.411731 -0.911210
vn -0.356301 -0.382866 0.852328
vn 0.453877 0.511927 -0.729333
vn 0.752460 0.421724 -0.505918
vn 0.969674 0.183940 0.160930
vn 0.974548 0.223564 0.016602
vn 0.999672 -0.015148 0.020645
vn -0.486115 -0.191888 0.852567
vn -0.956349 -0.022990 -0.291320
vn 0.926123 0.230149 0.298878
vn 0.889144 0.324919 -0.322258
vn 0.832884 0.463511 -0.302427
vn -0.398761 0.429959 -0.810015
vn 0.932792 0.360326 0.008015
vn 0.959832 0.189416 0.206989
vn -0.148326 0.352945 -0.923813
vn 0.151048 -0.327354 0.932751
vn -0.304713 -0.319790 0.897154
vn 0.363551 0.373022 -0.853631
vn -0.238669 -0.291001 0.926475
vn 0.935791 0.107670 0.335712
vn -0.971225 -0.233630 -0.046251
vn -0.963885 -0.172025 -0.203307
vn 0.951171 -0.127257 -0.281211
vn 0.416672 0.614025 -0.670341
vn -0.856352 -0.506195 0.102120
vn 0.123788 0.393042 -0.911150
vn 0.672348 0.314045 -0.670316
vn -0.685985 0.081866 -0.722995
vn -0.925287 -0.300478 0.231423
vn 0.026810 0.482678 -0.875388
vn -0.977512 -0.174988 -0.117681
vn 0.972959 0.166916 0.159657
vn 0.821653 0.045536 -0.568166
vn 0.980848 0.052116 0.187672
vn 0.970285 -0.230495 0.073609
vn 0.896455 0.191968 0.399396
vn -0.920298 -0.388219 0.048348
vn 0.653679 0.301660 -0.694050
vn 0.136623 0.460569 -0.877046
vn 0.966876 0.162596 0.196756
vn 0.164340 -0.342741 0.924944
vn -0.141365 0.326916 -0.934421
vn 0.978776 0.200995 -0.039978
vn -0.853785 -0.055166 -0.517694
vn 0.367069 0.260755 -0.892898
vn 0.950637 0.285414 0.121769
vn -0.167205 0.379380 -0.910007
vn 0.135236 0.394027 -0.909095
vn 0.412946 0.336275 -0.846401
vn -0.932757 -0.315328 -0.174738
vn 0.786400 -0.287755 0.546600
vn -0.142612 -0.406697 0.902363
vn 0.526773 0.466090 -0.710824
vn 0.480099 0.449555 -0.753263
vn 0.920072 0.094620 0.380151
vn 0.220598 0.420955 -0.879848
vn 0.963822 0.135231 0.229696
vn 0.966078 0.258223 -0.003753
vn 0.886248 -0.193023 0.421079
vn -0.967718 -0.231380 0.099931
vn -0.766074 0.418103 -0.488181
vn -0.910845 -0.224161 -0.346575
vn -0.969310 -0.223818 -0.101703
vn 0.527878 0.301731 -0.793917
vn 0.762111 0.439528 -0.475396
vn 0.964674 0.153670 0.213985
vn -0.145328 0.342236 -0.928307
vn 0.103000 -0.353830 0.929621
vn 0.821671 0.464271 0.330620
vn 0.196524 -0.399073 0.895611
vn -0.100630 0.159384 -0.982074
vn 0.921010 0.353701 0.163204
vn -0.527573 -0.362554 0.768259
vn 0.580701 0.196949 -0.789935
vn 0.759538 0.370784 -0.534435
vn 0.992987 0.024359 0.115691
vn -0.212716 0.354582 -0.910507
vn 0.990240 0.003837 0.139317
vn 0.009312 0.416388 -0.909139
vn -0.352657 -0.386833 0.852053
vn 0.450961 0.515149 -0.728873
vn 0.750514 0.423464 -0.507352
vn 0.970645 0.182003 0.157238
vn 0.974874 0.222372 0.013075
vn 0.999741 -0.016386 0.015775
vn -0.482249 -0.195712 0.853893
vn -0.957759 -0.020409 -0.286845
vn 0.927808 0.227563 0.295614
vn 0.887969 0.325561 -0.324839
vn 0.831962 0.464113 -0.304035
vn -0.402142 0.434562 -0.805877
vn 0.933237 0.359221 0.005396
vn 0.961577 0.189247 0.198886
vn -0.151504 0.353896 -0.922932
vn 0.154326 -0.328315 0.931876
vn -0.301574 -0.319826 0.898201
vn 0.360687 0.372908 -0.854894
vn -0.235346 -0.291189 0.927265
vn 0.937406 0.105582 0.331848
vn -0.971872 -0.231675 -0.042333
vn -0.965071 -0.169975 -0.199368
vn 0.949727 -0.128935 -0.285297
vn 0.415055 0.613676 -0.671662
vn -0.856915 -0.504574 0.105364
vn 0.120730 0.393445 -0.911386
vn 0.670142 0.313192 -0.672919
vn -0.688858 0.083735 -0.720044
vn -0.924899 -0.298814 0.235103
vn 0.024077 0.483246 -0.875154
vn -0.978343 -0.172971 -0.113690
vn 0.973950 0.164878 0.155680
vn 0.819376 0.044301 -0.571543
vn 0.981730 0.050042 0.183581
vn 0.970129 -0.232463 0.069361
vn 0.898505 0.189911 0.395755
vn -0.920853 -0.386434 0.051946
vn 0.651345 0.300863 -0.696586
vn 0.133857 0.460925 -0.877286
vn 0.966109 0.152545 0.208241
vn 0.171667 -0.344851 0.922826
vn -0.148502 0.328993 -0.932583
vn 0.979809 0.198189 -0.026384
vn 0.962995 0.196135 0.184853
vn 0.923394 0.344564 0.169175
vn -0.531540 -0.362999 0.765308
vn 0.590672 0.200269 -0.781665
vn 0.815127 0.368294 -0.447133
vn 0.993062 0.034608 0.112385
vn -0.227072 0.354038 -0.907246
vn 0.990863 0.005948 0.134745
vn 0.001740 0.417162 -0.908831
vn -0.353559 -0.387947 0.851171
vn 0.521132 0.517392 -0.678769
vn 0.754596 0.421337 -0.503050
vn 0.972514 0.192958 0.130319
vn 0.966035 0.258240 -0.009383
vn 0.887709 -0.195763 0.416713
vn -0.965805 -0.234871 0.109801
vn -0.774994 0.413030 -0.478321
vn -0.916152 -0.220700 -0.334599
vn -0.970570 -0.215556 -0.107378
vn 0.522124 0.302513 -0.797416
vn 0.769237 0.435451 -0.467608
vn 0.963884 0.145222 0.223243
vn -0.148945 0.343462 -0.927281
vn 0.104967 -0.355449 0.928783
vn 0.822679 0.452903 0.343625
vn 0.211548 -0.399079 0.892179
vn -0.234288 -0.292704 0.927056
vn 0.939541 0.104373 0.326142
vn -0.972283 -0.231349 -0.033831
vn -0.943636 -0.298152 0.143722
vn 0.953864 -0.116865 -0.276561
vn 0.434796 0.612211 -0.660416
vn -0.857830 -0.502790 0.106439
vn 0.114572 0.394620 -0.911673
vn 0.673155 0.314412 -0.669333
vn -0.703931 0.078468 -0.705920
vn -0.919729 -0.304051 0.248298
vn 0.012899 0.483263 -0.875380
vn -0.980280 -0.195546 -0.028510
vn 0.999827 -0.014748 0.011322
vn -0.477380 -0.198011 0.856096
vn -0.959365 -0.023811 -0.281160
vn 0.932320 0.226780 0.281692
vn 0.885184 0.325415 -0.332498
vn 0.835496 0.457048 -0.305048
vn -0.408770 0.432026 -0.803903
vn 0.940769 0.336963 0.037530
vn 0.960884 0.181617 0.209086
vn -0.160233 0.356915 -0.920292
vn 0.163756 -0.331116 0.929272
vn -0.302405 -0.325745 0.895791
vn 0.365035 0.263717 -0.892862
vn 0.953826 0.275744 0.119081
vn -0.184573 0.381988 -0.905548
vn 0.125429 0.398190 -0.908687
vn 0.411692 0.341898 -0.844757
vn -0.937563 -0.308257 -0.161099
vn 0.797411 -0.284943 0.531925
vn -0.129255 -0.410378 0.902709
vn 0.526665 0.467601 -0.709911
vn 0.485920 0.452792 -0.747570
vn 0.908051 0.077528 0.411622
vn 0.205717 0.424462 -0.881767
vn 0.971041 0.155780 0.181139
vn 0.974379 0.169292 0.148072
vn 0.822851 0.044334 -0.566526
vn 0.982781 0.054210 0.176643
vn 0.973290 -0.221932 0.058764
vn 0.904439 0.190827 0.381543
vn -0.928766 -0.369251 0.032355
vn 0.645920 0.305023 -0.699820
vn 0.106180 0.461256 -0.880891
vn 0.968874 0.164542 0.184958
vn 0.176747 -0.346501 0.921248
vn -0.153599 0.330711 -0.931149
vn 0.979269 0.200241 -0.030601
vn 0.963463 0.197695 0.180708
vn 0.923486 0.346077 0.165542
vn -0.527164 -0.365740 0.767028
vn 0.586544 0.203167 -0.784021
vn 0.812249 0.370922 -0.450186
vn 0.993512 0.036388 0.107747
vn -0.232090 0.355542 -0.905386
vn 0.991477 0.007675 0.130054
vn -0.003421 0.419135 -0.907918
vn -0.348721 -0.390512 0.851994
vn 0.516817 0.519924 -0.680132
vn 0.751341 0.423964 -0.505709
vn 0.972729 0.194658 0.126119
vn 0.965455 0.260226 -0.013405
vn 0.890074 -0.194857 0.412066
vn -0.964795 -0.237077 0.113869
vn -0.778088 0.412492 -0.473740
vn -0.917282 -0.221841 -0.330727
vn -0.970630 -0.217299 -0.103239
vn 0.517720 0.305306 -0.799221
vn 0.766118 0.438032 -0.470309
vn 0.964638 0.146701 0.218982
vn -0.158538 0.347499 -0.924181
vn 0.114608 -0.359619 0.926034
vn 0.824555 0.453603 0.338161
vn 0.220963 -0.402768 0.888231
vn -0.224824 -0.297842 0.927763
vn 0.942236 0.105498 0.317901
vn -0.971897 -0.233976 -0.025913
vn -0.941407 -0.301557 0.151052
vn 0.951577 -0.112790 -0.285973
vn 0.426914 0.616635 -0.661443
vn -0.855378 -0.505760 0.111965
vn 0.104969 0.399337 -0.910775
vn 0.666006 0.319568 -0.674028
vn -0.710697 0.079840 -0.698953
vn -0.916515 -0.307885 0.255356
vn 0.003388 0.487512 -0.873110
vn -0.979946 -0.198221 -0.020349
vn 0.999927 -0.011930 0.001960
vn -0.468828 -0.203507 0.859526
vn -0.961869 -0.025213 -0.272347
vn 0.934254 0.228096 0.274118
vn 0.881130 0.329555 -0.339120
vn 0.831330 0.460910 -0.310569
vn -0.417453 0.434721 -0.797966
vn 0.940120 0.339482 0.030418
vn 0.963819 0.190321 0.186630
vn -0.164718 0.359224 -0.918600
vn 0.168251 -0.333450 0.927633
vn -0.298057 -0.328371 0.896289
vn 0.360749 0.266388 -0.893811
vn 0.954135 0.276212 0.115473
vn -0.189012 0.384239 -0.903679
vn 0.120966 0.400705 -0.908187
vn 0.407562 0.344479 -0.845711
vn -0.938037 -0.308599 -0.157651
vn 0.800054 -0.285699 0.527532
vn -0.124813 -0.412881 0.902192
vn 0.523047 0.469918 -0.711055
vn 0.482140 0.455175 -0.748570
vn 0.909852 0.077182 0.407691
vn 0.201355 0.426971 -0.881562
vn 0.971729 0.156097 0.177135
vn 0.974905 0.169701 0.144087
vn 0.820211 0.046524 -0.570166
vn 0.983531 0.054549 0.172313
vn 0.973727 -0.221284 0.053744
vn 0.906013 0.190558 0.377926
vn -0.928309 -0.370100 0.035599
vn 0.642481 0.307413 -0.701937
vn 0.101799 0.463683 -0.880134
vn 0.964940 0.144817 0.218904
vn 0.954126 0.143001 0.263048
vn -0.967337 -0.246978 0.057106
vn 0.922947 0.138841 0.359015
vn -0.961407 -0.275082 0.005200
vn -0.701862 -0.626532 0.338893
vn -0.751651 0.062328 -0.656610
vn 0.775597 0.414842 -0.475769
vn 0.346857 0.841200 -0.414816
vn 0.987973 0.071353 0.137179
vn 0.976829 -0.204893 0.061832
vn 0.930286 0.125265 0.344785
vn 0.978250 0.158231 0.134124
vn 0.803515 0.422594 -0.419258
vn -0.961054 -0.197255 -0.193561
vn -0.979966 -0.191894 -0.053321
vn -0.957060 -0.224943 -0.182859
vn 0.549879 0.599332 -0.581751
vn 0.993315 0.013905 0.114599
vn 0.854546 0.507417 -0.110809
vn 0.825235 0.009894 0.564703
vn 0.189327 0.426951 -0.884233
vn -0.990733 -0.084918 -0.106007
vn 0.987804 -0.148038 0.048250
vn 0.932124 0.232128 0.277961
vn -0.970692 -0.202188 -0.129909
vn 0.660039 0.307750 -0.685302
vn -0.902368 -0.025411 -0.430217
vn -0.967675 -0.215700 -0.130682
vn 0.979263 0.195467 0.053267
vn -0.955801 -0.192243 -0.222456
vn 0.720392 0.576860 -0.385057
vn -0.117802 -0.415190 0.902076
vn 0.501285 0.454291 -0.736433
vn -0.909146 -0.317616 0.269395
vn -0.730241 0.481046 -0.485122
vn 0.989466 0.094718 0.109474
vn -0.983945 0.178273 -0.008433
vn -0.897240 -0.216978 -0.384553
vn -0.972476 -0.098511 -0.211156
vn -0.484847 0.402845 -0.776298
vn -0.957696 -0.210574 -0.196155
vn 0.954650 0.142071 0.261647
vn -0.967357 -0.246613 0.058333
vn 0.923635 0.137750 0.357663
vn -0.961529 -0.274628 0.006369
vn -0.701576 -0.626804 0.338981
vn -0.752756 0.063873 -0.655194
vn 0.774972 0.415325 -0.476366
vn 0.346518 0.841786 -0.413911
vn 0.988244 0.070633 0.135594
vn 0.976836 -0.205473 0.059770
vn 0.930944 0.124197 0.343392
vn 0.978557 0.157515 0.132721
vn 0.802994 0.422960 -0.419888
vn -0.956822 -0.182961 -0.225869
vn -0.980477 -0.190754 -0.047721
vn -0.958466 -0.223176 -0.177581
vn 0.546539 0.601731 -0.582422
vn 0.994070 0.012450 0.108026
vn 0.854255 0.507203 -0.113991
vn 0.828997 0.006347 0.559217
vn 0.183811 0.431180 -0.883344
vn -0.991497 -0.083507 -0.099805
vn 0.987967 -0.149152 0.040915
vn 0.934173 0.229911 0.272877
vn -0.971725 -0.200673 -0.124424
vn 0.655730 0.310572 -0.688159
vn -0.905244 -0.022466 -0.424297
vn -0.968403 -0.214881 -0.126579
vn 0.979598 0.194892 0.049040
vn -0.956972 -0.191138 -0.218335
vn 0.718723 0.577784 -0.386786
vn -0.113512 -0.418005 0.901325
vn 0.497832 0.456422 -0.737456
vn -0.907939 -0.318093 0.272879
vn -0.732426 0.482887 -0.479971
vn 0.990037 0.093957 0.104876
vn -0.983898 0.178708 -0.002995
vn -0.899223 -0.215381 -0.380799
vn -0.973550 -0.097426 -0.206662
vn -0.488503 0.405514 -0.772608
vn -0.956376 -0.182907 -0.227795
vn 0.943368 0.330078 0.033238
vn -0.959840 -0.241251 -0.143194
vn 0.834529 0.267504 -0.481666
vn 0.308879 -0.325506 0.893667
vn 0.907235 0.344356 -0.241545
vn 0.983795 0.126231 0.127328
vn 0.655392 -0.707038 -0.265629
vn 0.931791 0.168425 0.321556
vn -0.939820 0.046897 -0.338435
vn 0.966816 0.128856 0.220596
vn -0.968849 -0.177923 -0.172266
vn 0.943368 0.330078 0.033238
vn -0.959840 -0.241251 -0.143194
vn 0.834529 0.267504 -0.481666
vn 0.308879 -0.325506 0.893667
vn 0.907235 0.344356 -0.241545
vn 0.983795 0.126231 0.127328
vn 0.655392 -0.707038 -0.265629
vn 0.931791 0.168425 0.321556
vn -0.939820 0.046897 -0.338435
vn 0.966816 0.128856 0.220596
vn -0.987095 -0.088170 -0.133675
vn 0.942765 0.332149 0.029531
vn -0.959900 -0.243263 -0.139337
vn 0.831884 0.269786 -0.484959
vn 0.313400 -0.325601 0.892056
vn 0.905434 0.346589 -0.245084
vn 0.984043 0.128311 0.123267
vn 0.655798 -0.705367 -0.269048
vn 0.932769 0.170218 0.317753
vn -0.941347 0.045108 -0.334411
vn 0.967453 0.130812 0.216615
vn -0.969172 -0.179932 -0.168316
vn 0.942765 0.332149 0.029531
vn -0.959900 -0.243263 -0.139337
vn 0.831884 0.269786 -0.484959
vn 0.313400 -0.325601 0.892056
vn 0.905434 0.346589 -0.245084
vn 0.984043 0.128311 0.123267
vn 0.655798 -0.705367 -0.269048
vn 0.932769 0.170218 0.317753
vn -0.941347 0.045108 -0.334411
vn 0.967453 0.130812 0.216615
vn -0.988509 -0.082945 -0.126372
vn 0.942637 0.333045 0.022710
vn -0.960640 -0.244206 -0.132417
vn 0.828142 0.270432 -0.490966
vn 0.320056 -0.325052 0.889890
vn 0.903334 0.347371 -0.251636
vn 0.984776 0.129274 0.116206
vn 0.654507 -0.704840 -0.273534
vn 0.934853 0.171186 0.311039
vn -0.943752 0.044124 -0.327696
vn 0.968851 0.131786 0.209666
vn -0.970178 -0.180892 -0.161344
vn 0.942637 0.333045 0.022710
vn -0.960640 -0.244206 -0.132417
vn 0.828142 0.270432 -0.490966
vn 0.320056 -0.325052 0.889890
vn 0.903334 0.347371 -0.251636
vn 0.984776 0.129274 0.116206
vn 0.654507 -0.704840 -0.273534
vn 0.934853 0.171186 0.311039
vn -0.943752 0.044124 -0.327696
vn 0.968851 0.131786 0.209666
vn -0.997109 0.019330 -0.073486
vn 0.859174 0.394520 -0.325842
vn 0.497001 0.206204 -0.842893
vn 0.958730 0.259146 0.116960
vn 0.940857 0.279765 -0.191100
vn -0.182480 -0.396541 0.899698
vn 0.906629 0.391235 -0.157984
vn -0.251524 0.446307 -0.858805
vn 0.960875 0.128157 0.245552
vn -0.955450 -0.193741 -0.222667
vn -0.908051 0.113706 -0.403130
vn 0.945768 0.061855 0.318901
vn -0.988624 -0.133739 -0.068819
vn 0.859174 0.394520 -0.325842
vn 0.497001 0.206204 -0.842893
vn 0.958730 0.259146 0.116960
vn 0.940857 0.279765 -0.191100
vn -0.182480 -0.396541 0.899698
vn 0.906629 0.391235 -0.157984
vn -0.251524 0.446307 -0.858805
vn 0.960875 0.128157 0.245552
vn -0.955450 -0.193741 -0.222667
vn -0.908051 0.113706 -0.403130
vn 0.945768 0.061855 0.318901
vn -0.970449 -0.137269 -0.198461
vn 0.856857 0.395950 -0.330180
vn 0.492337 0.207137 -0.845398
vn 0.958901 0.260668 0.112075
vn 0.939415 0.281304 -0.195879
vn -0.177225 -0.396978 0.900555
vn 0.905178 0.392714 -0.162568
vn -0.256646 0.446040 -0.857427
vn 0.961915 0.129657 0.240642
vn -0.956267 -0.195236 -0.217799
vn -0.910292 0.112308 -0.398441
vn 0.947289 0.063314 0.314063
vn -0.988749 -0.135311 -0.063769
vn 0.856857 0.395950 -0.330180
vn 0.492337 0.207137 -0.845398
vn 0.958901 0.260668 0.112075
vn 0.939415 0.281304 -0.195879
vn -0.177225 -0.396978 0.900555
vn 0.905178 0.392714 -0.162568
vn -0.256646 0.446040 -0.857427
vn 0.961915 0.129657 0.240642
vn -0.956267 -0.195236 -0.217799
vn -0.910292 0.112308 -0.398441
vn 0.947289 0.063314 0.314063
vn -0.971794 -0.138740 -0.190703
vn 0.854399 0.397160 -0.335061
vn 0.487125 0.208019 -0.848196
vn 0.959199 0.261883 0.106556
vn 0.937889 0.282583 -0.201275
vn -0.171453 -0.397466 0.901457
vn 0.903704 0.393937 -0.167730
vn -0.262222 0.445951 -0.855784
vn 0.963133 0.130840 0.235065
vn -0.957267 -0.196417 -0.212272
vn -0.912744 0.111242 -0.393094
vn 0.949021 0.064455 0.308552
vn -0.988927 -0.136580 -0.058039
vn 0.854399 0.397160 -0.335061
vn 0.487125 0.208019 -0.848196
vn 0.959199 0.261883 0.106556
vn 0.937889 0.282583 -0.201275
vn -0.171453 -0.397466 0.901457
vn 0.903704 0.393937 -0.167730
vn -0.262222 0.445951 -0.855784
vn 0.963133 0.130840 0.235065
vn -0.957267 -0.196417 -0.212272
vn -0.912744 0.111242 -0.393094
vn 0.949021 0.064455 0.308552
vn -0.940162 -0.141024 -0.310172
vn -0.578553 0.386440 -0.718290
vn 0.394835 0.620352 -0.677694
vn -0.983959 -0.131695 -0.120336
vn 0.974525 0.194224 0.112149
vn -0.994515 0.099955 -0.030789
vn -0.950202 -0.191361 -0.245960
vn -0.967879 -0.142586 -0.207072
vn 0.165498 0.281762 -0.945103
vn 0.825493 0.405303 -0.392798
vn 0.972214 0.156959 0.173681
vn 0.957652 0.264095 0.114704
vn -0.976864 -0.188886 -0.100289
vn -0.796490 -0.405280 0.448723
vn -0.938370 -0.245332 -0.243463
vn 0.972793 0.227392 0.044337
vn 0.972480 0.174000 0.154943
vn 0.994217 -0.101641 0.034679
vn 0.953318 0.207407 0.219471
vn -0.967886 -0.142983 -0.206766
vn 0.398976 0.313866 -0.861572
vn -0.945033 -0.054002 -0.322486
vn 0.945296 0.241249 0.219579
vn -0.966170 -0.226087 -0.124094
vn 0.165888 0.312982 -0.935160
vn 0.956814 0.285205 0.056267
vn 0.931300 0.283673 -0.228496
vn -0.974214 -0.199563 -0.105272
vn 0.907019 0.198532 0.371352
vn 0.961924 0.199443 0.186881
vn 0.826050 0.339895 -0.449569
vn 0.896465 0.370472 -0.243108
vn -0.672234 0.295870 -0.678648
vn 0.961198 0.113777 0.251302
vn 0.970478 0.223243 0.091302
vn -0.973357 0.133752 0.186244
vn -0.578184 0.386528 -0.718540
vn 0.395394 0.619632 -0.678027
vn -0.984065 -0.130927 -0.120307
vn 0.974685 0.193458 0.112086
vn -0.994429 0.100782 -0.030891
vn -0.950353 -0.190690 -0.245901
vn -0.967990 -0.141883 -0.207036
vn 0.165758 0.281080 -0.945261
vn 0.825847 0.404384 -0.393003
vn 0.972338 0.156229 0.173638
vn 0.957871 0.263344 0.114600
vn -0.974569 -0.174359 -0.140765
vn -0.797270 -0.403740 0.448725
vn -0.938878 -0.243411 -0.243433
vn 0.973251 0.225432 0.044295
vn 0.972839 0.172025 0.154893
vn 0.994013 -0.103643 0.034588
vn 0.953749 0.205461 0.219428
vn -0.968187 -0.141009 -0.206715
vn 0.399537 0.313181 -0.861561
vn -0.945164 -0.052060 -0.322421
vn 0.945795 0.239320 0.219541
vn -0.966632 -0.224128 -0.124052
vn 0.166452 0.312777 -0.935128
vn 0.957389 0.283272 0.056237
vn 0.931852 0.281832 -0.228522
vn -0.974620 -0.197593 -0.105224
vn 0.907444 0.196659 0.371310
vn 0.962337 0.197484 0.186834
vn 0.826711 0.338294 -0.449562
vn 0.897187 0.368706 -0.243128
vn -0.671695 0.297308 -0.678552
vn 0.961444 0.111812 0.251244
vn 0.970931 0.221280 0.091259
vn -0.977768 -0.188254 -0.092356
vn -0.988634 -0.118799 -0.092141
vn 0.975475 0.166887 0.143516
vn 0.956228 0.199479 0.214093
vn -0.970424 -0.148857 -0.190051
vn 0.416919 0.314482 -0.852807
vn -0.943238 -0.045405 -0.328999
vn 0.442530 0.870616 0.214928
vn -0.951271 -0.273399 -0.142607
vn 0.967475 0.252408 -0.016838
vn 0.975067 0.164060 0.149426
vn -0.952303 -0.196821 -0.233196
vn -0.931885 0.077682 -0.354339
vn -0.706466 0.274082 -0.652521
vn 0.942846 0.044302 0.330271
vn 0.562877 0.403530 0.721341
vn 0.662353 0.399408 -0.633847
vn -0.975099 -0.197971 -0.099948
vn 0.969208 0.157677 0.189138
vn 0.968511 0.141614 0.204775
vn 0.974046 0.224048 -0.032195
vn 0.845450 0.389853 -0.365005
vn -0.756456 -0.463020 0.461938
vn -0.553457 -0.359517 -0.751287
vn -0.989004 -0.118435 -0.088563
vn 0.976048 0.166568 0.139948
vn 0.957063 0.199223 0.210571
vn -0.971152 -0.148577 -0.186516
vn 0.414064 0.313637 -0.854508
vn -0.944411 -0.045243 -0.325640
vn 0.443666 0.870589 0.212687
vn -0.937801 -0.233145 -0.257239
vn 0.967032 0.253186 -0.027325
vn 0.976491 0.164868 0.138869
vn -0.954604 -0.197624 -0.222879
vn -0.935714 0.076882 -0.344280
vn -0.713696 0.273400 -0.644895
vn 0.946318 0.045110 0.320074
vn 0.570305 0.404102 0.715160
vn 0.657225 0.400621 -0.638402
vn -0.975554 -0.199122 -0.092980
vn 0.970362 0.158765 0.182185
vn 0.969797 0.142691 0.197821
vn 0.973508 0.225280 -0.039138
vn 0.842289 0.391129 -0.370900
vn -0.752506 -0.464244 0.467133
vn -0.601739 -0.668323 -0.437326
vn 0.977404 0.135370 0.162346
vn 0.952820 0.202288 0.226306
vn -0.975839 -0.161140 -0.147556
vn 0.395223 0.318698 -0.861528
vn 0.941039 0.030486 0.336921
vn -0.554879 -0.637371 -0.534666
vn -0.977252 -0.133145 -0.165078
vn 0.969462 0.147159 0.196180
vn 0.968074 0.137391 0.209659
vn 0.972387 0.232575 -0.019291
vn 0.923617 -0.064863 0.377789
vn 0.112869 0.821984 0.558213
vn 0.059546 -0.155274 0.986075
vn 0.981045 0.160435 0.108680
vn -0.950917 -0.201523 -0.234829
vn -0.966643 -0.014128 -0.255737
vn -0.721889 0.269755 -0.637267
vn -0.758730 -0.462111 0.459111
vn 0.540498 0.505559 0.672512
vn 0.978031 0.136590 0.157477
vn 0.953683 0.203472 0.221556
vn -0.976359 -0.162360 -0.142694
vn 0.390509 0.319240 -0.863475
vn 0.942670 0.031654 0.332220
vn -0.556738 -0.638041 -0.531927
vn -0.978120 -0.134708 -0.158539
vn 0.970519 0.148681 0.189702
vn 0.969239 0.138899 0.203182
vn 0.971828 0.234285 -0.025710
vn 0.926278 -0.063575 0.371440
vn 0.115236 0.821709 0.558136
vn 0.076871 -0.153367 0.985175
vn 0.981164 0.160819 0.107026
vn -0.951247 -0.201793 -0.233259
vn -0.967100 -0.014391 -0.253989
vn -0.723168 0.269920 -0.635744
vn -0.757671 -0.462841 0.460121
vn 0.557483 0.639839 0.528979
vn 0.978169 0.135673 0.157409
vn -0.942599 -0.195262 -0.270886
vn 0.972744 0.231784 0.006763
vn 0.987605 0.131791 0.085254
vn -0.557319 -0.614569 -0.558302
vn -0.978332 -0.138709 -0.153706
vn 0.940989 0.243509 -0.235039
vn -0.981216 -0.172540 -0.086286
vn -0.777285 0.225675 -0.587282
vn 0.115465 0.805494 0.581246
vn -0.115199 -0.447393 0.886887
vn 0.981698 0.169183 0.087440
vn -0.152509 0.882736 0.444430
vn 0.265878 0.308115 -0.913441
vn -0.763690 -0.352496 0.540855
vn 0.559991 0.659661 0.501256
vn 0.978393 0.135246 0.156386
vn -0.942975 -0.194726 -0.269962
vn 0.972813 0.231519 0.005845
vn 0.987741 0.131440 0.084211
vn -0.558148 -0.613828 -0.558288
vn -0.978913 -0.138351 -0.150297
vn 0.940172 0.243610 -0.238184
vn -0.981557 -0.172258 -0.082906
vn -0.779384 0.226497 -0.584174
vn 0.117735 0.804796 0.581758
vn -0.108499 -0.446934 0.887963
vn 0.981896 0.169254 0.085050
vn -0.151515 0.882674 0.444893
vn 0.263619 0.308233 -0.914055
vn -0.762328 -0.352616 0.542695
vn 0.412239 0.079990 0.907557
vn 0.971581 0.089618 0.219085
vn 0.972997 0.230808 0.001972
vn -0.760689 -0.353025 0.544725
vn -0.271135 -0.846161 0.458800
vn -0.978625 -0.205633 -0.002776
vn -0.172640 0.878802 0.444861
vn -0.974486 -0.211102 -0.076244
vn 0.136519 0.786023 0.602935
vn -0.316777 -0.811933 0.490323
vn 0.957307 0.063998 0.281900
vn -0.982134 -0.170951 -0.078674
vn 0.952557 0.030011 0.302878
vn -0.561209 -0.595189 -0.575148
vn -0.059449 0.089228 -0.994236
vn 0.972108 0.088660 0.217132
vn 0.973214 0.229902 0.000046
vn -0.759910 -0.352440 0.546190
vn -0.270992 -0.846013 0.459157
vn -0.981118 -0.138746 -0.134748
vn -0.169611 0.878773 0.446084
vn -0.975098 -0.209523 -0.072692
vn 0.140032 0.785410 0.602928
vn -0.316196 -0.811760 0.490985
vn 0.957840 0.063266 0.280250
vn -0.982379 -0.170290 -0.077028
vn 0.953105 0.029272 0.301221
vn -0.562595 -0.594581 -0.574421
vn -0.056024 0.100839 -0.993324
vn 0.972583 0.086994 0.215672
vn 0.973547 0.228482 -0.001252
vn -0.759544 -0.351962 0.547006
vn -0.271487 -0.846146 0.458619
vn -0.979118 -0.203292 0.000504
vn -0.168922 0.878594 0.446696
vn -0.975259 -0.208668 -0.072989
vn 0.140589 0.784861 0.603513
vn -0.316932 -0.811853 0.490356
vn 0.957852 0.062281 0.280431
vn -0.982507 -0.169430 -0.077289
vn 0.953084 0.028274 0.301381
vn -0.562999 -0.593707 -0.574930
vn -0.090160 0.026145 -0.995584
vn -0.982585 -0.167331 -0.080787
vn 0.954271 0.016924 0.298462
vn 0.555873 0.445461 0.701833
vn -0.986676 -0.147342 -0.068995
vn -0.976188 -0.200426 -0.082980
vn 0.510505 0.824946 0.242589
vn -0.958793 -0.220808 0.178771
vn 0.974876 0.222411 0.012274
vn -0.754550 -0.373937 0.539282
vn -0.342471 0.065701 -0.937228
vn -0.982849 -0.167472 -0.077212
vn 0.955341 0.017104 0.295011
vn 0.558342 0.445656 0.699746
vn 0.976498 0.214529 0.020709
vn 0.633247 -0.218638 0.742426
vn -0.164557 0.330235 -0.929444
vn -0.979331 -0.199370 -0.034083
vn -0.536833 -0.268319 -0.799885
vn 0.859557 0.415519 -0.297498
vn 0.971065 0.037220 0.235896
vn 0.562638 0.365540 0.741498
vn 0.976023 0.216241 -0.024878
vn 0.667018 -0.214785 0.713411
vn -0.070295 0.501518 -0.862287
vn -0.979214 -0.200393 -0.031354
vn -0.538335 -0.271131 -0.797924
vn 0.990652 0.136328 0.004814
vn 0.294989 -0.316604 0.901523
vn -0.938136 -0.331660 -0.099509
vn 0.294989 -0.316604 0.901523
vn -0.575098 -0.748381 -0.330436
vn 0.273515 -0.316905 0.908163
vn -0.934722 -0.333512 -0.122741
vn 0.273515 -0.316905 0.908163
vn -0.755858 -0.603399 -0.254144
vn 0.276266 -0.317540 0.907108
vn -0.934985 -0.333674 -0.120266
vn 0.276266 -0.317540 0.907108
vn -0.025734 -0.725554 0.687684
vn 0.978118 0.193247 0.077072
vn 0.007159 -0.703461 0.710698
vn -0.564945 -0.053711 -0.823379
vn 0.013887 -0.711185 0.702868
vn -0.009766 -0.711686 0.702430
vn 0.747449 0.605502 0.273290
vn 0.018733 -0.682258 0.730871
vn 0.978534 0.193601 0.070642
vn 0.008985 -0.698272 0.715776
vn -0.571629 -0.059579 -0.818346
vn 0.019811 -0.706257 0.707679
vn -0.008112 -0.709028 0.705134
vn 0.747975 0.606622 0.269339
vn -0.018016 0.689362 -0.724193
vn -0.878009 0.019247 -0.478258
vn -0.031838 0.692620 -0.720600
vn -0.928666 -0.048807 -0.367693
vn -0.144906 0.542337 -0.827570
vn -0.356576 0.335884 -0.871800
vn -0.978703 -0.067242 -0.193956
vn -0.031795 0.683519 -0.729240
vn -0.881604 0.017611 -0.471662
vn -0.038419 0.692482 -0.720411
vn -0.931321 -0.051219 -0.360580
vn -0.152221 0.540748 -0.827297
vn -0.356687 0.334601 -0.872248
vn -0.978697 -0.067719 -0.193819
vn -0.026442 0.689524 -0.723780
vn -0.981839 -0.189163 -0.014494
vn -0.033316 0.684024 -0.728698
vn -0.981839 -0.189163 -0.014494
vn -0.025154 0.692135 -0.721329
vn -0.981847 -0.189375 -0.010655
vn -0.036180 0.683362 -0.729183
vn -0.981847 -0.189375 -0.010655
vn -0.036515 0.682825 -0.729669
vn -0.981848 -0.189394 -0.010181
vn -0.036448 0.682878 -0.729622
vn -0.981848 -0.189394 -0.010181
vn -0.083395 0.738067 -0.669554
vn -0.039109 0.696988 -0.716015
vn -0.156905 0.543921 -0.824336
vn -0.277244 0.512869 -0.812466
vn -0.081476 0.743482 -0.663774
vn -0.037836 0.703025 -0.710158
vn -0.163687 0.543858 -0.823059
vn -0.279407 0.512879 -0.811718
vn -0.236650 -0.913930 0.329741
vn 0.187965 -0.513490 0.837256
vn 0.000000 1.000000 0.000000
vn 0.000000 1.000000 0.000000
vn 0.215434 0.905198 -0.366340
vn -0.339545 0.253440 -0.905802
vn -0.344554 0.250178 -0.904817
vn -0.343127 0.253110 -0.904544
vn -0.340668 0.255692 -0.904747
vn -0.343249 0.250412 -0.905248
vn -0.333240 0.267188 -0.904191
vn -0.342659 0.248106 -0.906106
vn 0.000000 1.000000 0.000000
vn 0.000000 1.000000 0.000000
vn 0.000000 1.000000 0.000000
vn 0.000000 1.000000 0.000000
vn 0.000000 1.000000 0.000000
vn -0.771415 0.577388 0.267474
vn 0.000000 1.000000 0.000000
vn 0.000000 1.000000 0.000000
vn 0.999155 -0.040601 0.006368
vn -0.986685 0.154880 0.049647
vn 0.000000 1.000000 0.000000
vn 0.000000 1.000000 0.000000
vn 0.000000 1.000000 0.000000
vn 0.000000 1.000000 0.000000
vn -0.870626 -0.476108 -0.123823
vn 0.775696 0.602293 0.188519
vn 0.968976 -0.151952 -0.194925
vn -0.988876 -0.137779 -0.056039
vn 0.968976 -0.151952 -0.194925
vn -0.990765 -0.128214 -0.044102
vn 0.968661 -0.152124 -0.196353
vn -0.989228 -0.134225 -0.058403
vn 0.968661 -0.152124 -0.196353
vn -0.993121 -0.112889 -0.031104
vn 0.968855 -0.153018 -0.194695
vn -0.989334 -0.132040 -0.061512
vn 0.968855 -0.153018 -0.194695
vn 0.993022 0.112297 0.036009
vn 0.969000 -0.165240 -0.183672
vn 0.988948 0.129290 0.072566
vn -0.993695 -0.093402 -0.062012
vn 0.969000 -0.165240 -0.183672
vn 0.988948 0.129290 0.072566
vn -0.992974 -0.093335 -0.072745
vn 0.969310 -0.165800 -0.181520
vn 0.988896 0.127857 0.075748
vn -0.993630 -0.091998 -0.065089
vn 0.969310 -0.165800 -0.181520
vn 0.988896 0.127857 0.075748
vn -0.992585 -0.091858 -0.079602
vn 0.969747 -0.165758 -0.179206
vn 0.988747 0.126856 0.079294
vn -0.993488 -0.091037 -0.068505
vn 0.969747 -0.165758 -0.179206
vn 0.988747 0.126856 0.079294
vn -0.994559 -0.091259 -0.050246
vn -0.982275 -0.117416 -0.146116
vn 0.968257 -0.186349 -0.166592
vn 0.988791 0.125512 0.080869
vn -0.974893 -0.163228 -0.151461
vn -0.990425 -0.079501 -0.112862
vn -0.981965 -0.133107 -0.134266
vn -0.989803 -0.142406 0.003289
vn 0.922240 0.141722 0.359707
vn -0.983245 -0.152800 -0.099401
vn -0.977348 -0.177613 -0.115082
vn 0.981369 0.187314 0.042757
vn -0.978291 -0.126385 -0.164239
vn 0.901866 -0.003260 -0.432004
vn -0.971413 -0.184139 -0.149830
vn -0.977374 -0.149558 -0.149574
vn -0.993442 -0.079890 -0.081801
vn -0.981697 -0.115946 -0.151085
vn 0.968940 -0.183250 -0.166055
vn 0.988425 0.124994 0.085985
vn -0.974264 -0.161670 -0.157072
vn -0.989986 -0.078524 -0.117312
vn -0.981177 -0.130870 -0.142005
vn -0.989539 -0.144185 -0.004809
vn 0.920550 0.132813 0.367353
vn -0.982558 -0.151573 -0.107732
vn -0.976552 -0.175908 -0.124106
vn 0.976219 0.216740 -0.004479
vn -0.978042 -0.125085 -0.166696
vn 0.902142 0.004057 -0.431419
vn -0.971106 -0.183041 -0.153133
vn -0.977108 -0.148470 -0.152368
vn -0.994994 -0.081087 -0.058417
vn -0.981868 -0.116812 -0.149298
vn 0.985228 0.103323 0.136567
vn -0.971811 -0.180296 -0.151913
vn -0.977558 -0.145940 -0.151930
vn -0.970623 -0.191258 -0.145985
vn -0.945458 -0.284505 -0.158639
vn -0.993540 -0.076161 -0.084132
vn -0.981868 -0.116812 -0.149298
vn 0.985228 0.103323 0.136567
vn -0.971811 -0.180296 -0.151913
vn -0.977558 -0.145940 -0.151930
vn -0.970623 -0.191258 -0.145985
vn -0.945458 -0.284505 -0.158639
vn -0.995595 -0.078168 -0.051764
vn -0.982910 -0.111914 -0.146159
vn 0.986168 0.098558 0.133262
vn -0.973073 -0.175402 -0.149543
vn -0.978708 -0.141026 -0.149138
vn -0.971896 -0.186430 -0.143741
vn -0.947098 -0.279607 -0.157561
vn -0.994154 -0.071964 -0.080487
vn -0.982910 -0.111914 -0.146159
vn 0.986168 0.098558 0.133262
vn -0.973073 -0.175402 -0.149543
vn -0.978708 -0.141026 -0.149138
vn -0.971896 -0.186430 -0.143741
vn -0.947098 -0.279607 -0.157561
vn -0.994791 -0.072627 -0.071525
vn -0.983558 -0.107167 -0.145360
vn 0.986747 0.093968 0.132288
vn -0.973916 -0.170629 -0.149575
vn -0.979448 -0.136258 -0.148715
vn -0.972758 -0.181736 -0.143920
vn -0.948264 -0.274804 -0.158991
vn -0.994538 -0.068032 -0.079158
vn -0.983558 -0.107167 -0.145360
vn 0.986747 0.093968 0.132288
vn -0.973916 -0.170629 -0.149575
vn -0.979448 -0.136258 -0.148715
vn -0.972758 -0.181736 -0.143920
vn -0.948264 -0.274804 -0.158991
vn -0.994235 -0.067682 -0.083165
vn -0.984077 -0.100796 -0.146399
vn -0.979220 -0.110662 -0.169946
vn 0.894180 0.018045 -0.447345
vn -0.975153 -0.163979 -0.148958
vn -0.980113 -0.127877 -0.151745
vn -0.973780 -0.174406 -0.146064
vn -0.949705 -0.268022 -0.161939
vn 0.992222 0.092080 0.083768
vn -0.991172 -0.091574 -0.095872
vn -0.983832 -0.099419 -0.148964
vn -0.978933 -0.109148 -0.172558
vn 0.895082 0.020191 -0.445444
vn -0.974935 -0.162590 -0.151877
vn -0.979871 -0.126464 -0.154464
vn -0.973574 -0.173034 -0.149042
vn -0.949515 -0.266567 -0.165416
vn 0.992099 0.091060 0.086297
vn -0.994554 -0.064514 -0.081850
vn -0.983832 -0.099419 -0.148964
vn -0.978933 -0.109148 -0.172558
vn 0.895082 0.020191 -0.445444
vn -0.974935 -0.162590 -0.151877
vn -0.979871 -0.126464 -0.154464
vn -0.973574 -0.173034 -0.149042
vn -0.949515 -0.266567 -0.165416
vn 0.992099 0.091060 0.086297
vn -0.994784 -0.062536 -0.080589
vn -0.984149 -0.098985 -0.147148
vn -0.979301 -0.108622 -0.170792
vn 0.894089 0.021981 -0.447349
vn -0.975250 -0.162144 -0.150320
vn -0.980197 -0.126015 -0.152757
vn -0.973882 -0.172597 -0.147525
vn -0.949850 -0.266063 -0.164305
vn 0.992277 0.090865 0.084435
vn -0.994726 -0.064334 -0.079881
vn -0.984149 -0.098985 -0.147148
vn -0.979301 -0.108622 -0.170792
vn 0.894089 0.021981 -0.447349
vn -0.975250 -0.162144 -0.150320
vn -0.980197 -0.126015 -0.152757
vn -0.973882 -0.172597 -0.147525
vn -0.949850 -0.266063 -0.164305
vn 0.992277 0.090865 0.084435
vn -0.994155 -0.069103 -0.082949
vn -0.983940 -0.100175 -0.147741
vn -0.979068 -0.109785 -0.171388
vn 0.894284 0.023600 -0.446877
vn -0.974954 -0.163322 -0.150967
vn -0.979948 -0.127194 -0.153371
vn -0.973574 -0.173772 -0.148179
vn -0.949406 -0.267192 -0.165035
vn 0.992111 0.092125 0.085024
vn -0.994598 -0.065600 -0.080445
vn -0.983940 -0.100175 -0.147741
vn -0.979068 -0.109785 -0.171388
vn 0.894284 0.023600 -0.446877
vn -0.974954 -0.163322 -0.150967
vn -0.979948 -0.127194 -0.153371
vn -0.973574 -0.173772 -0.148179
vn -0.949406 -0.267192 -0.165035
vn 0.992111 0.092125 0.085024
vn -0.994693 -0.064793 -0.079925
vn -0.983857 -0.102539 -0.146667
vn -0.978914 -0.110950 -0.171515
vn 0.893479 0.026392 -0.448329
vn -0.970192 -0.177614 -0.164864
vn -0.975139 -0.144815 -0.167727
vn -0.968687 -0.181484 -0.169437
vn -0.973289 -0.221185 -0.061529
vn 0.992842 0.074583 0.093286
vn 0.984323 0.155994 0.082310
vn 0.973867 0.169430 0.151250
vn -0.933246 -0.296241 -0.203209
vn -0.979448 -0.181814 -0.087320
vn 0.995215 0.081563 0.053794
vn -0.983857 -0.102539 -0.146667
vn -0.978914 -0.110950 -0.171515
vn 0.893479 0.026392 -0.448329
vn -0.970192 -0.177614 -0.164864
vn -0.975139 -0.144815 -0.167727
vn -0.968687 -0.181484 -0.169437
vn -0.973289 -0.221185 -0.061529
vn 0.992842 0.074583 0.093286
vn 0.984323 0.155994 0.082310
vn 0.973867 0.169430 0.151250
vn -0.933246 -0.296241 -0.203209
vn -0.979448 -0.181814 -0.087320
vn 0.995215 0.081563 0.053794
vn -0.983857 -0.102539 -0.146667
vn -0.978914 -0.110950 -0.171515
vn 0.893479 0.026392 -0.448329
vn -0.970192 -0.177614 -0.164864
vn -0.975139 -0.144815 -0.167727
vn -0.968687 -0.181484 -0.169437
vn -0.973289 -0.221185 -0.061529
vn 0.992842 0.074583 0.093286
vn 0.984323 0.155994 0.082310
vn 0.973867 0.169430 0.151250
vn -0.933246 -0.296241 -0.203209
vn -0.979448 -0.181814 -0.087320
vn 0.993624 0.095066 0.060618
vn -0.983479 -0.105442 -0.147145
vn -0.978510 -0.113637 -0.172059
vn 0.893203 0.033586 -0.448398
vn -0.969512 -0.180314 -0.165931
vn -0.974594 -0.147515 -0.168538
vn -0.967992 -0.184144 -0.170536
vn -0.972392 -0.224706 -0.062942
vn 0.992560 0.077939 0.093541
vn 0.983701 0.159402 0.083208
vn 0.973214 0.172256 0.152256
vn -0.932092 -0.298481 -0.205217
vn -0.978723 -0.185158 -0.088424
vn 0.994890 0.085241 0.054106
vn -0.983479 -0.105442 -0.147145
vn -0.978510 -0.113637 -0.172059
vn 0.893203 0.033586 -0.448398
vn -0.969512 -0.180314 -0.165931
vn -0.974594 -0.147515 -0.168538
vn -0.967992 -0.184144 -0.170536
vn -0.972392 -0.224706 -0.062942
vn 0.992560 0.077939 0.093541
vn 0.983701 0.159402 0.083208
vn 0.973214 0.172256 0.152256
vn -0.932092 -0.298481 -0.205217
vn -0.978723 -0.185158 -0.088424
vn 0.990852 0.115542 0.069725
vn -0.982889 -0.107680 -0.149447
vn -0.977748 -0.115201 -0.175322
vn 0.892709 0.041859 -0.448686
vn -0.972685 -0.171870 -0.156030
vn -0.979006 -0.123167 -0.162408
vn -0.972968 -0.174723 -0.151013
vn -0.946689 -0.273430 -0.170340
vn 0.991106 0.100595 0.087118
vn 0.900363 0.382308 -0.207817
vn -0.962097 -0.101533 -0.253102
vn 0.945983 0.258030 0.196308
vn 0.982139 0.107078 0.154716
vn 0.974082 0.126763 0.187341
vn 0.995508 0.073166 0.060094
vn -0.982693 -0.115845 -0.144552
vn 0.979588 0.125390 0.157113
vn -0.159280 0.628121 -0.761639
vn 0.989130 0.118481 0.087084
vn -0.971506 -0.150511 -0.183092
vn -0.968351 -0.180982 -0.171880
vn -0.971509 -0.227472 -0.066532
vn 0.992136 0.080452 0.095883
vn 0.982789 0.162826 0.087260
vn 0.972017 0.174958 0.156759
vn -0.930716 -0.299525 -0.209886
vn -0.977747 -0.189108 -0.090823
vn 0.974689 0.167901 0.147619
vn -0.992693 -0.092374 -0.077637
vn -0.030772 0.577641 -0.815711
vn 0.984276 0.104171 0.142650
vn 0.964964 0.251247 0.075629
vn 0.951380 0.110257 0.287610
vn -0.982826 -0.147031 -0.111515
vn -0.978356 -0.126719 -0.163590
vn -0.950429 -0.308434 -0.039411
vn -0.949221 -0.236142 -0.207887
vn 0.992917 0.091175 0.076172
vn -0.960091 -0.210636 -0.184004
vn 0.966726 0.208331 0.148453
vn 0.965608 0.258348 0.029272
vn 0.983463 0.132335 0.123645
vn -0.984095 -0.129150 -0.121969
vn 0.994192 0.084044 0.067220
vn -0.982292 -0.110019 -0.151653
vn -0.977095 -0.117228 -0.177604
vn 0.892967 0.050582 -0.447270
vn -0.971818 -0.174086 -0.158946
vn -0.978333 -0.125343 -0.164784
vn -0.972094 -0.177000 -0.153964
vn -0.945390 -0.275372 -0.174377
vn 0.990599 0.103672 0.089255
vn 0.898983 0.388320 -0.202577
vn -0.961426 -0.102625 -0.255202
vn 0.944720 0.259683 0.200171
vn 0.981540 0.109351 0.156914
vn 0.973369 0.128639 0.189748
vn 0.995139 0.076567 0.061928
vn -0.981699 -0.119139 -0.148568
vn 0.978513 0.128459 0.161278
vn -0.161358 0.639629 -0.751558
vn 0.988240 0.122759 0.091165
vn -0.970230 -0.153103 -0.187652
vn -0.966921 -0.183737 -0.176930
vn -0.970027 -0.231969 -0.072369
vn 0.991450 0.084608 0.099345
vn 0.981640 0.167058 0.092055
vn 0.970653 0.177984 0.161722
vn -0.928523 -0.301407 -0.216793
vn -0.976438 -0.193251 -0.096035
vn 0.973385 0.171094 0.152473
vn -0.991974 -0.096834 -0.081300
vn -0.778362 0.238689 -0.580673
vn 0.983898 0.104669 0.144874
vn 0.964601 0.251876 0.078131
vn 0.950701 0.110411 0.289787
vn -0.982476 -0.147595 -0.113825
vn -0.977918 -0.127166 -0.165849
vn -0.950092 -0.309129 -0.042009
vn -0.948602 -0.236468 -0.210324
vn 0.992686 0.091822 0.078384
vn -0.959542 -0.211023 -0.186408
vn 0.966251 0.208801 0.150866
vn 0.965335 0.259070 0.031800
vn 0.983100 0.132874 0.125929
vn -0.983740 -0.129690 -0.124242
vn 0.993984 0.084714 0.069419
vn -0.981891 -0.110495 -0.153883
vn -0.976636 -0.117643 -0.179841
vn 0.893827 0.052284 -0.445353
vn -0.971348 -0.174542 -0.161300
vn -0.977893 -0.125783 -0.167043
vn -0.971633 -0.177463 -0.156320
vn -0.944808 -0.275767 -0.176892
vn 0.990330 0.104289 0.091490
vn 0.899072 0.389495 -0.199908
vn -0.960821 -0.102854 -0.257379
vn 0.944100 0.260016 0.202648
vn 0.981129 0.109819 0.159140
vn 0.972876 0.129023 0.192005
vn 0.994948 0.077252 0.064116
vn -0.981662 -0.118637 -0.149212
vn 0.979054 0.129034 0.157493
vn -0.158219 0.637818 -0.753761
vn 0.988847 0.119950 0.088276
vn -0.970874 -0.151968 -0.185226
vn -0.969110 -0.175955 -0.172815
vn -0.970145 -0.232112 -0.070305
vn 0.991969 0.079668 0.098236
vn 0.981461 0.166902 0.094226
vn 0.970080 0.179863 0.163078
vn -0.922158 -0.315044 -0.224438
vn -0.977198 -0.186223 -0.102006
vn 0.972989 0.171300 0.154756
vn 0.916532 0.276661 0.288839
vn 0.997130 -0.053596 0.053480
vn -0.973655 -0.058469 -0.220401
vn 0.985529 0.103385 0.134326
vn 0.964836 0.254448 0.065939
vn 0.961258 0.108218 0.253519
vn -0.983639 -0.144019 -0.108227
vn -0.979369 -0.127523 -0.156765
vn -0.958105 -0.283334 -0.041908
vn -0.950640 -0.233991 -0.203793
vn 0.993200 0.090013 0.073837
vn -0.961150 -0.209629 -0.179572
vn 0.967546 0.208144 0.143288
vn 0.965267 0.260567 0.019069
vn 0.984018 0.130515 0.121138
vn -0.985606 -0.125951 -0.112770
vn 0.995932 -0.017008 0.088488
vn -0.949475 -0.239505 0.202819
vn -0.983119 -0.110775 -0.145625
vn -0.978067 -0.112556 -0.175263
vn 0.886583 0.046132 -0.460263
vn -0.975359 -0.165648 -0.145722
vn -0.979331 -0.124540 -0.159374
vn -0.975041 -0.167265 -0.146008
vn -0.946791 -0.274157 -0.168593
vn 0.991726 0.098352 0.082503
vn 0.899748 0.385129 -0.205253
vn -0.963515 -0.109044 -0.244435
vn 0.943744 0.263076 0.200345
vn 0.982374 0.109979 0.151150
vn 0.973973 0.125718 0.188606
vn 0.992089 0.070261 0.104035
vn -0.974349 -0.202495 -0.098184
vn -0.983595 -0.114564 -0.139338
vn 0.981114 0.124990 0.147623
vn -0.162770 0.636938 -0.753536
vn 0.990189 0.115718 0.078332
vn -0.973310 -0.148017 -0.175382
vn -0.971530 -0.171988 -0.162938
vn -0.971810 -0.227924 -0.060306
vn 0.993229 0.075439 0.088343
vn 0.983070 0.162713 0.084253
vn 0.972422 0.175870 0.153185
vn -0.925707 -0.311385 -0.214721
vn -0.978970 -0.182057 -0.092045
vn 0.975211 0.167276 0.144854
vn 0.920540 0.273170 0.279258
vn 0.997358 -0.057935 0.043828
vn -0.976845 -0.067356 -0.203068
vn 0.986112 0.102119 0.130975
vn 0.965280 0.253451 0.063226
vn 0.962293 0.106534 0.250285
vn -0.984155 -0.142852 -0.105038
vn -0.980054 -0.126183 -0.153529
vn -0.958481 -0.282430 -0.039327
vn -0.951589 -0.232498 -0.201056
vn 0.993543 0.088963 0.070413
vn -0.961989 -0.208217 -0.176701
vn 0.968245 0.206860 0.140393
vn 0.965540 0.259738 0.016381
vn 0.984571 0.129303 0.117899
vn -0.986125 -0.124765 -0.109504
vn 0.996245 -0.018110 0.084662
vn -0.964883 -0.231234 0.124624
vn -0.983754 -0.108363 -0.143125
vn -0.978002 -0.107845 -0.178555
vn 0.873083 0.053379 -0.484641
vn -0.975965 -0.165469 -0.141818
vn -0.979774 -0.120681 -0.159622
vn -0.975682 -0.165600 -0.143603
vn -0.946789 -0.273823 -0.169151
vn 0.992471 0.095232 0.077016
vn 0.895428 0.394775 -0.205816
vn -0.966050 -0.127834 -0.224511
vn 0.936635 0.278482 0.212513
vn 0.982890 0.119419 0.140235
vn 0.973534 0.123675 0.192186
vn 0.992462 0.069013 0.101273
vn 0.972458 0.174949 0.154010
vn 0.998718 -0.016509 0.047843
vn -0.800006 0.426579 -0.421925
vn -0.983517 -0.115866 -0.138816
vn 0.980837 0.124482 0.149877
vn -0.171303 0.639785 -0.749220
vn 0.990571 0.115159 0.074216
vn -0.971926 -0.149071 -0.182037
vn -0.971000 -0.172118 -0.165937
vn -0.971318 -0.229498 -0.062230
vn 0.993555 0.074465 0.085456
vn 0.982010 0.166939 0.088251
vn 0.970862 0.180599 0.157517
vn -0.911720 -0.338168 -0.233257
vn -0.979393 -0.177118 -0.097047
vn 0.974037 0.170525 0.148904
vn 0.917076 0.277153 0.286631
vn 0.966344 0.121134 0.226951
vn -0.740526 -0.525135 0.419349
vn 0.960511 0.256317 0.108260
vn -0.983102 -0.108647 -0.147328
vn 0.985926 0.101729 0.132669
vn 0.964263 0.256299 0.067131
vn 0.969292 0.105678 0.222047
vn -0.984217 -0.143780 -0.103173
vn -0.979967 -0.124587 -0.155382
vn -0.958799 -0.280722 -0.043578
vn -0.950857 -0.233899 -0.202886
vn 0.993128 0.091766 0.072628
vn -0.960204 -0.212258 -0.181531
vn 0.967357 0.210405 0.141248
vn 0.960797 0.277248 0.001683
vn 0.983799 0.132242 0.121043
vn -0.986185 -0.124698 -0.109036
vn 0.996360 -0.017925 0.083344
vn -0.982778 -0.175353 -0.058295
vn 0.992959 -0.006397 0.118288
vn -0.984980 -0.068609 -0.158453
vn -0.983886 -0.107929 -0.142547
vn -0.978179 -0.107191 -0.177979
vn 0.872441 0.056780 -0.485410
vn -0.976068 -0.165040 -0.141606
vn -0.979921 -0.120144 -0.159125
vn -0.975787 -0.165160 -0.143393
vn -0.946878 -0.273208 -0.169647
vn 0.992524 0.095218 0.076352
vn 0.894990 0.396453 -0.204495
vn -0.966276 -0.126876 -0.224084
vn 0.936779 0.277591 0.213047
vn 0.983013 0.119014 0.139717
vn 0.973721 0.122931 0.191717
vn 0.992558 0.068845 0.100446
vn 0.972573 0.174441 0.153859
vn 0.998786 -0.016344 0.046475
vn -0.800751 0.428793 -0.418252
vn -0.984319 -0.114222 -0.134425
vn 0.981703 0.122757 0.145566
vn -0.174853 0.645345 -0.743610
vn 0.991029 0.113981 0.069787
vn -0.972981 -0.147116 -0.177948
vn -0.971983 -0.170283 -0.162025
vn -0.971790 -0.228416 -0.058739
vn 0.994045 0.073206 0.080715
vn 0.982578 0.165663 0.084245
vn 0.971807 0.178824 0.153664
vn -0.913179 -0.335867 -0.230864
vn -0.980016 -0.175771 -0.093134
vn 0.974930 0.168811 0.144964
vn 0.918772 0.274469 0.283770
vn 0.967618 0.118857 0.222686
vn -0.738645 -0.527708 0.419437
vn 0.961247 0.254901 0.105019
vn -0.982740 -0.096512 -0.157818
vn 0.986567 0.100496 0.128788
vn 0.964811 0.255161 0.063507
vn 0.970304 0.104365 0.218217
vn -0.984785 -0.142579 -0.099343
vn -0.980725 -0.123334 -0.151547
vn -0.959279 -0.279615 -0.040003
vn -0.951929 -0.232626 -0.199288
vn 0.993516 0.090588 0.068704
vn -0.961166 -0.210999 -0.177873
vn 0.968153 0.209183 0.137560
vn 0.961103 0.276183 -0.001900
vn 0.984427 0.131023 0.117202
vn -0.986757 -0.123488 -0.105174
vn 0.996669 -0.019121 0.079284
vn -0.983200 -0.174205 -0.054506
vn 0.993422 -0.007623 0.114258
vn -0.985844 -0.075584 -0.149662
vn 0.982439 0.120528 0.142428
vn -0.176133 0.647064 -0.741812
vn 0.980610 0.105108 0.165399
vn -0.987012 -0.140921 -0.077125
vn -0.981149 -0.116931 -0.153860
vn -0.962332 -0.268808 -0.040738
vn 0.991906 -0.111039 -0.061583
vn 0.888597 0.405159 -0.215039
vn -0.969675 -0.156773 -0.187490
vn 0.918829 0.315200 0.237490
vn 0.983527 0.151178 0.099094
vn 0.972488 0.123121 0.197757
vn 0.993413 0.065368 0.094116
vn -0.985230 -0.151948 -0.078952
vn -0.758546 -0.069818 -0.647868
vn -0.944480 -0.327297 -0.028886
vn 0.989728 0.096426 0.105553
vn 0.446824 -0.277491 0.850498
vn 0.387098 0.729177 -0.564319
vn -0.960753 -0.275125 -0.035483
vn 0.989354 0.086772 0.116828
vn 0.964953 0.255567 0.059584
vn -0.981736 -0.101024 -0.161212
vn -0.971146 -0.182236 -0.153838
vn -0.981138 -0.116062 -0.154586
vn -0.978174 -0.156670 -0.136492
vn -0.976235 -0.162124 -0.143811
vn 0.982148 0.169004 0.082598
vn 0.970501 0.184622 0.155057
vn -0.864337 -0.421159 -0.274858
vn -0.983021 -0.157316 -0.094451
vn 0.972744 0.178674 0.147803
vn 0.912330 0.285043 0.293946
vn -0.916786 -0.222002 -0.331991
vn 0.999099 -0.017355 0.038730
vn 0.937205 0.280452 0.207349
vn -0.967980 0.058674 -0.244075
vn 0.829682 -0.417313 0.370779
vn -0.937513 -0.038926 -0.345765
vn -0.792512 0.250306 -0.556122
vn 0.997730 0.064931 0.017874
vn -0.980533 -0.098438 -0.169896
vn -0.392591 0.662736 -0.637694
vn 0.992548 0.108917 0.054635
vn -0.973793 -0.142281 -0.177437
vn -0.973516 -0.160281 -0.163022
vn -0.992459 -0.040053 -0.115849
vn 0.994277 0.086006 0.063371
vn -0.960581 -0.212916 -0.178749
vn 0.968287 0.215707 0.126058
vn 0.943583 0.324082 -0.067990
vn 0.984159 0.134331 0.115700
vn -0.987303 -0.121791 -0.101975
vn 0.996984 -0.029075 0.071950
vn -0.734698 -0.533034 0.419635
vn -0.970553 -0.153995 -0.185237
vn -0.939233 -0.171505 -0.297368
vn -0.913826 -0.257180 0.314293
vn 0.934052 0.020663 0.356539
vn 0.991407 0.101509 -0.082511
vn 0.976852 0.140222 0.161548
vn 0.983254 0.116436 0.140194
vn -0.177039 0.655437 -0.734207
vn 0.981464 0.100776 0.163010
vn -0.987648 -0.137516 -0.075099
vn -0.981995 -0.112720 -0.151590
vn -0.963176 -0.265853 -0.040169
vn 0.991385 -0.112951 -0.066314
vn 0.888895 0.405125 -0.213868
vn -0.970746 -0.152247 -0.185671
vn 0.920499 0.310238 0.237560
vn 0.984269 0.147545 0.097188
vn 0.973506 0.118463 0.195585
vn 0.993910 0.061767 0.091255
vn -0.985902 -0.148526 -0.077048
vn -0.761022 -0.060895 -0.645862
vn -0.945438 -0.324508 -0.029008
vn 0.990347 0.092713 0.103036
vn 0.449111 -0.287750 0.845872
vn 0.387017 0.734172 -0.557861
vn -0.961597 -0.272226 -0.034990
vn 0.989790 0.082943 0.115917
vn 0.965020 0.253855 0.065528
vn -0.982354 -0.095411 -0.160864
vn -0.971675 -0.176843 -0.156762
vn -0.981717 -0.110698 -0.154846
vn -0.978645 -0.151995 -0.138391
vn -0.976733 -0.157153 -0.145927
vn 0.982376 0.166463 0.085011
vn 0.971032 0.179182 0.158086
vn -0.865218 -0.410683 -0.287641
vn -0.983308 -0.154333 -0.096370
vn 0.973248 0.173528 0.150588
vn 0.913393 0.273955 0.301100
vn -0.918059 -0.209457 -0.336594
vn 0.999270 -0.017993 0.033703
vn 0.937895 0.272829 0.214283
vn -0.969072 0.067463 -0.237377
vn 0.831585 -0.430970 0.350331
vn -0.938976 -0.025988 -0.343000
vn -0.795099 0.271489 -0.542320
vn 0.997267 0.068955 0.026533
vn -0.980324 -0.096787 -0.172035
vn -0.395304 0.679625 -0.617935
vn 0.992217 0.110647 0.057119
vn -0.973442 -0.140371 -0.180852
vn -0.973094 -0.158781 -0.166966
vn -0.992406 -0.040034 -0.116310
vn 0.994030 0.087499 0.065186
vn -0.959994 -0.210892 -0.184220
vn 0.967650 0.215239 0.131626
vn 0.942434 0.329114 -0.059181
vn 0.983789 0.134249 0.118900
vn -0.986965 -0.122124 -0.104817
vn 0.997131 -0.027771 0.070420
vn -0.732582 -0.547470 0.404474
vn -0.970169 -0.151841 -0.188988
vn -0.938875 -0.165984 -0.301602
vn -0.912718 -0.269283 0.307299
vn 0.934246 0.013470 0.356376
vn 0.990997 0.107217 -0.080183
vn 0.975816 0.169697 0.137788
vn -0.979025 -0.091170 -0.182202
vn -0.389219 0.698363 -0.600664
vn 0.992108 0.110833 0.058638
vn -0.974997 -0.135889 -0.175824
vn -0.989456 0.121869 -0.078262
vn 0.992595 0.096452 0.073836
vn -0.958228 -0.210193 -0.193955
vn 0.970335 0.178223 0.163359
vn -0.982787 -0.154398 -0.101442
vn -0.989781 -0.122303 -0.073323
vn 0.992529 0.063790 0.104005
vn -0.984245 -0.151420 -0.091286
vn -0.744578 -0.029652 -0.666877
vn -0.997464 0.026170 0.066180
vn -0.935260 -0.159308 -0.316085
vn -0.906515 -0.289162 0.307596
vn 0.945118 0.035760 0.324767
vn 0.990042 0.114092 -0.082460
vn 0.974360 0.099551 0.201772
vn 0.349340 -0.653721 0.671275
vn 0.984168 0.121911 0.128651
vn -0.979025 -0.091170 -0.182202
vn -0.389219 0.698363 -0.600664
vn 0.992108 0.110833 0.058638
vn -0.974997 -0.135889 -0.175824
vn -0.989456 0.121869 -0.078262
vn 0.992595 0.096452 0.073836
vn -0.958228 -0.210193 -0.193955
vn 0.970335 0.178223 0.163359
vn -0.982787 -0.154398 -0.101442
vn -0.989781 -0.122303 -0.073323
vn 0.992529 0.063790 0.104005
vn -0.984245 -0.151420 -0.091286
vn -0.744578 -0.029652 -0.666877
vn -0.997464 0.026170 0.066180
vn -0.935260 -0.159308 -0.316085
vn -0.906515 -0.289162 0.307596
vn 0.945118 0.035760 0.324767
vn 0.990042 0.114092 -0.082460
vn 0.974360 0.099551 0.201772
vn 0.349340 -0.653721 0.671275
vn 0.988822 0.100679 0.109980
vn -0.979617 -0.091020 -0.179069
vn -0.392685 0.703150 -0.592772
vn 0.992170 0.111816 0.055640
vn -0.975496 -0.135789 -0.173116
vn -0.989945 0.121054 -0.073175
vn 0.992741 0.097300 0.070703
vn -0.958689 -0.209902 -0.191982
vn 0.970721 0.178225 0.161049
vn -0.982958 -0.154982 -0.098868
vn -0.989886 -0.123145 -0.070429
vn 0.992845 0.064366 0.100576
vn -0.984379 -0.152094 -0.088682
vn -0.747220 -0.024780 -0.664114
vn -0.997227 0.024049 0.070430
vn -0.936291 -0.157883 -0.313738
vn -0.904832 -0.293306 0.308628
vn 0.946368 0.034276 0.321267
vn 0.989529 0.116342 -0.085417
vn 0.975018 0.099214 0.198737
vn 0.353024 -0.659206 0.663943
vn 0.984497 0.122249 0.125780
vn -0.979617 -0.091020 -0.179069
vn -0.392685 0.703150 -0.592772
vn 0.992170 0.111816 0.055640
vn -0.975496 -0.135789 -0.173116
vn -0.989945 0.121054 -0.073175
vn 0.992741 0.097300 0.070703
vn -0.958689 -0.209902 -0.191982
vn 0.970721 0.178225 0.161049
vn -0.982958 -0.154982 -0.098868
vn -0.989886 -0.123145 -0.070429
vn 0.992845 0.064366 0.100576
vn -0.984379 -0.152094 -0.088682
vn -0.747220 -0.024780 -0.664114
vn -0.997227 0.024049 0.070430
vn -0.936291 -0.157883 -0.313738
vn -0.904832 -0.293306 0.308628
vn 0.946368 0.034276 0.321267
vn 0.989529 0.116342 -0.085417
vn 0.975018 0.099214 0.198737
vn 0.353024 -0.659206 0.663943
vn 0.983528 0.126245 0.129362
vn -0.981265 -0.088392 -0.171189
vn -0.395722 0.704716 -0.588880
vn 0.992867 0.109279 0.047680
vn -0.977208 -0.133177 -0.165312
vn -0.990200 0.123605 -0.065008
vn 0.993523 0.094746 0.062724
vn -0.960741 -0.207311 -0.184387
vn 0.972442 0.175639 0.153325
vn -0.984114 -0.152427 -0.091022
vn -0.990732 -0.120601 -0.062501
vn 0.993788 0.061783 0.092563
vn -0.985446 -0.149543 -0.080823
vn -0.752657 -0.022255 -0.658037
vn -0.996557 0.026479 0.078567
vn -0.939203 -0.155232 -0.306268
vn -0.903027 -0.291346 0.315689
vn 0.949030 0.031590 0.313597
vn 0.989092 0.113950 -0.093345
vn 0.976847 0.096580 0.190899
vn 0.356752 -0.660743 0.660414
vn 0.989241 0.103519 0.103370
vn -0.981684 -0.088503 -0.168710
vn -0.399626 0.711566 -0.577904
vn 0.992773 0.111069 0.045450
vn -0.977498 -0.133350 -0.163449
vn -0.990731 0.122033 -0.059666
vn 0.993520 0.096339 0.060298
vn -0.960923 -0.207182 -0.183581
vn 0.972584 0.175957 0.152052
vn -0.984079 -0.153610 -0.089401
vn -0.990666 -0.122187 -0.060432
vn 0.993976 0.062978 0.089692
vn -0.985379 -0.150868 -0.079160
vn -0.755059 -0.015286 -0.655478
vn -0.996318 0.022969 0.082604
vn -0.939969 -0.153420 -0.304831
vn -0.901135 -0.297766 0.315104
vn 0.950121 0.029720 0.310462
vn 0.988458 0.117620 -0.095483
vn 0.977320 0.096411 0.188549
vn 0.360814 -0.668654 0.650166
vn 0.985935 0.120495 0.115819
vn -0.981684 -0.088503 -0.168710
vn -0.399626 0.711566 -0.577904
vn 0.992773 0.111069 0.045450
vn -0.977498 -0.133350 -0.163449
vn -0.990731 0.122033 -0.059666
vn 0.993520 0.096339 0.060298
vn -0.960923 -0.207182 -0.183581
vn 0.972584 0.175957 0.152052
vn -0.984079 -0.153610 -0.089401
vn -0.990666 -0.122187 -0.060432
vn 0.993976 0.062978 0.089692
vn -0.985379 -0.150868 -0.079160
vn -0.755059 -0.015286 -0.655478
vn -0.996318 0.022969 0.082604
vn -0.939969 -0.153420 -0.304831
vn -0.901135 -0.297766 0.315104
vn 0.950121 0.029720 0.310462
vn 0.988458 0.117620 -0.095483
vn 0.977320 0.096411 0.188549
vn 0.360814 -0.668654 0.650166
vn 0.983433 0.130876 0.125425
vn -0.391592 0.717096 -0.576566
vn 0.991123 0.120778 0.055572
vn -0.971466 -0.178463 -0.156220
vn 0.981809 0.171572 0.081328
vn 0.981298 0.119994 0.150515
vn 0.966254 0.191904 0.171834
vn -0.990668 -0.110629 -0.079617
vn -0.985208 -0.134395 -0.106314
vn 0.995780 0.089456 -0.020494
vn 0.993916 0.097957 0.050348
vn -0.992095 -0.084878 -0.092435
vn 0.499968 -0.418206 0.758377
vn -0.972938 -0.158376 -0.168251
vn -0.931910 0.269042 0.243227
vn -0.961765 0.237507 -0.136376
vn 0.943644 -0.177077 -0.279606
vn 0.988050 0.075335 0.134469
vn 0.788460 0.554515 0.266166
vn 0.990167 0.123275 0.066124
vn -0.965291 -0.208077 -0.157854
vn -0.986518 -0.122275 -0.108768
vn -0.986308 -0.127454 -0.104651
vn -0.984446 -0.145519 -0.098441
vn -0.655200 -0.659693 0.368127
vn 0.991743 0.112441 0.061675
vn -0.905376 0.025460 0.423847
vn 0.856448 -0.375802 -0.353935
vn -0.971620 -0.116971 -0.205603
vn 0.365794 -0.682725 0.632520
vn -0.697144 0.410248 -0.587951
vn -0.962845 -0.259190 -0.075826
vn -0.985954 -0.083280 -0.144775
vn 0.992889 0.118944 0.004881
vn 0.978711 -0.143002 -0.147224
vn 0.965532 0.260281 0.000943
vn -0.977522 -0.189855 -0.091679
vn 0.966832 0.109908 0.230556
vn -0.981618 -0.147285 -0.121385
vn 0.955111 0.294527 0.031872
vn 0.963387 0.222225 -0.150008
vn 0.994170 0.107174 -0.011823
vn 0.758300 0.577973 -0.301544
vn -0.971019 -0.121447 -0.205846
vn 0.949521 -0.307471 0.062216
vn -0.963851 0.191765 0.184979
vn 0.491263 0.857141 -0.154824
vn -0.399393 0.739359 -0.542064
vn 0.990245 0.126543 0.058320
vn -0.970420 -0.179397 -0.161558
vn 0.980587 0.176026 0.086399
vn 0.980725 0.121334 0.153155
vn 0.965145 0.192062 0.177782
vn -0.989948 -0.115311 -0.081890
vn -0.984376 -0.137773 -0.109649
vn 0.994926 0.098778 -0.019114
vn 0.993213 0.104009 0.052051
vn -0.991633 -0.089004 -0.093499
vn 0.505831 -0.448186 0.737065
vn -0.972099 -0.158792 -0.172652
vn -0.933365 0.249689 0.257845
vn -0.964144 0.235299 -0.122722
vn 0.944193 -0.166490 -0.284218
vn 0.987815 0.076510 0.135527
vn 0.786252 0.551660 0.278350
vn 0.989673 0.126024 0.068304
vn -0.964499 -0.208580 -0.161978
vn -0.986061 -0.124023 -0.110916
vn -0.985826 -0.129293 -0.106914
vn -0.983880 -0.147489 -0.101126
vn -0.652065 -0.670831 0.353267
vn 0.991292 0.115299 0.063604
vn -0.905165 0.011761 0.424897
vn 0.857800 -0.363833 -0.363048
vn -0.971258 -0.116434 -0.207610
vn 0.369220 -0.695507 0.616398
vn -0.699355 0.420640 -0.577897
vn -0.989352 0.046244 -0.138000
vn 0.932334 -0.260854 -0.250418
vn 0.985490 0.152894 0.073706
vn 0.960832 0.220302 0.168131
vn 0.841725 0.320451 0.434522
vn 0.978966 0.181698 0.092792
vn 0.991301 0.113243 0.067072
vn -0.845997 0.020589 0.532791
vn 0.925846 0.230851 0.299196
vn -0.994839 0.098765 0.023248
vn -0.981158 0.036814 -0.189669
vn 0.932334 -0.260854 -0.250418
vn 0.985490 0.152894 0.073706
vn 0.960832 0.220302 0.168131
vn 0.841725 0.320451 0.434522
vn 0.978966 0.181698 0.092792
vn 0.991301 0.113243 0.067072
vn -0.845997 0.020589 0.532791
vn 0.925846 0.230851 0.299196
vn -0.994839 0.098765 0.023248
vn -0.987997 0.042814 -0.148418
vn 0.933087 -0.250160 -0.258396
vn 0.984891 0.155752 0.075698
vn 0.960091 0.220706 0.171796
vn 0.841014 0.313709 0.440774
vn 0.978267 0.184050 0.095498
vn 0.990877 0.116308 0.068080
vn -0.845083 0.003449 0.534625
vn 0.925302 0.227863 0.303140
vn -0.995251 0.093400 0.027424
vn -0.981677 0.036765 -0.186973
vn 0.933087 -0.250160 -0.258396
vn 0.984891 0.155752 0.075698
vn 0.960091 0.220706 0.171796
vn 0.841014 0.313709 0.440774
vn 0.978267 0.184050 0.095498
vn 0.990877 0.116308 0.068080
vn -0.845083 0.003449 0.534625
vn 0.925302 0.227863 0.303140
vn -0.995251 0.093400 0.027424
vn -0.989781 0.046188 -0.134910
vn 0.932901 -0.243367 -0.265459
vn 0.984843 0.155320 0.077197
vn 0.960146 0.218159 0.174717
vn 0.841466 0.305201 0.445855
vn 0.978222 0.183177 0.097613
vn 0.990862 0.116058 0.068719
vn -0.844073 -0.009120 0.536151
vn 0.925597 0.222445 0.306250
vn -0.995310 0.091540 0.031284
vn -0.982073 0.039553 -0.184307
vn 0.932901 -0.243367 -0.265459
vn 0.984843 0.155320 0.077197
vn 0.960146 0.218159 0.174717
vn 0.841466 0.305201 0.445855
vn 0.978222 0.183177 0.097613
vn 0.990862 0.116058 0.068719
vn -0.844073 -0.009120 0.536151
vn 0.925597 0.222445 0.306250
vn -0.995310 0.091540 0.031284
vn -0.756677 0.630607 -0.172556
vn 0.986309 0.151106 0.066042
vn 0.990065 0.123840 0.066593
vn -0.995085 -0.095515 -0.026114
vn -0.971267 -0.150074 -0.184710
vn 0.949372 -0.266844 -0.165794
vn -0.998142 -0.060657 0.005758
vn -0.024401 -0.577118 0.816296
vn -0.990233 -0.135712 -0.031949
vn 0.965668 0.239092 0.101589
vn -0.971959 -0.215160 -0.094879
vn -0.942503 -0.233087 -0.239495
vn 0.889527 -0.231463 -0.393911
vn 0.992294 0.070779 -0.101701
vn -0.977486 0.210965 -0.003848
vn -0.107834 0.773685 -0.624327
vn 0.989770 0.135203 0.045551
vn 0.989083 0.138143 0.051302
vn 0.990468 0.110786 0.081855
vn 0.866703 -0.134812 -0.480263
vn -0.994107 -0.088373 -0.062789
vn -0.973130 0.225082 -0.048533
vn 0.402080 0.572814 -0.714294
vn 0.987536 0.146607 0.057271
vn 0.991178 0.119323 0.057687
vn -0.995694 -0.091123 -0.017057
vn -0.973610 -0.145202 -0.176070
vn 0.946596 -0.270327 -0.175727
vn -0.998298 -0.056369 0.014968
vn 0.351769 -0.596645 0.721300
vn -0.991763 -0.127336 -0.013818
vn 0.969422 0.230256 0.084877
vn -0.975379 -0.206347 -0.077831
vn -0.948900 -0.223147 -0.223148
vn 0.879724 -0.234998 -0.413354
vn 0.990679 0.063645 -0.120435
vn -0.975585 0.218947 0.017220
vn -0.111065 0.777618 -0.618849
vn 0.990704 0.131098 0.036319
vn 0.990087 0.134002 0.042092
vn 0.991670 0.106475 0.072479
vn 0.861285 -0.135458 -0.489735
vn -0.995029 -0.084154 -0.053248
vn -0.972675 0.229131 -0.037445
vn 0.397124 0.575280 -0.715084
vn 0.988633 0.142442 0.048123
vn 0.992172 0.115140 0.048349
vn -0.996166 -0.087158 -0.007521
vn -0.975898 -0.140420 -0.167048
vn 0.943705 -0.273003 -0.186787
vn -0.998311 -0.052577 0.024725
vn 0.531120 -0.576077 0.621326
vn 0.836106 -0.335399 -0.434091
vn 0.960234 0.264073 0.090647
vn 0.996149 0.083775 0.025871
vn -0.975651 -0.032891 0.216848
vn -0.982724 -0.047686 -0.178825
vn -0.887405 -0.028254 0.460123
vn -0.629467 -0.351771 0.692841
vn -0.984633 -0.104477 -0.139939
vn -0.992785 -0.104170 -0.059383
vn 0.989393 0.136497 0.049703
vn 0.996469 0.074235 0.039225
vn 0.744660 0.104663 0.659187
vn 0.939319 -0.154501 -0.306284
vn -0.911029 -0.036484 0.410725
vn 0.983551 0.173939 -0.048707
vn -0.985498 -0.036875 -0.165629
vn -0.985676 -0.165053 -0.034653
vn 0.985944 0.166694 0.011287
vn -0.860619 -0.338221 -0.380712
vn -0.952053 -0.275334 -0.133365
vn -0.954411 0.203525 0.218350
vn 0.679854 0.307385 -0.665817
vn -0.107347 0.546578 0.830499
vn 0.827650 -0.349655 -0.439018
vn 0.963569 0.256839 0.074617
vn 0.997090 0.075235 0.012261
vn -0.973123 -0.020737 0.229351
vn -0.985258 -0.041673 -0.165921
vn -0.881814 -0.013070 0.471415
vn -0.623840 -0.335197 0.706022
vn -0.987180 -0.097826 -0.126120
vn -0.994323 -0.096188 -0.045487
vn 0.991095 0.128382 0.035338
vn 0.997493 0.065904 0.025759
vn 0.753712 0.108314 0.648217
vn 0.934036 -0.167705 -0.315361
vn -0.906123 -0.021862 0.422449
vn 0.984355 0.164326 -0.063571
vn -0.984401 -0.163104 -0.065965
vn -0.885509 0.101545 0.453390
vn 0.899950 -0.203263 -0.385712
vn -0.858820 -0.037710 0.510888
vn -0.624005 -0.328326 0.709098
vn -0.994751 -0.074664 0.069968
vn 0.992869 0.098800 0.066707
vn -0.299305 0.740798 0.601361
vn -0.096144 -0.324365 0.941033
vn -0.888131 -0.051422 0.456705
vn 0.987092 0.152940 -0.047528
vn 0.996335 0.047710 -0.070994
vn 0.993548 0.077721 0.082589
vn -0.979252 0.106739 0.172258
vn -0.670210 -0.253620 0.697493
vn 0.693079 0.277035 -0.665502
vn -0.809123 0.118463 0.575575
vn -0.984410 -0.164602 -0.061998
vn -0.883958 0.101123 0.456500
vn 0.898793 -0.202696 -0.388697
vn -0.856858 -0.037988 0.514152
vn -0.620895 -0.327911 0.712014
vn -0.993141 -0.068486 0.094765
vn 0.992923 0.101857 0.061062
vn -0.298172 0.740188 0.602674
vn -0.089849 -0.324179 0.941719
vn -0.885384 -0.053891 0.461726
vn 0.986338 0.155919 -0.053164
vn 0.996353 0.064536 -0.055817
vn 0.993577 0.079231 0.080794
vn -0.979092 0.104918 0.174271
vn -0.668459 -0.255636 0.698436
vn 0.691354 0.279043 -0.666457
vn -0.808209 0.116387 0.577280
vn -0.996415 -0.069206 -0.048656
vn -0.993956 -0.030339 -0.105506
vn -0.932897 0.354902 0.061226
vn -0.931142 -0.364651 -0.002293
vn 0.453873 0.619877 0.640119
vn -0.996199 -0.071760 -0.049370
vn -0.993764 -0.033214 -0.106441
vn -0.933770 0.353120 0.058133
vn -0.930308 -0.366778 -0.001228
vn 0.451750 0.624592 0.637030
vn -0.996199 -0.071760 -0.049370
vn -0.993764 -0.033214 -0.106441
vn -0.933770 0.353120 0.058133
vn -0.930308 -0.366778 -0.001228
vn 0.451750 0.624592 0.637030
vn -0.996199 -0.071760 -0.049370
vn -0.993764 -0.033214 -0.106441
vn -0.933770 0.353120 0.058133
vn -0.930308 -0.366778 -0.001228
vn 0.451750 0.624592 0.637030
vn -0.996518 -0.070646 -0.044289
vn -0.994296 -0.032448 -0.101602
vn -0.932995 0.354798 0.060327
vn -0.930813 -0.365457 0.005345
vn 0.455558 0.627828 0.631110
vn -0.996576 -0.073194 -0.038458
vn -0.994794 -0.034923 -0.095735
vn -0.933543 0.352274 0.066330
vn -0.929808 -0.367899 0.010402
vn 0.457678 0.628205 0.629198
vn 0.997013 -0.011433 -0.076379
vn 0.966013 -0.168525 -0.196006
vn 0.889122 -0.186627 -0.417890
vn -0.932752 0.355252 0.061400
vn 0.985177 -0.126484 0.115882
vn 0.853831 0.258516 0.451821
vn 0.998922 -0.013825 0.044323
vn -0.998507 -0.053658 0.010277
vn 0.938261 0.345117 0.023675
vn 0.044727 -0.350480 0.935502
vn 0.733054 0.251306 -0.632042
vn 0.930275 0.042546 -0.364388
vn -0.850102 0.288192 0.440764
vn -0.999379 0.028711 -0.020422
vn 0.999960 0.008567 0.002428
vn -0.998518 0.012483 0.052963
vn -0.679443 -0.221216 0.699586
vn 0.078798 0.496010 -0.864734
vn -0.974725 -0.218911 -0.044610
vn -0.980339 0.124283 -0.153264
vn 0.996141 -0.009923 -0.087204
vn 0.964038 -0.166636 -0.207032
vn 0.884773 -0.184062 -0.428133
vn -0.932462 0.353870 0.072729
vn 0.986526 -0.125656 0.104774
vn 0.858357 0.258009 0.443458
vn 0.998755 -0.023117 0.044200
vn -0.998373 -0.054729 0.015985
vn 0.938015 0.346099 0.018534
vn 0.050486 -0.351130 0.934965
vn 0.729137 0.252557 -0.636062
vn 0.928116 0.043807 -0.369705
vn -0.847855 0.286959 0.445866
vn -0.997582 0.036375 -0.059213
vn 0.999964 0.008145 -0.002567
vn -0.998238 0.013108 0.057870
vn -0.676052 -0.218314 0.703771
vn 0.074708 0.492745 -0.866961
vn -0.975023 -0.218659 -0.038955
vn -0.981037 0.124129 -0.148859
vn 0.996194 -0.011774 -0.086359
vn 0.963956 -0.168977 -0.205513
vn 0.884841 -0.187277 -0.426596
vn -0.931999 0.355559 0.070396
vn 0.986257 -0.126629 0.106124
vn 0.858384 0.258738 0.442981
vn 0.999898 0.012793 0.006323
vn 0.728778 0.241877 -0.640608
vn 0.943464 0.077819 -0.322211
vn -0.981397 -0.177588 -0.072959
vn 0.068982 0.485047 -0.871763
vn -0.981245 -0.174476 -0.081957
vn 0.872975 0.032055 -0.486711
vn 0.899251 -0.254576 0.355721
vn -0.981866 -0.175608 -0.071418
vn 0.730344 0.230038 -0.643180
vn 0.944161 0.070716 -0.321808
vn -0.981631 -0.176778 -0.071764
vn 0.071432 0.470763 -0.879363
vn -0.981458 -0.173812 -0.080810
vn 0.061101 0.456652 -0.887545
vn -0.981481 -0.174638 -0.078722
vn -0.463659 0.470957 -0.750480
vn 0.943954 0.062505 -0.324105
vn -0.983468 0.114428 0.140343
vn 0.896460 -0.245002 0.369235
vn -0.946004 -0.138246 -0.293197
vn 0.068198 0.438185 -0.896294
vn -0.981237 -0.174485 -0.082031
vn -0.691342 0.400223 -0.601555
vn 0.945291 0.049228 -0.322493
vn -0.980515 0.130107 0.147183
vn 0.898486 -0.234489 0.371132
vn -0.954278 -0.142311 -0.262872
vn 0.052614 0.413124 -0.909154
vn -0.983511 -0.171001 -0.058863
vn -0.475619 0.431333 -0.766641
vn 0.944836 0.044482 -0.324510
vn -0.981133 0.124426 0.147974
vn 0.898800 -0.230264 0.373011
vn -0.954019 -0.145790 -0.261903
vn 0.052092 0.406293 -0.912257
vn -0.983235 -0.172977 -0.057685
vn -0.638832 0.391497 -0.662287
vn 0.946543 0.042779 -0.319730
vn -0.981949 0.124506 0.142386
vn 0.897165 -0.224986 0.380100
vn -0.952192 -0.150210 -0.266022
vn -0.809957 0.333136 -0.482690
vn -0.958944 -0.145641 -0.243342
vn -0.810978 0.328947 -0.483848
vn -0.958948 -0.148636 -0.241509
vn -0.810978 0.328947 -0.483848
vn -0.958948 -0.148636 -0.241509
vn -0.808864 0.329290 -0.487143
vn -0.958116 -0.148061 -0.245136
vn -0.808864 0.329290 -0.487143
vn -0.958116 -0.148061 -0.245136
vn -0.806979 0.330026 -0.489764
vn -0.957204 -0.147621 -0.248936
vn -0.822790 0.323272 -0.467453
vn -0.966624 -0.135458 -0.217462
vn -0.819212 0.322930 -0.473929
vn -0.965157 -0.135190 -0.224042
vn -0.819212 0.322930 -0.473929
vn -0.965157 -0.135190 -0.224042
vn -0.814980 0.323651 -0.480685
vn -0.963786 -0.133559 -0.230819
vn -0.814980 0.323651 -0.480685
vn -0.963786 -0.133559 -0.230819
vn -0.811949 0.319664 -0.488420
vn -0.961929 -0.136257 -0.236910
vn -0.816135 0.317009 -0.483146
vn -0.962268 -0.136985 -0.235108
vn -0.812198 0.315840 -0.490489
vn -0.961062 -0.136167 -0.240456
vn -0.812198 0.315840 -0.490489
vn -0.961062 -0.136167 -0.240456
vn -0.810832 0.313296 -0.494366
vn -0.960959 -0.136311 -0.240784
vn -0.810832 0.313296 -0.494366
vn -0.960959 -0.136311 -0.240784
vn -0.810832 0.313296 -0.494366
vn -0.960959 -0.136311 -0.240784
vn 0.984237 -0.111190 -0.137530
vn 0.950122 -0.231072 0.209459
vn -0.985530 0.138444 0.097799
vn -0.957277 0.212149 0.196504
vn 0.984548 -0.124469 -0.123179
vn 0.831915 0.048249 -0.552802
vn -0.984546 0.145089 0.098076
vn -0.951425 0.227484 0.207463
vn 0.984109 -0.122762 -0.128292
vn 0.786816 0.074948 -0.612620
vn -0.984784 0.143959 0.097344
vn -0.951023 0.229556 0.207027
vn 0.983870 -0.125842 -0.127136
vn 0.787693 0.072060 -0.611840
vn -0.984589 0.146505 0.095504
vn -0.950954 0.230531 0.206256
vn 0.984218 -0.129687 -0.120401
vn 0.939030 -0.050412 -0.340120
vn -0.984101 0.150931 0.093619
vn -0.957173 0.220837 0.187221
vn 0.983310 -0.133773 -0.123315
vn 0.835972 0.037960 -0.547458
vn -0.984187 0.150302 0.093727
vn 0.983492 -0.137655 -0.117449
vn 0.984035 -0.135300 -0.115625
vn 0.983504 -0.138755 -0.116045
vn 0.984698 -0.133555 -0.111952
vn 0.983546 -0.143119 -0.110243
vn 0.983546 -0.143119 -0.110243
vn 0.984560 -0.138722 -0.106760
vn 0.000000 1.000000 0.000000
vn -0.952094 0.283379 -0.114945
vn 0.000000 1.000000 0.000000
vn -0.953086 0.281491 -0.111311
vn 0.934609 -0.313538 0.167931
vn -0.888370 0.373914 -0.266434
vn 0.000000 1.000000 0.000000
vn -0.936987 0.307840 -0.165197
vn 0.987943 -0.072430 -0.136833
vn 0.988440 -0.117163 -0.096225
vn 0.989350 -0.070976 -0.127080
vn 0.989325 -0.117544 -0.086130
vn 0.989325 -0.117544 -0.086130
vn 0.989708 -0.110619 -0.090779
vn 0.980625 -0.193794 -0.028612
vn 0.989897 -0.120013 -0.075504
vn 0.992190 -0.101500 -0.072497
vn 0.985933 -0.167093 -0.003960
vn 0.981426 -0.190320 -0.024093
vn 0.990515 -0.117319 -0.071528
vn -0.990821 0.132776 0.025385
vn 0.982424 -0.185541 -0.020419
vn -0.991154 0.123523 0.048542
vn 0.982424 -0.185541 -0.020419
vn -0.991390 0.125177 0.038434
vn 0.982657 -0.184689 -0.016600
vn -0.991441 0.122667 0.044695
vn 0.982657 -0.184689 -0.016600
vn -0.991493 0.128261 0.022141
vn 0.982857 -0.184131 -0.009407
vn -0.991805 0.122132 0.037501
vn 0.982857 -0.184131 -0.009407
vn -0.991127 0.132270 0.013104
vn 0.982252 -0.187557 -0.001695
vn -0.991643 0.125110 0.031494
vn -0.897969 0.384411 -0.214194
vn 0.995489 -0.087663 -0.036291
vn 0.991839 -0.120322 -0.042168
vn -0.965737 0.200274 -0.165053
vn -0.873583 0.418206 -0.248909
vn 0.995445 -0.089446 -0.033003
vn 0.991760 -0.122149 -0.038610
vn -0.060824 -0.472853 0.879040
vn 0.241906 0.633232 -0.735186
vn -0.989177 -0.033141 0.142938
vn -0.099512 0.589433 -0.801665
vn 0.984915 -0.173031 -0.001827
vn 0.767561 0.277845 -0.577627
vn 0.239537 0.632510 -0.736582
vn -0.989188 -0.035434 0.142308
vn -0.416326 0.479507 -0.772493
vn 0.000000 1.000000 0.000000
vn 0.000000 1.000000 0.000000
vn 0.094221 0.945047 -0.313062
vn -0.036111 -0.948314 0.315271
vn 0.000000 1.000000 0.000000
vn -0.169240 -0.972938 0.157317
vn 0.000000 1.000000 0.000000
vn 0.000000 1.000000 0.000000
vn 0.227266 0.471184 0.852253
vn -0.359313 -0.454562 -0.815026
vn 0.000000 1.000000 0.000000
vn 0.000000 1.000000 0.000000
vn 0.135132 0.697355 -0.703872
vn -0.008699 0.720233 -0.693678
vn 0.000000 1.000000 0.000000
vn 0.000000 1.000000 0.000000
vn 0.000000 1.000000 0.000000
vn 0.000000 1.000000 0.000000
vn 0.000000 1.000000 0.000000
vn 0.000000 1.000000 0.000000
vn 0.000000 1.000000 0.000000
vn 0.000000 1.000000 0.000000
vn 0.000000 1.000000 0.000000
vn 0.000000 1.000000 0.000000
vn 0.000000 1.000000 0.000000
vn 0.000000 1.000000 0.000000
vn 0.000000 1.000000 0.000000
vn 0.000000 1.000000 0.000000

# Faces
f 1/1/1 2/2/1 3/3/1
f 4/4/2 5/5/2 6/6/2
f 7/7/3 8/8/3 9/9/3
f 10/10/4 11/11/4 12/12/4
f 13/13/5 14/14/5 15/15/5
f 16/16/6 17/17/6 18/18/6
f 19/19/7 20/20/7 21/21/7
f 22/22/8 23/23/8 24/24/8
f 25/25/9 26/26/9 27/27/9
f 28/28/10 29/29/10 30/30/10
f 31/31/11 32/32/11 33/33/11
f 34/34/12 35/35/12 36/36/12
f 37/37/13 38/38/13 39/39/13
f 40/40/14 41/41/14 42/42/14
f 43/43/15 44/44/15 45/45/15
f 46/46/16 47/47/16 48/48/16
f 49/49/17 50/50/17 51/51/17
f 52/52/18 53/53/18 54/54/18
f 55/55/19 56/56/19 57/57/19
f 58/58/20 59/59/20 60/60/20
f 61/61/21 62/62/21 63/63/21
f 64/64/22 65/65/22 66/66/22
f 67/67/23 68/68/23 69/69/23
f 70/70/24 71/71/24 72/72/24
f 73/73/25 74/74/25 75/75/25
f 76/76/26 77/77/26 78/78/26
f 79/79/27 80/80/27 81/81/27
f 82/82/28 83/83/28 84/84/28
f 85/85/29 86/86/29 87/87/29
f 88/88/30 89/89/30 90/90/30
f 91/91/31 92/92/31 93/93/31
f 94/94/32 95/95/32 96/96/32
f 97/97/33 98/98/33 99/99/33
f 100/100/34 101/101/34 102/102/34
f 103/103/35 104/104/35 105/105/35
f 106/106/36 107/107/36 108/108/36
f 109/109/37 110/110/37 111/111/37
f 112/112/38 113/113/38 114/114/38
f 115/115/39 116/116/39 117/117/39
f 118/118/40 119/119/40 120/120/40
f 121/121/41 122/122/41 123/123/41
f 124/124/42 125/125/42 126/126/42
f 127/127/43 128/128/43 129/129/43
f 130/130/44 131/131/44 132/132/44
f 133/133/45 134/134/45 135/135/45
f 136/136/46 137/137/46 138/138/46
f 139/139/47 140/140/47 141/141/47
f 142/142/48 143/143/48 144/144/48
f 145/145/49 146/146/49 147/147/49
f 148/148/50 149/149/50 150/150/50
f 151/151/51 152/152/51 153/153/51
f 154/154/52 155/155/52 156/156/52
f 157/157/53 158/158/53 159/159/53
f 160/160/54 161/161/54 162/162/54
f 163/163/55 164/164/55 165/165/55
f 166/166/56 167/167/56 168/168/56
f 169/169/57 170/170/57 171/171/57
f 172/172/58 173/173/58 174/174/58
f 175/175/59 176/176/59 177/177/59
f 178/178/60 179/179/60 180/180/60
f 181/181/61 182/182/61 183/183/61
f 184/184/62 185/185/62 186/186/62
f 187/187/63 188/188/63 189/189/63
f 190/190/64 191/191/64 192/192/64
f 193/193/65 194/194/65 195/195/65
f 196/196/66 197/197/66 198/198/66
f 199/199/67 200/200/67 201/201/67
f 202/202/68 203/203/68 204/204/68
f 205/205/69 206/206/69 207/207/69
f 208/208/70 209/209/70 210/210/70
f 211/211/71 212/212/71 213/213/71
f 214/214/72 215/215/72 216/216/72
f 217/217/73 218/218/73 219/219/73
f 220/220/74 221/221/74 222/222/74
f 223/223/75 224/224/75 225/225/75
f 226/226/76 227/227/76 228/228/76
f 229/229/77 230/230/77 231/231/77
f 232/232/78 233/233/78 234/234/78
f 235/235/79 236/236/79 237/237/79
f 238/238/80 239/239/80 240/240/80
f 241/241/81 242/242/81 243/243/81
f 244/244/82 245/245/82 246/246/82
f 247/247/83 248/248/83 249/249/83
f 250/250/84 251/251/84 252/252/84
f 253/253/85 254/254/85 255/255/85
f 256/256/86 257/257/86 258/258/86
f 259/259/87 260/260/87 261/261/87
f 262/262/88 263/263/88 264/264/88
f 265/265/89 266/266/89 267/267/89
f 268/268/90 269/269/90 270/270/90
f 271/271/91 272/272/91 273/273/91
f 274/274/92 275/275/92 276/276/92
f 277/277/93 278/278/93 279/279/93
f 280/280/94 281/281/94 282/282/94
f 283/283/95 284/284/95 285/285/95
f 286/286/96 287/287/96 288/288/96
f 289/289/97 290/290/97 291/291/97
f 292/292/98 293/293/98 294/294/98
f 295/295/99 296/296/99 297/297/99
f 298/298/100 299/299/100 300/300/100
f 301/301/101 302/302/101 303/303/101
f 304/304/102 305/305/102 306/306/102
f 307/307/103 308/308/103 309/309/103
f 310/310/104 311/311/104 312/312/104
f 313/313/105 314/314/105 315/315/105
f 316/316/106 317/317/106 318/318/106
f 319/319/107 320/320/107 321/321/107
f 322/322/108 323/323/108 324/324/108
f 325/325/109 326/326/109 327/327/109
f 328/328/110 329/329/110 330/330/110
f 331/331/111 332/332/111 333/333/111
f 334/334/112 335/335/112 336/336/112
f 337/337/113 338/338/113 339/339/113
f 340/340/114 341/341/114 342/342/114
f 343/343/115 344/344/115 345/345/115
f 346/346/116 347/347/116 348/348/116
f 349/349/117 350/350/117 351/351/117
f 352/352/118 353/353/118 354/354/118
f 355/355/119 356/356/119 357/357/119
f 358/358/120 359/359/120 360/360/120
f 361/361/121 362/362/121 363/363/121
f 364/364/122 365/365/122 366/366/122
f 367/367/123 368/368/123 369/369/123
f 370/370/124 371/371/124 372/372/124
f 373/373/125 374/374/125 375/375/125
f 376/376/126 377/377/126 378/378/126
f 379/379/127 380/380/127 381/381/127
f 382/382/128 383/383/128 384/384/128
f 385/385/129 386/386/129 387/387/129
f 388/388/130 389/389/130 390/390/130
f 391/391/131 392/392/131 393/393/131
f 394/394/132 395/395/132 396/396/132
f 397/397/133 398/398/133 399/399/133
f 400/400/134 401/401/134 402/402/134
f 403/403/135 404/404/135 405/405/135
f 406/406/136 407/407/136 408/408/136
f 409/409/137 410/410/137 411/411/137
f 412/412/138 413/413/138 414/414/138
f 415/415/139 416/416/139 417/417/139
f 418/418/140 419/419/140 420/420/140
f 421/421/141 422/422/141 423/423/141
f 424/424/142 425/425/142 426/426/142
f 427/427/143 428/428/143 429/429/143
f 430/430/144 431/431/144 432/432/144
f 433/433/145 434/434/145 435/435/145
f 436/436/146 437/437/146 438/438/146
f 439/439/147 440/440/147 441/441/147
f 442/442/148 443/443/148 444/444/148
f 445/445/149 446/446/149 447/447/149
f 448/448/150 449/449/150 450/450/150
f 451/451/151 452/452/151 453/453/151
f 454/454/152 455/455/152 456/456/152
f 457/457/153 458/458/153 459/459/153
f 460/460/154 461/461/154 462/462/154
f 463/463/155 464/464/155 465/465/155
f 466/466/156 467/467/156 468/468/156
f 469/469/157 470/470/157 471/471/157
f 472/472/158 473/473/158 474/474/158
f 475/475/159 476/476/159 477/477/159
f 478/478/160 479/479/160 480/480/160
f 481/481/161 482/482/161 483/483/161
f 484/484/162 485/485/162 486/486/162
f 487/487/163 488/488/163 489/489/163
f 490/490/164 491/491/164 492/492/164
f 493/493/165 494/494/165 495/495/165
f 496/496/166 497/497/166 498/498/166
f 499/499/167 500/500/167 501/501/167
f 502/502/168 503/503/168 504/504/168
f 505/505/169 506/506/169 507/507/169
f 508/508/170 509/509/170 510/510/170
f 511/511/171 512/512/171 513/513/171
f 514/514/172 515/515/172 516/516/172
f 517/517/173 518/518/173 519/519/173
f 520/520/174 521/521/174 522/522/174
f 523/523/175 524/524/175 525/525/175
f 526/526/176 527/527/176 528/528/176
f 529/529/177 530/530/177 531/531/177
f 532/532/178 533/533/178 534/534/178
f 535/535/179 536/536/179 537/537/179
f 538/538/180 539/539/180 540/540/180
f 541/541/181 542/542/181 543/543/181
f 544/544/182 545/545/182 546/546/182
f 547/547/183 548/548/183 549/549/183
f 550/550/184 551/551/184 552/552/184
f 553/553/185 554/554/185 555/555/185
f 556/556/186 557/557/186 558/558/186
f 559/559/187 560/560/187 561/561/187
f 562/562/188 563/563/188 564/564/188
f 565/565/189 566/566/189 567/567/189
f 568/568/190 569/569/190 570/570/190
f 571/571/191 572/572/191 573/573/191
f 574/574/192 575/575/192 576/576/192
f 577/577/193 578/578/193 579/579/193
f 580/580/194 581/581/194 582/582/194
f 583/583/195 584/584/195 585/585/195
f 586/586/196 587/587/196 588/588/196
f 589/589/197 590/590/197 591/591/197
f 592/592/198 593/593/198 594/594/198
f 595/595/199 596/596/199 597/597/199
f 598/598/200 599/599/200 600/600/200
f 601/601/201 602/602/201 603/603/201
f 604/604/202 605/605/202 606/606/202
f 607/607/203 608/608/203 609/609/203
f 610/610/204 611/611/204 612/612/204
f 613/613/205 614/614/205 615/615/205
f 616/616/206 617/617/206 618/618/206
f 619/619/207 620/620/207 621/621/207
f 622/622/208 623/623/208 624/624/208
f 625/625/209 626/626/209 627/627/209
f 628/628/210 629/629/210 630/630/210
f 631/631/211 632/632/211 633/633/211
f 634/634/212 635/635/212 636/636/212
f 637/637/213 638/638/213 639/639/213
f 640/640/214 641/641/214 642/642/214
f 643/643/215 644/644/215 645/645/215
f 646/646/216 647/647/216 648/648/216
f 649/649/217 650/650/217 651/651/217
f 652/652/218 653/653/218 654/654/218
f 655/655/219 656/656/219 657/657/219
f 658/658/220 659/659/220 660/660/220
f 661/661/221 662/662/221 663/663/221
f 664/664/222 665/665/222 666/666/222
f 667/667/223 668/668/223 669/669/223
f 670/670/224 671/671/224 672/672/224
f 673/673/225 674/674/225 675/675/225
f 676/676/226 677/677/226 678/678/226
f 679/679/227 680/680/227 681/681/227
f 682/682/228 683/683/228 684/684/228
f 685/685/229 686/686/229 687/687/229
f 688/688/230 689/689/230 690/690/230
f 691/691/231 692/692/231 693/693/231
f 694/694/232 695/695/232 696/696/232
f 697/697/233 698/698/233 699/699/233
f 700/700/234 701/701/234 702/702/234
f 703/703/235 704/704/235 705/705/235
f 706/706/236 707/707/236 708/708/236
f 709/709/237 710/710/237 711/711/237
f 712/712/238 713/713/238 714/714/238
f 715/715/239 716/716/239 717/717/239
f 718/718/240 719/719/240 720/720/240
f 721/721/241 722/722/241 723/723/241
f 724/724/242 725/725/242 726/726/242
f 727/727/243 728/728/243 729/729/243
f 730/730/244 731/731/244 732/732/244
f 733/733/245 734/734/245 735/735/245
f 736/736/246 737/737/246 738/738/246
f 739/739/247 740/740/247 741/741/247
f 742/742/248 743/743/248 744/744/248
f 745/745/249 746/746/249 747/747/249
f 748/748/250 749/749/250 750/750/250
f 751/751/251 752/752/251 753/753/251
f 754/754/252 755/755/252 756/756/252
f 757/757/253 758/758/253 759/759/253
f 760/760/254 761/761/254 762/762/254
f 763/763/255 764/764/255 765/765/255
f 766/766/256 767/767/256 768/768/256
f 769/769/257 770/770/257 771/771/257
f 772/772/258 773/773/258 774/774/258
f 775/775/259 776/776/259 777/777/259
f 778/778/260 779/779/260 780/780/260
f 781/781/261 782/782/261 783/783/261
f 784/784/262 785/785/262 786/786/262
f 787/787/263 788/788/263 789/789/263
f 790/790/264 791/791/264 792/792/264
f 793/793/265 794/794/265 795/795/265
f 796/796/266 797/797/266 798/798/266
f 799/799/267 800/800/267 801/801/267
f 802/802/268 803/803/268 804/804/268
f 805/805/269 806/806/269 807/807/269
f 808/808/270 809/809/270 810/810/270
f 811/811/271 812/812/271 813/813/271
f 814/814/272 815/815/272 816/816/272
f 817/817/273 818/818/273 819/819/273
f 820/820/274 821/821/274 822/822/274
f 823/823/275 824/824/275 825/825/275
f 826/826/276 827/827/276 828/828/276
f 829/829/277 830/830/277 831/831/277
f 832/832/278 833/833/278 834/834/278
f 835/835/279 836/836/279 837/837/279
f 838/838/280 839/839/280 840/840/280
f 841/841/281 842/842/281 843/843/281
f 844/844/282 845/845/282 846/846/282
f 847/847/283 848/848/283 849/849/283
f 850/850/284 851/851/284 852/852/284
f 853/853/285 854/854/285 855/855/285
f 856/856/286 857/857/286 858/858/286
f 859/859/287 860/860/287 861/861/287
f 862/862/288 863/863/288 864/864/288
f 865/865/289 866/866/289 867/867/289
f 868/868/290 869/869/290 870/870/290
f 871/871/291 872/872/291 873/873/291
f 874/874/292 875/875/292 876/876/292
f 877/877/293 878/878/293 879/879/293
f 880/880/294 881/881/294 882/882/294
f 883/883/295 884/884/295 885/885/295
f 886/886/296 887/887/296 888/888/296
f 889/889/297 890/890/297 891/891/297
f 892/892/298 893/893/298 894/894/298
f 895/895/299 896/896/299 897/897/299
f 898/898/300 899/899/300 900/900/300
f 901/901/301 902/902/301 903/903/301
f 904/904/302 905/905/302 906/906/302
f 907/907/303 908/908/303 909/909/303
f 910/910/304 911/911/304 912/912/304
f 913/913/305 914/914/305 915/915/305
f 916/916/306 917/917/306 918/918/306
f 919/919/307 920/920/307 921/921/307
f 922/922/308 923/923/308 924/924/308
f 925/925/309 926/926/309 927/927/309
f 928/928/310 929/929/310 930/930/310
f 931/931/311 932/932/311 933/933/311
f 934/934/312 935/935/312 936/936/312
f 937/937/313 938/938/313 939/939/313
f 940/940/314 941/941/314 942/942/314
f 943/943/315 944/944/315 945/945/315
f 946/946/316 947/947/316 948/948/316
f 949/949/317 950/950/317 951/951/317
f 952/952/318 953/953/318 954/954/318
f 955/955/319 956/956/319 957/957/319
f 958/958/320 959/959/320 960/960/320
f 961/961/321 962/962/321 963/963/321
f 964/964/322 965/965/322 966/966/322
f 967/967/323 968/968/323 969/969/323
f 970/970/324 971/971/324 972/972/324
f 973/973/325 974/974/325 975/975/325
f 976/976/326 977/977/326 978/978/326
f 979/979/327 980/980/327 981/981/327
f 982/982/328 983/983/328 984/984/328
f 985/985/329 986/986/329 987/987/329
f 988/988/330 989/989/330 990/990/330
f 991/991/331 992/992/331 993/993/331
f 994/994/332 995/995/332 996/996/332
f 997/997/333 998/998/333 999/999/333
f 1000/1000/334 1001/1001/334 1002/1002/334
f 1003/1003/335 1004/1004/335 1005/1005/335
f 1006/1006/336 1007/1007/336 1008/1008/336
f 1009/1009/337 1010/1010/337 1011/1011/337
f 1012/1012/338 1013/1013/338 1014/1014/338
f 1015/1015/339 1016/1016/339 1017/1017/339
f 1018/1018/340 1019/1019/340 1020/1020/340
f 1021/1021/341 1022/1022/341 1023/1023/341
f 1024/1024/342 1025/1025/342 1026/1026/342
f 1027/1027/343 1028/1028/343 1029/1029/343
f 1030/1030/344 1031/1031/344 1032/1032/344
f 1033/1033/345 1034/1034/345 1035/1035/345
f 1036/1036/346 1037/1037/346 1038/1038/346
f 1039/1039/347 1040/1040/347 1041/1041/347
f 1042/1042/348 1043/1043/348 1044/1044/348
f 1045/1045/349 1046/1046/349 1047/1047/349
f 1048/1048/350 1049/1049/350 1050/1050/350
f 1051/1051/351 1052/1052/351 1053/1053/351
f 1054/1054/352 1055/1055/352 1056/1056/352
f 1057/1057/353 1058/1058/353 1059/1059/353
f 1060/1060/354 1061/1061/354 1062/1062/354
f 1063/1063/355 1064/1064/355 1065/1065/355
f 1066/1066/356 1067/1067/356 1068/1068/356
f 1069/1069/357 1070/1070/357 1071/1071/357
f 1072/1072/358 1073/1073/358 1074/1074/358
f 1075/1075/359 1076/1076/359 1077/1077/359
f 1078/1078/360 1079/1079/360 1080/1080/360
f 1081/1081/361 1082/1082/361 1083/1083/361
f 1084/1084/362 1085/1085/362 1086/1086/362
f 1087/1087/363 1088/1088/363 1089/1089/363
f 1090/1090/364 1091/1091/364 1092/1092/364
f 1093/1093/365 1094/1094/365 1095/1095/365
f 1096/1096/366 1097/1097/366 1098/1098/366
f 1099/1099/367 1100/1100/367 1101/1101/367
f 1102/1102/368 1103/1103/368 1104/1104/368
f 1105/1105/369 1106/1106/369 1107/1107/369
f 1108/1108/370 1109/1109/370 1110/1110/370
f 1111/1111/371 1112/1112/371 1113/1113/371
f 1114/1114/372 1115/1115/372 1116/1116/372
f 1117/1117/373 1118/1118/373 1119/1119/373
f 1120/1120/374 1121/1121/374 1122/1122/374
f 1123/1123/375 1124/1124/375 1125/1125/375
f 1126/1126/376 1127/1127/376 1128/1128/376
f 1129/1129/377 1130/1130/377 1131/1131/377
f 1132/1132/378 1133/1133/378 1134/1134/378
f 1135/1135/379 1136/1136/379 1137/1137/379
f 1138/1138/380 1139/1139/380 1140/1140/380
f 1141/1141/381 1142/1142/381 1143/1143/381
f 1144/1144/382 1145/1145/382 1146/1146/382
f 1147/1147/383 1148/1148/383 1149/1149/383
f 1150/1150/384 1151/1151/384 1152/1152/384
f 1153/1153/385 1154/1154/385 1155/1155/385
f 1156/1156/386 1157/1157/386 1158/1158/386
f 1159/1159/387 1160/1160/387 1161/1161/387
f 1162/1162/388 1163/1163/388 1164/1164/388
f 1165/1165/389 1166/1166/389 1167/1167/389
f 1168/1168/390 1169/1169/390 1170/1170/390
f 1171/1171/391 1172/1172/391 1173/1173/391
f 1174/1174/392 1175/1175/392 1176/1176/392
f 1177/1177/393 1178/1178/393 1179/1179/393
f 1180/1180/394 1181/1181/394 1182/1182/394
f 1183/1183/395 1184/1184/395 1185/1185/395
f 1186/1186/396 1187/1187/396 1188/1188/396
f 1189/1189/397 1190/1190/397 1191/1191/397
f 1192/1192/398 1193/1193/398 1194/1194/398
f 1195/1195/399 1196/1196/399 1197/1197/399
f 1198/1198/400 1199/1199/400 1200/1200/400
f 1201/1201/401 1202/1202/401 1203/1203/401
f 1204/1204/402 1205/1205/402 1206/1206/402
f 1207/1207/403 1208/1208/403 1209/1209/403
f 1210/1210/404 1211/1211/404 1212/1212/404
f 1213/1213/405 1214/1214/405 1215/1215/405
f 1216/1216/406 1217/1217/406 1218/1218/406
f 1219/1219/407 1220/1220/407 1221/1221/407
f 1222/1222/408 1223/1223/408 1224/1224/408
f 1225/1225/409 1226/1226/409 1227/1227/409
f 1228/1228/410 1229/1229/410 1230/1230/410
f 1231/1231/411 1232/1232/411 1233/1233/411
f 1234/1234/412 1235/1235/412 1236/1236/412
f 1237/1237/413 1238/1238/413 1239/1239/413
f 1240/1240/414 1241/1241/414 1242/1242/414
f 1243/1243/415 1244/1244/415 1245/1245/415
f 1246/1246/416 1247/1247/416 1248/1248/416
f 1249/1249/417 1250/1250/417 1251/1251/417
f 1252/1252/418 1253/1253/418 1254/1254/418
f 1255/1255/419 1256/1256/419 1257/1257/419
f 1258/1258/420 1259/1259/420 1260/1260/420
f 1261/1261/421 1262/1262/421 1263/1263/421
f 1264/1264/422 1265/1265/422 1266/1266/422
f 1267/1267/423 1268/1268/423 1269/1269/423
f 1270/1270/424 1271/1271/424 1272/1272/424
f 1273/1273/425 1274/1274/425 1275/1275/425
f 1276/1276/426 1277/1277/426 1278/1278/426
f 1279/1279/427 1280/1280/427 1281/1281/427
f 1282/1282/428 1283/1283/428 1284/1284/428
f 1285/1285/429 1286/1286/429 1287/1287/429
f 1288/1288/430 1289/1289/430 1290/1290/430
f 1291/1291/431 1292/1292/431 1293/1293/431
f 1294/1294/432 1295/1295/432 1296/1296/432
f 1297/1297/433 1298/1298/433 1299/1299/433
f 1300/1300/434 1301/1301/434 1302/1302/434
f 1303/1303/435 1304/1304/435 1305/1305/435
f 1306/1306/436 1307/1307/436 1308/1308/436
f 1309/1309/437 1310/1310/437 1311/1311/437
f 1312/1312/438 1313/1313/438 1314/1314/438
f 1315/1315/439 1316/1316/439 1317/1317/439
f 1318/1318/440 1319/1319/440 1320/1320/440
f 1321/1321/441 1322/1322/441 1323/1323/441
f 1324/1324/442 1325/1325/442 1326/1326/442
f 1327/1327/443 1328/1328/443 1329/1329/443
f 1330/1330/444 1331/1331/444 1332/1332/444
f 1333/1333/445 1334/1334/445 1335/1335/445
f 1336/1336/446 1337/1337/446 1338/1338/446
f 1339/1339/447 1340/1340/447 1341/1341/447
f 1342/1342/448 1343/1343/448 1344/1344/448
f 1345/1345/449 1346/1346/449 1347/1347/449
f 1348/1348/450 1349/1349/450 1350/1350/450
f 1351/1351/451 1352/1352/451 1353/1353/451
f 1354/1354/452 1355/1355/452 1356/1356/452
f 1357/1357/453 1358/1358/453 1359/1359/453
f 1360/1360/454 1361/1361/454 1362/1362/454
f 1363/1363/455 1364/1364/455 1365/1365/455
f 1366/1366/456 1367/1367/456 1368/1368/456
f 1369/1369/457 1370/1370/457 1371/1371/457
f 1372/1372/458 1373/1373/458 1374/1374/458
f 1375/1375/459 1376/1376/459 1377/1377/459
f 1378/1378/460 1379/1379/460 1380/1380/460
f 1381/1381/461 1382/1382/461 1383/1383/461
f 1384/1384/462 1385/1385/462 1386/1386/462
f 1387/1387/463 1388/1388/463 1389/1389/463
f 1390/1390/464 1391/1391/464 1392/1392/464
f 1393/1393/465 1394/1394/465 1395/1395/465
f 1396/1396/466 1397/1397/466 1398/1398/466
f 1399/1399/467 1400/1400/467 1401/1401/467
f 1402/1402/468 1403/1403/468 1404/1404/468
f 1405/1405/469 1406/1406/469 1407/1407/469
f 1408/1408/470 1409/1409/470 1410/1410/470
f 1411/1411/471 1412/1412/471 1413/1413/471
f 1414/1414/472 1415/1415/472 1416/1416/472
f 1417/1417/473 1418/1418/473 1419/1419/473
f 1420/1420/474 1421/1421/474 1422/1422/474
f 1423/1423/475 1424/1424/475 1425/1425/475
f 1426/1426/476 1427/1427/476 1428/1428/476
f 1429/1429/477 1430/1430/477 1431/1431/477
f 1432/1432/478 1433/1433/478 1434/1434/478
f 1435/1435/479 1436/1436/479 1437/1437/479
f 1438/1438/480 1439/1439/480 1440/1440/480
f 1441/1441/481 1442/1442/481 1443/1443/481
f 1444/1444/482 1445/1445/482 1446/1446/482
f 1447/1447/483 1448/1448/483 1449/1449/483
f 1450/1450/484 1451/1451/484 1452/1452/484
f 1453/1453/485 1454/1454/485 1455/1455/485
f 1456/1456/486 1457/1457/486 1458/1458/486
f 1459/1459/487 1460/1460/487 1461/1461/487
f 1462/1462/488 1463/1463/488 1464/1464/488
f 1465/1465/489 1466/1466/489 1467/1467/489
f 1468/1468/490 1469/1469/490 1470/1470/490
f 1471/1471/491 1472/1472/491 1473/1473/491
f 1474/1474/492 1475/1475/492 1476/1476/492
f 1477/1477/493 1478/1478/493 1479/1479/493
f 1480/1480/494 1481/1481/494 1482/1482/494
f 1483/1483/495 1484/1484/495 1485/1485/495
f 1486/1486/496 1487/1487/496 1488/1488/496
f 1489/1489/497 1490/1490/497 1491/1491/497
f 1492/1492/498 1493/1493/498 1494/1494/498
f 1495/1495/499 1496/1496/499 1497/1497/499
f 1498/1498/500 1499/1499/500 1500/1500/500
f 1501/1501/501 1502/1502/501 1503/1503/501
f 1504/1504/502 1505/1505/502 1506/1506/502
f 1507/1507/503 1508/1508/503 1509/1509/503
f 1510/1510/504 1511/1511/504 1512/1512/504
f 1513/1513/505 1514/1514/505 1515/1515/505
f 1516/1516/506 1517/1517/506 1518/1518/506
f 1519/1519/507 1520/1520/507 1521/1521/507
f 1522/1522/508 1523/1523/508 1524/1524/508
f 1525/1525/509 1526/1526/509 1527/1527/509
f 1528/1528/510 1529/1529/510 1530/1530/510
f 1531/1531/511 1532/1532/511 1533/1533/511
f 1534/1534/512 1535/1535/512 1536/1536/512
f 1537/1537/513 1538/1538/513 1539/1539/513
f 1540/1540/514 1541/1541/514 1542/1542/514
f 1543/1543/515 1544/1544/515 1545/1545/515
f 1546/1546/516 1547/1547/516 1548/1548/516
f 1549/1549/517 1550/1550/517 1551/1551/517
f 1552/1552/518 1553/1553/518 1554/1554/518
f 1555/1555/519 1556/1556/519 1557/1557/519
f 1558/1558/520 1559/1559/520 1560/1560/520
f 1561/1561/521 1562/1562/521 1563/1563/521
f 1564/1564/522 1565/1565/522 1566/1566/522
f 1567/1567/523 1568/1568/523 1569/1569/523
f 1570/1570/524 1571/1571/524 1572/1572/524
f 1573/1573/525 1574/1574/525 1575/1575/525
f 1576/1576/526 1577/1577/526 1578/1578/526
f 1579/1579/527 1580/1580/527 1581/1581/527
f 1582/1582/528 1583/1583/528 1584/1584/528
f 1585/1585/529 1586/1586/529 1587/1587/529
f 1588/1588/530 1589/1589/530 1590/1590/530
f 1591/1591/531 1592/1592/531 1593/1593/531
f 1594/1594/532 1595/1595/532 1596/1596/532
f 1597/1597/533 1598/1598/533 1599/1599/533
f 1600/1600/534 1601/1601/534 1602/1602/534
f 1603/1603/535 1604/1604/535 1605/1605/535
f 1606/1606/536 1607/1607/536 1608/1608/536
f 1609/1609/537 1610/1610/537 1611/1611/537
f 1612/1612/538 1613/1613/538 1614/1614/538
f 1615/1615/539 1616/1616/539 1617/1617/539
f 1618/1618/540 1619/1619/540 1620/1620/540
f 1621/1621/541 1622/1622/541 1623/1623/541
f 1624/1624/542 1625/1625/542 1626/1626/542
f 1627/1627/543 1628/1628/543 1629/1629/543
f 1630/1630/544 1631/1631/544 1632/1632/544
f 1633/1633/545 1634/1634/545 1635/1635/545
f 1636/1636/546 1637/1637/546 1638/1638/546
f 1639/1639/547 1640/1640/547 1641/1641/547
f 1642/1642/548 1643/1643/548 1644/1644/548
f 1645/1645/549 1646/1646/549 1647/1647/549
f 1648/1648/550 1649/1649/550 1650/1650/550
f 1651/1651/551 1652/1652/551 1653/1653/551
f 1654/1654/552 1655/1655/552 1656/1656/552
f 1657/1657/553 1658/1658/553 1659/1659/553
f 1660/1660/554 1661/1661/554 1662/1662/554
f 1663/1663/555 1664/1664/555 1665/1665/555
f 1666/1666/556 1667/1667/556 1668/1668/556
f 1669/1669/557 1670/1670/557 1671/1671/557
f 1672/1672/558 1673/1673/558 1674/1674/558
f 1675/1675/559 1676/1676/559 1677/1677/559
f 1678/1678/560 1679/1679/560 1680/1680/560
f 1681/1681/561 1682/1682/561 1683/1683/561
f 1684/1684/562 1685/1685/562 1686/1686/562
f 1687/1687/563 1688/1688/563 1689/1689/563
f 1690/1690/564 1691/1691/564 1692/1692/564
f 1693/1693/565 1694/1694/565 1695/1695/565
f 1696/1696/566 1697/1697/566 1698/1698/566
f 1699/1699/567 1700/1700/567 1701/1701/567
f 1702/1702/568 1703/1703/568 1704/1704/568
f 1705/1705/569 1706/1706/569 1707/1707/569
f 1708/1708/570 1709/1709/570 1710/1710/570
f 1711/1711/571 1712/1712/571 1713/1713/571
f 1714/1714/572 1715/1715/572 1716/1716/572
f 1717/1717/573 1718/1718/573 1719/1719/573
f 1720/1720/574 1721/1721/574 1722/1722/574
f 1723/1723/575 1724/1724/575 1725/1725/575
f 1726/1726/576 1727/1727/576 1728/1728/576
f 1729/1729/577 1730/1730/577 1731/1731/577
f 1732/1732/578 1733/1733/578 1734/1734/578
f 1735/1735/579 1736/1736/579 1737/1737/579
f 1738/1738/580 1739/1739/580 1740/1740/580
f 1741/1741/581 1742/1742/581 1743/1743/581
f 1744/1744/582 1745/1745/582 1746/1746/582
f 1747/1747/583 1748/1748/583 1749/1749/583
f 1750/1750/584 1751/1751/584 1752/1752/584
f 1753/1753/585 1754/1754/585 1755/1755/585
f 1756/1756/586 1757/1757/586 1758/1758/586
f 1759/1759/587 1760/1760/587 1761/1761/587
f 1762/1762/588 1763/1763/588 1764/1764/588
f 1765/1765/589 1766/1766/589 1767/1767/589
f 1768/1768/590 1769/1769/590 1770/1770/590
f 1771/1771/591 1772/1772/591 1773/1773/591
f 1774/1774/592 1775/1775/592 1776/1776/592
f 1777/1777/593 1778/1778/593 1779/1779/593
f 1780/1780/594 1781/1781/594 1782/1782/594
f 1783/1783/595 1784/1784/595 1785/1785/595
f 1786/1786/596 1787/1787/596 1788/1788/596
f 1789/1789/597 1790/1790/597 1791/1791/597
f 1792/1792/598 1793/1793/598 1794/1794/598
f 1795/1795/599 1796/1796/599 1797/1797/599
f 1798/1798/600 1799/1799/600 1800/1800/600
f 1801/1801/601 1802/1802/601 1803/1803/601
f 1804/1804/602 1805/1805/602 1806/1806/602
f 1807/1807/603 1808/1808/603 1809/1809/603
f 1810/1810/604 1811/1811/604 1812/1812/604
f 1813/1813/605 1814/1814/605 1815/1815/605
f 1816/1816/606 1817/1817/606 1818/1818/606
f 1819/1819/607 1820/1820/607 1821/1821/607
f 1822/1822/608 1823/1823/608 1824/1824/608
f 1825/1825/609 1826/1826/609 1827/1827/609
f 1828/1828/610 1829/1829/610 1830/1830/610
f 1831/1831/611 1832/1832/611 1833/1833/611
f 1834/1834/612 1835/1835/612 1836/1836/612
f 1837/1837/613 1838/1838/613 1839/1839/613
f 1840/1840/614 1841/1841/614 1842/1842/614
f 1843/1843/615 1844/1844/615 1845/1845/615
f 1846/1846/616 1847/1847/616 1848/1848/616
f 1849/1849/617 1850/1850/617 1851/1851/617
f 1852/1852/618 1853/1853/618 1854/1854/618
f 1855/1855/619 1856/1856/619 1857/1857/619
f 1858/1858/620 1859/1859/620 1860/1860/620
f 1861/1861/621 1862/1862/621 1863/1863/621
f 1864/1864/622 1865/1865/622 1866/1866/622
f 1867/1867/623 1868/1868/623 1869/1869/623
f 1870/1870/624 1871/1871/624 1872/1872/624
f 1873/1873/625 1874/1874/625 1875/1875/625
f 1876/1876/626 1877/1877/626 1878/1878/626
f 1879/1879/627 1880/1880/627 1881/1881/627
f 1882/1882/628 1883/1883/628 1884/1884/628
f 1885/1885/629 1886/1886/629 1887/1887/629
f 1888/1888/630 1889/1889/630 1890/1890/630
f 1891/1891/631 1892/1892/631 1893/1893/631
f 1894/1894/632 1895/1895/632 1896/1896/632
f 1897/1897/633 1898/1898/633 1899/1899/633
f 1900/1900/634 1901/1901/634 1902/1902/634
f 1903/1903/635 1904/1904/635 1905/1905/635
f 1906/1906/636 1907/1907/636 1908/1908/636
f 1909/1909/637 1910/1910/637 1911/1911/637
f 1912/1912/638 1913/1913/638 1914/1914/638
f 1915/1915/639 1916/1916/639 1917/1917/639
f 1918/1918/640 1919/1919/640 1920/1920/640
f 1921/1921/641 1922/1922/641 1923/1923/641
f 1924/1924/642 1925/1925/642 1926/1926/642
f 1927/1927/643 1928/1928/643 1929/1929/643
f 1930/1930/644 1931/1931/644 1932/1932/644
f 1933/1933/645 1934/1934/645 1935/1935/645
f 1936/1936/646 1937/1937/646 1938/1938/646
f 1939/1939/647 1940/1940/647 1941/1941/647
f 1942/1942/648 1943/1943/648 1944/1944/648
f 1945/1945/649 1946/1946/649 1947/1947/649
f 1948/1948/650 1949/1949/650 1950/1950/650
f 1951/1951/651 1952/1952/651 1953/1953/651
f 1954/1954/652 1955/1955/652 1956/1956/652
f 1957/1957/653 1958/1958/653 1959/1959/653
f 1960/1960/654 1961/1961/654 1962/1962/654
f 1963/1963/655 1964/1964/655 1965/1965/655
f 1966/1966/656 1967/1967/656 1968/1968/656
f 1969/1969/657 1970/1970/657 1971/1971/657
f 1972/1972/658 1973/1973/658 1974/1974/658
f 1975/1975/659 1976/1976/659 1977/1977/659
f 1978/1978/660 1979/1979/660 1980/1980/660
f 1981/1981/661 1982/1982/661 1983/1983/661
f 1984/1984/662 1985/1985/662 1986/1986/662
f 1987/1987/663 1988/1988/663 1989/1989/663
f 1990/1990/664 1991/1991/664 1992/1992/664
f 1993/1993/665 1994/1994/665 1995/1995/665
f 1996/1996/666 1997/1997/666 1998/1998/666
f 1999/1999/667 2000/2000/667 2001/2001/667
f 2002/2002/668 2003/2003/668 2004/2004/668
f 2005/2005/669 2006/2006/669 2007/2007/669
f 2008/2008/670 2009/2009/670 2010/2010/670
f 2011/2011/671 2012/2012/671 2013/2013/671
f 2014/2014/672 2015/2015/672 2016/2016/672
f 2017/2017/673 2018/2018/673 2019/2019/673
f 2020/2020/674 2021/2021/674 2022/2022/674
f 2023/2023/675 2024/2024/675 2025/2025/675
f 2026/2026/676 2027/2027/676 2028/2028/676
f 2029/2029/677 2030/2030/677 2031/2031/677
f 2032/2032/678 2033/2033/678 2034/2034/678
f 2035/2035/679 2036/2036/679 2037/2037/679
f 2038/2038/680 2039/2039/680 2040/2040/680
f 2041/2041/681 2042/2042/681 2043/2043/681
f 2044/2044/682 2045/2045/682 2046/2046/682
f 2047/2047/683 2048/2048/683 2049/2049/683
f 2050/2050/684 2051/2051/684 2052/2052/684
f 2053/2053/685 2054/2054/685 2055/2055/685
f 2056/2056/686 2057/2057/686 2058/2058/686
f 2059/2059/687 2060/2060/687 2061/2061/687
f 2062/2062/688 2063/2063/688 2064/2064/688
f 2065/2065/689 2066/2066/689 2067/2067/689
f 2068/2068/690 2069/2069/690 2070/2070/690
f 2071/2071/691 2072/2072/691 2073/2073/691
f 2074/2074/692 2075/2075/692 2076/2076/692
f 2077/2077/693 2078/2078/693 2079/2079/693
f 2080/2080/694 2081/2081/694 2082/2082/694
f 2083/2083/695 2084/2084/695 2085/2085/695
f 2086/2086/696 2087/2087/696 2088/2088/696
f 2089/2089/697 2090/2090/697 2091/2091/697
f 2092/2092/698 2093/2093/698 2094/2094/698
f 2095/2095/699 2096/2096/699 2097/2097/699
f 2098/2098/700 2099/2099/700 2100/2100/700
f 2101/2101/701 2102/2102/701 2103/2103/701
f 2104/2104/702 2105/2105/702 2106/2106/702
f 2107/2107/703 2108/2108/703 2109/2109/703
f 2110/2110/704 2111/2111/704 2112/2112/704
f 2113/2113/705 2114/2114/705 2115/2115/705
f 2116/2116/706 2117/2117/706 2118/2118/706
f 2119/2119/707 2120/2120/707 2121/2121/707
f 2122/2122/708 2123/2123/708 2124/2124/708
f 2125/2125/709 2126/2126/709 2127/2127/709
f 2128/2128/710 2129/2129/710 2130/2130/710
f 2131/2131/711 2132/2132/711 2133/2133/711
f 2134/2134/712 2135/2135/712 2136/2136/712
f 2137/2137/713 2138/2138/713 2139/2139/713
f 2140/2140/714 2141/2141/714 2142/2142/714
f 2143/2143/715 2144/2144/715 2145/2145/715
f 2146/2146/716 2147/2147/716 2148/2148/716
f 2149/2149/717 2150/2150/717 2151/2151/717
f 2152/2152/718 2153/2153/718 2154/2154/718
f 2155/2155/719 2156/2156/719 2157/2157/719
f 2158/2158/720 2159/2159/720 2160/2160/720
f 2161/2161/721 2162/2162/721 2163/2163/721
f 2164/2164/722 2165/2165/722 2166/2166/722
f 2167/2167/723 2168/2168/723 2169/2169/723
f 2170/2170/724 2171/2171/724 2172/2172/724
f 2173/2173/725 2174/2174/725 2175/2175/725
f 2176/2176/726 2177/2177/726 2178/2178/726
f 2179/2179/727 2180/2180/727 2181/2181/727
f 2182/2182/728 2183/2183/728 2184/2184/728
f 2185/2185/729 2186/2186/729 2187/2187/729
f 2188/2188/730 2189/2189/730 2190/2190/730
f 2191/2191/731 2192/2192/731 2193/2193/731
f 2194/2194/732 2195/2195/732 2196/2196/732
f 2197/2197/733 2198/2198/733 2199/2199/733
f 2200/2200/734 2201/2201/734 2202/2202/734
f 2203/2203/735 2204/2204/735 2205/2205/735
f 2206/2206/736 2207/2207/736 2208/2208/736
f 2209/2209/737 2210/2210/737 2211/2211/737
f 2212/2212/738 2213/2213/738 2214/2214/738
f 2215/2215/739 2216/2216/739 2217/2217/739
f 2218/2218/740 2219/2219/740 2220/2220/740
f 2221/2221/741 2222/2222/741 2223/2223/741
f 2224/2224/742 2225/2225/742 2226/2226/742
f 2227/2227/743 2228/2228/743 2229/2229/743
f 2230/2230/744 2231/2231/744 2232/2232/744
f 2233/2233/745 2234/2234/745 2235/2235/745
f 2236/2236/746 2237/2237/746 2238/2238/746
f 2239/2239/747 2240/2240/747 2241/2241/747
f 2242/2242/748 2243/2243/748 2244/2244/748
f 2245/2245/749 2246/2246/749 2247/2247/749
f 2248/2248/750 2249/2249/750 2250/2250/750
f 2251/2251/751 2252/2252/751 2253/2253/751
f 2254/2254/752 2255/2255/752 2256/2256/752
f 2257/2257/753 2258/2258/753 2259/2259/753
f 2260/2260/754 2261/2261/754 2262/2262/754
f 2263/2263/755 2264/2264/755 2265/2265/755
f 2266/2266/756 2267/2267/756 2268/2268/756
f 2269/2269/757 2270/2270/757 2271/2271/757
f 2272/2272/758 2273/2273/758 2274/2274/758
f 2275/2275/759 2276/2276/759 2277/2277/759
f 2278/2278/760 2279/2279/760 2280/2280/760
f 2281/2281/761 2282/2282/761 2283/2283/761
f 2284/2284/762 2285/2285/762 2286/2286/762
f 2287/2287/763 2288/2288/763 2289/2289/763
f 2290/2290/764 2291/2291/764 2292/2292/764
f 2293/2293/765 2294/2294/765 2295/2295/765
f 2296/2296/766 2297/2297/766 2298/2298/766
f 2299/2299/767 2300/2300/767 2301/2301/767
f 2302/2302/768 2303/2303/768 2304/2304/768
f 2305/2305/769 2306/2306/769 2307/2307/769
f 2308/2308/770 2309/2309/770 2310/2310/770
f 2311/2311/771 2312/2312/771 2313/2313/771
f 2314/2314/772 2315/2315/772 2316/2316/772
f 2317/2317/773 2318/2318/773 2319/2319/773
f 2320/2320/774 2321/2321/774 2322/2322/774
f 2323/2323/775 2324/2324/775 2325/2325/775
f 2326/2326/776 2327/2327/776 2328/2328/776
f 2329/2329/777 2330/2330/777 2331/2331/777
f 2332/2332/778 2333/2333/778 2334/2334/778
f 2335/2335/779 2336/2336/779 2337/2337/779
f 2338/2338/780 2339/2339/780 2340/2340/780
f 2341/2341/781 2342/2342/781 2343/2343/781
f 2344/2344/782 2345/2345/782 2346/2346/782
f 2347/2347/783 2348/2348/783 2349/2349/783
f 2350/2350/784 2351/2351/784 2352/2352/784
f 2353/2353/785 2354/2354/785 2355/2355/785
f 2356/2356/786 2357/2357/786 2358/2358/786
f 2359/2359/787 2360/2360/787 2361/2361/787
f 2362/2362/788 2363/2363/788 2364/2364/788
f 2365/2365/789 2366/2366/789 2367/2367/789
f 2368/2368/790 2369/2369/790 2370/2370/790
f 2371/2371/791 2372/2372/791 2373/2373/791
f 2374/2374/792 2375/2375/792 2376/2376/792
f 2377/2377/793 2378/2378/793 2379/2379/793
f 2380/2380/794 2381/2381/794 2382/2382/794
f 2383/2383/795 2384/2384/795 2385/2385/795
f 2386/2386/796 2387/2387/796 2388/2388/796
f 2389/2389/797 2390/2390/797 2391/2391/797
f 2392/2392/798 2393/2393/798 2394/2394/798
f 2395/2395/799 2396/2396/799 2397/2397/799
f 2398/2398/800 2399/2399/800 2400/2400/800
f 2401/2401/801 2402/2402/801 2403/2403/801
f 2404/2404/802 2405/2405/802 2406/2406/802
f 2407/2407/803 2408/2408/803 2409/2409/803
f 2410/2410/804 2411/2411/804 2412/2412/804
f 2413/2413/805 2414/2414/805 2415/2415/805
f 2416/2416/806 2417/2417/806 2418/2418/806
f 2419/2419/807 2420/2420/807 2421/2421/807
f 2422/2422/808 2423/2423/808 2424/2424/808
f 2425/2425/809 2426/2426/809 2427/2427/809
f 2428/2428/810 2429/2429/810 2430/2430/810
f 2431/2431/811 2432/2432/811 2433/2433/811
f 2434/2434/812 2435/2435/812 2436/2436/812
f 2437/2437/813 2438/2438/813 2439/2439/813
f 2440/2440/814 2441/2441/814 2442/2442/814
f 2443/2443/815 2444/2444/815 2445/2445/815
f 2446/2446/816 2447/2447/816 2448/2448/816
f 2449/2449/817 2450/2450/817 2451/2451/817
f 2452/2452/818 2453/2453/818 2454/2454/818
f 2455/2455/819 2456/2456/819 2457/2457/819
f 2458/2458/820 2459/2459/820 2460/2460/820
f 2461/2461/821 2462/2462/821 2463/2463/821
f 2464/2464/822 2465/2465/822 2466/2466/822
f 2467/2467/823 2468/2468/823 2469/2469/823
f 2470/2470/824 2471/2471/824 2472/2472/824
f 2473/2473/825 2474/2474/825 2475/2475/825
f 2476/2476/826 2477/2477/826 2478/2478/826
f 2479/2479/827 2480/2480/827 2481/2481/827
f 2482/2482/828 2483/2483/828 2484/2484/828
f 2485/2485/829 2486/2486/829 2487/2487/829
f 2488/2488/830 2489/2489/830 2490/2490/830
f 2491/2491/831 2492/2492/831 2493/2493/831
f 2494/2494/832 2495/2495/832 2496/2496/832
f 2497/2497/833 2498/2498/833 2499/2499/833
f 2500/2500/834 2501/2501/834 2502/2502/834
f 2503/2503/835 2504/2504/835 2505/2505/835
f 2506/2506/836 2507/2507/836 2508/2508/836
f 2509/2509/837 2510/2510/837 2511/2511/837
f 2512/2512/838 2513/2513/838 2514/2514/838
f 2515/2515/839 2516/2516/839 2517/2517/839
f 2518/2518/840 2519/2519/840 2520/2520/840
f 2521/2521/841 2522/2522/841 2523/2523/841
f 2524/2524/842 2525/2525/842 2526/2526/842
f 2527/2527/843 2528/2528/843 2529/2529/843
f 2530/2530/844 2531/2531/844 2532/2532/844
f 2533/2533/845 2534/2534/845 2535/2535/845
f 2536/2536/846 2537/2537/846 2538/2538/846
f 2539/2539/847 2540/2540/847 2541/2541/847
f 2542/2542/848 2543/2543/848 2544/2544/848
f 2545/2545/849 2546/2546/849 2547/2547/849
f 2548/2548/850 2549/2549/850 2550/2550/850
f 2551/2551/851 2552/2552/851 2553/2553/851
f 2554/2554/852 2555/2555/852 2556/2556/852
f 2557/2557/853 2558/2558/853 2559/2559/853
f 2560/2560/854 2561/2561/854 2562/2562/854
f 2563/2563/855 2564/2564/855 2565/2565/855
f 2566/2566/856 2567/2567/856 2568/2568/856
f 2569/2569/857 2570/2570/857 2571/2571/857
f 2572/2572/858 2573/2573/858 2574/2574/858
f 2575/2575/859 2576/2576/859 2577/2577/859
f 2578/2578/860 2579/2579/860 2580/2580/860
f 2581/2581/861 2582/2582/861 2583/2583/861
f 2584/2584/862 2585/2585/862 2586/2586/862
f 2587/2587/863 2588/2588/863 2589/2589/863
f 2590/2590/864 2591/2591/864 2592/2592/864
f 2593/2593/865 2594/2594/865 2595/2595/865
f 2596/2596/866 2597/2597/866 2598/2598/866
f 2599/2599/867 2600/2600/867 2601/2601/867
f 2602/2602/868 2603/2603/868 2604/2604/868
f 2605/2605/869 2606/2606/869 2607/2607/869
f 2608/2608/870 2609/2609/870 2610/2610/870
f 2611/2611/871 2612/2612/871 2613/2613/871
f 2614/2614/872 2615/2615/872 2616/2616/872
f 2617/2617/873 2618/2618/873 2619/2619/873
f 2620/2620/874 2621/2621/874 2622/2622/874
f 2623/2623/875 2624/2624/875 2625/2625/875
f 2626/2626/876 2627/2627/876 2628/2628/876
f 2629/2629/877 2630/2630/877 2631/2631/877
f 2632/2632/878 2633/2633/878 2634/2634/878
f 2635/2635/879 2636/2636/879 2637/2637/879
f 2638/2638/880 2639/2639/880 2640/2640/880
f 2641/2641/881 2642/2642/881 2643/2643/881
f 2644/2644/882 2645/2645/882 2646/2646/882
f 2647/2647/883 2648/2648/883 2649/2649/883
f 2650/2650/884 2651/2651/884 2652/2652/884
f 2653/2653/885 2654/2654/885 2655/2655/885
f 2656/2656/886 2657/2657/886 2658/2658/886
f 2659/2659/887 2660/2660/887 2661/2661/887
f 2662/2662/888 2663/2663/888 2664/2664/888
f 2665/2665/889 2666/2666/889 2667/2667/889
f 2668/2668/890 2669/2669/890 2670/2670/890
f 2671/2671/891 2672/2672/891 2673/2673/891
f 2674/2674/892 2675/2675/892 2676/2676/892
f 2677/2677/893 2678/2678/893 2679/2679/893
f 2680/2680/894 2681/2681/894 2682/2682/894
f 2683/2683/895 2684/2684/895 2685/2685/895
f 2686/2686/896 2687/2687/896 2688/2688/896
f 2689/2689/897 2690/2690/897 2691/2691/897
f 2692/2692/898 2693/2693/898 2694/2694/898
f 2695/2695/899 2696/2696/899 2697/2697/899
f 2698/2698/900 2699/2699/900 2700/2700/900
f 2701/2701/901 2702/2702/901 2703/2703/901
f 2704/2704/902 2705/2705/902 2706/2706/902
f 2707/2707/903 2708/2708/903 2709/2709/903
f 2710/2710/904 2711/2711/904 2712/2712/904
f 2713/2713/905 2714/2714/905 2715/2715/905
f 2716/2716/906 2717/2717/906 2718/2718/906
f 2719/2719/907 2720/2720/907 2721/2721/907
f 2722/2722/908 2723/2723/908 2724/2724/908
f 2725/2725/909 2726/2726/909 2727/2727/909
f 2728/2728/910 2729/2729/910 2730/2730/910
f 2731/2731/911 2732/2732/911 2733/2733/911
f 2734/2734/912 2735/2735/912 2736/2736/912
f 2737/2737/913 2738/2738/913 2739/2739/913
f 2740/2740/914 2741/2741/914 2742/2742/914
f 2743/2743/915 2744/2744/915 2745/2745/915
f 2746/2746/916 2747/2747/916 2748/2748/916
f 2749/2749/917 2750/2750/917 2751/2751/917
f 2752/2752/918 2753/2753/918 2754/2754/918
f 2755/2755/919 2756/2756/919 2757/2757/919
f 2758/2758/920 2759/2759/920 2760/2760/920
f 2761/2761/921 2762/2762/921 2763/2763/921
f 2764/2764/922 2765/2765/922 2766/2766/922
f 2767/2767/923 2768/2768/923 2769/2769/923
f 2770/2770/924 2771/2771/924 2772/2772/924
f 2773/2773/925 2774/2774/925 2775/2775/925
f 2776/2776/926 2777/2777/926 2778/2778/926
f 2779/2779/927 2780/2780/927 2781/2781/927
f 2782/2782/928 2783/2783/928 2784/2784/928
f 2785/2785/929 2786/2786/929 2787/2787/929
f 2788/2788/930 2789/2789/930 2790/2790/930
f 2791/2791/931 2792/2792/931 2793/2793/931
f 2794/2794/932 2795/2795/932 2796/2796/932
f 2797/2797/933 2798/2798/933 2799/2799/933
f 2800/2800/934 2801/2801/934 2802/2802/934
f 2803/2803/935 2804/2804/935 2805/2805/935
f 2806/2806/936 2807/2807/936 2808/2808/936
f 2809/2809/937 2810/2810/937 2811/2811/937
f 2812/2812/938 2813/2813/938 2814/2814/938
f 2815/2815/939 2816/2816/939 2817/2817/939
f 2818/2818/940 2819/2819/940 2820/2820/940
f 2821/2821/941 2822/2822/941 2823/2823/941
f 2824/2824/942 2825/2825/942 2826/2826/942
f 2827/2827/943 2828/2828/943 2829/2829/943
f 2830/2830/944 2831/2831/944 2832/2832/944
f 2833/2833/945 2834/2834/945 2835/2835/945
f 2836/2836/946 2837/2837/946 2838/2838/946
f 2839/2839/947 2840/2840/947 2841/2841/947
f 2842/2842/948 2843/2843/948 2844/2844/948
f 2845/2845/949 2846/2846/949 2847/2847/949
f 2848/2848/950 2849/2849/950 2850/2850/950
f 2851/2851/951 2852/2852/951 2853/2853/951
f 2854/2854/952 2855/2855/952 2856/2856/952
f 2857/2857/953 2858/2858/953 2859/2859/953
f 2860/2860/954 2861/2861/954 2862/2862/954
f 2863/2863/955 2864/2864/955 2865/2865/955
f 2866/2866/956 2867/2867/956 2868/2868/956
f 2869/2869/957 2870/2870/957 2871/2871/957
f 2872/2872/958 2873/2873/958 2874/2874/958
f 2875/2875/959 2876/2876/959 2877/2877/959
f 2878/2878/960 2879/2879/960 2880/2880/960
f 2881/2881/961 2882/2882/961 2883/2883/961
f 2884/2884/962 2885/2885/962 2886/2886/962
f 2887/2887/963 2888/2888/963 2889/2889/963
f 2890/2890/964 2891/2891/964 2892/2892/964
f 2893/2893/965 2894/2894/965 2895/2895/965
f 2896/2896/966 2897/2897/966 2898/2898/966
f 2899/2899/967 2900/2900/967 2901/2901/967
f 2902/2902/968 2903/2903/968 2904/2904/968
f 2905/2905/969 2906/2906/969 2907/2907/969
f 2908/2908/970 2909/2909/970 2910/2910/970
f 2911/2911/971 2912/2912/971 2913/2913/971
f 2914/2914/972 2915/2915/972 2916/2916/972
f 2917/2917/973 2918/2918/973 2919/2919/973
f 2920/2920/974 2921/2921/974 2922/2922/974
f 2923/2923/975 2924/2924/975 2925/2925/975
f 2926/2926/976 2927/2927/976 2928/2928/976
f 2929/2929/977 2930/2930/977 2931/2931/977
f 2932/2932/978 2933/2933/978 2934/2934/978
f 2935/2935/979 2936/2936/979 2937/2937/979
f 2938/2938/980 2939/2939/980 2940/2940/980
f 2941/2941/981 2942/2942/981 2943/2943/981
f 2944/2944/982 2945/2945/982 2946/2946/982
f 2947/2947/983 2948/2948/983 2949/2949/983
f 2950/2950/984 2951/2951/984 2952/2952/984
f 2953/2953/985 2954/2954/985 2955/2955/985
f 2956/2956/986 2957/2957/986 2958/2958/986
f 2959/2959/987 2960/2960/987 2961/2961/987
f 2962/2962/988 2963/2963/988 2964/2964/988
f 2965/2965/989 2966/2966/989 2967/2967/989
f 2968/2968/990 2969/2969/990 2970/2970/990
f 2971/2971/991 2972/2972/991 2973/2973/991
f 2974/2974/992 2975/2975/992 2976/2976/992
f 2977/2977/993 2978/2978/993 2979/2979/993
f 2980/2980/994 2981/2981/994 2982/2982/994
f 2983/2983/995 2984/2984/995 2985/2985/995
f 2986/2986/996 2987/2987/996 2988/2988/996
f 2989/2989/997 2990/2990/997 2991/2991/997
f 2992/2992/998 2993/2993/998 2994/2994/998
f 2995/2995/999 2996/2996/999 2997/2997/999
f 2998/2998/1000 2999/2999/1000 3000/3000/1000
f 3001/3001/1001 3002/3002/1001 3003/3003/1001
f 3004/3004/1002 3005/3005/1002 3006/3006/1002
f 3007/3007/1003 3008/3008/1003 3009/3009/1003
f 3010/3010/1004 3011/3011/1004 3012/3012/1004
f 3013/3013/1005 3014/3014/1005 3015/3015/1005
f 3016/3016/1006 3017/3017/1006 3018/3018/1006
f 3019/3019/1007 3020/3020/1007 3021/3021/1007
f 3022/3022/1008 3023/3023/1008 3024/3024/1008
f 3025/3025/1009 3026/3026/1009 3027/3027/1009
f 3028/3028/1010 3029/3029/1010 3030/3030/1010
f 3031/3031/1011 3032/3032/1011 3033/3033/1011
f 3034/3034/1012 3035/3035/1012 3036/3036/1012
f 3037/3037/1013 3038/3038/1013 3039/3039/1013
f 3040/3040/1014 3041/3041/1014 3042/3042/1014
f 3043/3043/1015 3044/3044/1015 3045/3045/1015
f 3046/3046/1016 3047/3047/1016 3048/3048/1016
f 3049/3049/1017 3050/3050/1017 3051/3051/1017
f 3052/3052/1018 3053/3053/1018 3054/3054/1018
f 3055/3055/1019 3056/3056/1019 3057/3057/1019
f 3058/3058/1020 3059/3059/1020 3060/3060/1020
f 3061/3061/1021 3062/3062/1021 3063/3063/1021
f 3064/3064/1022 3065/3065/1022 3066/3066/1022
f 3067/3067/1023 3068/3068/1023 3069/3069/1023
f 3070/3070/1024 3071/3071/1024 3072/3072/1024
f 3073/3073/1025 3074/3074/1025 3075/3075/1025
f 3076/3076/1026 3077/3077/1026 3078/3078/1026
f 3079/3079/1027 3080/3080/1027 3081/3081/1027
f 3082/3082/1028 3083/3083/1028 3084/3084/1028
f 3085/3085/1029 3086/3086/1029 3087/3087/1029
f 3088/3088/1030 3089/3089/1030 3090/3090/1030
f 3091/3091/1031 3092/3092/1031 3093/3093/1031
f 3094/3094/1032 3095/3095/1032 3096/3096/1032
f 3097/3097/1033 3098/3098/1033 3099/3099/1033
f 3100/3100/1034 3101/3101/1034 3102/3102/1034
f 3103/3103/1035 3104/3104/1035 3105/3105/1035
f 3106/3106/1036 3107/3107/1036 3108/3108/1036
f 3109/3109/1037 3110/3110/1037 3111/3111/1037
f 3112/3112/1038 3113/3113/1038 3114/3114/1038
f 3115/3115/1039 3116/3116/1039 3117/3117/1039
f 3118/3118/1040 3119/3119/1040 3120/3120/1040
f 3121/3121/1041 3122/3122/1041 3123/3123/1041
f 3124/3124/1042 3125/3125/1042 3126/3126/1042
f 3127/3127/1043 3128/3128/1043 3129/3129/1043
f 3130/3130/1044 3131/3131/1044 3132/3132/1044
f 3133/3133/1045 3134/3134/1045 3135/3135/1045
f 3136/3136/1046 3137/3137/1046 3138/3138/1046
f 3139/3139/1047 3140/3140/1047 3141/3141/1047
f 3142/3142/1048 3143/3143/1048 3144/3144/1048
f 3145/3145/1049 3146/3146/1049 3147/3147/1049
f 3148/3148/1050 3149/3149/1050 3150/3150/1050
f 3151/3151/1051 3152/3152/1051 3153/3153/1051
f 3154/3154/1052 3155/3155/1052 3156/3156/1052
f 3157/3157/1053 3158/3158/1053 3159/3159/1053
f 3160/3160/1054 3161/3161/1054 3162/3162/1054
f 3163/3163/1055 3164/3164/1055 3165/3165/1055
f 3166/3166/1056 3167/3167/1056 3168/3168/1056
f 3169/3169/1057 3170/3170/1057 3171/3171/1057
f 3172/3172/1058 3173/3173/1058 3174/3174/1058
f 3175/3175/1059 3176/3176/1059 3177/3177/1059
f 3178/3178/1060 3179/3179/1060 3180/3180/1060
f 3181/3181/1061 3182/3182/1061 3183/3183/1061
f 3184/3184/1062 3185/3185/1062 3186/3186/1062
f 3187/3187/1063 3188/3188/1063 3189/3189/1063
f 3190/3190/1064 3191/3191/1064 3192/3192/1064
f 3193/3193/1065 3194/3194/1065 3195/3195/1065
f 3196/3196/1066 3197/3197/1066 3198/3198/1066
f 3199/3199/1067 3200/3200/1067 3201/3201/1067
f 3202/3202/1068 3203/3203/1068 3204/3204/1068
f 3205/3205/1069 3206/3206/1069 3207/3207/1069
f 3208/3208/1070 3209/3209/1070 3210/3210/1070
f 3211/3211/1071 3212/3212/1071 3213/3213/1071
f 3214/3214/1072 3215/3215/1072 3216/3216/1072
f 3217/3217/1073 3218/3218/1073 3219/3219/1073
f 3220/3220/1074 3221/3221/1074 3222/3222/1074
f 3223/3223/1075 3224/3224/1075 3225/3225/1075
f 3226/3226/1076 3227/3227/1076 3228/3228/1076
f 3229/3229/1077 3230/3230/1077 3231/3231/1077
f 3232/3232/1078 3233/3233/1078 3234/3234/1078
f 3235/3235/1079 3236/3236/1079 3237/3237/1079
f 3238/3238/1080 3239/3239/1080 3240/3240/1080
f 3241/3241/1081 3242/3242/1081 3243/3243/1081
f 3244/3244/1082 3245/3245/1082 3246/3246/1082
f 3247/3247/1083 3248/3248/1083 3249/3249/1083
f 3250/3250/1084 3251/3251/1084 3252/3252/1084
f 3253/3253/1085 3254/3254/1085 3255/3255/1085
f 3256/3256/1086 3257/3257/1086 3258/3258/1086
f 3259/3259/1087 3260/3260/1087 3261/3261/1087
f 3262/3262/1088 3263/3263/1088 3264/3264/1088
f 3265/3265/1089 3266/3266/1089 3267/3267/1089
f 3268/3268/1090 3269/3269/1090 3270/3270/1090
f 3271/3271/1091 3272/3272/1091 3273/3273/1091
f 3274/3274/1092 3275/3275/1092 3276/3276/1092
f 3277/3277/1093 3278/3278/1093 3279/3279/1093
f 3280/3280/1094 3281/3281/1094 3282/3282/1094
f 3283/3283/1095 3284/3284/1095 3285/3285/1095
f 3286/3286/1096 3287/3287/1096 3288/3288/1096
f 3289/3289/1097 3290/3290/1097 3291/3291/1097
f 3292/3292/1098 3293/3293/1098 3294/3294/1098
f 3295/3295/1099 3296/3296/1099 3297/3297/1099
f 3298/3298/1100 3299/3299/1100 3300/3300/1100
f 3301/3301/1101 3302/3302/1101 3303/3303/1101
f 3304/3304/1102 3305/3305/1102 3306/3306/1102
f 3307/3307/1103 3308/3308/1103 3309/3309/1103
f 3310/3310/1104 3311/3311/1104 3312/3312/1104
f 3313/3313/1105 3314/3314/1105 3315/3315/1105
f 3316/3316/1106 3317/3317/1106 3318/3318/1106
f 3319/3319/1107 3320/3320/1107 3321/3321/1107
f 3322/3322/1108 3323/3323/1108 3324/3324/1108
f 3325/3325/1109 3326/3326/1109 3327/3327/1109
f 3328/3328/1110 3329/3329/1110 3330/3330/1110
f 3331/3331/1111 3332/3332/1111 3333/3333/1111
f 3334/3334/1112 3335/3335/1112 3336/3336/1112
f 3337/3337/1113 3338/3338/1113 3339/3339/1113
f 3340/3340/1114 3341/3341/1114 3342/3342/1114
f 3343/3343/1115 3344/3344/1115 3345/3345/1115
f 3346/3346/1116 3347/3347/1116 3348/3348/1116
f 3349/3349/1117 3350/3350/1117 3351/3351/1117
f 3352/3352/1118 3353/3353/1118 3354/3354/1118
f 3355/3355/1119 3356/3356/1119 3357/3357/1119
f 3358/3358/1120 3359/3359/1120 3360/3360/1120
f 3361/3361/1121 3362/3362/1121 3363/3363/1121
f 3364/3364/1122 3365/3365/1122 3366/3366/1122
f 3367/3367/1123 3368/3368/1123 3369/3369/1123
f 3370/3370/1124 3371/3371/1124 3372/3372/1124
f 3373/3373/1125 3374/3374/1125 3375/3375/1125
f 3376/3376/1126 3377/3377/1126 3378/3378/1126
f 3379/3379/1127 3380/3380/1127 3381/3381/1127
f 3382/3382/1128 3383/3383/1128 3384/3384/1128
f 3385/3385/1129 3386/3386/1129 3387/3387/1129
f 3388/3388/1130 3389/3389/1130 3390/3390/1130
f 3391/3391/1131 3392/3392/1131 3393/3393/1131
f 3394/3394/1132 3395/3395/1132 3396/3396/1132
f 3397/3397/1133 3398/3398/1133 3399/3399/1133
f 3400/3400/1134 3401/3401/1134 3402/3402/1134
f 3403/3403/1135 3404/3404/1135 3405/3405/1135
f 3406/3406/1136 3407/3407/1136 3408/3408/1136
f 3409/3409/1137 3410/3410/1137 3411/3411/1137
f 3412/3412/1138 3413/3413/1138 3414/3414/1138
f 3415/3415/1139 3416/3416/1139 3417/3417/1139
f 3418/3418/1140 3419/3419/1140 3420/3420/1140
f 3421/3421/1141 3422/3422/1141 3423/3423/1141
f 3424/3424/1142 3425/3425/1142 3426/3426/1142
f 3427/3427/1143 3428/3428/1143 3429/3429/1143
f 3430/3430/1144 3431/3431/1144 3432/3432/1144
f 3433/3433/1145 3434/3434/1145 3435/3435/1145
f 3436/3436/1146 3437/3437/1146 3438/3438/1146
f 3439/3439/1147 3440/3440/1147 3441/3441/1147
f 3442/3442/1148 3443/3443/1148 3444/3444/1148
f 3445/3445/1149 3446/3446/1149 3447/3447/1149
f 3448/3448/1150 3449/3449/1150 3450/3450/1150
f 3451/3451/1151 3452/3452/1151 3453/3453/1151
f 3454/3454/1152 3455/3455/1152 3456/3456/1152
f 3457/3457/1153 3458/3458/1153 3459/3459/1153
f 3460/3460/1154 3461/3461/1154 3462/3462/1154
f 3463/3463/1155 3464/3464/1155 3465/3465/1155
f 3466/3466/1156 3467/3467/1156 3468/3468/1156
f 3469/3469/1157 3470/3470/1157 3471/3471/1157
f 3472/3472/1158 3473/3473/1158 3474/3474/1158
f 3475/3475/1159 3476/3476/1159 3477/3477/1159
f 3478/3478/1160 3479/3479/1160 3480/3480/1160
f 3481/3481/1161 3482/3482/1161 3483/3483/1161
f 3484/3484/1162 3485/3485/1162 3486/3486/1162
f 3487/3487/1163 3488/3488/1163 3489/3489/1163
f 3490/3490/1164 3491/3491/1164 3492/3492/1164
f 3493/3493/1165 3494/3494/1165 3495/3495/1165
f 3496/3496/1166 3497/3497/1166 3498/3498/1166
f 3499/3499/1167 3500/3500/1167 3501/3501/1167
f 3502/3502/1168 3503/3503/1168 3504/3504/1168
f 3505/3505/1169 3506/3506/1169 3507/3507/1169
f 3508/3508/1170 3509/3509/1170 3510/3510/1170
f 3511/3511/1171 3512/3512/1171 3513/3513/1171
f 3514/3514/1172 3515/3515/1172 3516/3516/1172
f 3517/3517/1173 3518/3518/1173 3519/3519/1173
f 3520/3520/1174 3521/3521/1174 3522/3522/1174
f 3523/3523/1175 3524/3524/1175 3525/3525/1175
f 3526/3526/1176 3527/3527/1176 3528/3528/1176
f 3529/3529/1177 3530/3530/1177 3531/3531/1177
f 3532/3532/1178 3533/3533/1178 3534/3534/1178
f 3535/3535/1179 3536/3536/1179 3537/3537/1179
f 3538/3538/1180 3539/3539/1180 3540/3540/1180
f 3541/3541/1181 3542/3542/1181 3543/3543/1181
f 3544/3544/1182 3545/3545/1182 3546/3546/1182
f 3547/3547/1183 3548/3548/1183 3549/3549/1183
f 3550/3550/1184 3551/3551/1184 3552/3552/1184
f 3553/3553/1185 3554/3554/1185 3555/3555/1185
f 3556/3556/1186 3557/3557/1186 3558/3558/1186
f 3559/3559/1187 3560/3560/1187 3561/3561/1187
f 3562/3562/1188 3563/3563/1188 3564/3564/1188
f 3565/3565/1189 3566/3566/1189 3567/3567/1189
f 3568/3568/1190 3569/3569/1190 3570/3570/1190
f 3571/3571/1191 3572/3572/1191 3573/3573/1191
f 3574/3574/1192 3575/3575/1192 3576/3576/1192
f 3577/3577/1193 3578/3578/1193 3579/3579/1193
f 3580/3580/1194 3581/3581/1194 3582/3582/1194
f 3583/3583/1195 3584/3584/1195 3585/3585/1195
f 3586/3586/1196 3587/3587/1196 3588/3588/1196
f 3589/3589/1197 3590/3590/1197 3591/3591/1197
f 3592/3592/1198 3593/3593/1198 3594/3594/1198
f 3595/3595/1199 3596/3596/1199 3597/3597/1199
f 3598/3598/1200 3599/3599/1200 3600/3600/1200
f 3601/3601/1201 3602/3602/1201 3603/3603/1201
f 3604/3604/1202 3605/3605/1202 3606/3606/1202
f 3607/3607/1203 3608/3608/1203 3609/3609/1203
f 3610/3610/1204 3611/3611/1204 3612/3612/1204
f 3613/3613/1205 3614/3614/1205 3615/3615/1205
f 3616/3616/1206 3617/3617/1206 3618/3618/1206
f 3619/3619/1207 3620/3620/1207 3621/3621/1207
f 3622/3622/1208 3623/3623/1208 3624/3624/1208
f 3625/3625/1209 3626/3626/1209 3627/3627/1209
f 3628/3628/1210 3629/3629/1210 3630/3630/1210
f 3631/3631/1211 3632/3632/1211 3633/3633/1211
f 3634/3634/1212 3635/3635/1212 3636/3636/1212
f 3637/3637/1213 3638/3638/1213 3639/3639/1213
f 3640/3640/1214 3641/3641/1214 3642/3642/1214
f 3643/3643/1215 3644/3644/1215 3645/3645/1215
f 3646/3646/1216 3647/3647/1216 3648/3648/1216
f 3649/3649/1217 3650/3650/1217 3651/3651/1217
f 3652/3652/1218 3653/3653/1218 3654/3654/1218
f 3655/3655/1219 3656/3656/1219 3657/3657/1219
f 3658/3658/1220 3659/3659/1220 3660/3660/1220
f 3661/3661/1221 3662/3662/1221 3663/3663/1221
f 3664/3664/1222 3665/3665/1222 3666/3666/1222
f 3667/3667/1223 3668/3668/1223 3669/3669/1223
f 3670/3670/1224 3671/3671/1224 3672/3672/1224
f 3673/3673/1225 3674/3674/1225 3675/3675/1225
f 3676/3676/1226 3677/3677/1226 3678/3678/1226
f 3679/3679/1227 3680/3680/1227 3681/3681/1227
f 3682/3682/1228 3683/3683/1228 3684/3684/1228
f 3685/3685/1229 3686/3686/1229 3687/3687/1229
f 3688/3688/1230 3689/3689/1230 3690/3690/1230
f 3691/3691/1231 3692/3692/1231 3693/3693/1231
f 3694/3694/1232 3695/3695/1232 3696/3696/1232
f 3697/3697/1233 3698/3698/1233 3699/3699/1233
f 3700/3700/1234 3701/3701/1234 3702/3702/1234
f 3703/3703/1235 3704/3704/1235 3705/3705/1235
f 3706/3706/1236 3707/3707/1236 3708/3708/1236
f 3709/3709/1237 3710/3710/1237 3711/3711/1237
f 3712/3712/1238 3713/3713/1238 3714/3714/1238
f 3715/3715/1239 3716/3716/1239 3717/3717/1239
f 3718/3718/1240 3719/3719/1240 3720/3720/1240
f 3721/3721/1241 3722/3722/1241 3723/3723/1241
f 3724/3724/1242 3725/3725/1242 3726/3726/1242
f 3727/3727/1243 3728/3728/1243 3729/3729/1243
f 3730/3730/1244 3731/3731/1244 3732/3732/1244
f 3733/3733/1245 3734/3734/1245 3735/3735/1245
f 3736/3736/1246 3737/3737/1246 3738/3738/1246
f 3739/3739/1247 3740/3740/1247 3741/3741/1247
f 3742/3742/1248 3743/3743/1248 3744/3744/1248
f 3745/3745/1249 3746/3746/1249 3747/3747/1249
f 3748/3748/1250 3749/3749/1250 3750/3750/1250
f 3751/3751/1251 3752/3752/1251 3753/3753/1251
f 3754/3754/1252 3755/3755/1252 3756/3756/1252
f 3757/3757/1253 3758/3758/1253 3759/3759/1253
f 3760/3760/1254 3761/3761/1254 3762/3762/1254
f 3763/3763/1255 3764/3764/1255 3765/3765/1255
f 3766/3766/1256 3767/3767/1256 3768/3768/1256
f 3769/3769/1257 3770/3770/1257 3771/3771/1257
f 3772/3772/1258 3773/3773/1258 3774/3774/1258
f 3775/3775/1259 3776/3776/1259 3777/3777/1259
f 3778/3778/1260 3779/3779/1260 3780/3780/1260
f 3781/3781/1261 3782/3782/1261 3783/3783/1261
f 3784/3784/1262 3785/3785/1262 3786/3786/1262
f 3787/3787/1263 3788/3788/1263 3789/3789/1263
f 3790/3790/1264 3791/3791/1264 3792/3792/1264
f 3793/3793/1265 3794/3794/1265 3795/3795/1265
f 3796/3796/1266 3797/3797/1266 3798/3798/1266
f 3799/3799/1267 3800/3800/1267 3801/3801/1267
f 3802/3802/1268 3803/3803/1268 3804/3804/1268
f 3805/3805/1269 3806/3806/1269 3807/3807/1269
f 3808/3808/1270 3809/3809/1270 3810/3810/1270
f 3811/3811/1271 3812/3812/1271 3813/3813/1271
f 3814/3814/1272 3815/3815/1272 3816/3816/1272
f 3817/3817/1273 3818/3818/1273 3819/3819/1273
f 3820/3820/1274 3821/3821/1274 3822/3822/1274
f 3823/3823/1275 3824/3824/1275 3825/3825/1275
f 3826/3826/1276 3827/3827/1276 3828/3828/1276
f 3829/3829/1277 3830/3830/1277 3831/3831/1277
f 3832/3832/1278 3833/3833/1278 3834/3834/1278
f 3835/3835/1279 3836/3836/1279 3837/3837/1279
f 3838/3838/1280 3839/3839/1280 3840/3840/1280
f 3841/3841/1281 3842/3842/1281 3843/3843/1281
f 3844/3844/1282 3845/3845/1282 3846/3846/1282
f 3847/3847/1283 3848/3848/1283 3849/3849/1283
f 3850/3850/1284 3851/3851/1284 3852/3852/1284
f 3853/3853/1285 3854/3854/1285 3855/3855/1285
f 3856/3856/1286 3857/3857/1286 3858/3858/1286
f 3859/3859/1287 3860/3860/1287 3861/3861/1287
f 3862/3862/1288 3863/3863/1288 3864/3864/1288
f 3865/3865/1289 3866/3866/1289 3867/3867/1289
f 3868/3868/1290 3869/3869/1290 3870/3870/1290
f 3871/3871/1291 3872/3872/1291 3873/3873/1291
f 3874/3874/1292 3875/3875/1292 3876/3876/1292
f 3877/3877/1293 3878/3878/1293 3879/3879/1293
f 3880/3880/1294 3881/3881/1294 3882/3882/1294
f 3883/3883/1295 3884/3884/1295 3885/3885/1295
f 3886/3886/1296 3887/3887/1296 3888/3888/1296
f 3889/3889/1297 3890/3890/1297 3891/3891/1297
f 3892/3892/1298 3893/3893/1298 3894/3894/1298
f 3895/3895/1299 3896/3896/1299 3897/3897/1299
f 3898/3898/1300 3899/3899/1300 3900/3900/1300
f 3901/3901/1301 3902/3902/1301 3903/3903/1301
f 3904/3904/1302 3905/3905/1302 3906/3906/1302
f 3907/3907/1303 3908/3908/1303 3909/3909/1303
f 3910/3910/1304 3911/3911/1304 3912/3912/1304
f 3913/3913/1305 3914/3914/1305 3915/3915/1305
f 3916/3916/1306 3917/3917/1306 3918/3918/1306
f 3919/3919/1307 3920/3920/1307 3921/3921/1307
f 3922/3922/1308 3923/3923/1308 3924/3924/1308
f 3925/3925/1309 3926/3926/1309 3927/3927/1309
f 3928/3928/1310 3929/3929/1310 3930/3930/1310
f 3931/3931/1311 3932/3932/1311 3933/3933/1311
f 3934/3934/1312 3935/3935/1312 3936/3936/1312
f 3937/3937/1313 3938/3938/1313 3939/3939/1313
f 3940/3940/1314 3941/3941/1314 3942/3942/1314
f 3943/3943/1315 3944/3944/1315 3945/3945/1315
f 3946/3946/1316 3947/3947/1316 3948/3948/1316
f 3949/3949/1317 3950/3950/1317 3951/3951/1317
f 3952/3952/1318 3953/3953/1318 3954/3954/1318
f 3955/3955/1319 3956/3956/1319 3957/3957/1319
f 3958/3958/1320 3959/3959/1320 3960/3960/1320
f 3961/3961/1321 3962/3962/1321 3963/3963/1321
f 3964/3964/1322 3965/3965/1322 3966/3966/1322
f 3967/3967/1323 3968/3968/1323 3969/3969/1323
f 3970/3970/1324 3971/3971/1324 3972/3972/1324
f 3973/3973/1325 3974/3974/1325 3975/3975/1325
f 3976/3976/1326 3977/3977/1326 3978/3978/1326
f 3979/3979/1327 3980/3980/1327 3981/3981/1327
f 3982/3982/1328 3983/3983/1328 3984/3984/1328
f 3985/3985/1329 3986/3986/1329 3987/3987/1329
f 3988/3988/1330 3989/3989/1330 3990/3990/1330
f 3991/3991/1331 3992/3992/1331 3993/3993/1331
f 3994/3994/1332 3995/3995/1332 3996/3996/1332
f 3997/3997/1333 3998/3998/1333 3999/3999/1333
f 4000/4000/1334 4001/4001/1334 4002/4002/1334
f 4003/4003/1335 4004/4004/1335 4005/4005/1335
f 4006/4006/1336 4007/4007/1336 4008/4008/1336
f 4009/4009/1337 4010/4010/1337 4011/4011/1337
f 4012/4012/1338 4013/4013/1338 4014/4014/1338
f 4015/4015/1339 4016/4016/1339 4017/4017/1339
f 4018/4018/1340 4019/4019/1340 4020/4020/1340
f 4021/4021/1341 4022/4022/1341 4023/4023/1341
f 4024/4024/1342 4025/4025/1342 4026/4026/1342
f 4027/4027/1343 4028/4028/1343 4029/4029/1343
f 4030/4030/1344 4031/4031/1344 4032/4032/1344
f 4033/4033/1345 4034/4034/1345 4035/4035/1345
f 4036/4036/1346 4037/4037/1346 4038/4038/1346
f 4039/4039/1347 4040/4040/1347 4041/4041/1347
f 4042/4042/1348 4043/4043/1348 4044/4044/1348
f 4045/4045/1349 4046/4046/1349 4047/4047/1349
f 4048/4048/1350 4049/4049/1350 4050/4050/1350
f 4051/4051/1351 4052/4052/1351 4053/4053/1351
f 4054/4054/1352 4055/4055/1352 4056/4056/1352
f 4057/4057/1353 4058/4058/1353 4059/4059/1353
f 4060/4060/1354 4061/4061/1354 4062/4062/1354
f 4063/4063/1355 4064/4064/1355 4065/4065/1355
f 4066/4066/1356 4067/4067/1356 4068/4068/1356
f 4069/4069/1357 4070/4070/1357 4071/4071/1357
f 4072/4072/1358 4073/4073/1358 4074/4074/1358
f 4075/4075/1359 4076/4076/1359 4077/4077/1359
f 4078/4078/1360 4079/4079/1360 4080/4080/1360
f 4081/4081/1361 4082/4082/1361 4083/4083/1361
f 4084/4084/1362 4085/4085/1362 4086/4086/1362
f 4087/4087/1363 4088/4088/1363 4089/4089/1363
f 4090/4090/1364 4091/4091/1364 4092/4092/1364
f 4093/4093/1365 4094/4094/1365 4095/4095/1365
f 4096/4096/1366 4097/4097/1366 4098/4098/1366
f 4099/4099/1367 4100/4100/1367 4101/4101/1367
f 4102/4102/1368 4103/4103/1368 4104/4104/1368
f 4105/4105/1369 4106/4106/1369 4107/4107/1369
f 4108/4108/1370 4109/4109/1370 4110/4110/1370
f 4111/4111/1371 4112/4112/1371 4113/4113/1371
f 4114/4114/1372 4115/4115/1372 4116/4116/1372
f 4117/4117/1373 4118/4118/1373 4119/4119/1373
f 4120/4120/1374 4121/4121/1374 4122/4122/1374
f 4123/4123/1375 4124/4124/1375 4125/4125/1375
f 4126/4126/1376 4127/4127/1376 4128/4128/1376
f 4129/4129/1377 4130/4130/1377 4131/4131/1377
f 4132/4132/1378 4133/4133/1378 4134/4134/1378
f 4135/4135/1379 4136/4136/1379 4137/4137/1379
f 4138/4138/1380 4139/4139/1380 4140/4140/1380
f 4141/4141/1381 4142/4142/1381 4143/4143/1381
f 4144/4144/1382 4145/4145/1382 4146/4146/1382
f 4147/4147/1383 4148/4148/1383 4149/4149/1383
f 4150/4150/1384 4151/4151/1384 4152/4152/1384
f 4153/4153/1385 4154/4154/1385 4155/4155/1385
f 4156/4156/1386 4157/4157/1386 4158/4158/1386
f 4159/4159/1387 4160/4160/1387 4161/4161/1387
f 4162/4162/1388 4163/4163/1388 4164/4164/1388
f 4165/4165/1389 4166/4166/1389 4167/4167/1389
f 4168/4168/1390 4169/4169/1390 4170/4170/1390
f 4171/4171/1391 4172/4172/1391 4173/4173/1391
f 4174/4174/1392 4175/4175/1392 4176/4176/1392
f 4177/4177/1393 4178/4178/1393 4179/4179/1393
f 4180/4180/1394 4181/4181/1394 4182/4182/1394
f 4183/4183/1395 4184/4184/1395 4185/4185/1395
f 4186/4186/1396 4187/4187/1396 4188/4188/1396
f 4189/4189/1397 4190/4190/1397 4191/4191/1397
f 4192/4192/1398 4193/4193/1398 4194/4194/1398
f 4195/4195/1399 4196/4196/1399 4197/4197/1399
f 4198/4198/1400 4199/4199/1400 4200/4200/1400
f 4201/4201/1401 4202/4202/1401 4203/4203/1401
f 4204/4204/1402 4205/4205/1402 4206/4206/1402
f 4207/4207/1403 4208/4208/1403 4209/4209/1403
f 4210/4210/1404 4211/4211/1404 4212/4212/1404
f 4213/4213/1405 4214/4214/1405 4215/4215/1405
f 4216/4216/1406 4217/4217/1406 4218/4218/1406
f 4219/4219/1407 4220/4220/1407 4221/4221/1407
f 4222/4222/1408 4223/4223/1408 4224/4224/1408
f 4225/4225/1409 4226/4226/1409 4227/4227/1409
f 4228/4228/1410 4229/4229/1410 4230/4230/1410
f 4231/4231/1411 4232/4232/1411 4233/4233/1411
f 4234/4234/1412 4235/4235/1412 4236/4236/1412
f 4237/4237/1413 4238/4238/1413 4239/4239/1413
f 4240/4240/1414 4241/4241/1414 4242/4242/1414
f 4243/4243/1415 4244/4244/1415 4245/4245/1415
f 4246/4246/1416 4247/4247/1416 4248/4248/1416
f 4249/4249/1417 4250/4250/1417 4251/4251/1417
f 4252/4252/1418 4253/4253/1418 4254/4254/1418
f 4255/4255/1419 4256/4256/1419 4257/4257/1419
f 4258/4258/1420 4259/4259/1420 4260/4260/1420
f 4261/4261/1421 4262/4262/1421 4263/4263/1421
f 4264/4264/1422 4265/4265/1422 4266/4266/1422
f 4267/4267/1423 4268/4268/1423 4269/4269/1423
f 4270/4270/1424 4271/4271/1424 4272/4272/1424
f 4273/4273/1425 4274/4274/1425 4275/4275/1425
f 4276/4276/1426 4277/4277/1426 4278/4278/1426
f 4279/4279/1427 4280/4280/1427 4281/4281/1427
f 4282/4282/1428 4283/4283/1428 4284/4284/1428
f 4285/4285/1429 4286/4286/1429 4287/4287/1429
f 4288/4288/1430 4289/4289/1430 4290/4290/1430
f 4291/4291/1431 4292/4292/1431 4293/4293/1431
f 4294/4294/1432 4295/4295/1432 4296/4296/1432
f 4297/4297/1433 4298/4298/1433 4299/4299/1433
f 4300/4300/1434 4301/4301/1434 4302/4302/1434
f 4303/4303/1435 4304/4304/1435 4305/4305/1435
f 4306/4306/1436 4307/4307/1436 4308/4308/1436
f 4309/4309/1437 4310/4310/1437 4311/4311/1437
f 4312/4312/1438 4313/4313/1438 4314/4314/1438
f 4315/4315/1439 4316/4316/1439 4317/4317/1439
f 4318/4318/1440 4319/4319/1440 4320/4320/1440
f 4321/4321/1441 4322/4322/1441 4323/4323/1441
f 4324/4324/1442 4325/4325/1442 4326/4326/1442
f 4327/4327/1443 4328/4328/1443 4329/4329/1443
f 4330/4330/1444 4331/4331/1444 4332/4332/1444
f 4333/4333/1445 4334/4334/1445 4335/4335/1445
f 4336/4336/1446 4337/4337/1446 4338/4338/1446
f 4339/4339/1447 4340/4340/1447 4341/4341/1447
f 4342/4342/1448 4343/4343/1448 4344/4344/1448
f 4345/4345/1449 4346/4346/1449 4347/4347/1449
f 4348/4348/1450 4349/4349/1450 4350/4350/1450
f 4351/4351/1451 4352/4352/1451 4353/4353/1451
f 4354/4354/1452 4355/4355/1452 4356/4356/1452
f 4357/4357/1453 4358/4358/1453 4359/4359/1453
f 4360/4360/1454 4361/4361/1454 4362/4362/1454
f 4363/4363/1455 4364/4364/1455 4365/4365/1455
f 4366/4366/1456 4367/4367/1456 4368/4368/1456
f 4369/4369/1457 4370/4370/1457 4371/4371/1457
f 4372/4372/1458 4373/4373/1458 4374/4374/1458
f 4375/4375/1459 4376/4376/1459 4377/4377/1459
f 4378/4378/1460 4379/4379/1460 4380/4380/1460
f 4381/4381/1461 4382/4382/1461 4383/4383/1461
f 4384/4384/1462 4385/4385/1462 4386/4386/1462
f 4387/4387/1463 4388/4388/1463 4389/4389/1463
f 4390/4390/1464 4391/4391/1464 4392/4392/1464
f 4393/4393/1465 4394/4394/1465 4395/4395/1465
f 4396/4396/1466 4397/4397/1466 4398/4398/1466
f 4399/4399/1467 4400/4400/1467 4401/4401/1467
f 4402/4402/1468 4403/4403/1468 4404/4404/1468
f 4405/4405/1469 4406/4406/1469 4407/4407/1469
f 4408/4408/1470 4409/4409/1470 4410/4410/1470
f 4411/4411/1471 4412/4412/1471 4413/4413/1471
f 4414/4414/1472 4415/4415/1472 4416/4416/1472
f 4417/4417/1473 4418/4418/1473 4419/4419/1473
f 4420/4420/1474 4421/4421/1474 4422/4422/1474
f 4423/4423/1475 4424/4424/1475 4425/4425/1475
f 4426/4426/1476 4427/4427/1476 4428/4428/1476
f 4429/4429/1477 4430/4430/1477 4431/4431/1477
f 4432/4432/1478 4433/4433/1478 4434/4434/1478
f 4435/4435/1479 4436/4436/1479 4437/4437/1479
f 4438/4438/1480 4439/4439/1480 4440/4440/1480
f 4441/4441/1481 4442/4442/1481 4443/4443/1481
f 4444/4444/1482 4445/4445/1482 4446/4446/1482
f 4447/4447/1483 4448/4448/1483 4449/4449/1483
f 4450/4450/1484 4451/4451/1484 4452/4452/1484
f 4453/4453/1485 4454/4454/1485 4455/4455/1485
f 4456/4456/1486 4457/4457/1486 4458/4458/1486
f 4459/4459/1487 4460/4460/1487 4461/4461/1487
f 4462/4462/1488 4463/4463/1488 4464/4464/1488
f 4465/4465/1489 4466/4466/1489 4467/4467/1489
f 4468/4468/1490 4469/4469/1490 4470/4470/1490
f 4471/4471/1491 4472/4472/1491 4473/4473/1491
f 4474/4474/1492 4475/4475/1492 4476/4476/1492
f 4477/4477/1493 4478/4478/1493 4479/4479/1493
f 4480/4480/1494 4481/4481/1494 4482/4482/1494
f 4483/4483/1495 4484/4484/1495 4485/4485/1495
f 4486/4486/1496 4487/4487/1496 4488/4488/1496
f 4489/4489/1497 4490/4490/1497 4491/4491/1497
f 4492/4492/1498 4493/4493/1498 4494/4494/1498
f 4495/4495/1499 4496/4496/1499 4497/4497/1499
f 4498/4498/1500 4499/4499/1500 4500/4500/1500
f 4501/4501/1501 4502/4502/1501 4503/4503/1501
f 4504/4504/1502 4505/4505/1502 4506/4506/1502
f 4507/4507/1503 4508/4508/1503 4509/4509/1503
f 4510/4510/1504 4511/4511/1504 4512/4512/1504
f 4513/4513/1505 4514/4514/1505 4515/4515/1505
f 4516/4516/1506 4517/4517/1506 4518/4518/1506
f 4519/4519/1507 4520/4520/1507 4521/4521/1507
f 4522/4522/1508 4523/4523/1508 4524/4524/1508
f 4525/4525/1509 4526/4526/1509 4527/4527/1509
f 4528/4528/1510 4529/4529/1510 4530/4530/1510
f 4531/4531/1511 4532/4532/1511 4533/4533/1511
f 4534/4534/1512 4535/4535/1512 4536/4536/1512
f 4537/4537/1513 4538/4538/1513 4539/4539/1513
f 4540/4540/1514 4541/4541/1514 4542/4542/1514
f 4543/4543/1515 4544/4544/1515 4545/4545/1515
f 4546/4546/1516 4547/4547/1516 4548/4548/1516
f 4549/4549/1517 4550/4550/1517 4551/4551/1517
f 4552/4552/1518 4553/4553/1518 4554/4554/1518
f 4555/4555/1519 4556/4556/1519 4557/4557/1519
f 4558/4558/1520 4559/4559/1520 4560/4560/1520
f 4561/4561/1521 4562/4562/1521 4563/4563/1521
f 4564/4564/1522 4565/4565/1522 4566/4566/1522
f 4567/4567/1523 4568/4568/1523 4569/4569/1523
f 4570/4570/1524 4571/4571/1524 4572/4572/1524
f 4573/4573/1525 4574/4574/1525 4575/4575/1525
f 4576/4576/1526 4577/4577/1526 4578/4578/1526
f 4579/4579/1527 4580/4580/1527 4581/4581/1527
f 4582/4582/1528 4583/4583/1528 4584/4584/1528
f 4585/4585/1529 4586/4586/1529 4587/4587/1529
f 4588/4588/1530 4589/4589/1530 4590/4590/1530
f 4591/4591/1531 4592/4592/1531 4593/4593/1531
f 4594/4594/1532 4595/4595/1532 4596/4596/1532
f 4597/4597/1533 4598/4598/1533 4599/4599/1533
f 4600/4600/1534 4601/4601/1534 4602/4602/1534
f 4603/4603/1535 4604/4604/1535 4605/4605/1535
f 4606/4606/1536 4607/4607/1536 4608/4608/1536
f 4609/4609/1537 4610/4610/1537 4611/4611/1537
f 4612/4612/1538 4613/4613/1538 4614/4614/1538
f 4615/4615/1539 4616/4616/1539 4617/4617/1539
f 4618/4618/1540 4619/4619/1540 4620/4620/1540
f 4621/4621/1541 4622/4622/1541 4623/4623/1541
f 4624/4624/1542 4625/4625/1542 4626/4626/1542
f 4627/4627/1543 4628/4628/1543 4629/4629/1543
f 4630/4630/1544 4631/4631/1544 4632/4632/1544
f 4633/4633/1545 4634/4634/1545 4635/4635/1545
f 4636/4636/1546 4637/4637/1546 4638/4638/1546
f 4639/4639/1547 4640/4640/1547 4641/4641/1547
f 4642/4642/1548 4643/4643/1548 4644/4644/1548
f 4645/4645/1549 4646/4646/1549 4647/4647/1549
f 4648/4648/1550 4649/4649/1550 4650/4650/1550
f 4651/4651/1551 4652/4652/1551 4653/4653/1551
f 4654/4654/1552 4655/4655/1552 4656/4656/1552
f 4657/4657/1553 4658/4658/1553 4659/4659/1553
f 4660/4660/1554 4661/4661/1554 4662/4662/1554
f 4663/4663/1555 4664/4664/1555 4665/4665/1555
f 4666/4666/1556 4667/4667/1556 4668/4668/1556
f 4669/4669/1557 4670/4670/1557 4671/4671/1557
f 4672/4672/1558 4673/4673/1558 4674/4674/1558
f 4675/4675/1559 4676/4676/1559 4677/4677/1559
f 4678/4678/1560 4679/4679/1560 4680/4680/1560
f 4681/4681/1561 4682/4682/1561 4683/4683/1561
f 4684/4684/1562 4685/4685/1562 4686/4686/1562
f 4687/4687/1563 4688/4688/1563 4689/4689/1563
f 4690/4690/1564 4691/4691/1564 4692/4692/1564
f 4693/4693/1565 4694/4694/1565 4695/4695/1565
f 4696/4696/1566 4697/4697/1566 4698/4698/1566
f 4699/4699/1567 4700/4700/1567 4701/4701/1567
f 4702/4702/1568 4703/4703/1568 4704/4704/1568
f 4705/4705/1569 4706/4706/1569 4707/4707/1569
f 4708/4708/1570 4709/4709/1570 4710/4710/1570
f 4711/4711/1571 4712/4712/1571 4713/4713/1571
f 4714/4714/1572 4715/4715/1572 4716/4716/1572
f 4717/4717/1573 4718/4718/1573 4719/4719/1573
f 4720/4720/1574 4721/4721/1574 4722/4722/1574
f 4723/4723/1575 4724/4724/1575 4725/4725/1575
f 4726/4726/1576 4727/4727/1576 4728/4728/1576
f 4729/4729/1577 4730/4730/1577 4731/4731/1577
f 4732/4732/1578 4733/4733/1578 4734/4734/1578
f 4735/4735/1579 4736/4736/1579 4737/4737/1579
f 4738/4738/1580 4739/4739/1580 4740/4740/1580
f 4741/4741/1581 4742/4742/1581 4743/4743/1581
f 4744/4744/1582 4745/4745/1582 4746/4746/1582
f 4747/4747/1583 4748/4748/1583 4749/4749/1583
f 4750/4750/1584 4751/4751/1584 4752/4752/1584
f 4753/4753/1585 4754/4754/1585 4755/4755/1585
f 4756/4756/1586 4757/4757/1586 4758/4758/1586
f 4759/4759/1587 4760/4760/1587 4761/4761/1587
f 4762/4762/1588 4763/4763/1588 4764/4764/1588
f 4765/4765/1589 4766/4766/1589 4767/4767/1589
f 4768/4768/1590 4769/4769/1590 4770/4770/1590
f 4771/4771/1591 4772/4772/1591 4773/4773/1591
f 4774/4774/1592 4775/4775/1592 4776/4776/1592
f 4777/4777/1593 4778/4778/1593 4779/4779/1593
f 4780/4780/1594 4781/4781/1594 4782/4782/1594
f 4783/4783/1595 4784/4784/1595 4785/4785/1595
f 4786/4786/1596 4787/4787/1596 4788/4788/1596
f 4789/4789/1597 4790/4790/1597 4791/4791/1597
f 4792/4792/1598 4793/4793/1598 4794/4794/1598
f 4795/4795/1599 4796/4796/1599 4797/4797/1599
f 4798/4798/1600 4799/4799/1600 4800/4800/1600
f 4801/4801/1601 4802/4802/1601 4803/4803/1601
f 4804/4804/1602 4805/4805/1602 4806/4806/1602
f 4807/4807/1603 4808/4808/1603 4809/4809/1603
f 4810/4810/1604 4811/4811/1604 4812/4812/1604
f 4813/4813/1605 4814/4814/1605 4815/4815/1605
f 4816/4816/1606 4817/4817/1606 4818/4818/1606
f 4819/4819/1607 4820/4820/1607 4821/4821/1607
f 4822/4822/1608 4823/4823/1608 4824/4824/1608
f 4825/4825/1609 4826/4826/1609 4827/4827/1609
f 4828/4828/1610 4829/4829/1610 4830/4830/1610
f 4831/4831/1611 4832/4832/1611 4833/4833/1611
f 4834/4834/1612 4835/4835/1612 4836/4836/1612
f 4837/4837/1613 4838/4838/1613 4839/4839/1613
f 4840/4840/1614 4841/4841/1614 4842/4842/1614
f 4843/4843/1615 4844/4844/1615 4845/4845/1615
f 4846/4846/1616 4847/4847/1616 4848/4848/1616
f 4849/4849/1617 4850/4850/1617 4851/4851/1617
f 4852/4852/1618 4853/4853/1618 4854/4854/1618
f 4855/4855/1619 4856/4856/1619 4857/4857/1619
f 4858/4858/1620 4859/4859/1620 4860/4860/1620
f 4861/4861/1621 4862/4862/1621 4863/4863/1621
f 4864/4864/1622 4865/4865/1622 4866/4866/1622
f 4867/4867/1623 4868/4868/1623 4869/4869/1623
f 4870/4870/1624 4871/4871/1624 4872/4872/1624
f 4873/4873/1625 4874/4874/1625 4875/4875/1625
f 4876/4876/1626 4877/4877/1626 4878/4878/1626
f 4879/4879/1627 4880/4880/1627 4881/4881/1627
f 4882/4882/1628 4883/4883/1628 4884/4884/1628
f 4885/4885/1629 4886/4886/1629 4887/4887/1629
f 4888/4888/1630 4889/4889/1630 4890/4890/1630
f 4891/4891/1631 4892/4892/1631 4893/4893/1631
f 4894/4894/1632 4895/4895/1632 4896/4896/1632
f 4897/4897/1633 4898/4898/1633 4899/4899/1633
f 4900/4900/1634 4901/4901/1634 4902/4902/1634
f 4903/4903/1635 4904/4904/1635 4905/4905/1635
f 4906/4906/1636 4907/4907/1636 4908/4908/1636
f 4909/4909/1637 4910/4910/1637 4911/4911/1637
f 4912/4912/1638 4913/4913/1638 4914/4914/1638
f 4915/4915/1639 4916/4916/1639 4917/4917/1639
f 4918/4918/1640 4919/4919/1640 4920/4920/1640
f 4921/4921/1641 4922/4922/1641 4923/4923/1641
f 4924/4924/1642 4925/4925/1642 4926/4926/1642
f 4927/4927/1643 4928/4928/1643 4929/4929/1643
f 4930/4930/1644 4931/4931/1644 4932/4932/1644
f 4933/4933/1645 4934/4934/1645 4935/4935/1645
f 4936/4936/1646 4937/4937/1646 4938/4938/1646
f 4939/4939/1647 4940/4940/1647 4941/4941/1647
f 4942/4942/1648 4943/4943/1648 4944/4944/1648
f 4945/4945/1649 4946/4946/1649 4947/4947/1649
f 4948/4948/1650 4949/4949/1650 4950/4950/1650
f 4951/4951/1651 4952/4952/1651 4953/4953/1651
f 4954/4954/1652 4955/4955/1652 4956/4956/1652
f 4957/4957/1653 4958/4958/1653 4959/4959/1653
f 4960/4960/1654 4961/4961/1654 4962/4962/1654
f 4963/4963/1655 4964/4964/1655 4965/4965/1655
f 4966/4966/1656 4967/4967/1656 4968/4968/1656
f 4969/4969/1657 4970/4970/1657 4971/4971/1657
f 4972/4972/1658 4973/4973/1658 4974/4974/1658
f 4975/4975/1659 4976/4976/1659 4977/4977/1659
f 4978/4978/1660 4979/4979/1660 4980/4980/1660
f 4981/4981/1661 4982/4982/1661 4983/4983/1661
f 4984/4984/1662 4985/4985/1662 4986/4986/1662
f 4987/4987/1663 4988/4988/1663 4989/4989/1663
f 4990/4990/1664 4991/4991/1664 4992/4992/1664
f 4993/4993/1665 4994/4994/1665 4995/4995/1665
f 4996/4996/1666 4997/4997/1666 4998/4998/1666
f 4999/4999/1667 5000/5000/1667 5001/5001/1667
f 5002/5002/1668 5003/5003/1668 5004/5004/1668
f 5005/5005/1669 5006/5006/1669 5007/5007/1669
f 5008/5008/1670 5009/5009/1670 5010/5010/1670
f 5011/5011/1671 5012/5012/1671 5013/5013/1671
f 5014/5014/1672 5015/5015/1672 5016/5016/1672
f 5017/5017/1673 5018/5018/1673 5019/5019/1673
f 5020/5020/1674 5021/5021/1674 5022/5022/1674
f 5023/5023/1675 5024/5024/1675 5025/5025/1675
f 5026/5026/1676 5027/5027/1676 5028/5028/1676
f 5029/5029/1677 5030/5030/1677 5031/5031/1677
f 5032/5032/1678 5033/5033/1678 5034/5034/1678
f 5035/5035/1679 5036/5036/1679 5037/5037/1679
f 5038/5038/1680 5039/5039/1680 5040/5040/1680
f 5041/5041/1681 5042/5042/1681 5043/5043/1681
f 5044/5044/1682 5045/5045/1682 5046/5046/1682
f 5047/5047/1683 5048/5048/1683 5049/5049/1683
f 5050/5050/1684 5051/5051/1684 5052/5052/1684
f 5053/5053/1685 5054/5054/1685 5055/5055/1685
f 5056/5056/1686 5057/5057/1686 5058/5058/1686
f 5059/5059/1687 5060/5060/1687 5061/5061/1687
f 5062/5062/1688 5063/5063/1688 5064/5064/1688
f 5065/5065/1689 5066/5066/1689 5067/5067/1689
f 5068/5068/1690 5069/5069/1690 5070/5070/1690
f 5071/5071/1691 5072/5072/1691 5073/5073/1691
f 5074/5074/1692 5075/5075/1692 5076/5076/1692
f 5077/5077/1693 5078/5078/1693 5079/5079/1693
f 5080/5080/1694 5081/5081/1694 5082/5082/1694
f 5083/5083/1695 5084/5084/1695 5085/5085/1695
f 5086/5086/1696 5087/5087/1696 5088/5088/1696
f 5089/5089/1697 5090/5090/1697 5091/5091/1697
f 5092/5092/1698 5093/5093/1698 5094/5094/1698
f 5095/5095/1699 5096/5096/1699 5097/5097/1699
f 5098/5098/1700 5099/5099/1700 5100/5100/1700
f 5101/5101/1701 5102/5102/1701 5103/5103/1701
f 5104/5104/1702 5105/5105/1702 5106/5106/1702
f 5107/5107/1703 5108/5108/1703 5109/5109/1703
f 5110/5110/1704 5111/5111/1704 5112/5112/1704
f 5113/5113/1705 5114/5114/1705 5115/5115/1705
f 5116/5116/1706 5117/5117/1706 5118/5118/1706
f 5119/5119/1707 5120/5120/1707 5121/5121/1707
f 5122/5122/1708 5123/5123/1708 5124/5124/1708
f 5125/5125/1709 5126/5126/1709 5127/5127/1709
f 5128/5128/1710 5129/5129/1710 5130/5130/1710
f 5131/5131/1711 5132/5132/1711 5133/5133/1711
f 5134/5134/1712 5135/5135/1712 5136/5136/1712
f 5137/5137/1713 5138/5138/1713 5139/5139/1713
f 5140/5140/1714 5141/5141/1714 5142/5142/1714
f 5143/5143/1715 5144/5144/1715 5145/5145/1715
f 5146/5146/1716 5147/5147/1716 5148/5148/1716
f 5149/5149/1717 5150/5150/1717 5151/5151/1717
f 5152/5152/1718 5153/5153/1718 5154/5154/1718
f 5155/5155/1719 5156/5156/1719 5157/5157/1719
f 5158/5158/1720 5159/5159/1720 5160/5160/1720
f 5161/5161/1721 5162/5162/1721 5163/5163/1721
f 5164/5164/1722 5165/5165/1722 5166/5166/1722
f 5167/5167/1723 5168/5168/1723 5169/5169/1723
f 5170/5170/1724 5171/5171/1724 5172/5172/1724
f 5173/5173/1725 5174/5174/1725 5175/5175/1725
f 5176/5176/1726 5177/5177/1726 5178/5178/1726
f 5179/5179/1727 5180/5180/1727 5181/5181/1727
f 5182/5182/1728 5183/5183/1728 5184/5184/1728
f 5185/5185/1729 5186/5186/1729 5187/5187/1729
f 5188/5188/1730 5189/5189/1730 5190/5190/1730
f 5191/5191/1731 5192/5192/1731 5193/5193/1731
f 5194/5194/1732 5195/5195/1732 5196/5196/1732
f 5197/5197/1733 5198/5198/1733 5199/5199/1733
f 5200/5200/1734 5201/5201/1734 5202/5202/1734
f 5203/5203/1735 5204/5204/1735 5205/5205/1735
f 5206/5206/1736 5207/5207/1736 5208/5208/1736
f 5209/5209/1737 5210/5210/1737 5211/5211/1737
f 5212/5212/1738 5213/5213/1738 5214/5214/1738
f 5215/5215/1739 5216/5216/1739 5217/5217/1739
f 5218/5218/1740 5219/5219/1740 5220/5220/1740
f 5221/5221/1741 5222/5222/1741 5223/5223/1741
f 5224/5224/1742 5225/5225/1742 5226/5226/1742
f 5227/5227/1743 5228/5228/1743 5229/5229/1743
f 5230/5230/1744 5231/5231/1744 5232/5232/1744
f 5233/5233/1745 5234/5234/1745 5235/5235/1745
f 5236/5236/1746 5237/5237/1746 5238/5238/1746
f 5239/5239/1747 5240/5240/1747 5241/5241/1747
f 5242/5242/1748 5243/5243/1748 5244/5244/1748
f 5245/5245/1749 5246/5246/1749 5247/5247/1749
f 5248/5248/1750 5249/5249/1750 5250/5250/1750
f 5251/5251/1751 5252/5252/1751 5253/5253/1751
f 5254/5254/1752 5255/5255/1752 5256/5256/1752
f 5257/5257/1753 5258/5258/1753 5259/5259/1753
f 5260/5260/1754 5261/5261/1754 5262/5262/1754
f 5263/5263/1755 5264/5264/1755 5265/5265/1755
f 5266/5266/1756 5267/5267/1756 5268/5268/1756
f 5269/5269/1757 5270/5270/1757 5271/5271/1757
f 5272/5272/1758 5273/5273/1758 5274/5274/1758
f 5275/5275/1759 5276/5276/1759 5277/5277/1759
f 5278/5278/1760 5279/5279/1760 5280/5280/1760
f 5281/5281/1761 5282/5282/1761 5283/5283/1761
f 5284/5284/1762 5285/5285/1762 5286/5286/1762
f 5287/5287/1763 5288/5288/1763 5289/5289/1763
f 5290/5290/1764 5291/5291/1764 5292/5292/1764
f 5293/5293/1765 5294/5294/1765 5295/5295/1765
f 5296/5296/1766 5297/5297/1766 5298/5298/1766
f 5299/5299/1767 5300/5300/1767 5301/5301/1767
f 5302/5302/1768 5303/5303/1768 5304/5304/1768
f 5305/5305/1769 5306/5306/1769 5307/5307/1769
f 5308/5308/1770 5309/5309/1770 5310/5310/1770
f 5311/5311/1771 5312/5312/1771 5313/5313/1771
f 5314/5314/1772 5315/5315/1772 5316/5316/1772
f 5317/5317/1773 5318/5318/1773 5319/5319/1773
f 5320/5320/1774 5321/5321/1774 5322/5322/1774
f 5323/5323/1775 5324/5324/1775 5325/5325/1775
f 5326/5326/1776 5327/5327/1776 5328/5328/1776
f 5329/5329/1777 5330/5330/1777 5331/5331/1777
f 5332/5332/1778 5333/5333/1778 5334/5334/1778
f 5335/5335/1779 5336/5336/1779 5337/5337/1779
f 5338/5338/1780 5339/5339/1780 5340/5340/1780
f 5341/5341/1781 5342/5342/1781 5343/5343/1781
f 5344/5344/1782 5345/5345/1782 5346/5346/1782
f 5347/5347/1783 5348/5348/1783 5349/5349/1783
f 5350/5350/1784 5351/5351/1784 5352/5352/1784
f 5353/5353/1785 5354/5354/1785 5355/5355/1785
f 5356/5356/1786 5357/5357/1786 5358/5358/1786
f 5359/5359/1787 5360/5360/1787 5361/5361/1787
f 5362/5362/1788 5363/5363/1788 5364/5364/1788
f 5365/5365/1789 5366/5366/1789 5367/5367/1789
f 5368/5368/1790 5369/5369/1790 5370/5370/1790
f 5371/5371/1791 5372/5372/1791 5373/5373/1791
f 5374/5374/1792 5375/5375/1792 5376/5376/1792
f 5377/5377/1793 5378/5378/1793 5379/5379/1793
f 5380/5380/1794 5381/5381/1794 5382/5382/1794
f 5383/5383/1795 5384/5384/1795 5385/5385/1795
f 5386/5386/1796 5387/5387/1796 5388/5388/1796
f 5389/5389/1797 5390/5390/1797 5391/5391/1797
f 5392/5392/1798 5393/5393/1798 5394/5394/1798
f 5395/5395/1799 5396/5396/1799 5397/5397/1799
f 5398/5398/1800 5399/5399/1800 5400/5400/1800
f 5401/5401/1801 5402/5402/1801 5403/5403/1801
f 5404/5404/1802 5405/5405/1802 5406/5406/1802
f 5407/5407/1803 5408/5408/1803 5409/5409/1803
f 5410/5410/1804 5411/5411/1804 5412/5412/1804
f 5413/5413/1805 5414/5414/1805 5415/5415/1805
f 5416/5416/1806 5417/5417/1806 5418/5418/1806
f 5419/5419/1807 5420/5420/1807 5421/5421/1807
f 5422/5422/1808 5423/5423/1808 5424/5424/1808
f 5425/5425/1809 5426/5426/1809 5427/5427/1809
f 5428/5428/1810 5429/5429/1810 5430/5430/1810
f 5431/5431/1811 5432/5432/1811 5433/5433/1811
f 5434/5434/1812 5435/5435/1812 5436/5436/1812
f 5437/5437/1813 5438/5438/1813 5439/5439/1813
f 5440/5440/1814 5441/5441/1814 5442/5442/1814
f 5443/5443/1815 5444/5444/1815 5445/5445/1815
f 5446/5446/1816 5447/5447/1816 5448/5448/1816
f 5449/5449/1817 5450/5450/1817 5451/5451/1817
f 5452/5452/1818 5453/5453/1818 5454/5454/1818
f 5455/5455/1819 5456/5456/1819 5457/5457/1819
f 5458/5458/1820 5459/5459/1820 5460/5460/1820
f 5461/5461/1821 5462/5462/1821 5463/5463/1821
f 5464/5464/1822 5465/5465/1822 5466/5466/1822
f 5467/5467/1823 5468/5468/1823 5469/5469/1823
f 5470/5470/1824 5471/5471/1824 5472/5472/1824
f 5473/5473/1825 5474/5474/1825 5475/5475/1825
f 5476/5476/1826 5477/5477/1826 5478/5478/1826
f 5479/5479/1827 5480/5480/1827 5481/5481/1827
f 5482/5482/1828 5483/5483/1828 5484/5484/1828
f 5485/5485/1829 5486/5486/1829 5487/5487/1829
f 5488/5488/1830 5489/5489/1830 5490/5490/1830
f 5491/5491/1831 5492/5492/1831 5493/5493/1831
f 5494/5494/1832 5495/5495/1832 5496/5496/1832
f 5497/5497/1833 5498/5498/1833 5499/5499/1833
f 5500/5500/1834 5501/5501/1834 5502/5502/1834
f 5503/5503/1835 5504/5504/1835 5505/5505/1835
f 5506/5506/1836 5507/5507/1836 5508/5508/1836
f 5509/5509/1837 5510/5510/1837 5511/5511/1837
f 5512/5512/1838 5513/5513/1838 5514/5514/1838
f 5515/5515/1839 5516/5516/1839 5517/5517/1839
f 5518/5518/1840 5519/5519/1840 5520/5520/1840
f 5521/5521/1841 5522/5522/1841 5523/5523/1841
f 5524/5524/1842 5525/5525/1842 5526/5526/1842
f 5527/5527/1843 5528/5528/1843 5529/5529/1843
f 5530/5530/1844 5531/5531/1844 5532/5532/1844
f 5533/5533/1845 5534/5534/1845 5535/5535/1845
f 5536/5536/1846 5537/5537/1846 5538/5538/1846
f 5539/5539/1847 5540/5540/1847 5541/5541/1847
f 5542/5542/1848 5543/5543/1848 5544/5544/1848
f 5545/5545/1849 5546/5546/1849 5547/5547/1849
f 5548/5548/1850 5549/5549/1850 5550/5550/1850
f 5551/5551/1851 5552/5552/1851 5553/5553/1851
f 5554/5554/1852 5555/5555/1852 5556/5556/1852
f 5557/5557/1853 5558/5558/1853 5559/5559/1853
f 5560/5560/1854 5561/5561/1854 5562/5562/1854
f 5563/5563/1855 5564/5564/1855 5565/5565/1855
f 5566/5566/1856 5567/5567/1856 5568/5568/1856
f 5569/5569/1857 5570/5570/1857 5571/5571/1857
f 5572/5572/1858 5573/5573/1858 5574/5574/1858
f 5575/5575/1859 5576/5576/1859 5577/5577/1859
f 5578/5578/1860 5579/5579/1860 5580/5580/1860
f 5581/5581/1861 5582/5582/1861 5583/5583/1861
f 5584/5584/1862 5585/5585/1862 5586/5586/1862
f 5587/5587/1863 5588/5588/1863 5589/5589/1863
f 5590/5590/1864 5591/5591/1864 5592/5592/1864
f 5593/5593/1865 5594/5594/1865 5595/5595/1865
f 5596/5596/1866 5597/5597/1866 5598/5598/1866
f 5599/5599/1867 5600/5600/1867 5601/5601/1867
f 5602/5602/1868 5603/5603/1868 5604/5604/1868
f 5605/5605/1869 5606/5606/1869 5607/5607/1869
f 5608/5608/1870 5609/5609/1870 5610/5610/1870
f 5611/5611/1871 5612/5612/1871 5613/5613/1871
f 5614/5614/1872 5615/5615/1872 5616/5616/1872
f 5617/5617/1873 5618/5618/1873 5619/5619/1873
f 5620/5620/1874 5621/5621/1874 5622/5622/1874
f 5623/5623/1875 5624/5624/1875 5625/5625/1875
f 5626/5626/1876 5627/5627/1876 5628/5628/1876
f 5629/5629/1877 5630/5630/1877 5631/5631/1877
f 5632/5632/1878 5633/5633/1878 5634/5634/1878
f 5635/5635/1879 5636/5636/1879 5637/5637/1879
f 5638/5638/1880 5639/5639/1880 5640/5640/1880
f 5641/5641/1881 5642/5642/1881 5643/5643/1881
f 5644/5644/1882 5645/5645/1882 5646/5646/1882
f 5647/5647/1883 5648/5648/1883 5649/5649/1883
f 5650/5650/1884 5651/5651/1884 5652/5652/1884
f 5653/5653/1885 5654/5654/1885 5655/5655/1885
f 5656/5656/1886 5657/5657/1886 5658/5658/1886
f 5659/5659/1887 5660/5660/1887 5661/5661/1887
f 5662/5662/1888 5663/5663/1888 5664/5664/1888
f 5665/5665/1889 5666/5666/1889 5667/5667/1889
f 5668/5668/1890 5669/5669/1890 5670/5670/1890
f 5671/5671/1891 5672/5672/1891 5673/5673/1891
f 5674/5674/1892 5675/5675/1892 5676/5676/1892
f 5677/5677/1893 5678/5678/1893 5679/5679/1893
f 5680/5680/1894 5681/5681/1894 5682/5682/1894
f 5683/5683/1895 5684/5684/1895 5685/5685/1895
f 5686/5686/1896 5687/5687/1896 5688/5688/1896
f 5689/5689/1897 5690/5690/1897 5691/5691/1897
f 5692/5692/1898 5693/5693/1898 5694/5694/1898
f 5695/5695/1899 5696/5696/1899 5697/5697/1899
f 5698/5698/1900 5699/5699/1900 5700/5700/1900
f 5701/5701/1901 5702/5702/1901 5703/5703/1901
f 5704/5704/1902 5705/5705/1902 5706/5706/1902
f 5707/5707/1903 5708/5708/1903 5709/5709/1903
f 5710/5710/1904 5711/5711/1904 5712/5712/1904
f 5713/5713/1905 5714/5714/1905 5715/5715/1905
f 5716/5716/1906 5717/5717/1906 5718/5718/1906
f 5719/5719/1907 5720/5720/1907 5721/5721/1907
f 5722/5722/1908 5723/5723/1908 5724/5724/1908
f 5725/5725/1909 5726/5726/1909 5727/5727/1909
f 5728/5728/1910 5729/5729/1910 5730/5730/1910
f 5731/5731/1911 5732/5732/1911 5733/5733/1911
f 5734/5734/1912 5735/5735/1912 5736/5736/1912
f 5737/5737/1913 5738/5738/1913 5739/5739/1913
f 5740/5740/1914 5741/5741/1914 5742/5742/1914
f 5743/5743/1915 5744/5744/1915 5745/5745/1915
f 5746/5746/1916 5747/5747/1916 5748/5748/1916
f 5749/5749/1917 5750/5750/1917 5751/5751/1917
f 5752/5752/1918 5753/5753/1918 5754/5754/1918
f 5755/5755/1919 5756/5756/1919 5757/5757/1919
f 5758/5758/1920 5759/5759/1920 5760/5760/1920
f 5761/5761/1921 5762/5762/1921 5763/5763/1921
f 5764/5764/1922 5765/5765/1922 5766/5766/1922
f 5767/5767/1923 5768/5768/1923 5769/5769/1923
f 5770/5770/1924 5771/5771/1924 5772/5772/1924
f 5773/5773/1925 5774/5774/1925 5775/5775/1925
f 5776/5776/1926 5777/5777/1926 5778/5778/1926
f 5779/5779/1927 5780/5780/1927 5781/5781/1927
f 5782/5782/1928 5783/5783/1928 5784/5784/1928
f 5785/5785/1929 5786/5786/1929 5787/5787/1929
f 5788/5788/1930 5789/5789/1930 5790/5790/1930
f 5791/5791/1931 5792/5792/1931 5793/5793/1931
f 5794/5794/1932 5795/5795/1932 5796/5796/1932
f 5797/5797/1933 5798/5798/1933 5799/5799/1933
f 5800/5800/1934 5801/5801/1934 5802/5802/1934
f 5803/5803/1935 5804/5804/1935 5805/5805/1935
f 5806/5806/1936 5807/5807/1936 5808/5808/1936
f 5809/5809/1937 5810/5810/1937 5811/5811/1937
f 5812/5812/1938 5813/5813/1938 5814/5814/1938
f 5815/5815/1939 5816/5816/1939 5817/5817/1939
f 5818/5818/1940 5819/5819/1940 5820/5820/1940
f 5821/5821/1941 5822/5822/1941 5823/5823/1941
f 5824/5824/1942 5825/5825/1942 5826/5826/1942
f 5827/5827/1943 5828/5828/1943 5829/5829/1943
f 5830/5830/1944 5831/5831/1944 5832/5832/1944
f 5833/5833/1945 5834/5834/1945 5835/5835/1945
f 5836/5836/1946 5837/5837/1946 5838/5838/1946
f 5839/5839/1947 5840/5840/1947 5841/5841/1947
f 5842/5842/1948 5843/5843/1948 5844/5844/1948
f 5845/5845/1949 5846/5846/1949 5847/5847/1949
f 5848/5848/1950 5849/5849/1950 5850/5850/1950
f 5851/5851/1951 5852/5852/1951 5853/5853/1951
f 5854/5854/1952 5855/5855/1952 5856/5856/1952
f 5857/5857/1953 5858/5858/1953 5859/5859/1953
f 5860/5860/1954 5861/5861/1954 5862/5862/1954
f 5863/5863/1955 5864/5864/1955 5865/5865/1955
f 5866/5866/1956 5867/5867/1956 5868/5868/1956
f 5869/5869/1957 5870/5870/1957 5871/5871/1957
f 5872/5872/1958 5873/5873/1958 5874/5874/1958
f 5875/5875/1959 5876/5876/1959 5877/5877/1959
f 5878/5878/1960 5879/5879/1960 5880/5880/1960
f 5881/5881/1961 5882/5882/1961 5883/5883/1961
f 5884/5884/1962 5885/5885/1962 5886/5886/1962
f 5887/5887/1963 5888/5888/1963 5889/5889/1963
f 5890/5890/1964 5891/5891/1964 5892/5892/1964
f 5893/5893/1965 5894/5894/1965 5895/5895/1965
f 5896/5896/1966 5897/5897/1966 5898/5898/1966
f 5899/5899/1967 5900/5900/1967 5901/5901/1967
f 5902/5902/1968 5903/5903/1968 5904/5904/1968
f 5905/5905/1969 5906/5906/1969 5907/5907/1969
f 5908/5908/1970 5909/5909/1970 5910/5910/1970
f 5911/5911/1971 5912/5912/1971 5913/5913/1971
f 5914/5914/1972 5915/5915/1972 5916/5916/1972
f 5917/5917/1973 5918/5918/1973 5919/5919/1973
f 5920/5920/1974 5921/5921/1974 5922/5922/1974
f 5923/5923/1975 5924/5924/1975 5925/5925/1975
f 5926/5926/1976 5927/5927/1976 5928/5928/1976
f 5929/5929/1977 5930/5930/1977 5931/5931/1977
f 5932/5932/1978 5933/5933/1978 5934/5934/1978
f 5935/5935/1979 5936/5936/1979 5937/5937/1979
f 5938/5938/1980 5939/5939/1980 5940/5940/1980
f 5941/5941/1981 5942/5942/1981 5943/5943/1981
f 5944/5944/1982 5945/5945/1982 5946/5946/1982
f 5947/5947/1983 5948/5948/1983 5949/5949/1983
f 5950/5950/1984 5951/5951/1984 5952/5952/1984
f 5953/5953/1985 5954/5954/1985 5955/5955/1985
f 5956/5956/1986 5957/5957/1986 5958/5958/1986
f 5959/5959/1987 5960/5960/1987 5961/5961/1987
f 5962/5962/1988 5963/5963/1988 5964/5964/1988
f 5965/5965/1989 5966/5966/1989 5967/5967/1989
f 5968/5968/1990 5969/5969/1990 5970/5970/1990
f 5971/5971/1991 5972/5972/1991 5973/5973/1991
f 5974/5974/1992 5975/5975/1992 5976/5976/1992
f 5977/5977/1993 5978/5978/1993 5979/5979/1993
f 5980/5980/1994 5981/5981/1994 5982/5982/1994
f 5983/5983/1995 5984/5984/1995 5985/5985/1995
f 5986/5986/1996 5987/5987/1996 5988/5988/1996
f 5989/5989/1997 5990/5990/1997 5991/5991/1997
f 5992/5992/1998 5993/5993/1998 5994/5994/1998
f 5995/5995/1999 5996/5996/1999 5997/5997/1999
f 5998/5998/2000 5999/5999/2000 6000/6000/2000
f 6001/6001/2001 6002/6002/2001 6003/6003/2001
f 6004/6004/2002 6005/6005/2002 6006/6006/2002
f 6007/6007/2003 6008/6008/2003 6009/6009/2003
f 6010/6010/2004 6011/6011/2004 6012/6012/2004
f 6013/6013/2005 6014/6014/2005 6015/6015/2005
f 6016/6016/2006 6017/6017/2006 6018/6018/2006
f 6019/6019/2007 6020/6020/2007 6021/6021/2007
f 6022/6022/2008 6023/6023/2008 6024/6024/2008
f 6025/6025/2009 6026/6026/2009 6027/6027/2009
f 6028/6028/2010 6029/6029/2010 6030/6030/2010
f 6031/6031/2011 6032/6032/2011 6033/6033/2011
f 6034/6034/2012 6035/6035/2012 6036/6036/2012
f 6037/6037/2013 6038/6038/2013 6039/6039/2013
f 6040/6040/2014 6041/6041/2014 6042/6042/2014
f 6043/6043/2015 6044/6044/2015 6045/6045/2015
f 6046/6046/2016 6047/6047/2016 6048/6048/2016
f 6049/6049/2017 6050/6050/2017 6051/6051/2017
f 6052/6052/2018 6053/6053/2018 6054/6054/2018
f 6055/6055/2019 6056/6056/2019 6057/6057/2019
f 6058/6058/2020 6059/6059/2020 6060/6060/2020
f 6061/6061/2021 6062/6062/2021 6063/6063/2021
f 6064/6064/2022 6065/6065/2022 6066/6066/2022
f 6067/6067/2023 6068/6068/2023 6069/6069/2023
f 6070/6070/2024 6071/6071/2024 6072/6072/2024
f 6073/6073/2025 6074/6074/2025 6075/6075/2025
f 6076/6076/2026 6077/6077/2026 6078/6078/2026
f 6079/6079/2027 6080/6080/2027 6081/6081/2027
f 6082/6082/2028 6083/6083/2028 6084/6084/2028
f 6085/6085/2029 6086/6086/2029 6087/6087/2029
f 6088/6088/2030 6089/6089/2030 6090/6090/2030
f 6091/6091/2031 6092/6092/2031 6093/6093/2031
f 6094/6094/2032 6095/6095/2032 6096/6096/2032
f 6097/6097/2033 6098/6098/2033 6099/6099/2033
f 6100/6100/2034 6101/6101/2034 6102/6102/2034
f 6103/6103/2035 6104/6104/2035 6105/6105/2035
f 6106/6106/2036 6107/6107/2036 6108/6108/2036
f 6109/6109/2037 6110/6110/2037 6111/6111/2037
f 6112/6112/2038 6113/6113/2038 6114/6114/2038
f 6115/6115/2039 6116/6116/2039 6117/6117/2039
f 6118/6118/2040 6119/6119/2040 6120/6120/2040
f 6121/6121/2041 6122/6122/2041 6123/6123/2041
f 6124/6124/2042 6125/6125/2042 6126/6126/2042
f 6127/6127/2043 6128/6128/2043 6129/6129/2043
f 6130/6130/2044 6131/6131/2044 6132/6132/2044
f 6133/6133/2045 6134/6134/2045 6135/6135/2045
f 6136/6136/2046 6137/6137/2046 6138/6138/2046
f 6139/6139/2047 6140/6140/2047 6141/6141/2047
f 6142/6142/2048 6143/6143/2048 6144/6144/2048
f 6145/6145/2049 6146/6146/2049 6147/6147/2049
f 6148/6148/2050 6149/6149/2050 6150/6150/2050
f 6151/6151/2051 6152/6152/2051 6153/6153/2051
f 6154/6154/2052 6155/6155/2052 6156/6156/2052
f 6157/6157/2053 6158/6158/2053 6159/6159/2053
f 6160/6160/2054 6161/6161/2054 6162/6162/2054
f 6163/6163/2055 6164/6164/2055 6165/6165/2055
f 6166/6166/2056 6167/6167/2056 6168/6168/2056
f 6169/6169/2057 6170/6170/2057 6171/6171/2057
f 6172/6172/2058 6173/6173/2058 6174/6174/2058
f 6175/6175/2059 6176/6176/2059 6177/6177/2059
f 6178/6178/2060 6179/6179/2060 6180/6180/2060
f 6181/6181/2061 6182/6182/2061 6183/6183/2061
f 6184/6184/2062 6185/6185/2062 6186/6186/2062
f 6187/6187/2063 6188/6188/2063 6189/6189/2063
f 6190/6190/2064 6191/6191/2064 6192/6192/2064
f 6193/6193/2065 6194/6194/2065 6195/6195/2065
f 6196/6196/2066 6197/6197/2066 6198/6198/2066
f 6199/6199/2067 6200/6200/2067 6201/6201/2067
f 6202/6202/2068 6203/6203/2068 6204/6204/2068
f 6205/6205/2069 6206/6206/2069 6207/6207/2069
f 6208/6208/2070 6209/6209/2070 6210/6210/2070
f 6211/6211/2071 6212/6212/2071 6213/6213/2071
f 6214/6214/2072 6215/6215/2072 6216/6216/2072
f 6217/6217/2073 6218/6218/2073 6219/6219/2073
f 6220/6220/2074 6221/6221/2074 6222/6222/2074
f 6223/6223/2075 6224/6224/2075 6225/6225/2075
f 6226/6226/2076 6227/6227/2076 6228/6228/2076
f 6229/6229/2077 6230/6230/2077 6231/6231/2077
f 6232/6232/2078 6233/6233/2078 6234/6234/2078
f 6235/6235/2079 6236/6236/2079 6237/6237/2079
f 6238/6238/2080 6239/6239/2080 6240/6240/2080
f 6241/6241/2081 6242/6242/2081 6243/6243/2081
f 6244/6244/2082 6245/6245/2082 6246/6246/2082
f 6247/6247/2083 6248/6248/2083 6249/6249/2083
f 6250/6250/2084 6251/6251/2084 6252/6252/2084
f 6253/6253/2085 6254/6254/2085 6255/6255/2085
f 6256/6256/2086 6257/6257/2086 6258/6258/2086
f 6259/6259/2087 6260/6260/2087 6261/6261/2087
f 6262/6262/2088 6263/6263/2088 6264/6264/2088
f 6265/6265/2089 6266/6266/2089 6267/6267/2089
f 6268/6268/2090 6269/6269/2090 6270/6270/2090
f 6271/6271/2091 6272/6272/2091 6273/6273/2091
f 6274/6274/2092 6275/6275/2092 6276/6276/2092
f 6277/6277/2093 6278/6278/2093 6279/6279/2093
f 6280/6280/2094 6281/6281/2094 6282/6282/2094
f 6283/6283/2095 6284/6284/2095 6285/6285/2095
f 6286/6286/2096 6287/6287/2096 6288/6288/2096
f 6289/6289/2097 6290/6290/2097 6291/6291/2097
f 6292/6292/2098 6293/6293/2098 6294/6294/2098
f 6295/6295/2099 6296/6296/2099 6297/6297/2099
f 6298/6298/2100 6299/6299/2100 6300/6300/2100
f 6301/6301/2101 6302/6302/2101 6303/6303/2101
f 6304/6304/2102 6305/6305/2102 6306/6306/2102
f 6307/6307/2103 6308/6308/2103 6309/6309/2103
f 6310/6310/2104 6311/6311/2104 6312/6312/2104
f 6313/6313/2105 6314/6314/2105 6315/6315/2105
f 6316/6316/2106 6317/6317/2106 6318/6318/2106
f 6319/6319/2107 6320/6320/2107 6321/6321/2107
f 6322/6322/2108 6323/6323/2108 6324/6324/2108
f 6325/6325/2109 6326/6326/2109 6327/6327/2109
f 6328/6328/2110 6329/6329/2110 6330/6330/2110
f 6331/6331/2111 6332/6332/2111 6333/6333/2111
f 6334/6334/2112 6335/6335/2112 6336/6336/2112
f 6337/6337/2113 6338/6338/2113 6339/6339/2113
f 6340/6340/2114 6341/6341/2114 6342/6342/2114
f 6343/6343/2115 6344/6344/2115 6345/6345/2115
f 6346/6346/2116 6347/6347/2116 6348/6348/2116
f 6349/6349/2117 6350/6350/2117 6351/6351/2117
f 6352/6352/2118 6353/6353/2118 6354/6354/2118
f 6355/6355/2119 6356/6356/2119 6357/6357/2119
f 6358/6358/2120 6359/6359/2120 6360/6360/2120
f 6361/6361/2121 6362/6362/2121 6363/6363/2121
f 6364/6364/2122 6365/6365/2122 6366/6366/2122
f 6367/6367/2123 6368/6368/2123 6369/6369/2123
f 6370/6370/2124 6371/6371/2124 6372/6372/2124
f 6373/6373/2125 6374/6374/2125 6375/6375/2125
f 6376/6376/2126 6377/6377/2126 6378/6378/2126
f 6379/6379/2127 6380/6380/2127 6381/6381/2127
f 6382/6382/2128 6383/6383/2128 6384/6384/2128
f 6385/6385/2129 6386/6386/2129 6387/6387/2129
f 6388/6388/2130 6389/6389/2130 6390/6390/2130
f 6391/6391/2131 6392/6392/2131 6393/6393/2131
f 6394/6394/2132 6395/6395/2132 6396/6396/2132
f 6397/6397/2133 6398/6398/2133 6399/6399/2133
f 6400/6400/2134 6401/6401/2134 6402/6402/2134
f 6403/6403/2135 6404/6404/2135 6405/6405/2135
f 6406/6406/2136 6407/6407/2136 6408/6408/2136
f 6409/6409/2137 6410/6410/2137 6411/6411/2137
f 6412/6412/2138 6413/6413/2138 6414/6414/2138
f 6415/6415/2139 6416/6416/2139 6417/6417/2139
f 6418/6418/2140 6419/6419/2140 6420/6420/2140
f 6421/6421/2141 6422/6422/2141 6423/6423/2141
f 6424/6424/2142 6425/6425/2142 6426/6426/2142
f 6427/6427/2143 6428/6428/2143 6429/6429/2143
f 6430/6430/2144 6431/6431/2144 6432/6432/2144
f 6433/6433/2145 6434/6434/2145 6435/6435/2145
f 6436/6436/2146 6437/6437/2146 6438/6438/2146
f 6439/6439/2147 6440/6440/2147 6441/6441/2147
f 6442/6442/2148 6443/6443/2148 6444/6444/2148
f 6445/6445/2149 6446/6446/2149 6447/6447/2149
f 6448/6448/2150 6449/6449/2150 6450/6450/2150
f 6451/6451/2151 6452/6452/2151 6453/6453/2151
f 6454/6454/2152 6455/6455/2152 6456/6456/2152
f 6457/6457/2153 6458/6458/2153 6459/6459/2153
f 6460/6460/2154 6461/6461/2154 6462/6462/2154
f 6463/6463/2155 6464/6464/2155 6465/6465/2155
f 6466/6466/2156 6467/6467/2156 6468/6468/2156
f 6469/6469/2157 6470/6470/2157 6471/6471/2157
f 6472/6472/2158 6473/6473/2158 6474/6474/2158
f 6475/6475/2159 6476/6476/2159 6477/6477/2159
f 6478/6478/2160 6479/6479/2160 6480/6480/2160
f 6481/6481/2161 6482/6482/2161 6483/6483/2161
f 6484/6484/2162 6485/6485/2162 6486/6486/2162
f 6487/6487/2163 6488/6488/2163 6489/6489/2163
f 6490/6490/2164 6491/6491/2164 6492/6492/2164
f 6493/6493/2165 6494/6494/2165 6495/6495/2165
f 6496/6496/2166 6497/6497/2166 6498/6498/2166
f 6499/6499/2167 6500/6500/2167 6501/6501/2167
f 6502/6502/2168 6503/6503/2168 6504/6504/2168
f 6505/6505/2169 6506/6506/2169 6507/6507/2169
f 6508/6508/2170 6509/6509/2170 6510/6510/2170
f 6511/6511/2171 6512/6512/2171 6513/6513/2171
f 6514/6514/2172 6515/6515/2172 6516/6516/2172
f 6517/6517/2173 6518/6518/2173 6519/6519/2173
f 6520/6520/2174 6521/6521/2174 6522/6522/2174
f 6523/6523/2175 6524/6524/2175 6525/6525/2175
f 6526/6526/2176 6527/6527/2176 6528/6528/2176
f 6529/6529/2177 6530/6530/2177 6531/6531/2177
f 6532/6532/2178 6533/6533/2178 6534/6534/2178
f 6535/6535/2179 6536/6536/2179 6537/6537/2179
f 6538/6538/2180 6539/6539/2180 6540/6540/2180
f 6541/6541/2181 6542/6542/2181 6543/6543/2181
f 6544/6544/2182 6545/6545/2182 6546/6546/2182
f 6547/6547/2183 6548/6548/2183 6549/6549/2183
f 6550/6550/2184 6551/6551/2184 6552/6552/2184
f 6553/6553/2185 6554/6554/2185 6555/6555/2185
f 6556/6556/2186 6557/6557/2186 6558/6558/2186
f 6559/6559/2187 6560/6560/2187 6561/6561/2187
f 6562/6562/2188 6563/6563/2188 6564/6564/2188
f 6565/6565/2189 6566/6566/2189 6567/6567/2189
f 6568/6568/2190 6569/6569/2190 6570/6570/2190
f 6571/6571/2191 6572/6572/2191 6573/6573/2191
f 6574/6574/2192 6575/6575/2192 6576/6576/2192
f 6577/6577/2193 6578/6578/2193 6579/6579/2193
f 6580/6580/2194 6581/6581/2194 6582/6582/2194
f 6583/6583/2195 6584/6584/2195 6585/6585/2195
f 6586/6586/2196 6587/6587/2196 6588/6588/2196
f 6589/6589/2197 6590/6590/2197 6591/6591/2197
f 6592/6592/2198 6593/6593/2198 6594/6594/2198
f 6595/6595/2199 6596/6596/2199 6597/6597/2199
f 6598/6598/2200 6599/6599/2200 6600/6600/2200
f 6601/6601/2201 6602/6602/2201 6603/6603/2201
f 6604/6604/2202 6605/6605/2202 6606/6606/2202
f 6607/6607/2203 6608/6608/2203 6609/6609/2203
f 6610/6610/2204 6611/6611/2204 6612/6612/2204
f 6613/6613/2205 6614/6614/2205 6615/6615/2205
f 6616/6616/2206 6617/6617/2206 6618/6618/2206
f 6619/6619/2207 6620/6620/2207 6621/6621/2207
f 6622/6622/2208 6623/6623/2208 6624/6624/2208
f 6625/6625/2209 6626/6626/2209 6627/6627/2209
f 6628/6628/2210 6629/6629/2210 6630/6630/2210
f 6631/6631/2211 6632/6632/2211 6633/6633/2211
f 6634/6634/2212 6635/6635/2212 6636/6636/2212
f 6637/6637/2213 6638/6638/2213 6639/6639/2213
f 6640/6640/2214 6641/6641/2214 6642/6642/2214
f 6643/6643/2215 6644/6644/2215 6645/6645/2215
f 6646/6646/2216 6647/6647/2216 6648/6648/2216
f 6649/6649/2217 6650/6650/2217 6651/6651/2217
f 6652/6652/2218 6653/6653/2218 6654/6654/2218
f 6655/6655/2219 6656/6656/2219 6657/6657/2219
f 6658/6658/2220 6659/6659/2220 6660/6660/2220
f 6661/6661/2221 6662/6662/2221 6663/6663/2221
f 6664/6664/2222 6665/6665/2222 6666/6666/2222
f 6667/6667/2223 6668/6668/2223 6669/6669/2223
f 6670/6670/2224 6671/6671/2224 6672/6672/2224
f 6673/6673/2225 6674/6674/2225 6675/6675/2225
f 6676/6676/2226 6677/6677/2226 6678/6678/2226
f 6679/6679/2227 6680/6680/2227 6681/6681/2227
f 6682/6682/2228 6683/6683/2228 6684/6684/2228
f 6685/6685/2229 6686/6686/2229 6687/6687/2229
f 6688/6688/2230 6689/6689/2230 6690/6690/2230
f 6691/6691/2231 6692/6692/2231 6693/6693/2231
f 6694/6694/2232 6695/6695/2232 6696/6696/2232
f 6697/6697/2233 6698/6698/2233 6699/6699/2233
f 6700/6700/2234 6701/6701/2234 6702/6702/2234
f 6703/6703/2235 6704/6704/2235 6705/6705/2235
f 6706/6706/2236 6707/6707/2236 6708/6708/2236
f 6709/6709/2237 6710/6710/2237 6711/6711/2237
f 6712/6712/2238 6713/6713/2238 6714/6714/2238
f 6715/6715/2239 6716/6716/2239 6717/6717/2239
f 6718/6718/2240 6719/6719/2240 6720/6720/2240
f 6721/6721/2241 6722/6722/2241 6723/6723/2241
f 6724/6724/2242 6725/6725/2242 6726/6726/2242
f 6727/6727/2243 6728/6728/2243 6729/6729/2243
f 6730/6730/2244 6731/6731/2244 6732/6732/2244
f 6733/6733/2245 6734/6734/2245 6735/6735/2245
f 6736/6736/2246 6737/6737/2246 6738/6738/2246
f 6739/6739/2247 6740/6740/2247 6741/6741/2247
f 6742/6742/2248 6743/6743/2248 6744/6744/2248
f 6745/6745/2249 6746/6746/2249 6747/6747/2249
f 6748/6748/2250 6749/6749/2250 6750/6750/2250
f 6751/6751/2251 6752/6752/2251 6753/6753/2251
f 6754/6754/2252 6755/6755/2252 6756/6756/2252
f 6757/6757/2253 6758/6758/2253 6759/6759/2253
f 6760/6760/2254 6761/6761/2254 6762/6762/2254
f 6763/6763/2255 6764/6764/2255 6765/6765/2255
f 6766/6766/2256 6767/6767/2256 6768/6768/2256
f 6769/6769/2257 6770/6770/2257 6771/6771/2257
f 6772/6772/2258 6773/6773/2258 6774/6774/2258
f 6775/6775/2259 6776/6776/2259 6777/6777/2259
f 6778/6778/2260 6779/6779/2260 6780/6780/2260
f 6781/6781/2261 6782/6782/2261 6783/6783/2261
f 6784/6784/2262 6785/6785/2262 6786/6786/2262
f 6787/6787/2263 6788/6788/2263 6789/6789/2263
f 6790/6790/2264 6791/6791/2264 6792/6792/2264
f 6793/6793/2265 6794/6794/2265 6795/6795/2265
f 6796/6796/2266 6797/6797/2266 6798/6798/2266
f 6799/6799/2267 6800/6800/2267 6801/6801/2267
f 6802/6802/2268 6803/6803/2268 6804/6804/2268
f 6805/6805/2269 6806/6806/2269 6807/6807/2269
f 6808/6808/2270 6809/6809/2270 6810/6810/2270
f 6811/6811/2271 6812/6812/2271 6813/6813/2271
f 6814/6814/2272 6815/6815/2272 6816/6816/2272
f 6817/6817/2273 6818/6818/2273 6819/6819/2273
f 6820/6820/2274 6821/6821/2274 6822/6822/2274
f 6823/6823/2275 6824/6824/2275 6825/6825/2275
f 6826/6826/2276 6827/6827/2276 6828/6828/2276
f 6829/6829/2277 6830/6830/2277 6831/6831/2277
f 6832/6832/2278 6833/6833/2278 6834/6834/2278
f 6835/6835/2279 6836/6836/2279 6837/6837/2279
f 6838/6838/2280 6839/6839/2280 6840/6840/2280
f 6841/6841/2281 6842/6842/2281 6843/6843/2281
f 6844/6844/2282 6845/6845/2282 6846/6846/2282
f 6847/6847/2283 6848/6848/2283 6849/6849/2283
f 6850/6850/2284 6851/6851/2284 6852/6852/2284
f 6853/6853/2285 6854/6854/2285 6855/6855/2285
f 6856/6856/2286 6857/6857/2286 6858/6858/2286
f 6859/6859/2287 6860/6860/2287 6861/6861/2287
f 6862/6862/2288 6863/6863/2288 6864/6864/2288
f 6865/6865/2289 6866/6866/2289 6867/6867/2289
f 6868/6868/2290 6869/6869/2290 6870/6870/2290
f 6871/6871/2291 6872/6872/2291 6873/6873/2291
f 6874/6874/2292 6875/6875/2292 6876/6876/2292
f 6877/6877/2293 6878/6878/2293 6879/6879/2293
f 6880/6880/2294 6881/6881/2294 6882/6882/2294
f 6883/6883/2295 6884/6884/2295 6885/6885/2295
f 6886/6886/2296 6887/6887/2296 6888/6888/2296
f 6889/6889/2297 6890/6890/2297 6891/6891/2297
f 6892/6892/2298 6893/6893/2298 6894/6894/2298
f 6895/6895/2299 6896/6896/2299 6897/6897/2299
f 6898/6898/2300 6899/6899/2300 6900/6900/2300
f 6901/6901/2301 6902/6902/2301 6903/6903/2301
f 6904/6904/2302 6905/6905/2302 6906/6906/2302
f 6907/6907/2303 6908/6908/2303 6909/6909/2303
f 6910/6910/2304 6911/6911/2304 6912/6912/2304
f 6913/6913/2305 6914/6914/2305 6915/6915/2305
f 6916/6916/2306 6917/6917/2306 6918/6918/2306
f 6919/6919/2307 6920/6920/2307 6921/6921/2307
f 6922/6922/2308 6923/6923/2308 6924/6924/2308
f 6925/6925/2309 6926/6926/2309 6927/6927/2309
f 6928/6928/2310 6929/6929/2310 6930/6930/2310
f 6931/6931/2311 6932/6932/2311 6933/6933/2311
f 6934/6934/2312 6935/6935/2312 6936/6936/2312
f 6937/6937/2313 6938/6938/2313 6939/6939/2313
f 6940/6940/2314 6941/6941/2314 6942/6942/2314
f 6943/6943/2315 6944/6944/2315 6945/6945/2315
f 6946/6946/2316 6947/6947/2316 6948/6948/2316
f 6949/6949/2317 6950/6950/2317 6951/6951/2317
f 6952/6952/2318 6953/6953/2318 6954/6954/2318
f 6955/6955/2319 6956/6956/2319 6957/6957/2319
f 6958/6958/2320 6959/6959/2320 6960/6960/2320
f 6961/6961/2321 6962/6962/2321 6963/6963/2321
f 6964/6964/2322 6965/6965/2322 6966/6966/2322
f 6967/6967/2323 6968/6968/2323 6969/6969/2323
f 6970/6970/2324 6971/6971/2324 6972/6972/2324
f 6973/6973/2325 6974/6974/2325 6975/6975/2325
f 6976/6976/2326 6977/6977/2326 6978/6978/2326
f 6979/6979/2327 6980/6980/2327 6981/6981/2327
f 6982/6982/2328 6983/6983/2328 6984/6984/2328
f 6985/6985/2329 6986/6986/2329 6987/6987/2329
f 6988/6988/2330 6989/6989/2330 6990/6990/2330
f 6991/6991/2331 6992/6992/2331 6993/6993/2331
f 6994/6994/2332 6995/6995/2332 6996/6996/2332
f 6997/6997/2333 6998/6998/2333 6999/6999/2333
f 7000/7000/2334 7001/7001/2334 7002/7002/2334
f 7003/7003/2335 7004/7004/2335 7005/7005/2335
f 7006/7006/2336 7007/7007/2336 7008/7008/2336
f 7009/7009/2337 7010/7010/2337 7011/7011/2337
f 7012/7012/2338 7013/7013/2338 7014/7014/2338
f 7015/7015/2339 7016/7016/2339 7017/7017/2339
f 7018/7018/2340 7019/7019/2340 7020/7020/2340
f 7021/7021/2341 7022/7022/2341 7023/7023/2341
f 7024/7024/2342 7025/7025/2342 7026/7026/2342
f 7027/7027/2343 7028/7028/2343 7029/7029/2343
f 7030/7030/2344 7031/7031/2344 7032/7032/2344
f 7033/7033/2345 7034/7034/2345 7035/7035/2345
f 7036/7036/2346 7037/7037/2346 7038/7038/2346
f 7039/7039/2347 7040/7040/2347 7041/7041/2347
f 7042/7042/2348 7043/7043/2348 7044/7044/2348
f 7045/7045/2349 7046/7046/2349 7047/7047/2349
f 7048/7048/2350 7049/7049/2350 7050/7050/2350
f 7051/7051/2351 7052/7052/2351 7053/7053/2351
f 7054/7054/2352 7055/7055/2352 7056/7056/2352
f 7057/7057/2353 7058/7058/2353 7059/7059/2353
f 7060/7060/2354 7061/7061/2354 7062/7062/2354
f 7063/7063/2355 7064/7064/2355 7065/7065/2355
f 7066/7066/2356 7067/7067/2356 7068/7068/2356
f 7069/7069/2357 7070/7070/2357 7071/7071/2357
f 7072/7072/2358 7073/7073/2358 7074/7074/2358
f 7075/7075/2359 7076/7076/2359 7077/7077/2359
f 7078/7078/2360 7079/7079/2360 7080/7080/2360
f 7081/7081/2361 7082/7082/2361 7083/7083/2361
f 7084/7084/2362 7085/7085/2362 7086/7086/2362
f 7087/7087/2363 7088/7088/2363 7089/7089/2363
f 7090/7090/2364 7091/7091/2364 7092/7092/2364
f 7093/7093/2365 7094/7094/2365 7095/7095/2365
f 7096/7096/2366 7097/7097/2366 7098/7098/2366
f 7099/7099/2367 7100/7100/2367 7101/7101/2367
f 7102/7102/2368 7103/7103/2368 7104/7104/2368
f 7105/7105/2369 7106/7106/2369 7107/7107/2369
f 7108/7108/2370 7109/7109/2370 7110/7110/2370
f 7111/7111/2371 7112/7112/2371 7113/7113/2371
f 7114/7114/2372 7115/7115/2372 7116/7116/2372
f 7117/7117/2373 7118/7118/2373 7119/7119/2373
f 7120/7120/2374 7121/7121/2374 7122/7122/2374
f 7123/7123/2375 7124/7124/2375 7125/7125/2375
f 7126/7126/2376 7127/7127/2376 7128/7128/2376
f 7129/7129/2377 7130/7130/2377 7131/7131/2377
f 7132/7132/2378 7133/7133/2378 7134/7134/2378
f 7135/7135/2379 7136/7136/2379 7137/7137/2379
f 7138/7138/2380 7139/7139/2380 7140/7140/2380
f 7141/7141/2381 7142/7142/2381 7143/7143/2381
f 7144/7144/2382 7145/7145/2382 7146/7146/2382
f 7147/7147/2383 7148/7148/2383 7149/7149/2383
f 7150/7150/2384 7151/7151/2384 7152/7152/2384
f 7153/7153/2385 7154/7154/2385 7155/7155/2385
f 7156/7156/2386 7157/7157/2386 7158/7158/2386
f 7159/7159/2387 7160/7160/2387 7161/7161/2387
f 7162/7162/2388 7163/7163/2388 7164/7164/2388
f 7165/7165/2389 7166/7166/2389 7167/7167/2389
f 7168/7168/2390 7169/7169/2390 7170/7170/2390
f 7171/7171/2391 7172/7172/2391 7173/7173/2391
f 7174/7174/2392 7175/7175/2392 7176/7176/2392
f 7177/7177/2393 7178/7178/2393 7179/7179/2393
f 7180/7180/2394 7181/7181/2394 7182/7182/2394
f 7183/7183/2395 7184/7184/2395 7185/7185/2395
f 7186/7186/2396 7187/7187/2396 7188/7188/2396
f 7189/7189/2397 7190/7190/2397 7191/7191/2397
f 7192/7192/2398 7193/7193/2398 7194/7194/2398
f 7195/7195/2399 7196/7196/2399 7197/7197/2399
f 7198/7198/2400 7199/7199/2400 7200/7200/2400
f 7201/7201/2401 7202/7202/2401 7203/7203/2401
f 7204/7204/2402 7205/7205/2402 7206/7206/2402
f 7207/7207/2403 7208/7208/2403 7209/7209/2403
f 7210/7210/2404 7211/7211/2404 7212/7212/2404
f 7213/7213/2405 7214/7214/2405 7215/7215/2405
f 7216/7216/2406 7217/7217/2406 7218/7218/2406
f 7219/7219/2407 7220/7220/2407 7221/7221/2407
f 7222/7222/2408 7223/7223/2408 7224/7224/2408
f 7225/7225/2409 7226/7226/2409 7227/7227/2409
f 7228/7228/2410 7229/7229/2410 7230/7230/2410
f 7231/7231/2411 7232/7232/2411 7233/7233/2411
f 7234/7234/2412 7235/7235/2412 7236/7236/2412
f 7237/7237/2413 7238/7238/2413 7239/7239/2413
f 7240/7240/2414 7241/7241/2414 7242/7242/2414
f 7243/7243/2415 7244/7244/2415 7245/7245/2415
f 7246/7246/2416 7247/7247/2416 7248/7248/2416
f 7249/7249/2417 7250/7250/2417 7251/7251/2417
f 7252/7252/2418 7253/7253/2418 7254/7254/2418
f 7255/7255/2419 7256/7256/2419 7257/7257/2419
f 7258/7258/2420 7259/7259/2420 7260/7260/2420
f 7261/7261/2421 7262/7262/2421 7263/7263/2421
f 7264/7264/2422 7265/7265/2422 7266/7266/2422
f 7267/7267/2423 7268/7268/2423 7269/7269/2423
f 7270/7270/2424 7271/7271/2424 7272/7272/2424
f 7273/7273/2425 7274/7274/2425 7275/7275/2425
f 7276/7276/2426 7277/7277/2426 7278/7278/2426
f 7279/7279/2427 7280/7280/2427 7281/7281/2427
f 7282/7282/2428 7283/7283/2428 7284/7284/2428
f 7285/7285/2429 7286/7286/2429 7287/7287/2429
f 7288/7288/2430 7289/7289/2430 7290/7290/2430
f 7291/7291/2431 7292/7292/2431 7293/7293/2431
f 7294/7294/2432 7295/7295/2432 7296/7296/2432
f 7297/7297/2433 7298/7298/2433 7299/7299/2433
f 7300/7300/2434 7301/7301/2434 7302/7302/2434
f 7303/7303/2435 7304/7304/2435 7305/7305/2435
f 7306/7306/2436 7307/7307/2436 7308/7308/2436
f 7309/7309/2437 7310/7310/2437 7311/7311/2437
f 7312/7312/2438 7313/7313/2438 7314/7314/2438
f 7315/7315/2439 7316/7316/2439 7317/7317/2439
f 7318/7318/2440 7319/7319/2440 7320/7320/2440
f 7321/7321/2441 7322/7322/2441 7323/7323/2441
f 7324/7324/2442 7325/7325/2442 7326/7326/2442
f 7327/7327/2443 7328/7328/2443 7329/7329/2443
f 7330/7330/2444 7331/7331/2444 7332/7332/2444
f 7333/7333/2445 7334/7334/2445 7335/7335/2445
f 7336/7336/2446 7337/7337/2446 7338/7338/2446
f 7339/7339/2447 7340/7340/2447 7341/7341/2447
f 7342/7342/2448 7343/7343/2448 7344/7344/2448
f 7345/7345/2449 7346/7346/2449 7347/7347/2449
f 7348/7348/2450 7349/7349/2450 7350/7350/2450
f 7351/7351/2451 7352/7352/2451 7353/7353/2451
f 7354/7354/2452 7355/7355/2452 7356/7356/2452
f 7357/7357/2453 7358/7358/2453 7359/7359/2453
f 7360/7360/2454 7361/7361/2454 7362/7362/2454
f 7363/7363/2455 7364/7364/2455 7365/7365/2455
f 7366/7366/2456 7367/7367/2456 7368/7368/2456
f 7369/7369/2457 7370/7370/2457 7371/7371/2457
f 7372/7372/2458 7373/7373/2458 7374/7374/2458
f 7375/7375/2459 7376/7376/2459 7377/7377/2459
f 7378/7378/2460 7379/7379/2460 7380/7380/2460
f 7381/7381/2461 7382/7382/2461 7383/7383/2461
f 7384/7384/2462 7385/7385/2462 7386/7386/2462
f 7387/7387/2463 7388/7388/2463 7389/7389/2463
f 7390/7390/2464 7391/7391/2464 7392/7392/2464
f 7393/7393/2465 7394/7394/2465 7395/7395/2465
f 7396/7396/2466 7397/7397/2466 7398/7398/2466
f 7399/7399/2467 7400/7400/2467 7401/7401/2467
f 7402/7402/2468 7403/7403/2468 7404/7404/2468
f 7405/7405/2469 7406/7406/2469 7407/7407/2469
f 7408/7408/2470 7409/7409/2470 7410/7410/2470
f 7411/7411/2471 7412/7412/2471 7413/7413/2471
f 7414/7414/2472 7415/7415/2472 7416/7416/2472
f 7417/7417/2473 7418/7418/2473 7419/7419/2473
f 7420/7420/2474 7421/7421/2474 7422/7422/2474
f 7423/7423/2475 7424/7424/2475 7425/7425/2475
f 7426/7426/2476 7427/7427/2476 7428/7428/2476
f 7429/7429/2477 7430/7430/2477 7431/7431/2477
f 7432/7432/2478 7433/7433/2478 7434/7434/2478
f 7435/7435/2479 7436/7436/2479 7437/7437/2479
f 7438/7438/2480 7439/7439/2480 7440/7440/2480
f 7441/7441/2481 7442/7442/2481 7443/7443/2481
f 7444/7444/2482 7445/7445/2482 7446/7446/2482
f 7447/7447/2483 7448/7448/2483 7449/7449/2483
f 7450/7450/2484 7451/7451/2484 7452/7452/2484
f 7453/7453/2485 7454/7454/2485 7455/7455/2485
f 7456/7456/2486 7457/7457/2486 7458/7458/2486
f 7459/7459/2487 7460/7460/2487 7461/7461/2487
f 7462/7462/2488 7463/7463/2488 7464/7464/2488
f 7465/7465/2489 7466/7466/2489 7467/7467/2489
f 7468/7468/2490 7469/7469/2490 7470/7470/2490
f 7471/7471/2491 7472/7472/2491 7473/7473/2491
f 7474/7474/2492 7475/7475/2492 7476/7476/2492
f 7477/7477/2493 7478/7478/2493 7479/7479/2493
f 7480/7480/2494 7481/7481/2494 7482/7482/2494
f 7483/7483/2495 7484/7484/2495 7485/7485/2495
f 7486/7486/2496 7487/7487/2496 7488/7488/2496
f 7489/7489/2497 7490/7490/2497 7491/7491/2497
f 7492/7492/2498 7493/7493/2498 7494/7494/2498
f 7495/7495/2499 7496/7496/2499 7497/7497/2499
f 7498/7498/2500 7499/7499/2500 7500/7500/2500
f 7501/7501/2501 7502/7502/2501 7503/7503/2501
f 7504/7504/2502 7505/7505/2502 7506/7506/2502
f 7507/7507/2503 7508/7508/2503 7509/7509/2503
f 7510/7510/2504 7511/7511/2504 7512/7512/2504
f 7513/7513/2505 7514/7514/2505 7515/7515/2505
f 7516/7516/2506 7517/7517/2506 7518/7518/2506
f 7519/7519/2507 7520/7520/2507 7521/7521/2507
f 7522/7522/2508 7523/7523/2508 7524/7524/2508
f 7525/7525/2509 7526/7526/2509 7527/7527/2509
f 7528/7528/2510 7529/7529/2510 7530/7530/2510
f 7531/7531/2511 7532/7532/2511 7533/7533/2511
f 7534/7534/2512 7535/7535/2512 7536/7536/2512
f 7537/7537/2513 7538/7538/2513 7539/7539/2513
f 7540/7540/2514 7541/7541/2514 7542/7542/2514
f 7543/7543/2515 7544/7544/2515 7545/7545/2515
f 7546/7546/2516 7547/7547/2516 7548/7548/2516
f 7549/7549/2517 7550/7550/2517 7551/7551/2517
f 7552/7552/2518 7553/7553/2518 7554/7554/2518
f 7555/7555/2519 7556/7556/2519 7557/7557/2519
f 7558/7558/2520 7559/7559/2520 7560/7560/2520
f 7561/7561/2521 7562/7562/2521 7563/7563/2521
f 7564/7564/2522 7565/7565/2522 7566/7566/2522
f 7567/7567/2523 7568/7568/2523 7569/7569/2523
f 7570/7570/2524 7571/7571/2524 7572/7572/2524
f 7573/7573/2525 7574/7574/2525 7575/7575/2525
f 7576/7576/2526 7577/7577/2526 7578/7578/2526
f 7579/7579/2527 7580/7580/2527 7581/7581/2527
f 7582/7582/2528 7583/7583/2528 7584/7584/2528
f 7585/7585/2529 7586/7586/2529 7587/7587/2529
f 7588/7588/2530 7589/7589/2530 7590/7590/2530
f 7591/7591/2531 7592/7592/2531 7593/7593/2531
f 7594/7594/2532 7595/7595/2532 7596/7596/2532
f 7597/7597/2533 7598/7598/2533 7599/7599/2533
f 7600/7600/2534 7601/7601/2534 7602/7602/2534
f 7603/7603/2535 7604/7604/2535 7605/7605/2535
f 7606/7606/2536 7607/7607/2536 7608/7608/2536
f 7609/7609/2537 7610/7610/2537 7611/7611/2537
f 7612/7612/2538 7613/7613/2538 7614/7614/2538
f 7615/7615/2539 7616/7616/2539 7617/7617/2539
f 7618/7618/2540 7619/7619/2540 7620/7620/2540
f 7621/7621/2541 7622/7622/2541 7623/7623/2541
f 7624/7624/2542 7625/7625/2542 7626/7626/2542
f 7627/7627/2543 7628/7628/2543 7629/7629/2543
f 7630/7630/2544 7631/7631/2544 7632/7632/2544
f 7633/7633/2545 7634/7634/2545 7635/7635/2545
f 7636/7636/2546 7637/7637/2546 7638/7638/2546
f 7639/7639/2547 7640/7640/2547 7641/7641/2547
f 7642/7642/2548 7643/7643/2548 7644/7644/2548
f 7645/7645/2549 7646/7646/2549 7647/7647/2549
f 7648/7648/2550 7649/7649/2550 7650/7650/2550
f 7651/7651/2551 7652/7652/2551 7653/7653/2551
f 7654/7654/2552 7655/7655/2552 7656/7656/2552
f 7657/7657/2553 7658/7658/2553 7659/7659/2553
f 7660/7660/2554 7661/7661/2554 7662/7662/2554
f 7663/7663/2555 7664/7664/2555 7665/7665/2555
f 7666/7666/2556 7667/7667/2556 7668/7668/2556
f 7669/7669/2557 7670/7670/2557 7671/7671/2557
f 7672/7672/2558 7673/7673/2558 7674/7674/2558
f 7675/7675/2559 7676/7676/2559 7677/7677/2559
f 7678/7678/2560 7679/7679/2560 7680/7680/2560
f 7681/7681/2561 7682/7682/2561 7683/7683/2561
f 7684/7684/2562 7685/7685/2562 7686/7686/2562
f 7687/7687/2563 7688/7688/2563 7689/7689/2563
f 7690/7690/2564 7691/7691/2564 7692/7692/2564
f 7693/7693/2565 7694/7694/2565 7695/7695/2565
f 7696/7696/2566 7697/7697/2566 7698/7698/2566
f 7699/7699/2567 7700/7700/2567 7701/7701/2567
f 7702/7702/2568 7703/7703/2568 7704/7704/2568
f 7705/7705/2569 7706/7706/2569 7707/7707/2569
f 7708/7708/2570 7709/7709/2570 7710/7710/2570
f 7711/7711/2571 7712/7712/2571 7713/7713/2571
f 7714/7714/2572 7715/7715/2572 7716/7716/2572
f 7717/7717/2573 7718/7718/2573 7719/7719/2573
f 7720/7720/2574 7721/7721/2574 7722/7722/2574
f 7723/7723/2575 7724/7724/2575 7725/7725/2575
f 7726/7726/2576 7727/7727/2576 7728/7728/2576
f 7729/7729/2577 7730/7730/2577 7731/7731/2577
f 7732/7732/2578 7733/7733/2578 7734/7734/2578
f 7735/7735/2579 7736/7736/2579 7737/7737/2579
f 7738/7738/2580 7739/7739/2580 7740/7740/2580
f 7741/7741/2581 7742/7742/2581 7743/7743/2581
f 7744/7744/2582 7745/7745/2582 7746/7746/2582
f 7747/7747/2583 7748/7748/2583 7749/7749/2583
f 7750/7750/2584 7751/7751/2584 7752/7752/2584
f 7753/7753/2585 7754/7754/2585 7755/7755/2585
f 7756/7756/2586 7757/7757/2586 7758/7758/2586
f 7759/7759/2587 7760/7760/2587 7761/7761/2587
f 7762/7762/2588 7763/7763/2588 7764/7764/2588
f 7765/7765/2589 7766/7766/2589 7767/7767/2589
f 7768/7768/2590 7769/7769/2590 7770/7770/2590
f 7771/7771/2591 7772/7772/2591 7773/7773/2591
f 7774/7774/2592 7775/7775/2592 7776/7776/2592
f 7777/7777/2593 7778/7778/2593 7779/7779/2593
f 7780/7780/2594 7781/7781/2594 7782/7782/2594
f 7783/7783/2595 7784/7784/2595 7785/7785/2595
f 7786/7786/2596 7787/7787/2596 7788/7788/2596
f 7789/7789/2597 7790/7790/2597 7791/7791/2597
f 7792/7792/2598 7793/7793/2598 7794/7794/2598
f 7795/7795/2599 7796/7796/2599 7797/7797/2599
f 7798/7798/2600 7799/7799/2600 7800/7800/2600
f 7801/7801/2601 7802/7802/2601 7803/7803/2601
f 7804/7804/2602 7805/7805/2602 7806/7806/2602
f 7807/7807/2603 7808/7808/2603 7809/7809/2603
f 7810/7810/2604 7811/7811/2604 7812/7812/2604
f 7813/7813/2605 7814/7814/2605 7815/7815/2605
f 7816/7816/2606 7817/7817/2606 7818/7818/2606
f 7819/7819/2607 7820/7820/2607 7821/7821/2607
f 7822/7822/2608 7823/7823/2608 7824/7824/2608
f 7825/7825/2609 7826/7826/2609 7827/7827/2609
f 7828/7828/2610 7829/7829/2610 7830/7830/2610
f 7831/7831/2611 7832/7832/2611 7833/7833/2611
f 7834/7834/2612 7835/7835/2612 7836/7836/2612
f 7837/7837/2613 7838/7838/2613 7839/7839/2613
f 7840/7840/2614 7841/7841/2614 7842/7842/2614
f 7843/7843/2615 7844/7844/2615 7845/7845/2615
f 7846/7846/2616 7847/7847/2616 7848/7848/2616
f 7849/7849/2617 7850/7850/2617 7851/7851/2617
f 7852/7852/2618 7853/7853/2618 7854/7854/2618
f 7855/7855/2619 7856/7856/2619 7857/7857/2619
f 7858/7858/2620 7859/7859/2620 7860/7860/2620
f 7861/7861/2621 7862/7862/2621 7863/7863/2621
f 7864/7864/2622 7865/7865/2622 7866/7866/2622
f 7867/7867/2623 7868/7868/2623 7869/7869/2623
f 7870/7870/2624 7871/7871/2624 7872/7872/2624
f 7873/7873/2625 7874/7874/2625 7875/7875/2625
f 7876/7876/2626 7877/7877/2626 7878/7878/2626
f 7879/7879/2627 7880/7880/2627 7881/7881/2627
f 7882/7882/2628 7883/7883/2628 7884/7884/2628
f 7885/7885/2629 7886/7886/2629 7887/7887/2629
f 7888/7888/2630 7889/7889/2630 7890/7890/2630
f 7891/7891/2631 7892/7892/2631 7893/7893/2631
f 7894/7894/2632 7895/7895/2632 7896/7896/2632
f 7897/7897/2633 7898/7898/2633 7899/7899/2633
f 7900/7900/2634 7901/7901/2634 7902/7902/2634
f 7903/7903/2635 7904/7904/2635 7905/7905/2635
f 7906/7906/2636 7907/7907/2636 7908/7908/2636
f 7909/7909/2637 7910/7910/2637 7911/7911/2637
f 7912/7912/2638 7913/7913/2638 7914/7914/2638
f 7915/7915/2639 7916/7916/2639 7917/7917/2639
f 7918/7918/2640 7919/7919/2640 7920/7920/2640
f 7921/7921/2641 7922/7922/2641 7923/7923/2641
f 7924/7924/2642 7925/7925/2642 7926/7926/2642
f 7927/7927/2643 7928/7928/2643 7929/7929/2643
f 7930/7930/2644 7931/7931/2644 7932/7932/2644
f 7933/7933/2645 7934/7934/2645 7935/7935/2645
f 7936/7936/2646 7937/7937/2646 7938/7938/2646
f 7939/7939/2647 7940/7940/2647 7941/7941/2647
f 7942/7942/2648 7943/7943/2648 7944/7944/2648
f 7945/7945/2649 7946/7946/2649 7947/7947/2649
f 7948/7948/2650 7949/7949/2650 7950/7950/2650
f 7951/7951/2651 7952/7952/2651 7953/7953/2651
f 7954/7954/2652 7955/7955/2652 7956/7956/2652
f 7957/7957/2653 7958/7958/2653 7959/7959/2653
f 7960/7960/2654 7961/7961/2654 7962/7962/2654
f 7963/7963/2655 7964/7964/2655 7965/7965/2655
f 7966/7966/2656 7967/7967/2656 7968/7968/2656
f 7969/7969/2657 7970/7970/2657 7971/7971/2657
f 7972/7972/2658 7973/7973/2658 7974/7974/2658
f 7975/7975/2659 7976/7976/2659 7977/7977/2659
f 7978/7978/2660 7979/7979/2660 7980/7980/2660
f 7981/7981/2661 7982/7982/2661 7983/7983/2661
f 7984/7984/2662 7985/7985/2662 7986/7986/2662
f 7987/7987/2663 7988/7988/2663 7989/7989/2663
f 7990/7990/2664 7991/7991/2664 7992/7992/2664
f 7993/7993/2665 7994/7994/2665 7995/7995/2665
f 7996/7996/2666 7997/7997/2666 7998/7998/2666
f 7999/7999/2667 8000/8000/2667 8001/8001/2667
f 8002/8002/2668 8003/8003/2668 8004/8004/2668
f 8005/8005/2669 8006/8006/2669 8007/8007/2669
f 8008/8008/2670 8009/8009/2670 8010/8010/2670
f 8011/8011/2671 8012/8012/2671 8013/8013/2671
f 8014/8014/2672 8015/8015/2672 8016/8016/2672
f 8017/8017/2673 8018/8018/2673 8019/8019/2673
f 8020/8020/2674 8021/8021/2674 8022/8022/2674
f 8023/8023/2675 8024/8024/2675 8025/8025/2675
f 8026/8026/2676 8027/8027/2676 8028/8028/2676
f 8029/8029/2677 8030/8030/2677 8031/8031/2677
f 8032/8032/2678 8033/8033/2678 8034/8034/2678
f 8035/8035/2679 8036/8036/2679 8037/8037/2679
f 8038/8038/2680 8039/8039/2680 8040/8040/2680
f 8041/8041/2681 8042/8042/2681 8043/8043/2681
f 8044/8044/2682 8045/8045/2682 8046/8046/2682
f 8047/8047/2683 8048/8048/2683 8049/8049/2683
f 8050/8050/2684 8051/8051/2684 8052/8052/2684
f 8053/8053/2685 8054/8054/2685 8055/8055/2685
f 8056/8056/2686 8057/8057/2686 8058/8058/2686
f 8059/8059/2687 8060/8060/2687 8061/8061/2687
f 8062/8062/2688 8063/8063/2688 8064/8064/2688
f 8065/8065/2689 8066/8066/2689 8067/8067/2689
f 8068/8068/2690 8069/8069/2690 8070/8070/2690
f 8071/8071/2691 8072/8072/2691 8073/8073/2691
f 8074/8074/2692 8075/8075/2692 8076/8076/2692
f 8077/8077/2693 8078/8078/2693 8079/8079/2693
f 8080/8080/2694 8081/8081/2694 8082/8082/2694
f 8083/8083/2695 8084/8084/2695 8085/8085/2695
f 8086/8086/2696 8087/8087/2696 8088/8088/2696
f 8089/8089/2697 8090/8090/2697 8091/8091/2697
f 8092/8092/2698 8093/8093/2698 8094/8094/2698
f 8095/8095/2699 8096/8096/2699 8097/8097/2699
f 8098/8098/2700 8099/8099/2700 8100/8100/2700
f 8101/8101/2701 8102/8102/2701 8103/8103/2701
f 8104/8104/2702 8105/8105/2702 8106/8106/2702
f 8107/8107/2703 8108/8108/2703 8109/8109/2703
f 8110/8110/2704 8111/8111/2704 8112/8112/2704
f 8113/8113/2705 8114/8114/2705 8115/8115/2705
f 8116/8116/2706 8117/8117/2706 8118/8118/2706
f 8119/8119/2707 8120/8120/2707 8121/8121/2707
f 8122/8122/2708 8123/8123/2708 8124/8124/2708
f 8125/8125/2709 8126/8126/2709 8127/8127/2709
f 8128/8128/2710 8129/8129/2710 8130/8130/2710
f 8131/8131/2711 8132/8132/2711 8133/8133/2711
f 8134/8134/2712 8135/8135/2712 8136/8136/2712
f 8137/8137/2713 8138/8138/2713 8139/8139/2713
f 8140/8140/2714 8141/8141/2714 8142/8142/2714
f 8143/8143/2715 8144/8144/2715 8145/8145/2715
f 8146/8146/2716 8147/8147/2716 8148/8148/2716
f 8149/8149/2717 8150/8150/2717 8151/8151/2717
f 8152/8152/2718 8153/8153/2718 8154/8154/2718
f 8155/8155/2719 8156/8156/2719 8157/8157/2719
f 8158/8158/2720 8159/8159/2720 8160/8160/2720
f 8161/8161/2721 8162/8162/2721 8163/8163/2721
f 8164/8164/2722 8165/8165/2722 8166/8166/2722
f 8167/8167/2723 8168/8168/2723 8169/8169/2723
f 8170/8170/2724 8171/8171/2724 8172/8172/2724
f 8173/8173/2725 8174/8174/2725 8175/8175/2725
f 8176/8176/2726 8177/8177/2726 8178/8178/2726
f 8179/8179/2727 8180/8180/2727 8181/8181/2727
f 8182/8182/2728 8183/8183/2728 8184/8184/2728
f 8185/8185/2729 8186/8186/2729 8187/8187/2729
f 8188/8188/2730 8189/8189/2730 8190/8190/2730
f 8191/8191/2731 8192/8192/2731 8193/8193/2731
f 8194/8194/2732 8195/8195/2732 8196/8196/2732
f 8197/8197/2733 8198/8198/2733 8199/8199/2733
f 8200/8200/2734 8201/8201/2734 8202/8202/2734
f 8203/8203/2735 8204/8204/2735 8205/8205/2735
f 8206/8206/2736 8207/8207/2736 8208/8208/2736
f 8209/8209/2737 8210/8210/2737 8211/8211/2737
f 8212/8212/2738 8213/8213/2738 8214/8214/2738
f 8215/8215/2739 8216/8216/2739 8217/8217/2739
f 8218/8218/2740 8219/8219/2740 8220/8220/2740
f 8221/8221/2741 8222/8222/2741 8223/8223/2741
f 8224/8224/2742 8225/8225/2742 8226/8226/2742
f 8227/8227/2743 8228/8228/2743 8229/8229/2743
f 8230/8230/2744 8231/8231/2744 8232/8232/2744
f 8233/8233/2745 8234/8234/2745 8235/8235/2745
f 8236/8236/2746 8237/8237/2746 8238/8238/2746
f 8239/8239/2747 8240/8240/2747 8241/8241/2747
f 8242/8242/2748 8243/8243/2748 8244/8244/2748
f 8245/8245/2749 8246/8246/2749 8247/8247/2749
f 8248/8248/2750 8249/8249/2750 8250/8250/2750
f 8251/8251/2751 8252/8252/2751 8253/8253/2751
f 8254/8254/2752 8255/8255/2752 8256/8256/2752
f 8257/8257/2753 8258/8258/2753 8259/8259/2753
f 8260/8260/2754 8261/8261/2754 8262/8262/2754
f 8263/8263/2755 8264/8264/2755 8265/8265/2755
